customer_id,first_name,last_name,email,city,state,region,signup_date,loyalty_tier
C00001,Danielle,Johnson,missing_email@example.com,Johnberg,WA,Northeast,2022-04-21,Bronze
C00002,Erica,Mcclain,garzaanthony@example.org,East William,AK,Northeast,2026-03-16,Bronze
C00003,James,Santos,missing_email@example.com,Robinsonshire,KY,West,2021-06-27,Silver
C00004,Katherine,Moore,jpeterson@example.org,Curtisfurt,CT,Northeast,2024-06-26,Silver
C00005,Melanie,Munoz,blairamanda@example.com,New Kellystad,OK,West,2023-01-25,Gold
C00006,Janet,Williams,kendragalloway@example.org,South Joshuastad,GA,Northeast,2024-07-31,Bronze
C00007,Michael,Santiago,lynchgeorge@example.net,East Steven,KY,Midwest,2026-03-03,Bronze
C00008,Jeffrey,Nguyen,perezantonio@example.com,Adamsborough,PW,Northeast,2026-04-04,Bronze
C00009,Nancy,Edwards,pfoster@example.com,West Donald,WA,Midwest,2026-03-17,Silver
C00010,Amber,Burgess,zhurst@example.com,East William,CO,West,2021-10-31,Silver
C00011,Michelle,Hernandez,laurahenderson@example.org,Jamesmouth,NC,Midwest,2023-07-28,Bronze
C00012,Tasha,Valencia,frazierdanny@example.net,Kaylamouth,DE,South,2023-12-05,Gold
C00013,Ryan,Chavez,teresa28@example.org,Meaganhaven,PA,Northeast,2023-02-14,Gold
C00014,Eric,Farmer,georgetracy@example.org,Natashaport,IA,South,2021-12-03,Bronze
C00015,John,Bradley,millertodd@example.org,East Donna,OH,Northeast,2022-11-02,Silver
C00016,Joseph,Brennan,ibrandt@example.net,Lake Larry,TN,South,2024-08-10,Platinum
C00017,Samuel,Holmes,wrightcaleb@example.org,New Jeffrey,CA,South,2021-12-06,Gold
C00018,Jeremy,Whitehead,chad34@example.net,Lewisberg,VA,South,2026-04-16,Bronze
C00019,Barbara,Sanchez,maguirre@example.org,Lake Ryanchester,MT,Northeast,2025-05-27,Gold
C00020,Michelle,Brown,brownjessica@example.org,East James,NV,Midwest,2022-08-16,Gold
C00021,Robert,Ramirez,nancyjones@example.net,North Deniseside,MP,West,2021-07-22,Silver
C00022,Tanya,House,gabrieltucker@example.org,Barreraburgh,MS,Midwest,2021-06-13,Silver
C00023,Tricia,Baker,smitchell@example.net,Mooreport,IL,Midwest,2021-12-05,Silver
C00024,Beth,Daniels,brian97@example.net,North Susan,CO,Northeast,2023-01-05,Bronze
C00025,Casey,Jones,richarddavid@example.net,New Brooke,RI,South,2022-02-16,Bronze
C00026,Robert,Silva,sarah35@example.org,Randyport,NH,West,2024-02-14,Bronze
C00027,Sarah,Walls,ellisyolanda@example.org,New Jasonview,DC,Northeast,2024-05-26,Gold
C00028,Nicole,Suarez,justin78@example.net,Cherylhaven,AL,Midwest,2026-02-24,Bronze
C00029,Kevin,Alvarado,josephpreston@example.net,West Juan,IL,Midwest,2024-05-07,Silver
C00030,James,Walters,william40@example.org,Calderonton,AL,Northeast,2024-04-08,Silver
C00031,Kellie,Walsh,evan78@example.net,Hoffmanville,CA,South,2022-09-13,Silver
C00032,Amy,Davenport,russellwilliams@example.com,West Jasonbury,TN,Northeast,2022-04-22,Bronze
C00033,Michael,Castro,vdickson@example.org,Port Francisco,AS,Midwest,2022-12-09,Bronze
C00034,Nicole,Johnson,kimberly63@example.com,Port Jacqueline,MS,Northeast,2021-10-05,Bronze
C00035,Michele,Walker,ybailey@example.org,North Donna,MO,West,2024-03-22,Silver
C00036,Joshua,Jones,michael86@example.net,Sheilaville,FM,South,2023-08-27,Silver
C00037,Gregory,Estes,benjamin96@example.com,Samuelhaven,DE,Midwest,2024-09-15,Unassigned
C00038,Rachel,Lee,fletcheraaron@example.net,West Ryan,TN,South,2024-03-28,Silver
C00039,Cindy,Alvarado,cortezkevin@example.com,Nguyenport,OH,Midwest,2022-07-07,Bronze
C00040,James,Ortega,lbyrd@example.net,Richardtown,ME,South,2023-11-15,Bronze
C00041,Jason,Floyd,missing_email@example.com,Stevenmouth,TX,South,2023-04-01,Bronze
C00042,William,Leon,donnacampbell@example.net,Clarencebury,TX,Northeast,2024-01-27,Bronze
C00043,Jeffrey,Gonzalez,williamstracey@example.net,South Robertshire,ID,South,2024-09-11,Silver
C00044,Troy,Sanchez,staffordmichelle@example.org,Robinsonhaven,NH,West,2021-11-10,Bronze
C00045,Angela,Lowery,bryantlaurie@example.net,Stephaniemouth,RI,Northeast,2025-09-22,Bronze
C00046,Ronald,Meadows,vmerritt@example.com,Greenbury,MP,West,2023-10-16,Unassigned
C00047,Katie,Boyd,joshuajones@example.com,West Matthew,MH,Northeast,2026-01-10,Gold
C00048,Christopher,Hernandez,tbenson@example.org,South Rickside,NH,Northeast,2024-12-19,Bronze
C00049,Bryan,Wall,lstein@example.net,Port Nicoleshire,MS,West,2025-06-27,Gold
C00050,Adam,Bell,acastaneda@example.net,South Jeffrey,NE,Northeast,2025-07-24,Silver
C00051,Anthony,Rogers,dramsey@example.org,South Brittanytown,CO,Northeast,2025-01-28,Bronze
C00052,Derek,Murray,greenmark@example.com,Matthewfurt,KY,Northeast,2025-01-06,Bronze
C00053,Johnny,Miller,currybrett@example.com,Lake Casey,SD,West,2021-10-10,Platinum
C00054,Karen,Herring,maryhowell@example.org,South Elizabeth,OK,South,2023-04-15,Bronze
C00055,Steven,Scott,gary91@example.org,Danieltown,ME,West,2026-04-30,Silver
C00056,Erica,Rubio,mdavid@example.org,North Heidi,ME,West,2022-06-18,Unassigned
C00057,Laura,Knight,reedross@example.com,New Deborahtown,PR,Northeast,2025-01-02,Silver
C00058,Lynn,Garcia,cynthia72@example.com,Lake Aimee,SD,South,2023-09-24,Gold
C00059,Christina,Gillespie,umarshall@example.net,Marcusbury,MP,Northeast,2022-03-03,Bronze
C00060,Joshua,Hayes,qhudson@example.com,Anthonymouth,HI,Northeast,2025-07-30,Silver
C00061,Jason,Salinas,joshua94@example.net,New Stacyland,IA,Northeast,2024-11-20,Silver
C00062,Tracy,Chang,fbrewer@example.com,North Kellyfurt,UT,Midwest,2023-07-02,Silver
C00063,Kevin,Perkins,wtran@example.com,Michaelmouth,KY,South,2024-01-15,Silver
C00064,John,Martinez,leslienewton@example.net,East Javier,NJ,West,2023-10-14,Bronze
C00065,Jenny,Bray,tina34@example.org,Harrytown,VT,West,2025-12-22,Bronze
C00066,David,Williams,tranheidi@example.org,Garciatown,OK,South,2023-11-07,Bronze
C00067,Taylor,Alexander,tammyking@example.com,Port Cameronfort,CA,Northeast,2026-05-04,Bronze
C00068,Crystal,Brown,lisaavery@example.org,North Angela,MT,Midwest,2023-05-09,Silver
C00069,Kimberly,James,levans@example.com,Ashleyton,RI,Northeast,2022-04-11,Platinum
C00070,Stacey,Clark,josephmiller@example.org,New Charles,AL,Northeast,2024-11-27,Bronze
C00071,Shannon,Wheeler,antonio44@example.net,Jonesbury,KS,Northeast,2023-02-11,Bronze
C00072,Ronald,Stephens,rebekahserrano@example.org,East Laurashire,PW,South,2023-11-20,Silver
C00073,Scott,Harrison,holly48@example.net,Kimton,FM,Midwest,2025-02-08,Platinum
C00074,Jessica,Munoz,davissuzanne@example.net,Port Emilyview,OK,Northeast,2021-10-09,Bronze
C00075,Kathryn,Thompson,lmoon@example.net,Waltersfort,CO,Northeast,2025-06-06,Unassigned
C00076,Michael,Cook,hodgemark@example.net,Robertsfurt,GU,South,2026-02-10,Bronze
C00077,Benjamin,Miller,marcus68@example.org,Gutierrezborough,NC,Northeast,2024-07-05,Silver
C00078,Cindy,Jimenez,nwolf@example.com,West Samuel,UT,South,2025-07-21,Silver
C00079,David,Dudley,jennifercollins@example.org,Davisville,NH,South,2022-06-06,Gold
C00080,Deborah,Moore,william46@example.com,Sanchezside,FL,Northeast,2024-09-10,Bronze
C00081,James,Greene,michellehill@example.com,Sarahhaven,KY,Northeast,2021-06-14,Gold
C00082,Justin,Evans,cgrimes@example.net,Reedside,WV,South,2026-01-20,Bronze
C00083,Nicholas,Cantu,tinaallen@example.com,Port Kimberly,AZ,South,2024-02-20,Platinum
C00084,Julie,Thornton,qhughes@example.net,South Tammie,DC,West,2025-09-14,Gold
C00085,Tammy,Rivera,sawyerscott@example.net,Smithberg,MT,Midwest,2022-09-29,Bronze
C00086,Charles,Harrington,matthew61@example.com,Finleyfort,VI,Northeast,2026-01-12,Gold
C00087,Barry,Jones,wendy16@example.org,South Garrettport,MH,West,2021-09-04,Gold
C00088,Brandon,Flynn,missing_email@example.com,Michaelchester,FL,South,2023-07-05,Bronze
C00089,Amanda,Knight,georgemiller@example.com,South Roberta,FL,Northeast,2023-05-29,Silver
C00090,Steven,King,elizabeth74@example.net,North Scott,MI,West,2023-12-23,Bronze
C00091,Danielle,Coleman,stephen43@example.com,Rodriguezfurt,OK,Northeast,2024-06-26,Bronze
C00092,Bailey,Haney,andrew64@example.org,New Julieport,WI,Midwest,2023-05-22,Bronze
C00093,Catherine,Gomez,christinebyrd@example.net,Lake Colton,SC,Midwest,2021-10-07,Bronze
C00094,Kyle,Alexander,jessica14@example.com,Thompsonberg,WY,South,2026-01-07,Bronze
C00095,Nancy,Diaz,maria47@example.com,Lindamouth,CA,South,2022-08-18,Platinum
C00096,Karen,Perez,zcoffey@example.net,Christopherfurt,AL,Midwest,2023-09-06,Platinum
C00097,Amanda,Gibson,brenda51@example.net,South Angel,FM,Midwest,2026-03-17,Silver
C00098,Mark,Bishop,reidsteven@example.net,Debraville,DC,South,2021-10-25,Bronze
C00099,Sophia,Torres,pwilson@example.net,South Shawn,TN,South,2026-01-10,Silver
C00100,Robert,Newton,nicolepena@example.com,Crosbyview,AZ,Northeast,2024-08-01,Gold
C00101,Jeff,Wallace,melissagarcia@example.net,Amystad,AR,Midwest,2024-10-25,Bronze
C00102,Joshua,Donaldson,ndavis@example.net,North Kristinbury,DC,West,2026-03-27,Silver
C00103,Jamie,Gallegos,brendali@example.org,Kimtown,KY,Northeast,2022-08-30,Silver
C00104,Vanessa,Fernandez,danieldelacruz@example.org,West Kristybury,OR,Northeast,2024-03-08,Silver
C00105,Alfred,Baker,judyfox@example.net,South Shanestad,NY,South,2022-05-11,Bronze
C00106,Shannon,Walker,acostaregina@example.net,Stephentown,AR,West,2025-07-04,Bronze
C00107,Melanie,Simmons,henryrenee@example.org,West Charleneland,DC,South,2023-10-09,Bronze
C00108,Claudia,Richards,oscar98@example.com,Wagnerchester,CT,South,2022-05-28,Gold
C00109,Melissa,Curtis,russellbeasley@example.com,Mariafurt,MT,South,2022-03-29,Silver
C00110,Larry,Edwards,nicholas27@example.org,Port Christopherchester,CT,Northeast,2024-08-07,Bronze
C00111,Lisa,Hawkins,elizabeth65@example.net,Parrishton,LA,South,2024-02-02,Unassigned
C00112,Michael,Lane,ericolson@example.org,Meganstad,DE,Midwest,2023-10-20,Silver
C00113,Audrey,Aguirre,lynchdiane@example.net,Anthonyview,UT,West,2024-01-22,Gold
C00114,Sandra,Bell,mollyknight@example.com,East Joycetown,CO,West,2025-12-11,Gold
C00115,Jason,Barnes,eric45@example.net,North Ericton,TX,Midwest,2022-02-15,Silver
C00116,Joseph,Stanley,alawson@example.com,Port William,MI,Midwest,2025-02-01,Bronze
C00117,Daniel,Gregory,trose@example.org,South Tracey,AR,Midwest,2021-06-30,Bronze
C00118,James,Dougherty,kathrynroberts@example.org,South Julieburgh,DC,South,2024-08-31,Bronze
C00119,Amanda,Hall,charles06@example.org,Morsemouth,OK,West,2025-01-30,Bronze
C00120,Ashley,Mckinney,zroberts@example.org,Georgemouth,MP,South,2024-07-05,Gold
C00121,Christopher,Richard,ryanmorales@example.org,Harrellmouth,IN,Northeast,2024-04-06,Bronze
C00122,Kimberly,Jones,schmidtjames@example.com,Jessicaberg,IA,Northeast,2022-04-22,Bronze
C00123,Dwayne,Gonzalez,kathleenrios@example.org,Marshallshire,WV,West,2025-04-01,Gold
C00124,Erin,Macias,michelle52@example.com,South Scottport,WY,South,2023-10-08,Silver
C00125,Brittany,Bell,collinsshannon@example.org,Marieland,SD,West,2022-03-14,Bronze
C00126,Christina,Hunter,ycarpenter@example.net,South Reginashire,SD,South,2023-01-12,Unassigned
C00127,Marc,Alvarez,susanhayes@example.com,New Debbieton,IA,Northeast,2025-02-26,Silver
C00128,Vickie,Warren,michaelhardin@example.com,Schroederton,WY,Northeast,2024-04-11,Bronze
C00129,Cameron,Davis,umitchell@example.net,West Christopher,TN,Northeast,2022-08-20,Bronze
C00130,Sabrina,Collins,tanderson@example.org,Angelicamouth,GU,Midwest,2022-07-09,Silver
C00131,Elizabeth,Calderon,lucasrodney@example.com,West Kyleborough,MA,West,2025-07-26,Silver
C00132,James,Cooke,chrisrichard@example.org,Lake Matthewberg,PA,Northeast,2024-08-20,Silver
C00133,Eric,White,jenniferwilliams@example.com,South Cheryl,WV,Northeast,2025-04-01,Bronze
C00134,Jesus,Allen,mmckee@example.com,Murrayport,WI,Northeast,2024-09-05,Bronze
C00135,Wesley,Barnes,lisasolis@example.org,Brettfort,VI,Northeast,2024-08-03,Silver
C00136,Angela,Garcia,mitchellkathryn@example.com,Whiteheadberg,MP,Midwest,2025-02-25,Silver
C00137,Christopher,Lozano,bwilkerson@example.com,South Waynebury,MS,Northeast,2022-02-15,Bronze
C00138,Nicholas,Johnson,combsdebra@example.org,North Justin,MP,Northeast,2025-06-13,Platinum
C00139,Heather,Taylor,awest@example.org,West Jasonberg,OH,West,2025-12-02,Bronze
C00140,Rodney,Parsons,kevinwilliams@example.com,Brownfort,PA,South,2025-12-28,Gold
C00141,Allen,Robertson,jennifercarter@example.org,Johnchester,HI,Northeast,2022-02-27,Bronze
C00142,Alexandra,Ward,myerstheodore@example.net,Zavalaview,WA,West,2021-07-27,Bronze
C00143,Michael,Jones,jessicafuller@example.net,Dennisstad,ND,West,2024-04-23,Silver
C00144,Lisa,Thompson,epollard@example.net,Port Dennis,VT,West,2025-04-28,Silver
C00145,Benjamin,Harris,ninastewart@example.com,Haysside,NJ,Midwest,2023-08-03,Gold
C00146,Benjamin,Lucas,michael05@example.com,Port Michealfurt,WA,West,2025-03-04,Bronze
C00147,Patricia,Hughes,tylerjimenez@example.net,Lauriechester,CO,South,2025-02-03,Bronze
C00148,Carrie,Short,manuel15@example.net,Kirkchester,GA,West,2025-03-17,Bronze
C00149,Michael,Williams,christina64@example.net,North Emilyfurt,MN,West,2025-10-18,Bronze
C00150,Laurie,Shelton,thomascathy@example.com,East Carlosstad,MN,Midwest,2024-09-08,Silver
C00151,Stacy,Johnson,erikarush@example.com,Hinesshire,DC,Midwest,2025-12-07,Bronze
C00152,Michael,Edwards,john10@example.net,South April,PW,South,2026-03-18,Silver
C00153,David,Hampton,nlewis@example.com,Gonzalezberg,PR,West,2022-01-23,Gold
C00154,Shannon,Roach,zosborn@example.net,Elizabethland,OH,Northeast,2026-01-16,Bronze
C00155,Kelly,Evans,jenniferho@example.net,Port Michael,IN,Midwest,2022-06-19,Bronze
C00156,Tracie,Conner,kristyjohnson@example.net,Tannerside,DC,Midwest,2022-03-01,Bronze
C00157,Cameron,Sanders,xfox@example.com,East Teresaland,NV,South,2025-05-24,Bronze
C00158,Erin,Cooper,katrinaanderson@example.net,Port Davidberg,ME,South,2022-10-31,Bronze
C00159,Fernando,Donovan,michaeleverett@example.com,West Jamesside,KY,Midwest,2022-06-30,Bronze
C00160,Colleen,Mendez,shawgary@example.net,East Donna,VA,Midwest,2024-04-20,Bronze
C00161,Megan,Elliott,millerstacy@example.net,Debrashire,MT,Northeast,2021-09-09,Silver
C00162,Tyler,Burton,dawn47@example.org,Evansland,UT,South,2021-12-10,Bronze
C00163,Eric,Perry,mharris@example.org,Michellemouth,VA,Northeast,2024-05-15,Bronze
C00164,Theresa,Anderson,zachary15@example.org,Martinezmouth,IA,South,2022-08-18,Gold
C00165,Colin,Roberts,alin@example.org,Port Mark,OK,Northeast,2024-02-03,Bronze
C00166,James,Moore,tjimenez@example.com,North Sierrahaven,NH,Northeast,2023-06-24,Platinum
C00167,Jason,Gomez,campbellcarla@example.net,Mitchelltown,PR,Northeast,2022-05-06,Silver
C00168,Ryan,Khan,kathryn50@example.com,New Annastad,OH,South,2023-11-20,Platinum
C00169,Charles,Gordon,marcia99@example.org,North Phillip,WY,Midwest,2024-04-25,Bronze
C00170,Angela,Diaz,jameshicks@example.net,North Benjaminmouth,AS,Northeast,2025-06-17,Platinum
C00171,April,Hernandez,markaustin@example.org,Ewingport,OR,South,2024-04-17,Bronze
C00172,William,Hicks,terickson@example.com,West Markville,MT,South,2024-01-18,Bronze
C00173,Laura,Swanson,carlsonjoseph@example.net,Lake Brett,NJ,West,2022-11-18,Silver
C00174,Alexandria,Griffith,rhernandez@example.org,New Stacyville,ID,West,2021-08-04,Bronze
C00175,Scott,Barnes,avaughn@example.net,Salaston,VT,South,2022-08-10,Silver
C00176,April,Hoffman,ufox@example.org,Barrmouth,ND,Midwest,2024-06-11,Gold
C00177,Erica,Dillon,chelsea33@example.com,Jeffreyport,WI,Midwest,2023-11-21,Bronze
C00178,Janet,Vaughn,wstewart@example.net,Keithshire,TX,West,2026-01-19,Silver
C00179,Noah,Baird,stephanie24@example.org,Stephanieland,MI,Northeast,2025-03-12,Silver
C00180,Diana,Burgess,missing_email@example.com,East Maria,KY,Midwest,2026-03-19,Silver
C00181,Heather,Taylor,johnsantiago@example.net,Lake Jesse,CT,Northeast,2024-12-12,Bronze
C00182,Mark,Kennedy,adampierce@example.org,Delgadofort,NJ,Northeast,2023-02-16,Silver
C00183,Katelyn,Mitchell,debbie19@example.org,East Robertburgh,PW,West,2021-09-27,Silver
C00184,Wendy,Sanders,vlopez@example.com,North Kennethville,MA,West,2023-11-08,Bronze
C00185,Shawn,Davidson,ismall@example.net,Nelsonville,MA,Midwest,2022-10-24,Bronze
C00186,Jessica,Wong,alexisrogers@example.com,East Cheryl,SC,West,2024-11-17,Gold
C00187,Margaret,Robertson,moralescody@example.org,Morrisbury,AL,Northeast,2023-08-26,Bronze
C00188,Patrick,Griffin,stephanie49@example.net,West Desireebury,AR,West,2022-06-09,Bronze
C00189,Steven,Moore,hannah45@example.net,East Susan,NJ,West,2022-09-25,Bronze
C00190,Spencer,Zhang,robert87@example.net,Port John,WV,West,2022-02-16,Bronze
C00191,Alicia,Rice,christian91@example.org,New Amanda,GA,South,2024-03-22,Silver
C00192,Melissa,Ramos,missing_email@example.com,Lake Brandy,CO,Northeast,2025-10-09,Gold
C00193,Sean,Brown,williambryant@example.org,Chambersport,VA,South,2021-08-13,Bronze
C00194,Randy,Velasquez,bethwilliams@example.com,New Virginialand,NJ,Northeast,2021-09-13,Silver
C00195,Justin,White,katiegood@example.net,Brooksfurt,NV,Midwest,2024-08-22,Gold
C00196,Nicholas,Vega,desireebailey@example.org,Ricebury,MP,West,2021-06-17,Bronze
C00197,Katelyn,Good,inunez@example.com,Morrowbury,NH,South,2024-05-17,Gold
C00198,Eric,Lopez,johnsondonna@example.net,East Jamieville,PA,West,2021-09-19,Bronze
C00199,Sean,Powers,sanchezbradley@example.com,New Jeff,VI,Northeast,2021-11-29,Silver
C00200,Donald,Holder,lisadennis@example.com,Joelberg,TN,West,2025-11-12,Silver
C00201,Jeffrey,Turner,hawkinsbrittany@example.net,Lake Erika,OH,Midwest,2025-08-24,Bronze
C00202,Brandon,Cooper,ufloyd@example.net,Russellport,MS,Midwest,2022-12-30,Bronze
C00203,Karen,Wells,kevinzimmerman@example.com,New Robertchester,OH,West,2025-12-09,Bronze
C00204,Dennis,Sanchez,markmiller@example.com,Christopherborough,AR,West,2023-09-19,Bronze
C00205,Nicholas,Jacobs,russojacob@example.net,South Jason,PW,South,2024-04-06,Unassigned
C00206,Kevin,Stout,sharonhayden@example.org,Rochaborough,MO,Midwest,2023-06-20,Bronze
C00207,Andrea,Rowe,missing_email@example.com,Owensstad,ME,West,2023-08-28,Gold
C00208,Michael,Andrade,ugarcia@example.com,Robinstad,MD,South,2024-12-14,Bronze
C00209,Brandon,Shields,allentran@example.net,Phillipsborough,MA,West,2023-05-22,Gold
C00210,Noah,Whitaker,rpierce@example.com,Kathrynfort,VA,West,2025-08-09,Gold
C00211,Steven,Oconnor,gary87@example.org,New Arthurland,GU,West,2021-11-04,Bronze
C00212,Kathy,Gutierrez,carloshernandez@example.org,Brooksfort,TN,Midwest,2025-07-31,Bronze
C00213,Alfred,Patel,hsmith@example.net,Amandaport,AK,Northeast,2025-09-14,Bronze
C00214,Lisa,Craig,danieldavis@example.org,East Christine,KS,South,2024-06-12,Bronze
C00215,Joseph,Sanders,susan79@example.org,West Gabriella,PR,Northeast,2022-02-12,Bronze
C00216,Desiree,Garrison,davisnicholas@example.net,Browntown,UT,West,2022-11-21,Bronze
C00217,Christopher,Bruce,ariel18@example.org,East Rachel,UT,Northeast,2026-04-02,Silver
C00218,Thomas,Williams,cohenjuan@example.net,East Sarahmouth,AK,West,2023-03-12,Bronze
C00219,Brenda,Goodwin,thickman@example.org,New Mary,MS,Midwest,2026-01-11,Gold
C00220,Martin,Campos,krystalnorris@example.org,Brianchester,IN,West,2022-01-29,Bronze
C00221,Matthew,Mack,unovak@example.org,Kristenmouth,NM,West,2023-05-16,Bronze
C00222,Michael,Pugh,llopez@example.net,Millerport,AS,West,2023-07-12,Bronze
C00223,Jennifer,Miller,normanbowers@example.org,Stewartville,CO,West,2021-06-23,Silver
C00224,Sherry,Wallace,curtis12@example.com,Hawkinshaven,MT,Midwest,2022-04-23,Unassigned
C00225,Anthony,Gomez,carlsonkristen@example.com,West Robertland,VA,West,2026-03-11,Silver
C00226,Rebecca,Spence,ginajackson@example.com,Josephberg,CA,Northeast,2022-11-08,Gold
C00227,Ryan,Fisher,xpatton@example.com,Lake Colleen,PA,Midwest,2023-02-04,Gold
C00228,Stephen,Taylor,rushmartin@example.net,Brockmouth,NV,South,2024-04-11,Silver
C00229,Ryan,Colon,kevinmorrison@example.net,South Leon,MO,South,2024-02-23,Silver
C00230,Kelly,Neal,yfaulkner@example.org,Nicholasfurt,MN,Midwest,2022-05-26,Silver
C00231,Sarah,Gonzalez,erinpierce@example.net,Hahnborough,NV,Northeast,2023-11-29,Bronze
C00232,Marie,Jones,ichambers@example.net,Johnberg,VT,South,2025-01-11,Unassigned
C00233,Kristina,Jones,iaguilar@example.net,Stephensstad,UT,Midwest,2025-12-31,Gold
C00234,Brittney,Rocha,mackdiane@example.com,Lake Cheyenne,OK,West,2024-10-30,Gold
C00235,Tammy,Rivera,grodriguez@example.com,New Julie,OH,Northeast,2026-04-29,Gold
C00236,Jeffrey,Brooks,lbarton@example.net,West Whitney,NJ,West,2022-04-27,Bronze
C00237,Kenneth,Knapp,missing_email@example.com,North Marieberg,MI,West,2024-02-01,Bronze
C00238,Matthew,Mueller,gbailey@example.com,Floresport,AZ,Midwest,2022-05-30,Platinum
C00239,Andrew,Cooper,byrdfrank@example.net,New Greg,GA,Northeast,2024-03-31,Silver
C00240,Anita,Mullen,laurensoto@example.org,Fosterborough,NV,Midwest,2025-01-31,Bronze
C00241,Paul,Bush,joshuapadilla@example.org,Port Monicaburgh,MN,West,2024-03-15,Bronze
C00242,James,Wilson,orose@example.com,Carrshire,DE,South,2024-05-22,Bronze
C00243,Michael,Ellis,lisamccarthy@example.com,Lake Dennisville,IA,South,2024-01-11,Bronze
C00244,Daryl,Brooks,williambarnes@example.org,Hendersonfort,SC,West,2026-01-01,Gold
C00245,Heather,Brewer,angelaburns@example.org,West Megan,RI,Northeast,2021-11-20,Platinum
C00246,Michelle,Crane,missing_email@example.com,Taylorfurt,OH,Midwest,2025-09-24,Bronze
C00247,Denise,Ortiz,cperry@example.com,North Ariana,WY,South,2023-04-23,Bronze
C00248,Kelly,Hill,gary79@example.net,Dunnville,OK,Midwest,2022-05-27,Unassigned
C00249,Joseph,Daniels,amber07@example.net,South Curtis,MP,West,2023-07-16,Silver
C00250,Kenneth,Kidd,fbaker@example.com,Port Lisaborough,AS,Northeast,2024-05-31,Unassigned
C00251,Michelle,Bishop,imartin@example.org,Port Brian,MI,South,2025-12-16,Bronze
C00252,Juan,Ryan,tiffany44@example.net,Stephaniehaven,MH,South,2022-03-29,Gold
C00253,Derek,Brady,rsellers@example.net,Lake Michelle,IA,Northeast,2022-09-04,Unassigned
C00254,Jennifer,Poole,kburns@example.net,Courtneyfurt,NV,Midwest,2022-01-27,Bronze
C00255,Cynthia,Beard,powellkara@example.net,Shawnfort,MD,Midwest,2021-06-14,Bronze
C00256,Misty,Boone,simonstephen@example.net,Melissaside,MO,South,2023-04-14,Bronze
C00257,Tammy,Summers,sadams@example.com,New Melissa,WY,Northeast,2024-05-09,Gold
C00258,Patricia,Farmer,garciakristen@example.com,North Sarahburgh,NV,Northeast,2025-04-25,Silver
C00259,Aaron,Rubio,wendyblankenship@example.net,Erikview,CO,Midwest,2024-06-30,Bronze
C00260,John,Watson,brettgarrett@example.net,South Diana,VT,West,2022-03-29,Bronze
C00261,Aaron,Woods,brittneystone@example.com,North Heatherville,VI,West,2025-01-09,Bronze
C00262,Heather,Woods,patrickcross@example.org,West Michaelport,DC,South,2024-09-08,Silver
C00263,Kiara,Mullins,darlenebyrd@example.org,New Debramouth,MI,Midwest,2023-03-30,Bronze
C00264,Courtney,Hernandez,cjensen@example.org,North Donaldville,OR,West,2024-09-12,Gold
C00265,Michael,Jordan,johnnewman@example.org,Kimberlytown,PR,South,2023-12-31,Bronze
C00266,Jamie,Lawson,juliephillips@example.org,South Paul,IA,West,2025-09-06,Bronze
C00267,Danielle,Jones,hatfieldsarah@example.org,Valenciashire,MT,Midwest,2024-07-16,Bronze
C00268,Amy,Thompson,xbest@example.org,New Carlosview,IL,West,2021-10-08,Bronze
C00269,Sandra,Fry,ohunter@example.net,Hendersonfurt,CO,Northeast,2025-12-30,Bronze
C00270,Amanda,Hernandez,collinswilliam@example.org,New Mark,OR,Northeast,2021-12-29,Bronze
C00271,Kyle,Kim,brianmiller@example.com,South Cherylton,ME,Northeast,2022-12-04,Platinum
C00272,David,Zimmerman,martinstephanie@example.net,Garyberg,WA,West,2023-09-20,Unassigned
C00273,Jessica,Wilson,rogersruben@example.net,West Jennifershire,SC,Midwest,2022-02-01,Bronze
C00274,Tyler,Dixon,porterashley@example.com,West Kerri,MH,West,2026-04-25,Bronze
C00275,Emily,Wilson,williamsmichelle@example.org,South Michaelberg,HI,Midwest,2021-09-24,Gold
C00276,Angela,Sloan,pwalker@example.com,Josephland,OK,Northeast,2024-08-08,Silver
C00277,David,Nunez,whitelinda@example.org,Jonesmouth,VI,Northeast,2023-11-01,Bronze
C00278,Kiara,Collins,tranalan@example.org,Anneport,WA,Midwest,2023-06-30,Bronze
C00279,Steven,Vargas,xcuevas@example.org,East Adam,MT,West,2021-08-20,Unassigned
C00280,Jesse,Reed,tapiaaaron@example.net,Sweeneyport,CT,Northeast,2023-03-06,Bronze
C00281,Alyssa,Allen,jwoodward@example.net,Christopherbury,MH,Midwest,2025-11-07,Bronze
C00282,Robert,Huang,fvillegas@example.net,New Dennisfurt,CA,Northeast,2026-04-06,Silver
C00283,Bryan,Bates,joelgreen@example.com,Haynesmouth,MD,Northeast,2025-04-13,Silver
C00284,Joseph,Jones,derekcarrillo@example.org,North Frank,NH,West,2024-02-07,Bronze
C00285,Richard,Herrera,shannonford@example.org,East Lindseyport,GU,Northeast,2021-10-10,Silver
C00286,Jason,Gates,christopherwright@example.com,Palmerport,KS,Midwest,2022-11-29,Silver
C00287,Anthony,Sullivan,jhawkins@example.org,South Curtisberg,DE,Northeast,2021-07-14,Gold
C00288,Bryan,Norman,davidcolon@example.com,New Brendaland,AK,Midwest,2021-12-24,Silver
C00289,James,Brewer,christopherboone@example.com,North Sheriton,GA,South,2026-04-24,Bronze
C00290,Ryan,Ramsey,rjohnson@example.com,West Jason,HI,Midwest,2023-10-09,Bronze
C00291,Joshua,Stephenson,mendezchristina@example.net,Victorside,NJ,Northeast,2021-12-13,Silver
C00292,Christopher,Reyes,zgonzalez@example.net,Lake Virginia,ND,West,2021-08-06,Bronze
C00293,Veronica,Casey,timothy75@example.net,Paulburgh,AK,Northeast,2024-02-22,Platinum
C00294,Carla,Johnson,brian78@example.com,East Craig,TN,West,2023-06-26,Bronze
C00295,Joseph,Velasquez,gallagherstacie@example.net,Kellyburgh,HI,Northeast,2023-06-11,Silver
C00296,Brittany,Drake,robin05@example.net,New Stacy,MP,West,2025-08-14,Bronze
C00297,Amber,Thompson,davisjesse@example.org,New Timothymouth,PW,South,2023-02-22,Silver
C00298,Lindsay,Peterson,samantharichard@example.com,North Dylanberg,WI,South,2022-05-17,Silver
C00299,Meghan,Valencia,brookssheri@example.com,West Kevinberg,GA,South,2025-02-23,Bronze
C00300,Latoya,Yu,grant89@example.com,Lake Brianna,HI,South,2024-08-25,Bronze
C00301,Kurt,Barker,gregorysmith@example.net,Rosalesshire,AZ,West,2022-12-24,Silver
C00302,Carrie,Mccall,daniellegarcia@example.com,West Julie,IA,Midwest,2024-05-19,Bronze
C00303,Toni,Jackson,underwoodelizabeth@example.net,Seanview,IL,Northeast,2023-07-22,Gold
C00304,Heather,Bell,lebrandon@example.com,Costachester,NM,Northeast,2024-08-26,Bronze
C00305,Michael,Bennett,kkramer@example.net,East Shannon,AS,Northeast,2021-09-18,Silver
C00306,Kenneth,Flores,jonesgeorge@example.com,Lake Charles,MH,Northeast,2022-03-23,Bronze
C00307,Matthew,Galloway,bbush@example.net,New Pamela,GA,Northeast,2021-11-20,Silver
C00308,Craig,Harris,robertspencer@example.net,Donnaport,IA,Midwest,2022-04-01,Platinum
C00309,Brandon,Armstrong,xhernandez@example.org,Millerfort,ID,West,2022-04-04,Bronze
C00310,Anthony,Jackson,tiffany71@example.com,Ruizview,CO,Northeast,2026-01-22,Bronze
C00311,Paul,Watson,cwood@example.org,Scottview,IN,West,2023-09-19,Silver
C00312,Anne,Hernandez,millermaurice@example.net,Arellanoshire,IN,Midwest,2026-02-20,Bronze
C00313,Bruce,Hughes,rsheppard@example.com,South Kent,MO,Midwest,2021-09-22,Silver
C00314,Wayne,Lester,davidtodd@example.org,East Lindsey,DC,Northeast,2021-10-17,Bronze
C00315,Rodney,Mcneil,oharris@example.org,Luisland,CO,Midwest,2024-09-24,Platinum
C00316,Angela,Arnold,april09@example.net,Rodriguezberg,FL,South,2026-04-02,Bronze
C00317,Brianna,Chang,buckleyanna@example.org,Mikaylastad,FM,Midwest,2024-12-04,Silver
C00318,Joseph,Pena,rjohnson@example.com,New Charlotte,UT,South,2024-11-06,Bronze
C00319,Benjamin,Preston,hannah07@example.com,Andrewport,ME,West,2023-10-26,Bronze
C00320,Megan,Garrison,comptonjeremy@example.com,Schroedermouth,KY,Northeast,2024-12-22,Bronze
C00321,Cassidy,Davis,alewis@example.net,Malonestad,GU,Midwest,2021-11-28,Bronze
C00322,Zachary,Moore,jenna62@example.net,East Jamesborough,MP,West,2021-12-03,Bronze
C00323,John,Bryant,janet45@example.com,Reidville,TX,Midwest,2021-09-09,Gold
C00324,John,Burns,ethompson@example.net,Maxview,WA,Northeast,2022-03-14,Silver
C00325,Justin,Hughes,melissachan@example.org,Lake Jeffrey,IL,West,2023-09-21,Silver
C00326,Denise,Palmer,wellsdavid@example.org,East Johnnyport,VT,South,2023-10-10,Silver
C00327,Rodney,Bennett,stephen37@example.com,Silvatown,NY,South,2024-08-12,Silver
C00328,Anna,Wheeler,kenneth17@example.org,Vanessamouth,VI,West,2023-10-15,Unassigned
C00329,Jose,Dawson,jacob83@example.org,Guerreroberg,VA,West,2021-08-25,Silver
C00330,Diana,Bright,rebecca66@example.net,New Jeanshire,GU,West,2023-01-18,Bronze
C00331,Matthew,Reeves,qknox@example.com,Meganside,HI,West,2023-12-06,Gold
C00332,Connor,Anderson,jessica82@example.net,Destinybury,MI,South,2023-05-01,Gold
C00333,Julie,Parker,nathan94@example.com,South Brianshire,OR,Northeast,2022-01-14,Bronze
C00334,Thomas,Lee,dillonpatrick@example.com,Brownberg,DC,Northeast,2023-02-19,Platinum
C00335,Matthew,Benitez,tthomas@example.org,South Marvinburgh,MD,South,2021-12-04,Gold
C00336,Adam,Hill,barbaramoore@example.org,New Ryan,NE,Midwest,2024-11-11,Bronze
C00337,Roy,Woods,johnsonjames@example.com,West Katherinehaven,ID,Midwest,2021-08-01,Bronze
C00338,Erica,Sims,jeremywiley@example.com,North Patrick,OR,Northeast,2024-01-14,Gold
C00339,Gary,Colon,stacy78@example.net,Ryanberg,MA,South,2025-08-07,Bronze
C00340,Michael,Lopez,osmith@example.net,East Jessica,OR,South,2025-09-21,Silver
C00341,Gary,Richardson,missing_email@example.com,South Nancyview,WI,Northeast,2025-12-24,Bronze
C00342,Cindy,Wheeler,stanleydesiree@example.org,Lake Darrellmouth,MS,West,2022-06-25,Bronze
C00343,Amy,Wells,jamiejennings@example.org,Robertville,TN,Northeast,2025-11-09,Silver
C00344,Joseph,Obrien,robertroach@example.net,West Danielville,NM,Northeast,2023-02-14,Silver
C00345,Chelsea,Strickland,michaelortiz@example.org,New Tylerborough,UT,Northeast,2025-07-09,Silver
C00346,Mark,Smith,meadowsmary@example.net,Hernandezland,WI,Midwest,2025-10-13,Bronze
C00347,Charles,Cummings,dawn74@example.com,Williamsburgh,VI,West,2021-10-07,Silver
C00348,Melissa,Ward,ronald11@example.org,Port Devonburgh,MA,Midwest,2024-06-21,Silver
C00349,Patricia,Friedman,natalie15@example.com,North Richard,NH,Northeast,2023-09-29,Silver
C00350,Mary,Vaughn,pmarsh@example.org,East Heatherton,PR,Midwest,2022-10-15,Bronze
C00351,Dale,Pruitt,rpham@example.com,New Noah,MI,Northeast,2021-09-04,Bronze
C00352,Michelle,Hobbs,timothyfreeman@example.com,Williamsview,SD,Northeast,2024-02-08,Silver
C00353,Alexander,Oneill,tiffanysantiago@example.com,South Dorothybury,NJ,West,2024-05-16,Bronze
C00354,Elizabeth,Davidson,marygrant@example.net,North Dawnburgh,NY,South,2025-06-04,Bronze
C00355,Melissa,Booth,waltonmalik@example.com,Brentbury,OH,Midwest,2024-08-26,Gold
C00356,Richard,Young,kwallace@example.com,Port Vernonmouth,DE,Midwest,2025-08-30,Unassigned
C00357,Julie,Smith,jgutierrez@example.net,Port Christopherport,FM,West,2025-10-03,Bronze
C00358,Anna,Pena,xclements@example.org,Port Shawn,OH,Midwest,2025-06-15,Bronze
C00359,Jennifer,Cox,wwilson@example.net,North Matthew,MP,Northeast,2023-12-01,Bronze
C00360,Amy,Brooks,williamsfrank@example.org,Rodriguezborough,ID,West,2022-06-17,Unassigned
C00361,Sarah,Long,msummers@example.net,Danielchester,AZ,West,2022-06-24,Gold
C00362,Kelsey,Hayes,tamarasmith@example.net,New Savannahshire,NJ,Midwest,2025-10-03,Bronze
C00363,Kimberly,Kent,jessicaanderson@example.com,Williamfurt,MT,South,2023-07-18,Bronze
C00364,Joshua,Stuart,shawn22@example.com,Meganside,VI,Midwest,2024-02-07,Bronze
C00365,Jennifer,Walls,jamesweber@example.com,Samanthaberg,VT,West,2022-12-11,Silver
C00366,William,Benson,jennifer58@example.com,Craigside,LA,West,2025-01-09,Platinum
C00367,Lindsey,Mills,jamesbrian@example.org,West Karen,GA,Northeast,2023-11-14,Silver
C00368,Frances,Thomas,vaughnkenneth@example.net,West Lisaville,RI,South,2026-03-18,Silver
C00369,Michelle,Newton,missing_email@example.com,Youngport,UT,West,2021-10-30,Bronze
C00370,Sara,Hughes,tammy00@example.net,Jamesmouth,MP,West,2023-05-08,Silver
C00371,Rhonda,Bush,kari89@example.org,West Shane,TX,Midwest,2022-01-24,Silver
C00372,Jacob,Thompson,bennettroy@example.net,Davidshire,PR,Midwest,2023-08-08,Bronze
C00373,Adam,Owens,missing_email@example.com,North Eric,MD,Northeast,2021-11-12,Silver
C00374,Kim,Garrett,tracy98@example.com,Port Jasminehaven,IN,Northeast,2022-12-30,Bronze
C00375,Abigail,Hartman,robertherrera@example.org,Jeffreyborough,TN,Midwest,2024-04-03,Bronze
C00376,Mark,Carter,wbarajas@example.net,North Elizabethmouth,IA,South,2023-07-04,Gold
C00377,Susan,Fleming,patrick16@example.com,Angelhaven,GU,West,2024-08-14,Unassigned
C00378,Willie,Hicks,pwilliams@example.org,Willieville,GA,Midwest,2026-01-03,Silver
C00379,Amanda,Sims,ellenayala@example.net,Houstonborough,ND,Midwest,2025-02-18,Silver
C00380,Deborah,Case,andrewlove@example.org,North Brianview,OH,South,2022-01-11,Bronze
C00381,Bailey,Perez,rickey76@example.com,Andreville,ND,South,2021-06-25,Silver
C00382,Darlene,Montgomery,haynescharles@example.net,West Kristinport,PA,Midwest,2022-03-02,Gold
C00383,Juan,Mcintosh,qfoster@example.org,Moorebury,DC,South,2024-10-03,Bronze
C00384,Laura,Atkinson,susan24@example.net,Susantown,OH,West,2026-02-25,Gold
C00385,Donald,Williams,fmedina@example.com,Lake Judith,VA,Northeast,2024-05-10,Bronze
C00386,Jason,Whitehead,eugenewalker@example.com,North Howard,AS,West,2026-04-04,Gold
C00387,Melissa,York,enewman@example.com,West Coreyshire,NM,South,2024-03-30,Silver
C00388,Michael,Lambert,craigharvey@example.org,Toddmouth,RI,Northeast,2024-01-12,Bronze
C00389,Heather,Hernandez,lindsey62@example.org,Johnbury,VT,South,2025-02-20,Bronze
C00390,Joshua,Ward,natalie77@example.com,Tonyville,HI,Midwest,2022-02-16,Silver
C00391,Meagan,Trevino,patriciagonzalez@example.net,Lake Charlestown,PR,Midwest,2025-09-29,Silver
C00392,Crystal,Hess,nhammond@example.org,Amyside,NJ,South,2022-09-11,Bronze
C00393,Michael,Walker,dennis88@example.org,Coxtown,TN,Midwest,2023-06-19,Gold
C00394,Melanie,Drake,katherinetaylor@example.org,New Stacy,TN,Northeast,2022-09-04,Gold
C00395,Jill,Webb,billy73@example.org,Miketon,TN,Midwest,2023-03-11,Bronze
C00396,April,Moody,dharrison@example.org,Lake Mariohaven,SC,Northeast,2023-10-04,Bronze
C00397,Mary,Baker,nicholasgray@example.net,New Johnbury,NC,Midwest,2024-11-18,Silver
C00398,Michael,Parrish,msparks@example.org,South Gabriel,CA,Midwest,2025-10-22,Bronze
C00399,Dawn,Lewis,ericguzman@example.org,South Lisa,VA,West,2022-05-25,Silver
C00400,Timothy,Mendoza,brittanyholland@example.com,East Bradleyshire,OR,Midwest,2022-10-20,Unassigned
C00401,Dennis,Hunt,brianscott@example.org,Greeneshire,SC,Midwest,2021-08-03,Bronze
C00402,Natalie,Luna,stacey37@example.net,Dillonburgh,IN,Northeast,2024-12-04,Bronze
C00403,Carolyn,Norton,cindydixon@example.org,Sandrashire,CA,South,2023-05-22,Gold
C00404,Nicholas,Anderson,harrismichele@example.net,Serranoville,HI,West,2025-06-24,Bronze
C00405,Rachel,Greene,davisdonna@example.net,Port Erikachester,NC,Midwest,2025-01-04,Bronze
C00406,Mitchell,Williams,zperez@example.com,Bellshire,CT,South,2025-01-18,Silver
C00407,Dennis,Woods,reneemiller@example.net,Scotttown,VT,Midwest,2021-06-29,Silver
C00408,Becky,Wilson,brooksjamie@example.com,Coxberg,NE,South,2023-08-04,Bronze
C00409,Jose,Herrera,cheryl63@example.com,Whiteside,OH,West,2025-07-18,Silver
C00410,Jon,Parker,kim62@example.net,Lake Jerryburgh,CT,Midwest,2023-04-04,Bronze
C00411,William,Hartman,martintamara@example.org,Port Dustinchester,CO,Midwest,2021-12-23,Bronze
C00412,Jose,Wood,ramseysarah@example.com,Jenniferton,WI,West,2022-12-03,Bronze
C00413,Danielle,Gonzales,melissagalvan@example.net,Jameshaven,NC,Midwest,2023-05-27,Gold
C00414,Christina,Craig,john02@example.org,Kimberlystad,TN,Midwest,2024-10-16,Silver
C00415,Richard,Gonzalez,mclaughlincasey@example.org,Jessicaside,PW,South,2024-05-23,Gold
C00416,Michael,Ochoa,catherinelee@example.com,West Gregoryhaven,CT,Midwest,2026-03-08,Bronze
C00417,Charles,Phillips,prattsue@example.net,Heatherfurt,OK,West,2025-07-18,Silver
C00418,Kayla,Todd,lmaldonado@example.org,Wilsonland,MS,West,2023-04-22,Gold
C00419,Erica,Hall,robert58@example.net,Lake Marilynbury,LA,South,2022-03-22,Bronze
C00420,Raymond,Goodman,charles27@example.com,Jefferyshire,KY,Midwest,2022-12-26,Silver
C00421,Stacey,Vega,victorgonzalez@example.net,Port Joseph,IN,West,2023-02-26,Gold
C00422,Mary,Huff,eric11@example.org,Austinside,AZ,Midwest,2025-07-14,Silver
C00423,Nathan,Stewart,travis84@example.com,Port Barbara,AR,Northeast,2025-11-26,Silver
C00424,Lauren,Mendoza,shawphillip@example.net,South Tiffany,UT,South,2025-11-03,Bronze
C00425,Steve,Norris,craignicolas@example.org,Michaelview,HI,West,2026-02-05,Bronze
C00426,Jose,Adams,michael76@example.org,Haynesstad,MN,Northeast,2024-11-02,Bronze
C00427,Joshua,White,tiffanyparks@example.org,Lindaside,NE,West,2024-09-02,Gold
C00428,James,Marsh,thomassmith@example.com,Taylorhaven,ND,West,2024-02-12,Bronze
C00429,Kristen,Evans,rosshannah@example.org,Port Jonathan,MP,South,2022-04-02,Unassigned
C00430,Shannon,Cook,michael84@example.com,South Davidborough,OK,West,2026-05-01,Bronze
C00431,Debra,Ryan,michael87@example.net,Prestonfurt,RI,Midwest,2023-11-14,Gold
C00432,Steven,Frye,daniellemcfarland@example.com,Sweeneyland,CO,Midwest,2022-10-23,Bronze
C00433,Matthew,Edwards,jennifer96@example.com,Normanstad,WA,Midwest,2025-11-11,Bronze
C00434,Tammy,Gutierrez,melissamartinez@example.org,Shelbyland,IL,Midwest,2022-11-07,Silver
C00435,Randy,Davis,bkelley@example.com,North Joseberg,CO,West,2024-09-30,Gold
C00436,Kyle,Wright,scott22@example.net,North Austin,MI,Midwest,2024-03-13,Silver
C00437,Michelle,Mcdonald,amy28@example.org,Welchshire,NE,West,2025-11-19,Gold
C00438,Danielle,Ferguson,timothy31@example.com,Michaelview,FL,Midwest,2024-01-06,Bronze
C00439,Alex,Mills,mauriceharrison@example.org,Arroyofort,ME,West,2021-07-05,Bronze
C00440,Katie,Yates,laurakelley@example.org,Khanchester,MO,Midwest,2023-07-23,Bronze
C00441,Frank,Mclaughlin,oclayton@example.com,South Colleenhaven,WV,South,2023-09-29,Silver
C00442,Justin,Paul,robert12@example.org,Danielmouth,RI,South,2025-04-13,Silver
C00443,Joseph,Dean,malikhernandez@example.net,East Teresaport,KY,Northeast,2022-06-30,Unassigned
C00444,Jennifer,Acosta,christophersmith@example.org,Robertfort,MN,South,2025-05-17,Gold
C00445,Heidi,Johnson,bridgesstephanie@example.org,Kimberlyland,ND,West,2025-06-06,Bronze
C00446,Hunter,Huang,lisa01@example.net,South Kelsey,NV,Midwest,2023-07-14,Bronze
C00447,Joan,Johnson,gmoss@example.net,South Paul,ME,South,2024-03-06,Platinum
C00448,Eric,Chandler,kingdanielle@example.org,Paigeborough,DE,South,2023-06-10,Platinum
C00449,Cynthia,Nguyen,laurarichards@example.com,North Tanya,OR,Northeast,2025-06-22,Silver
C00450,Haley,Moore,wrightvincent@example.net,Sarahton,AR,Midwest,2024-06-15,Silver
C00451,Deanna,Miles,martinezjesse@example.net,Lindamouth,VA,Midwest,2023-01-27,Silver
C00452,Andrew,Gray,johnwilliams@example.net,Hansenside,UT,West,2025-08-07,Silver
C00453,James,Lopez,mario74@example.net,North Amanda,NV,Midwest,2023-12-12,Silver
C00454,Lori,Weaver,osmith@example.net,Grosstown,RI,Midwest,2024-07-12,Gold
C00455,Kimberly,Allen,barrettamber@example.com,New Felicia,WI,South,2026-02-14,Gold
C00456,Eric,Campbell,hdavidson@example.org,North Maryberg,HI,West,2021-09-12,Bronze
C00457,James,Washington,johnsondarlene@example.com,Foxshire,KS,South,2021-11-06,Bronze
C00458,Michael,Obrien,smithsamantha@example.net,Hebertland,NH,West,2021-12-12,Platinum
C00459,Michael,Paul,yshort@example.net,Port Christinahaven,AZ,Midwest,2022-01-11,Bronze
C00460,Mary,Miller,susandavis@example.net,New Paul,ID,Midwest,2025-11-27,Bronze
C00461,Diane,Hudson,angelagrant@example.net,Port Daniellestad,TX,South,2025-05-02,Gold
C00462,Jacqueline,Simmons,jacksonhenry@example.com,Dianeside,PA,Midwest,2025-03-14,Platinum
C00463,Sarah,Orr,megan66@example.net,Charleneshire,ND,Midwest,2023-04-02,Bronze
C00464,Nicholas,Pierce,michael77@example.com,Lake Austinport,PA,South,2021-07-27,Bronze
C00465,Zachary,Holder,adam33@example.com,Port Lynnview,PW,West,2026-02-21,Gold
C00466,William,Duncan,clintonstevens@example.org,West Michael,OR,South,2023-07-23,Gold
C00467,Jesse,Shepherd,duncanashley@example.org,Lake Markfort,HI,West,2025-08-02,Platinum
C00468,Margaret,Norris,larsonkevin@example.net,Millerton,PW,Northeast,2024-04-10,Silver
C00469,Michael,Montoya,hconrad@example.org,Lake Kimberlyfurt,AR,South,2024-01-09,Bronze
C00470,Alice,Flores,markwolfe@example.org,Lake Jessicafurt,NV,South,2026-04-29,Gold
C00471,William,Walker,kristie22@example.com,South Ashleyton,OH,West,2024-10-29,Silver
C00472,Jose,Ross,iayala@example.org,Hansenfort,MO,West,2026-04-17,Silver
C00473,James,Gilbert,johnadams@example.com,Gailshire,CO,Midwest,2022-05-22,Gold
C00474,Emily,Henderson,james59@example.net,Port Kevinstad,RI,South,2025-03-11,Silver
C00475,Cindy,Alexander,jamesbrooks@example.net,North Jodibury,RI,Northeast,2022-09-08,Bronze
C00476,Misty,Wilkins,cooperlinda@example.com,Ruizmouth,IL,West,2026-01-03,Silver
C00477,Jason,Payne,ana92@example.net,South Brandyhaven,AZ,West,2023-08-09,Bronze
C00478,George,Campbell,brian01@example.com,Elizabethstad,VI,West,2022-05-08,Silver
C00479,Andrew,Dillon,yhall@example.net,West Toddside,CO,South,2023-01-07,Bronze
C00480,James,Rasmussen,williamssandra@example.com,Tracyburgh,AK,West,2024-05-19,Bronze
C00481,Gabrielle,Kelly,joel84@example.org,Natashatown,OH,Northeast,2023-10-25,Bronze
C00482,Jeremiah,Peterson,fsandoval@example.net,Meyerbury,MT,West,2023-06-23,Bronze
C00483,Ashley,Simmons,renee57@example.net,East Denise,OR,Midwest,2026-01-13,Gold
C00484,Gabriella,Harris,missing_email@example.com,West Haley,MH,Northeast,2025-11-20,Silver
C00485,Renee,Jordan,dianacunningham@example.org,Carlosside,VA,Northeast,2022-06-09,Bronze
C00486,Jack,Franco,jessicacannon@example.com,Turnerview,FL,Northeast,2023-01-11,Bronze
C00487,Daniel,Lopez,catherine93@example.net,East Grace,MI,South,2022-02-08,Bronze
C00488,Hailey,Woods,xjoseph@example.org,Henryberg,GA,Midwest,2023-01-28,Silver
C00489,Jeremy,Ortiz,schaeferstephanie@example.org,Port James,HI,Midwest,2025-03-02,Unassigned
C00490,Michelle,Burns,michelle36@example.com,New Jillfurt,VA,South,2024-02-04,Silver
C00491,Phillip,Crosby,meyershannon@example.org,New Amanda,WA,South,2021-10-06,Silver
C00492,Angela,Black,leescott@example.com,Stevenchester,LA,Midwest,2021-11-23,Gold
C00493,Hannah,Mckee,cgallegos@example.org,East Kimberlyside,DC,Midwest,2024-10-10,Bronze
C00494,Robert,Hayes,shawnmosley@example.org,Davismouth,UT,South,2022-10-29,Gold
C00495,Jennifer,Martinez,mccarthycynthia@example.org,Acostahaven,RI,Midwest,2022-10-16,Bronze
C00496,Nicholas,James,rhondacunningham@example.net,East Misty,HI,Northeast,2021-11-13,Silver
C00497,Robert,Collins,lroberts@example.org,East Adam,WV,South,2023-08-02,Bronze
C00498,Alexander,Jimenez,astephens@example.net,Youngshire,TN,Northeast,2025-06-23,Bronze
C00499,Shawn,Ramos,sanchezamy@example.net,North Jack,AR,South,2024-05-26,Silver
C00500,Benjamin,Nash,mark10@example.org,Chaneyburgh,TX,Northeast,2023-11-07,Gold
C00501,Cheryl,Holt,tammycurry@example.com,North Kaylamouth,MN,South,2024-08-27,Bronze
C00502,Lori,Chang,carterdennis@example.net,Markchester,NC,Northeast,2023-03-20,Silver
C00503,Heather,Salazar,duncantiffany@example.net,South Jenniferport,NE,West,2024-02-15,Silver
C00504,Jordan,Andrews,sara99@example.com,Vasquezburgh,FM,West,2023-05-31,Gold
C00505,Jeanette,Krause,wilsonsteven@example.org,Port Christina,MT,West,2024-12-14,Bronze
C00506,Brandon,Bailey,alexharris@example.com,Kristyport,ME,Midwest,2025-09-28,Bronze
C00507,Andrea,Wang,jenningsmatthew@example.net,Port Gregorymouth,MP,West,2024-04-21,Bronze
C00508,Sandra,Mendoza,probles@example.org,Mooremouth,MH,Midwest,2025-12-31,Bronze
C00509,Paula,Ford,missing_email@example.com,Reillyton,MP,South,2025-11-11,Silver
C00510,Kevin,Hardy,angela03@example.net,Laurenstad,CA,West,2022-09-13,Bronze
C00511,Juan,Johnson,ksims@example.net,Lopezville,VI,South,2024-01-20,Silver
C00512,Janet,Edwards,nelsonchristopher@example.org,Shannonport,IL,Midwest,2025-11-24,Silver
C00513,Kevin,Rodriguez,stricklandrobin@example.com,Port Timothyhaven,FL,West,2023-01-18,Bronze
C00514,Matthew,Webb,kimberly21@example.net,East Jenny,NH,South,2024-09-23,Platinum
C00515,Jennifer,Boyd,collinsbradley@example.net,West Steventon,CT,Northeast,2025-11-10,Bronze
C00516,Katie,Reese,lanelarry@example.org,Jamesport,KY,Northeast,2025-12-16,Gold
C00517,Luis,Alexander,nelsoneric@example.org,New Anitaville,IL,South,2026-01-17,Bronze
C00518,Michael,Flores,sherrybrock@example.net,East Charles,RI,West,2024-04-24,Silver
C00519,Amber,Williams,ruizemma@example.org,Brownchester,MO,West,2022-12-15,Silver
C00520,Janet,Vance,missing_email@example.com,Jensenport,MA,Northeast,2023-02-12,Silver
C00521,Jennifer,Lambert,missing_email@example.com,Port Kathyshire,DC,Midwest,2022-03-22,Silver
C00522,Lisa,Gillespie,tdavis@example.net,Ruizbury,FL,South,2023-08-17,Bronze
C00523,Roberta,Myers,kristina57@example.com,North Thomasstad,NJ,Midwest,2025-05-10,Bronze
C00524,Megan,Campbell,cassandra28@example.org,Rothville,MD,Midwest,2026-02-28,Bronze
C00525,Debra,Sparks,amorales@example.org,New Erik,NJ,South,2024-09-11,Bronze
C00526,Carl,Clark,bmueller@example.net,Amybury,HI,Northeast,2022-02-04,Silver
C00527,Jodi,Joseph,mwilson@example.com,Angelamouth,HI,Northeast,2024-01-20,Bronze
C00528,Stephanie,Jones,jenningscandace@example.com,Troyton,CO,West,2023-04-14,Unassigned
C00529,Lisa,Clay,shermandonna@example.com,Petershire,NV,Northeast,2023-02-04,Bronze
C00530,Jamie,Rich,ashley46@example.net,Veronicashire,AL,West,2025-10-09,Silver
C00531,Richard,Anderson,bryan80@example.org,Danielport,VI,Midwest,2021-09-11,Bronze
C00532,Joe,Park,missing_email@example.com,Garrettfurt,MO,Midwest,2024-09-04,Bronze
C00533,Ryan,Clark,thomaslopez@example.com,Maryberg,LA,West,2022-07-02,Silver
C00534,Dennis,Jones,thomasnicole@example.net,Proctorberg,CO,West,2022-08-07,Bronze
C00535,Dawn,Perry,senglish@example.net,Hansonmouth,NY,South,2025-01-14,Bronze
C00536,Andrea,Cole,jeremiah69@example.org,Bradfordbury,VT,Midwest,2025-09-12,Gold
C00537,Joseph,House,arthur09@example.com,Danielfort,UT,Midwest,2022-02-10,Silver
C00538,Douglas,Simon,missing_email@example.com,Stevenland,NC,Midwest,2022-03-08,Unassigned
C00539,John,Mccoy,suttonamber@example.net,Chloemouth,ND,West,2021-07-10,Bronze
C00540,Taylor,Hunt,vberry@example.com,Susanport,LA,South,2022-11-09,Bronze
C00541,Austin,Livingston,jessica94@example.org,Laneshire,AR,Midwest,2023-11-30,Bronze
C00542,Lisa,Weber,todd28@example.org,Johnathanview,KY,South,2023-08-14,Bronze
C00543,Alexis,Rodriguez,reneestevenson@example.net,Woodburgh,KS,West,2023-06-10,Platinum
C00544,Todd,Lloyd,cooperchristopher@example.org,Port Tyler,MT,West,2024-09-09,Bronze
C00545,John,Alexander,jasonnavarro@example.com,Lake Josephville,AR,South,2022-11-09,Silver
C00546,Steven,Alvarez,missing_email@example.com,Reeseside,IN,Northeast,2024-08-29,Bronze
C00547,Frances,Price,dustin60@example.com,Reyesmouth,NC,Midwest,2021-10-12,Bronze
C00548,Connor,Schmidt,stephanie69@example.net,Matthewview,AS,Northeast,2022-04-08,Unassigned
C00549,Jonathan,Silva,vmejia@example.org,New Matthew,UT,South,2022-12-17,Bronze
C00550,Lawrence,Smith,deckeralexander@example.org,Lake Seanbury,VA,South,2023-11-04,Bronze
C00551,Johnathan,Johnson,brownbrooke@example.org,Lake Susanland,PR,South,2022-07-15,Silver
C00552,Nicholas,Gallagher,pauladominguez@example.com,Stevenland,SC,Northeast,2025-04-15,Silver
C00553,Sandra,Hill,qschwartz@example.com,Fernandoland,KY,West,2021-12-17,Bronze
C00554,Patrick,Cook,missing_email@example.com,West Stephanieview,HI,Midwest,2025-03-06,Gold
C00555,Chad,Krause,chelseywhite@example.com,East Amberchester,IL,West,2022-05-03,Bronze
C00556,Rita,Baldwin,johnsonchad@example.net,Kimberlytown,MH,South,2025-08-31,Silver
C00557,Eduardo,Bowman,ortegajoseph@example.net,Rebeccashire,AL,West,2025-10-25,Unassigned
C00558,Jasmine,Wise,ugraham@example.org,North Patrick,UT,Midwest,2025-07-13,Unassigned
C00559,David,Nichols,mathew46@example.org,West Amandamouth,CO,South,2025-05-05,Gold
C00560,Kathleen,Roberts,gregorywilliams@example.com,West Heather,MH,Midwest,2022-05-04,Silver
C00561,Crystal,Howard,mccluresamuel@example.org,North James,VA,South,2023-06-17,Platinum
C00562,Tracy,Brown,victor70@example.org,Brianton,MO,West,2022-06-09,Gold
C00563,Jason,Valdez,ibentley@example.org,North Benjamin,FL,Northeast,2025-08-03,Bronze
C00564,Desiree,Ruiz,sanchezdeborah@example.org,Lake Brendan,ME,West,2022-04-05,Bronze
C00565,Stephen,Jackson,meyersdaniel@example.com,North Linda,NE,South,2024-04-20,Bronze
C00566,Lisa,Hendrix,rnguyen@example.net,West Mary,WY,West,2023-03-31,Platinum
C00567,Kathryn,Watkins,bryan42@example.com,Lake Mitchell,GA,West,2025-02-28,Bronze
C00568,John,Perkins,craigboone@example.net,Stricklandtown,FM,Northeast,2025-07-28,Silver
C00569,Christopher,Smith,mannbrittney@example.com,Steelefort,UT,South,2022-07-06,Silver
C00570,Jamie,Bowman,ljenkins@example.net,New Hectorfort,RI,West,2022-03-07,Gold
C00571,Courtney,Patton,missing_email@example.com,Robertside,IA,Northeast,2023-01-24,Silver
C00572,David,Moreno,montgomerymichelle@example.net,South Kaylee,TN,South,2023-03-15,Gold
C00573,Joshua,Lee,ginaschmitt@example.com,Thompsonton,AR,South,2024-07-12,Bronze
C00574,Justin,Hamilton,christina70@example.org,New Gregorytown,NM,Northeast,2025-10-23,Bronze
C00575,Darren,Jacobson,uwatkins@example.com,Lake Erica,MD,Midwest,2023-05-22,Silver
C00576,Kimberly,Nguyen,youngrobert@example.org,Vanceland,NJ,Midwest,2025-07-21,Silver
C00577,Brian,Graham,sarahgibson@example.com,Derekborough,SC,Midwest,2024-06-25,Bronze
C00578,Theresa,Harris,antoniocarroll@example.com,North Melissa,NH,Midwest,2024-12-27,Bronze
C00579,George,Cooper,cassandra92@example.net,North Robert,NC,South,2025-08-04,Bronze
C00580,Michelle,Robinson,rhood@example.org,Fitzgeraldbury,IA,West,2024-03-19,Bronze
C00581,Ryan,Walker,robinvillanueva@example.com,North Vickiehaven,AZ,South,2025-01-19,Bronze
C00582,Amanda,Mendoza,chavezjohn@example.net,Lake Jessicaborough,DC,South,2024-06-24,Bronze
C00583,Kenneth,Holland,smithelizabeth@example.org,Hodgeshire,AK,South,2025-04-20,Gold
C00584,Steven,Taylor,xlopez@example.net,Padillatown,VI,Northeast,2022-01-12,Silver
C00585,Paul,Vazquez,phillipskaren@example.net,Port Gail,RI,Midwest,2024-04-14,Bronze
C00586,Jill,Brown,pamela16@example.com,Harveystad,MN,West,2022-12-03,Silver
C00587,Deborah,Bush,devonrogers@example.net,Lake Timothyshire,VI,West,2023-03-20,Gold
C00588,Karen,Hodges,michael48@example.net,Ramirezland,MN,South,2024-05-14,Bronze
C00589,Shaun,Mason,harrisonamanda@example.net,Shannonstad,AS,Northeast,2021-12-27,Bronze
C00590,Jacob,Henson,millerrachael@example.com,North Fredville,UT,Northeast,2022-09-09,Silver
C00591,Tyler,Golden,cartertara@example.net,South Michael,NV,West,2021-08-12,Bronze
C00592,Kelly,Brown,marystone@example.com,Lanemouth,NM,West,2025-12-10,Silver
C00593,Meagan,Wallace,ashley42@example.com,South Nathan,LA,South,2021-11-01,Bronze
C00594,Eddie,Mitchell,christinemartin@example.net,Ianburgh,MP,Midwest,2022-09-26,Gold
C00595,Evan,Wilson,autumn74@example.com,East Anna,AZ,Northeast,2024-02-16,Bronze
C00596,Tiffany,Hernandez,kfernandez@example.net,Davidtown,MO,West,2025-09-05,Silver
C00597,Kayla,Gould,eric88@example.com,Thomasport,WV,West,2026-04-24,Gold
C00598,Elizabeth,Marsh,hmorgan@example.net,Mcculloughberg,TX,South,2026-02-12,Silver
C00599,Darryl,Johnson,seandavis@example.org,New Alicia,WY,South,2023-10-18,Gold
C00600,James,Miller,frhodes@example.net,Leemouth,PA,West,2025-10-13,Bronze
C00601,Sherry,Kerr,raymond65@example.com,Alexanderstad,MI,Midwest,2024-01-20,Gold
C00602,Tiffany,Sawyer,lewispamela@example.net,Laraport,GA,West,2025-01-13,Bronze
C00603,Jessica,Perry,thomaskevin@example.net,Carlshire,WV,South,2024-08-17,Bronze
C00604,Christopher,Ortiz,robert87@example.net,East Jacob,MS,Midwest,2023-11-23,Gold
C00605,Angela,Williams,mary47@example.net,Walkertown,FL,South,2023-09-01,Silver
C00606,Kevin,Davidson,qmartinez@example.com,Whitebury,AK,West,2022-06-12,Bronze
C00607,Kathy,Snyder,georgemichael@example.com,Oneillfort,UT,South,2022-06-13,Silver
C00608,Nathaniel,Quinn,brucefrancisco@example.org,West Steven,UT,South,2022-08-01,Bronze
C00609,Michael,Brown,robert50@example.com,Alyssaland,NY,Midwest,2023-01-30,Platinum
C00610,Katie,White,georgegary@example.com,Margaretport,KY,Northeast,2024-07-07,Bronze
C00611,Cody,Carpenter,alexanderholmes@example.com,Jenkinsburgh,CT,Northeast,2023-04-14,Bronze
C00612,Eric,Walker,laurahansen@example.net,South Stevenland,DE,South,2022-07-19,Gold
C00613,Sandra,Mendoza,hannah27@example.net,Geraldport,AK,West,2022-06-10,Bronze
C00614,Jeffrey,Vincent,haileyparker@example.org,North Roger,WV,West,2022-05-20,Bronze
C00615,Chris,Hampton,gwilliams@example.org,South Davidview,AZ,Midwest,2021-12-29,Bronze
C00616,Kevin,Smith,pattonsamantha@example.org,East Ellen,AK,West,2022-03-16,Bronze
C00617,Dustin,Francis,stacy55@example.org,New Ashley,CT,West,2026-05-08,Gold
C00618,Kathryn,Rice,tamarajackson@example.net,Lake Coreyborough,PW,West,2025-09-20,Bronze
C00619,Melissa,Wells,scottrosario@example.org,Tinachester,IL,Midwest,2025-10-21,Silver
C00620,Jeremy,Rodriguez,david18@example.org,Farmerport,OH,South,2021-10-11,Bronze
C00621,Christopher,Snyder,mcampbell@example.net,Gloriamouth,IN,Northeast,2026-02-21,Gold
C00622,Richard,Mercer,elopez@example.com,Harryfort,TX,Northeast,2022-04-29,Bronze
C00623,Randy,Mills,wilsonralph@example.net,Lake Saraburgh,CA,Northeast,2024-07-11,Unassigned
C00624,Theresa,Morgan,bmartinez@example.net,Ramirezshire,OR,South,2023-10-03,Gold
C00625,Katelyn,Owen,qkelly@example.net,Archerhaven,KY,Midwest,2022-09-07,Bronze
C00626,Katrina,Rodriguez,tracy32@example.org,Lake Brianland,NM,South,2021-08-29,Silver
C00627,Teresa,Reyes,eric99@example.org,Lake Karenfort,WY,South,2025-05-24,Bronze
C00628,James,Bates,iwagner@example.com,Port Anthonychester,FM,West,2022-06-12,Silver
C00629,Patrick,Edwards,missing_email@example.com,Ramoston,AZ,West,2022-12-08,Gold
C00630,Angela,Dalton,nicole27@example.com,West Jennifer,NM,West,2022-05-12,Bronze
C00631,Ashley,Henry,kalvarez@example.net,South Joseshire,MS,Northeast,2024-06-06,Bronze
C00632,Katie,Mitchell,johnsonbrandon@example.com,Lisashire,AK,Midwest,2024-05-02,Silver
C00633,Oscar,Patterson,robert03@example.org,Lake Larry,CO,South,2021-12-27,Bronze
C00634,Misty,Wilson,andrewnguyen@example.com,Bradleychester,KY,Northeast,2021-08-09,Bronze
C00635,Heather,Chapman,nicholas65@example.net,Port Tracyborough,MA,South,2025-08-28,Bronze
C00636,Wesley,Hubbard,garrett45@example.com,South Cynthia,WY,West,2022-01-27,Bronze
C00637,Mary,Herrera,joseph49@example.com,New Julia,CO,Northeast,2026-05-08,Unassigned
C00638,Cody,Rogers,knightamanda@example.com,West Laura,SD,Midwest,2023-12-31,Silver
C00639,William,Evans,james64@example.net,Powersside,HI,South,2021-08-03,Silver
C00640,Courtney,Black,barbaralewis@example.net,Adamsside,AS,Northeast,2025-02-13,Bronze
C00641,Sarah,Barber,boydmichael@example.org,East Julie,WV,South,2023-12-26,Bronze
C00642,Megan,Jenkins,waltersmeghan@example.com,Debbieview,TX,South,2023-06-10,Silver
C00643,Richard,Wilson,anthonyrobles@example.com,Washingtonchester,NE,Northeast,2021-09-29,Unassigned
C00644,James,Nelson,greenlinda@example.net,Lake Melissa,VA,Midwest,2025-07-25,Silver
C00645,Kimberly,Brown,edwardskenneth@example.org,Mosleyland,MO,Midwest,2022-08-17,Bronze
C00646,Joel,Duncan,missing_email@example.com,New Elizabethshire,WI,Northeast,2025-11-24,Bronze
C00647,Johnathan,Wilkerson,carolmejia@example.com,Marisafurt,AS,Northeast,2023-06-10,Bronze
C00648,Selena,Robinson,thompsontara@example.com,Kingshire,AR,West,2025-08-08,Silver
C00649,Amanda,Lyons,stewartrodney@example.net,West Natasha,FL,South,2024-07-08,Silver
C00650,Thomas,Richardson,andrew90@example.net,Lake Samanthabury,KS,South,2026-02-18,Bronze
C00651,Paul,Fowler,rebecca18@example.org,Pricefurt,PW,Northeast,2023-08-09,Platinum
C00652,Kevin,Mayer,kennethvillarreal@example.org,Welchchester,WY,South,2021-09-20,Bronze
C00653,Joshua,Miller,aruiz@example.com,Mcdowellville,GU,Northeast,2022-10-18,Silver
C00654,Holly,Hunter,missing_email@example.com,Robertside,WA,Northeast,2024-03-18,Bronze
C00655,Shawn,Johnson,davidsonisaiah@example.com,North Richard,SC,West,2024-01-12,Gold
C00656,Lee,Miller,johnreeves@example.net,Port Brooke,MT,Midwest,2024-02-24,Gold
C00657,Shannon,Russo,jorgemcdaniel@example.com,Jameschester,MN,Midwest,2022-12-24,Bronze
C00658,Phillip,Bennett,andrewjohnson@example.net,North Terri,ID,West,2023-08-29,Unassigned
C00659,Jacqueline,Jackson,mwilliamson@example.com,North Susan,GA,Northeast,2026-04-04,Bronze
C00660,David,Higgins,dayala@example.net,Wilsonborough,ID,South,2023-09-12,Bronze
C00661,Keith,Snyder,ryanclark@example.org,Jessicaborough,MT,Northeast,2022-12-19,Bronze
C00662,Ricky,Thomas,theresa39@example.com,West Brandi,SD,Northeast,2025-04-30,Bronze
C00663,Christopher,Harrison,terri63@example.net,Ericksonview,CA,South,2022-03-30,Bronze
C00664,Angela,Williams,thomasgomez@example.net,North Jonfurt,ME,West,2024-10-15,Platinum
C00665,Emily,Anderson,carpenterjorge@example.net,Conradmouth,DC,Midwest,2022-03-12,Bronze
C00666,Logan,Moreno,jorgeedwards@example.org,Savageview,WA,Northeast,2024-07-01,Unassigned
C00667,Sara,Campbell,chloe48@example.com,Staffordmouth,WA,West,2025-08-11,Bronze
C00668,Kathryn,Hernandez,jbrown@example.org,East Barry,KS,Midwest,2022-10-28,Bronze
C00669,Janice,Graham,wwilliams@example.net,Ellisville,PR,South,2022-09-09,Silver
C00670,David,Davis,henry28@example.com,New Whitney,AL,South,2025-11-27,Silver
C00671,Katie,White,sancheztyler@example.org,Anthonyville,MO,South,2024-08-10,Gold
C00672,Brittany,Bean,missing_email@example.com,Ericland,NH,South,2025-07-06,Bronze
C00673,Shawn,Moses,riverabradley@example.net,Nguyenshire,DC,Midwest,2023-03-25,Bronze
C00674,Michelle,Solis,missing_email@example.com,Marcuston,WA,Midwest,2022-01-12,Gold
C00675,Amy,Guzman,rossgregory@example.com,North Melissaburgh,MS,Midwest,2024-11-08,Bronze
C00676,Justin,Goodwin,davidhenry@example.com,Rebeccaberg,MI,West,2022-04-01,Bronze
C00677,Marilyn,Hunt,ygriffin@example.com,Annachester,CO,Midwest,2025-01-09,Gold
C00678,Lisa,Austin,fmccoy@example.org,Teresabury,SD,West,2022-10-01,Unassigned
C00679,Sarah,Rose,robertssamuel@example.com,Edgarberg,TX,Northeast,2023-12-27,Silver
C00680,Mckenzie,Mills,ashley81@example.org,New Rogerville,NH,West,2026-04-08,Bronze
C00681,Lisa,Kelly,mackallen@example.net,Whiteburgh,MP,South,2024-10-09,Bronze
C00682,Brandon,Butler,lee77@example.net,Matthewburgh,IL,West,2023-01-03,Bronze
C00683,Christian,Hendrix,monica16@example.net,North Randalltown,GA,Midwest,2025-06-28,Bronze
C00684,Steve,Sullivan,nturner@example.com,Ballardland,DC,Northeast,2022-07-31,Bronze
C00685,Alexander,Rodriguez,hortonjacob@example.org,South Deborah,SD,West,2023-06-28,Gold
C00686,Ryan,Garrett,christophercarrillo@example.org,Hendersonville,GA,West,2022-09-23,Bronze
C00687,Joanne,Wallace,cruiz@example.net,East Kenneth,MP,South,2024-10-06,Silver
C00688,Brent,Smith,fpetty@example.net,Benjaminfurt,NM,Northeast,2025-10-18,Bronze
C00689,Brittany,Carr,dhall@example.net,South Barbaraside,CA,South,2023-09-17,Bronze
C00690,Patricia,Butler,nwilson@example.net,Shanechester,AK,Midwest,2022-10-21,Bronze
C00691,Keith,Lee,samuel83@example.net,Sandramouth,DC,West,2023-12-05,Silver
C00692,Jennifer,Myers,rwhitaker@example.net,Lauraburgh,RI,Northeast,2023-03-12,Bronze
C00693,Justin,Curry,manderson@example.org,Garciachester,NM,Northeast,2024-01-06,Bronze
C00694,Jimmy,Hawkins,howardjose@example.net,East Maria,MH,South,2025-09-18,Silver
C00695,Anthony,Brown,owilson@example.org,South Jonathan,MA,Northeast,2024-06-14,Gold
C00696,Kayla,Carrillo,paula89@example.net,Lake Brentmouth,AS,Northeast,2025-04-27,Silver
C00697,Sydney,Campos,harringtonchelsea@example.org,New Danielville,VI,South,2023-03-07,Gold
C00698,Rhonda,Moore,jean87@example.net,East Deborahmouth,GU,Northeast,2022-08-09,Bronze
C00699,David,Harris,ahammond@example.org,Petersonhaven,GA,West,2022-02-26,Bronze
C00700,Joseph,Espinoza,qward@example.org,Port Karen,MT,West,2023-05-16,Bronze
C00701,Devin,Patterson,hvillanueva@example.net,Sherrymouth,FL,Midwest,2021-07-07,Silver
C00702,Jennifer,Holmes,millerleroy@example.org,Brownton,TN,South,2022-09-18,Gold
C00703,Rachel,Brown,robert84@example.net,Reginatown,GU,West,2023-10-24,Bronze
C00704,Rachel,Bishop,isabellagriffin@example.org,Terryfurt,WI,South,2023-02-09,Bronze
C00705,Nicole,Miller,peter28@example.net,Jasonhaven,OH,Northeast,2024-02-02,Bronze
C00706,Adrienne,Sherman,andrewzamora@example.net,Johnport,VA,West,2025-01-10,Bronze
C00707,Valerie,Rodriguez,skinnerjordan@example.net,Davidville,NV,Midwest,2023-12-19,Bronze
C00708,Ashley,Smith,tonya99@example.net,West Kevin,TN,Midwest,2026-04-21,Silver
C00709,Emily,Klein,danielblack@example.org,Shawnberg,VT,South,2025-01-19,Bronze
C00710,Maria,Miller,colemandavid@example.org,Millerhaven,MO,Northeast,2026-03-09,Silver
C00711,April,Foster,breanna67@example.net,Dennischester,GU,West,2022-10-25,Gold
C00712,Drew,Martinez,tanderson@example.net,Lake Jasonfort,AZ,South,2022-10-07,Silver
C00713,Sherry,Wood,guzmanricky@example.org,Ashleyton,NC,Midwest,2022-09-26,Bronze
C00714,David,Torres,kevin70@example.org,Port Brittany,AR,South,2024-01-11,Unassigned
C00715,Pamela,Lewis,jsmith@example.com,Port Bradleyfort,OK,West,2024-01-25,Bronze
C00716,Ariel,Mccullough,ualvarez@example.net,Port Dillon,SC,Northeast,2025-05-09,Silver
C00717,Kathleen,Contreras,michellenguyen@example.net,Hughesfurt,MA,Northeast,2026-01-12,Gold
C00718,Brandon,Santiago,pfitzgerald@example.org,Lake Angel,SC,Midwest,2024-01-22,Gold
C00719,Ann,Martinez,leechristine@example.net,New Aimeefort,NY,Midwest,2021-08-03,Silver
C00720,David,Mayer,suzannehill@example.org,Port Janice,FM,South,2025-03-18,Gold
C00721,Christopher,Ferguson,richard07@example.org,Samuelchester,AK,Northeast,2025-12-03,Bronze
C00722,Logan,Scott,pettyamber@example.com,East Jonathan,CO,Northeast,2022-09-29,Unassigned
C00723,Kristopher,Russell,brianwoodward@example.org,Lake Brianfurt,CT,West,2024-02-26,Silver
C00724,Douglas,Orozco,nicholas10@example.org,Port Carla,IA,South,2025-08-16,Gold
C00725,William,Gordon,adamslucas@example.net,Jonestown,MT,Midwest,2023-06-03,Bronze
C00726,Robin,Smith,sanchezangela@example.org,Ashleymouth,CO,Midwest,2025-09-08,Bronze
C00727,James,Faulkner,amber23@example.net,Aliside,NV,Northeast,2021-10-14,Bronze
C00728,Aaron,Marshall,denise20@example.org,Nelsonview,MP,Northeast,2024-08-31,Gold
C00729,Yvette,Kirby,brendadixon@example.org,Lake Amanda,CA,South,2023-12-28,Bronze
C00730,Christopher,Hale,jessicalutz@example.com,New William,AS,Northeast,2024-02-20,Bronze
C00731,Nicole,Dougherty,tiffany74@example.org,Matthewmouth,PA,Northeast,2024-03-23,Silver
C00732,Allen,Holt,lynchadam@example.org,South Angela,UT,Midwest,2025-08-04,Bronze
C00733,Kathryn,Medina,ryanpatricia@example.net,Chambersstad,GU,Northeast,2024-08-19,Silver
C00734,Maria,Howard,marycain@example.org,South Mitchellborough,NV,Northeast,2021-07-06,Unassigned
C00735,Jeffrey,Smith,erin53@example.org,Lindseybury,IN,West,2025-08-19,Silver
C00736,Tammy,Johnson,tconway@example.net,North James,GU,Northeast,2024-10-19,Silver
C00737,Daniel,Ramirez,mjackson@example.net,North Brianna,WA,South,2021-12-26,Bronze
C00738,David,Mahoney,nicoledaniel@example.com,Port Erica,UT,Midwest,2025-12-18,Bronze
C00739,Christina,Becker,bsmith@example.net,Port Sheilachester,PR,West,2024-11-22,Bronze
C00740,Joshua,Frazier,hsimpson@example.org,North Joshua,MT,West,2025-12-17,Silver
C00741,Shane,Smith,matthewbeard@example.org,Lake Rodney,CA,West,2023-07-23,Unassigned
C00742,James,Murphy,garrettcolin@example.com,Mortonshire,AS,West,2024-04-10,Silver
C00743,Mary,Wright,vallen@example.org,Aprilbury,CA,Midwest,2025-02-28,Bronze
C00744,Kathryn,Garrett,millerbruce@example.org,Edwardsland,WY,West,2022-07-08,Bronze
C00745,Bryan,Lang,missing_email@example.com,West Cherylchester,CA,Midwest,2022-04-19,Silver
C00746,Erica,Hansen,melissa61@example.net,Halltown,NH,West,2024-09-11,Silver
C00747,Steven,Patterson,morgansharon@example.org,Holmesshire,ID,Northeast,2022-05-08,Bronze
C00748,Curtis,Larson,watkinsmary@example.net,Lake William,MI,Midwest,2025-01-05,Bronze
C00749,Timothy,Oliver,johnrobles@example.org,West Breanna,NY,West,2024-06-22,Bronze
C00750,Larry,Mcclure,dylanparker@example.com,Migueltown,NC,West,2022-08-30,Silver
C00751,Brian,Hunter,hendersonjames@example.org,Port Casey,ID,South,2025-06-24,Bronze
C00752,Heather,Holden,melissa95@example.net,Robertburgh,CT,Midwest,2025-04-18,Silver
C00753,Nancy,Lozano,arobinson@example.net,Lake Jerry,RI,South,2023-03-31,Gold
C00754,John,Navarro,lindsay63@example.com,Port Veronica,MN,West,2021-07-07,Platinum
C00755,Charles,Johnson,thomasscott@example.net,Bradleytown,ID,South,2023-02-11,Bronze
C00756,Justin,Robinson,jennifer58@example.org,East Andrew,MP,South,2023-08-29,Bronze
C00757,Renee,Smith,nicholascobb@example.org,Sharonport,NH,South,2023-06-23,Bronze
C00758,Mike,Watson,shelleyrowland@example.net,Johnsland,DE,West,2022-08-29,Bronze
C00759,Nicole,Anderson,jamesgray@example.com,Carolbury,PW,South,2021-10-28,Platinum
C00760,Kathryn,Matthews,kristine53@example.org,Moniquehaven,OR,Northeast,2025-08-04,Silver
C00761,Jason,Miller,ngibbs@example.org,New Paul,FM,Midwest,2025-10-05,Bronze
C00762,Nicholas,Stone,marcbrooks@example.net,Baldwinfort,NJ,West,2023-09-18,Silver
C00763,Bianca,Little,clarkpatricia@example.com,South Jeffery,NE,Northeast,2024-08-21,Bronze
C00764,Ashley,Walls,jonathan12@example.org,Seanstad,IN,Midwest,2021-10-12,Gold
C00765,Steven,Oliver,bhayes@example.com,Lindamouth,KY,Midwest,2024-09-06,Silver
C00766,Angel,Alexander,deanna51@example.com,Port Joshuabury,CT,Northeast,2022-06-10,Silver
C00767,Charles,Johnson,matthewleonard@example.com,Julieview,ID,West,2022-08-09,Bronze
C00768,Yesenia,Goodwin,alan44@example.com,Bautistashire,WV,South,2021-07-13,Bronze
C00769,Thomas,Hunt,missing_email@example.com,Port Raymond,IN,Midwest,2023-03-21,Bronze
C00770,Thomas,Black,dsharp@example.com,West Meganchester,WI,Midwest,2024-12-25,Silver
C00771,Jason,Cole,brooksbarbara@example.org,Sherrytown,NM,South,2024-06-12,Bronze
C00772,Matthew,Barnes,sfarmer@example.net,Marktown,OK,Midwest,2021-09-15,Silver
C00773,Sandra,Hernandez,ashley99@example.net,Bairdborough,MO,South,2021-12-21,Bronze
C00774,Amanda,Lopez,murphysuzanne@example.net,Christopherville,TX,West,2026-02-18,Gold
C00775,Gregory,Serrano,mjohnson@example.org,Campbellbury,LA,South,2025-11-22,Bronze
C00776,Chad,Brown,jacksonmichele@example.com,Mooreville,DC,Northeast,2025-12-29,Bronze
C00777,Robert,Paul,nfriedman@example.org,West Ryan,VT,Northeast,2025-06-21,Platinum
C00778,Erik,Andrews,briana87@example.com,North Vickie,NV,South,2021-12-22,Silver
C00779,Makayla,Jacobs,aliciakent@example.com,Fordton,WA,Northeast,2022-03-17,Silver
C00780,Keith,Ibarra,treed@example.com,Austinburgh,MT,West,2023-07-21,Silver
C00781,Hayden,Williamson,qellis@example.org,South Hollyton,IA,Midwest,2022-10-10,Bronze
C00782,Joshua,Fuller,elizabeth13@example.com,Riddleside,DE,Northeast,2024-07-26,Bronze
C00783,Charles,Garcia,robert24@example.org,South Anthonymouth,MS,South,2024-05-09,Silver
C00784,Julie,Foley,qjohnson@example.org,West Ellen,NH,Midwest,2025-07-22,Gold
C00785,Steven,Miller,jenniferkim@example.com,Mckenzieburgh,MP,Northeast,2021-08-02,Bronze
C00786,Catherine,Thompson,nicholspeter@example.org,Lake Joshuamouth,MI,Northeast,2022-12-11,Platinum
C00787,Jay,Johnson,scottwilliams@example.net,South Hannahmouth,AR,Midwest,2021-06-21,Bronze
C00788,Brandon,Bennett,sarahbrooks@example.org,North Allen,AK,Midwest,2021-07-22,Silver
C00789,Matthew,Lee,walkernicole@example.net,Lake Gary,MT,West,2025-10-16,Unassigned
C00790,Daniel,Murphy,colleenvilla@example.com,Martinezborough,CT,Midwest,2024-06-18,Bronze
C00791,Marcus,Smith,alexander37@example.org,Lake Lisastad,AZ,Northeast,2022-01-02,Bronze
C00792,Nicole,Jenkins,gbird@example.net,West Susan,PA,Midwest,2024-03-10,Silver
C00793,Tina,Horton,martinreid@example.net,Tiffanyfort,CA,Midwest,2024-04-13,Bronze
C00794,Andres,Barr,oreyes@example.net,New Briana,AL,Northeast,2023-05-30,Silver
C00795,Andrew,Blake,parkerjoann@example.org,North Devinfort,LA,Midwest,2023-02-24,Silver
C00796,Edward,Harris,youngjessica@example.com,Dennismouth,SD,Midwest,2021-10-08,Bronze
C00797,Abigail,Madden,karen35@example.com,East Amber,PW,Northeast,2023-07-18,Gold
C00798,Laurie,Horton,cathyjames@example.com,South Crystal,CA,Midwest,2025-08-12,Silver
C00799,Chad,Lee,shawnamartinez@example.org,East William,NE,West,2025-05-28,Silver
C00800,Larry,Griffith,rogerobrien@example.com,Barbaraborough,KY,South,2025-07-10,Bronze
C00801,Christopher,Kaufman,egray@example.com,Wagnerchester,WV,Northeast,2022-10-04,Silver
C00802,Lori,Leon,gillronald@example.org,Brookeberg,OH,South,2022-12-04,Silver
C00803,Jonathan,Ford,jcampbell@example.net,Jonesberg,VT,South,2025-06-03,Bronze
C00804,James,Hendricks,smithvincent@example.net,Travischester,MO,Midwest,2024-08-09,Bronze
C00805,Patrick,Parker,ortizbenjamin@example.org,Frederickburgh,ID,Northeast,2025-02-21,Silver
C00806,Susan,Wise,william75@example.net,Lake Paulchester,WA,Northeast,2023-07-13,Bronze
C00807,John,Johnson,crystal02@example.com,Blackburnberg,KS,West,2023-07-15,Gold
C00808,Carrie,Lynn,alexanderwise@example.net,Sandersshire,MH,South,2022-02-11,Bronze
C00809,April,Lopez,bmartin@example.com,Vincentside,TN,West,2024-09-08,Bronze
C00810,Brenda,Gross,rodriguezashley@example.com,West Kaitlyn,WA,Northeast,2024-10-25,Bronze
C00811,Holly,Smith,missing_email@example.com,Port Travis,CT,Northeast,2022-01-09,Gold
C00812,Kim,Butler,upena@example.com,East Nicholas,VT,South,2022-07-29,Gold
C00813,James,White,hayeslisa@example.org,North Karen,AS,Northeast,2023-01-24,Bronze
C00814,Jordan,Barrera,nalexander@example.org,North Kelly,MS,West,2022-06-29,Bronze
C00815,Joshua,Peterson,timothychambers@example.org,North Josephtown,TN,South,2021-10-15,Gold
C00816,Collin,Boyd,missing_email@example.com,South Carrieview,NM,South,2025-06-16,Bronze
C00817,Katherine,Munoz,nathan55@example.org,Elizabethfurt,RI,Midwest,2021-12-01,Silver
C00818,Theresa,Marks,smithmonica@example.com,North Carolyn,VI,South,2025-12-11,Bronze
C00819,Joshua,Lyons,miguelmontgomery@example.net,Robertsonborough,AL,Midwest,2024-03-03,Bronze
C00820,Allen,Ward,montesjill@example.net,Hallfort,MO,West,2022-02-14,Platinum
C00821,Michael,Crosby,missing_email@example.com,Hatfieldville,VA,West,2024-09-14,Unassigned
C00822,Kelly,Lee,mollywalter@example.net,East Tylerland,ME,South,2026-02-05,Bronze
C00823,Vanessa,Owens,efriedman@example.net,East Jason,WV,Midwest,2022-03-11,Bronze
C00824,Daniel,Holder,martinsarah@example.com,Jeffreyview,TN,Midwest,2025-06-25,Silver
C00825,Stephanie,Lambert,sandraschultz@example.com,Port Heatherbury,OK,Northeast,2021-12-24,Bronze
C00826,Dawn,Bennett,yvaldez@example.net,Stokesbury,KS,Northeast,2022-06-01,Silver
C00827,Kelly,Rodriguez,joy31@example.net,Davidmouth,MS,West,2026-05-04,Silver
C00828,Jillian,Collins,melaniewhitney@example.com,Laurenberg,NC,Northeast,2023-04-28,Silver
C00829,Daniel,Smith,sstewart@example.org,Frazierberg,PA,Midwest,2023-11-04,Bronze
C00830,Dustin,Ortega,georgekyle@example.net,West Wendyshire,NJ,Northeast,2023-04-08,Bronze
C00831,Troy,Padilla,zbrown@example.com,Port Jennifer,PR,Northeast,2023-05-07,Gold
C00832,Isabella,Williams,melissaluna@example.com,North Amy,MA,South,2025-01-09,Bronze
C00833,Erica,Mooney,hmyers@example.net,Justinborough,UT,West,2026-02-03,Silver
C00834,Phillip,Anderson,missing_email@example.com,Port Sarahport,NH,South,2022-10-28,Platinum
C00835,Barbara,Ramos,jcarter@example.org,Port Kaitlin,WA,West,2021-07-05,Bronze
C00836,Michael,Chase,gregoryvanessa@example.org,Clementschester,TX,Northeast,2022-11-11,Bronze
C00837,Sara,Davis,dwhite@example.org,Brittneyberg,SC,Midwest,2024-11-13,Gold
C00838,John,Wilson,sburns@example.net,Lake Julie,WI,Midwest,2022-03-12,Bronze
C00839,Kimberly,Hancock,phill@example.com,Alexanderville,CO,Northeast,2022-06-21,Bronze
C00840,Tracy,Barnett,andrewberry@example.net,Hillville,WY,South,2022-12-21,Bronze
C00841,Patrick,Cooke,ievans@example.org,Bryanside,HI,West,2024-11-17,Silver
C00842,Lisa,Smith,lbrown@example.net,Port Karenville,HI,Midwest,2022-12-18,Bronze
C00843,Adam,West,david29@example.org,North Anna,PR,West,2021-09-23,Gold
C00844,Christopher,Martinez,michael82@example.com,East Kevinhaven,MH,West,2023-12-05,Bronze
C00845,Donna,Wallace,hneal@example.com,Lake Corey,GU,Northeast,2021-10-23,Bronze
C00846,Joel,Lopez,melissa32@example.net,New Michael,DC,West,2025-01-08,Bronze
C00847,Charles,Scott,ksantos@example.com,Millerview,TX,West,2025-01-18,Gold
C00848,Shelby,Thomas,chadoconnor@example.net,Lake Nathan,TN,South,2025-10-12,Gold
C00849,Cassidy,Barnes,lesliefrench@example.com,New Johnview,DE,West,2025-12-14,Bronze
C00850,Daniel,Kelley,murphychristopher@example.com,Dustinbury,KY,South,2021-07-07,Bronze
C00851,Corey,Petty,nicholasgarcia@example.org,New Jessica,ME,Northeast,2025-08-06,Silver
C00852,Cody,Bailey,andrea91@example.org,West Stacey,MS,West,2022-12-20,Gold
C00853,Michael,Figueroa,missing_email@example.com,Woodsberg,KS,Northeast,2021-07-06,Silver
C00854,Gloria,Reeves,douglasbradley@example.com,Lake Daniellestad,VT,West,2023-07-20,Bronze
C00855,Erika,Barnes,wwhite@example.com,Joshuachester,NC,West,2023-05-18,Bronze
C00856,Kevin,Hodge,richard51@example.net,North Jessicaland,GA,South,2026-04-29,Gold
C00857,Brian,Paul,astokes@example.com,South Tyler,TX,Northeast,2025-12-17,Bronze
C00858,Heidi,Sullivan,rhondareese@example.net,Parkstad,IA,West,2025-12-03,Silver
C00859,Gabriella,Williams,roconnell@example.net,East Charles,MP,Northeast,2022-07-26,Silver
C00860,Willie,Farley,ksimpson@example.com,West Robinbury,MP,Northeast,2026-01-06,Unassigned
C00861,Melissa,Hodge,kevin44@example.org,Lake Crystalfurt,IL,Midwest,2024-01-10,Silver
C00862,Sarah,Haley,wallspatricia@example.com,West Adammouth,MA,West,2023-12-20,Bronze
C00863,Michael,Smith,richardsmith@example.com,Gonzalezhaven,NY,South,2022-09-27,Gold
C00864,Robert,Gentry,moorediane@example.org,Fosterport,MN,West,2025-01-27,Bronze
C00865,Patricia,Herrera,daniel77@example.org,West Julie,AL,Northeast,2024-06-27,Bronze
C00866,Nicole,Fletcher,lopezbilly@example.com,Mannington,GA,Midwest,2023-02-15,Bronze
C00867,Stacy,Moyer,david78@example.com,West Karen,WI,South,2024-10-31,Silver
C00868,Warren,Mclean,ganderson@example.org,East Maurice,AL,West,2023-06-11,Bronze
C00869,Brett,Gallegos,vbray@example.org,Castilloport,NM,West,2022-02-18,Bronze
C00870,Kathleen,Wright,jessicalopez@example.com,Port Josephbury,TN,Midwest,2025-01-30,Platinum
C00871,James,Mccarthy,hayneswayne@example.org,Port Brittany,SC,Northeast,2022-09-12,Silver
C00872,Jerome,Anderson,hilljames@example.org,Smithborough,CO,South,2021-11-12,Bronze
C00873,Omar,Warren,jeffreysimmons@example.org,Schneiderport,DE,West,2023-09-21,Silver
C00874,Michael,Hahn,dwright@example.org,North Brettmouth,IL,South,2023-11-10,Gold
C00875,Thomas,Kerr,jordanjohnny@example.com,Matthewville,CT,Northeast,2021-07-19,Gold
C00876,Felicia,Townsend,markfigueroa@example.com,Johnview,IL,West,2024-09-12,Silver
C00877,Christopher,Rodriguez,williamstanya@example.net,East Janet,CT,South,2022-01-25,Unassigned
C00878,Shelly,Montgomery,jessica38@example.net,North David,MT,West,2026-02-11,Silver
C00879,Jennifer,Snow,patricia71@example.com,South Roberthaven,WY,Midwest,2021-08-13,Bronze
C00880,Gary,Hill,keithsosa@example.org,Lake Lisa,NM,South,2025-12-17,Bronze
C00881,Monica,Mata,samuelhicks@example.net,Moralesview,IL,Midwest,2022-12-30,Silver
C00882,Adam,Armstrong,suarezkrystal@example.com,Kevinbury,LA,South,2023-09-19,Bronze
C00883,Andrea,Jackson,fergusonkelly@example.net,West Sara,KY,Northeast,2021-11-14,Silver
C00884,Dawn,Wright,amandasmith@example.com,Markside,KS,West,2022-07-27,Silver
C00885,Ricky,Carr,tracie05@example.org,Gregorytown,ND,West,2022-05-03,Bronze
C00886,Jennifer,Watts,molly98@example.org,Walkerview,IL,South,2024-10-17,Silver
C00887,Eric,Hall,erichardson@example.org,Whiteburgh,GU,South,2022-12-06,Bronze
C00888,Jacob,Henry,deborahsmith@example.org,Port Phillip,PA,Northeast,2023-01-11,Silver
C00889,Chad,Jones,spencerbrewer@example.com,Lake Alisontown,PA,Northeast,2022-04-12,Silver
C00890,Nicholas,Smith,hinesdeanna@example.org,East Kayla,KY,South,2022-08-24,Bronze
C00891,Sheena,Greene,rosariodaniel@example.net,Melissaland,ID,Midwest,2022-08-13,Bronze
C00892,Timothy,Hart,tochoa@example.com,Mooreton,ND,Midwest,2023-09-15,Bronze
C00893,Courtney,Martinez,garciakenneth@example.net,Thomasbury,AK,West,2023-05-12,Silver
C00894,Ronald,Hernandez,jeremiah61@example.com,North Jeffrey,LA,Midwest,2024-06-21,Silver
C00895,Charles,Cook,sandra10@example.net,East Roy,MA,South,2022-12-22,Silver
C00896,Erin,Hernandez,colleen45@example.org,Sabrinastad,KS,South,2022-01-30,Bronze
C00897,Kristina,Hensley,kimberlythomas@example.org,Griffinfort,GU,Northeast,2022-01-02,Bronze
C00898,Daniel,Simmons,missing_email@example.com,Duanemouth,DC,Midwest,2022-12-24,Platinum
C00899,Katrina,Gomez,scoleman@example.com,Devonbury,MS,Northeast,2024-12-28,Bronze
C00900,Andrea,Ryan,opatel@example.com,New Jenniferhaven,OK,Midwest,2023-04-19,Bronze
C00901,Jacqueline,Young,harrismelissa@example.com,Rosarioville,AR,Midwest,2024-05-27,Silver
C00902,Michael,Atkinson,kenneththomas@example.net,Sanchezbury,AR,South,2022-08-09,Bronze
C00903,David,Dominguez,nicholasjohnson@example.com,Brianville,TN,South,2022-01-22,Bronze
C00904,Thomas,Wheeler,anthonydiaz@example.org,North Alexander,MP,Midwest,2024-12-22,Silver
C00905,Edward,White,kaitlinhale@example.com,Jenkinsmouth,NV,Northeast,2021-07-18,Bronze
C00906,Justin,Moore,munozglenn@example.org,South Marissamouth,OH,South,2023-08-17,Bronze
C00907,Samantha,Shaw,rodneymoore@example.org,Spenceberg,WA,Northeast,2023-03-27,Bronze
C00908,Richard,Brown,vwhite@example.net,Port Heatherfort,MD,Midwest,2024-11-16,Silver
C00909,Margaret,Martin,deborah34@example.org,North Michaelmouth,AK,Midwest,2023-06-21,Silver
C00910,Julian,Weaver,lewisalex@example.com,New James,AZ,Northeast,2023-06-23,Silver
C00911,Joseph,Davila,elliottkristy@example.org,West Christopherport,AL,Northeast,2024-06-19,Silver
C00912,Karen,Benjamin,leonardmyers@example.com,Lake Emily,MA,South,2024-11-23,Bronze
C00913,Peggy,Gordon,andrewflynn@example.com,West Evanmouth,CO,West,2022-03-23,Silver
C00914,Stephanie,Hall,missing_email@example.com,Port Erin,FL,South,2022-10-20,Bronze
C00915,Victoria,Mason,seth25@example.com,Cindychester,AZ,Northeast,2024-09-23,Silver
C00916,John,Shea,rubioashley@example.com,Port Alexisport,OH,South,2022-03-04,Bronze
C00917,Victor,Gibson,sarahmartin@example.com,Michaelland,HI,West,2025-05-08,Bronze
C00918,Jonathan,Kennedy,kathryn72@example.org,Williamsport,MO,Northeast,2024-11-28,Silver
C00919,Melody,Stark,scotthunt@example.net,Nathanielchester,NY,Northeast,2025-04-05,Bronze
C00920,Jose,Hutchinson,oliverdawn@example.net,Lake Lori,AL,Midwest,2022-09-30,Platinum
C00921,Melissa,Roberts,ashleynash@example.org,Sawyerland,MI,West,2025-05-24,Bronze
C00922,Taylor,Nichols,lrodriguez@example.net,South Kaylaborough,MO,South,2024-03-24,Gold
C00923,Caleb,Peterson,vlewis@example.com,West Shawnside,FL,Midwest,2025-06-06,Silver
C00924,Dustin,Lewis,huertakim@example.org,Kristinefort,IL,Midwest,2021-11-22,Bronze
C00925,Jason,Johnson,missing_email@example.com,Nelsonburgh,CO,Northeast,2022-08-21,Silver
C00926,Chad,Sullivan,morgan76@example.net,Lake Patricia,HI,Northeast,2021-11-20,Platinum
C00927,Christopher,Valenzuela,tabitha42@example.org,Sherifort,NJ,Midwest,2025-12-26,Gold
C00928,Haley,Martin,sgomez@example.net,Morrowside,WY,South,2023-02-13,Gold
C00929,Christian,Contreras,mariodowns@example.net,Alexismouth,FL,South,2025-09-05,Silver
C00930,Michelle,Wilson,ubaker@example.org,Hardingberg,SC,Northeast,2025-04-03,Unassigned
C00931,Danielle,Lane,robinsontiffany@example.com,New Nicholas,MI,West,2023-03-20,Bronze
C00932,Stephanie,Bonilla,woodmichael@example.com,Wayneville,UT,Northeast,2025-09-04,Platinum
C00933,Deborah,Bryant,ibell@example.com,Danielburgh,NH,Midwest,2025-01-27,Bronze
C00934,Nathan,Tran,amyjames@example.net,Waltersville,CO,Northeast,2022-04-25,Bronze
C00935,Christopher,Smith,vgarcia@example.net,Lake Seanshire,AS,Midwest,2021-09-16,Silver
C00936,Elizabeth,Christian,jeffreygibson@example.com,East Melissaville,MI,Midwest,2025-05-18,Bronze
C00937,Robert,Hoover,xsmith@example.org,Josephview,ME,South,2024-12-16,Bronze
C00938,Emily,Smith,bjohnson@example.org,Maryhaven,GU,Midwest,2024-02-18,Gold
C00939,Matthew,Haley,zallen@example.org,Pooleshire,NE,West,2022-07-12,Silver
C00940,Sheila,Myers,richardflores@example.org,Hallberg,NY,Northeast,2022-06-09,Gold
C00941,Crystal,Mueller,mary25@example.org,North Anthonytown,SC,South,2022-09-25,Silver
C00942,Anthony,Zimmerman,armstronganthony@example.net,South Cynthia,WI,Northeast,2024-06-23,Gold
C00943,Jacob,Delgado,kennethnichols@example.org,Townsendton,KY,Northeast,2022-02-19,Gold
C00944,Savannah,Burton,rodriguezsara@example.org,East Justinburgh,CO,South,2022-02-02,Silver
C00945,Troy,Ward,peterhenry@example.org,Jonesland,IL,West,2025-01-01,Bronze
C00946,Nicholas,Edwards,lstokes@example.com,East Donnaton,DE,Midwest,2024-05-07,Bronze
C00947,Victoria,Webb,moorejudy@example.org,New Anthony,AK,Midwest,2025-11-02,Gold
C00948,William,Hernandez,danny30@example.com,East Christopher,UT,South,2022-07-05,Bronze
C00949,Joseph,Olson,baileyandrea@example.com,Mcgeefort,NE,South,2025-10-16,Bronze
C00950,Stacey,Nielsen,gerald46@example.org,Gabrielborough,VA,South,2025-07-31,Bronze
C00951,Ryan,Griffin,lisa91@example.net,Pattersonshire,MI,South,2024-08-11,Platinum
C00952,Rachael,Weiss,cjackson@example.net,Brendaport,PA,Midwest,2025-12-11,Gold
C00953,Michael,Johnson,lisajordan@example.org,Johnborough,TN,Northeast,2024-08-04,Silver
C00954,Nathan,Chan,smithhaley@example.net,Jasonshire,WY,Midwest,2024-03-02,Silver
C00955,Rachel,Hoffman,ncampbell@example.net,North Ann,VT,South,2022-01-25,Silver
C00956,Audrey,Lucas,ustewart@example.org,North Leah,NM,Northeast,2021-10-30,Platinum
C00957,Veronica,Fisher,chavezcarolyn@example.net,Youngtown,LA,West,2021-08-01,Silver
C00958,Dawn,Chase,buckjustin@example.com,New Samanthaton,MA,West,2021-07-27,Bronze
C00959,Chad,Davis,rcummings@example.com,Richardside,WI,South,2024-02-04,Bronze
C00960,Troy,Williams,heather77@example.net,Port Nathanielville,AK,South,2023-05-03,Gold
C00961,Brandon,Smith,holdermichelle@example.net,Perezland,ID,South,2024-07-27,Bronze
C00962,Lisa,Medina,villamiranda@example.com,North Brandonport,CA,West,2023-09-04,Silver
C00963,Mark,Salazar,missing_email@example.com,Nelsonburgh,DC,West,2025-05-08,Silver
C00964,David,Flores,karenbarron@example.com,Barnetthaven,NC,South,2023-06-24,Bronze
C00965,Becky,Stanley,marc73@example.org,Katieland,MI,South,2026-03-08,Platinum
C00966,Mary,Sanchez,heatherjones@example.com,East Alexanderborough,NH,Northeast,2024-09-15,Gold
C00967,Jacob,Garcia,lisagill@example.net,Kathleenport,VT,Northeast,2025-04-17,Bronze
C00968,Diana,Abbott,sloanjeffery@example.com,Hesterhaven,ID,West,2024-11-01,Silver
C00969,Jacob,Ramirez,ginalynn@example.net,East Stevenville,WA,South,2022-05-15,Bronze
C00970,John,Shannon,josephalvarez@example.net,Bellville,OH,Midwest,2022-02-23,Bronze
C00971,Michael,Lewis,gshaw@example.com,South Josephville,AR,West,2024-09-07,Silver
C00972,Jessica,Henderson,jaime29@example.com,Stoneville,TX,West,2021-11-08,Bronze
C00973,Debbie,Haley,dariusjacobson@example.net,Johnside,CT,Northeast,2023-10-10,Silver
C00974,Jeremy,Oliver,gmyers@example.org,Tylerburgh,WY,Northeast,2023-03-01,Silver
C00975,Michael,Roberts,jessica12@example.net,Stevensonbury,GA,Northeast,2024-02-11,Silver
C00976,Erin,Jackson,rachel20@example.net,Pattersontown,HI,West,2023-09-04,Bronze
C00977,Nicole,Jackson,wheelertara@example.net,South Morganfort,DE,West,2021-10-25,Silver
C00978,Lori,Bradley,mary88@example.org,Port Clifford,ME,Northeast,2024-04-14,Gold
C00979,Shaun,Navarro,elizabeth45@example.com,Port Michaelmouth,MH,Northeast,2025-11-01,Bronze
C00980,Kim,Vincent,missing_email@example.com,Rodriguezhaven,VA,South,2021-08-10,Bronze
C00981,Dylan,Jenkins,donnathomas@example.com,East Beckychester,MN,Northeast,2023-03-09,Bronze
C00982,Julie,Lee,rfowler@example.net,Archerhaven,HI,Midwest,2023-09-09,Silver
C00983,Renee,Bailey,peter64@example.com,North Bethany,UT,Midwest,2024-05-08,Silver
C00984,Mary,Martinez,yknight@example.com,Danieltown,NM,Midwest,2022-09-07,Bronze
C00985,Steven,Hernandez,cindy24@example.com,Calvinport,AL,West,2025-04-17,Silver
C00986,Blake,Campbell,brownkevin@example.com,Donnatown,AR,Midwest,2023-07-28,Bronze
C00987,Devin,Koch,stephaniereeves@example.org,South Brenda,CO,South,2023-11-27,Silver
C00988,Jeffery,Kennedy,john66@example.com,West Samanthaport,HI,West,2026-03-24,Bronze
C00989,Ryan,Liu,feliciagonzalez@example.org,Spencerport,ME,West,2022-02-27,Silver
C00990,Kenneth,Ho,ygardner@example.com,East Alishamouth,NY,Northeast,2024-06-21,Bronze
C00991,Taylor,Patterson,dali@example.org,Port Robertberg,RI,Northeast,2024-01-02,Silver
C00992,Kristin,Carpenter,david89@example.com,Port Meganberg,MO,Northeast,2021-06-25,Bronze
C00993,Steven,Hines,fcombs@example.org,Mariaville,MA,Northeast,2022-04-05,Bronze
C00994,Lynn,Cunningham,michelle19@example.net,Lake Jamieberg,OH,Midwest,2025-08-23,Platinum
C00995,Derek,Jacobson,kevincollins@example.org,Hansonborough,DE,South,2022-01-01,Bronze
C00996,Aaron,Munoz,meyerjohn@example.org,Johnsonhaven,NV,Midwest,2024-10-02,Silver
C00997,Brian,Martinez,lwebb@example.org,Lorrainemouth,PR,South,2022-06-24,Bronze
C00998,Ryan,Fields,donaldgarner@example.org,New Judith,ND,Northeast,2023-02-19,Gold
C00999,Thomas,Roberts,haleytrevor@example.net,Peterville,NH,Midwest,2024-12-23,Bronze
C01000,Lisa,Hernandez,stephen96@example.org,Austinmouth,AZ,Northeast,2024-06-13,Silver
C01001,Sydney,Mcdonald,khill@example.com,West Rachel,NC,Midwest,2024-10-02,Bronze
C01002,William,Thompson,michaelball@example.com,Espinozaberg,KY,South,2024-01-04,Bronze
C01003,Sandra,Jones,ebennett@example.net,New Jeanette,NY,South,2025-11-25,Silver
C01004,Jonathon,Wolfe,breanna61@example.org,Port Jessicabury,CT,Midwest,2022-05-03,Platinum
C01005,Victor,Shelton,kathleen31@example.org,Camposchester,CA,Midwest,2021-12-16,Silver
C01006,Cheryl,Wilson,alexandernicholas@example.net,East Manuelmouth,MS,South,2022-07-25,Bronze
C01007,Vanessa,Berry,jameshenry@example.net,Jeremiahburgh,NE,West,2025-12-05,Silver
C01008,Lindsey,Lee,sotoelizabeth@example.org,Port Donaldtown,MN,Midwest,2024-11-25,Unassigned
C01009,Ashley,Lin,jacob87@example.org,New Maria,NY,South,2024-06-04,Bronze
C01010,Michael,Yoder,lauriegonzales@example.net,Sawyershire,CO,Northeast,2022-07-07,Bronze
C01011,Kimberly,Evans,jimenezbrett@example.net,Andrewport,MP,West,2023-07-28,Bronze
C01012,Peter,Howard,tammyjones@example.net,Port April,RI,South,2025-09-07,Gold
C01013,Larry,Montgomery,aguilarsharon@example.com,North Matthewview,ID,Midwest,2024-04-11,Platinum
C01014,Pamela,Brown,amygross@example.net,East Trevorshire,MH,South,2021-09-24,Silver
C01015,Michael,Jones,ngeorge@example.org,Pottsview,VA,Midwest,2021-10-14,Bronze
C01016,Dalton,Crawford,debrareynolds@example.com,North Sarah,AK,Midwest,2023-02-06,Silver
C01017,Amanda,Dalton,tranbrett@example.com,South Jacqueline,OH,West,2022-08-09,Silver
C01018,Darrell,Wilson,michael56@example.org,East Christopher,AL,Northeast,2023-05-13,Bronze
C01019,Robert,Goodwin,ritteralexis@example.net,Port Brian,AR,Midwest,2022-07-05,Platinum
C01020,Samuel,Campbell,michael34@example.org,Mendozaville,TN,Midwest,2022-01-31,Bronze
C01021,Charles,Mays,troymoss@example.com,South Jennifer,MN,West,2026-02-14,Silver
C01022,Kelly,Valdez,luis88@example.org,West Rachelfort,KY,West,2022-02-05,Bronze
C01023,James,Taylor,kevintran@example.org,Jennyberg,AZ,Northeast,2023-06-07,Silver
C01024,Holly,Santos,bbenton@example.com,West Joshuafurt,ME,Northeast,2022-02-24,Bronze
C01025,Brian,Bond,ysimpson@example.com,Williamsborough,MS,Midwest,2022-12-31,Silver
C01026,Donna,Patel,anthony50@example.net,Sandraview,AS,South,2023-04-10,Bronze
C01027,Katherine,Peterson,yglenn@example.net,Port Danielfurt,VA,South,2023-11-16,Silver
C01028,Michele,Hurley,ucoleman@example.net,Franciscofurt,NH,Midwest,2023-06-17,Bronze
C01029,David,Smith,christopher38@example.com,Ashleyton,RI,South,2023-10-07,Gold
C01030,Michael,Hopkins,martinezashley@example.com,Melaniemouth,NH,Midwest,2021-07-30,Gold
C01031,Scott,Owens,timothy83@example.com,New Sheilaview,MH,South,2026-02-14,Bronze
C01032,Lee,Brown,jonathanbuchanan@example.com,Martinezburgh,FL,Northeast,2021-11-08,Unassigned
C01033,Jesse,Pena,gabriellevalencia@example.net,Bobbybury,AR,Midwest,2023-08-20,Silver
C01034,Theresa,Smith,amber09@example.org,Danielhaven,NV,Northeast,2022-05-24,Bronze
C01035,William,Young,ashley61@example.net,Liuberg,AK,Midwest,2024-03-17,Bronze
C01036,Catherine,Ward,xmerritt@example.com,Christyburgh,MN,Midwest,2021-10-23,Silver
C01037,Kelly,Hernandez,rodriguezjason@example.com,Shelbyfurt,MP,Midwest,2021-09-16,Bronze
C01038,Diane,Hernandez,friedmansusan@example.org,Ryanville,PR,South,2025-12-02,Silver
C01039,Lauren,Lawson,mstewart@example.net,Rhondamouth,IA,Midwest,2024-07-05,Silver
C01040,Jerry,Edwards,steelesean@example.com,Christopherside,NY,West,2022-01-30,Bronze
C01041,Robin,Valdez,shanebarnes@example.net,New John,PW,South,2024-11-24,Platinum
C01042,Emily,Wade,laura55@example.org,South Robertberg,OK,West,2025-08-20,Gold
C01043,Cynthia,Barton,nancysmith@example.org,Bakerside,VT,Northeast,2025-06-05,Bronze
C01044,Julia,Martinez,bassandrew@example.org,East Zacharyhaven,PW,Midwest,2024-09-24,Bronze
C01045,Rebecca,Gomez,pterry@example.net,Davidmouth,OR,West,2022-05-07,Silver
C01046,Virginia,Williams,stephanie67@example.net,Robertsfort,UT,West,2022-07-30,Bronze
C01047,Jessica,Cummings,hernandezalan@example.net,Emilymouth,MS,South,2024-02-27,Silver
C01048,Samuel,Romero,shirley13@example.com,Petersonshire,NC,Northeast,2025-11-24,Bronze
C01049,Bethany,Anthony,ymitchell@example.com,East Bobby,WA,West,2023-03-23,Silver
C01050,Russell,Ramirez,cory42@example.org,Joshuamouth,IN,Northeast,2022-11-15,Bronze
C01051,Keith,Hardin,middletonelizabeth@example.org,East Andreahaven,WV,West,2022-11-13,Bronze
C01052,Anthony,Orr,adamwall@example.org,Jamesshire,NE,South,2025-03-20,Bronze
C01053,Abigail,Guerra,samantha17@example.com,Bakerberg,KY,Midwest,2022-06-03,Bronze
C01054,Tanya,Lara,jessicamurphy@example.net,Joshuahaven,TX,Midwest,2022-01-23,Platinum
C01055,Jasmine,Edwards,hamiltonsarah@example.net,Jamesside,TN,South,2021-09-25,Silver
C01056,Stacy,Burton,derrickbennett@example.org,West Theodore,NM,West,2023-01-09,Bronze
C01057,Jessica,Campbell,cynthiadavis@example.net,North Ryan,NM,Midwest,2026-03-05,Bronze
C01058,Cheryl,Mckinney,barnesjose@example.com,Lake Michael,NC,Midwest,2022-12-18,Bronze
C01059,Natalie,Pittman,elizabeth76@example.net,Amyport,CT,Northeast,2023-04-18,Bronze
C01060,Daniel,Ibarra,robert75@example.org,Wilsonmouth,MD,Midwest,2022-05-25,Platinum
C01061,Michael,Sanders,kimwebb@example.com,Mcdanieltown,LA,West,2023-09-17,Gold
C01062,William,Wu,xbrown@example.com,Emilychester,MO,South,2025-03-11,Bronze
C01063,Ronald,Green,adamsjessica@example.com,West Sethbury,OK,West,2022-11-06,Silver
C01064,Amanda,Chan,gouldchristina@example.com,New Amber,VA,West,2021-08-11,Bronze
C01065,Leah,Davis,rhonda81@example.net,New Jasonside,ID,South,2022-10-07,Silver
C01066,Mary,Foster,kellymartin@example.com,Robertside,VA,Midwest,2023-07-19,Gold
C01067,Shelby,Johnson,fischeralisha@example.net,Moodyton,GA,West,2023-11-03,Bronze
C01068,Kevin,Hall,arthurbrady@example.com,Andersonview,VI,West,2022-02-25,Silver
C01069,Charles,Wagner,vsmith@example.net,North Jill,WY,South,2024-10-04,Unassigned
C01070,James,Obrien,kristen68@example.net,West Joshuaborough,CT,Northeast,2023-09-06,Bronze
C01071,Tanya,Johnston,fcarter@example.org,Hoffmanfort,LA,West,2025-12-19,Bronze
C01072,William,Reyes,xluna@example.net,South Jeffreytown,MO,West,2023-05-29,Gold
C01073,Sergio,Woods,daymartin@example.net,North Annborough,VI,West,2025-08-06,Gold
C01074,Brittney,Miller,ejensen@example.net,North Katrina,KS,Midwest,2024-12-07,Bronze
C01075,Larry,Morgan,benjaminbarker@example.net,Savageview,UT,Midwest,2023-03-19,Bronze
C01076,Kari,Norton,pedwards@example.org,Stevenfort,NY,Midwest,2026-02-24,Bronze
C01077,Michele,Haney,morseronald@example.org,Martineztown,GA,South,2025-11-08,Bronze
C01078,Kaitlin,Martin,hkane@example.org,Simpsonhaven,NM,Northeast,2022-08-15,Bronze
C01079,Kaitlyn,Payne,hsmith@example.com,Jenniferview,NC,South,2024-03-04,Bronze
C01080,Christina,Watson,donaldmills@example.org,Aprilview,NJ,Midwest,2025-05-15,Silver
C01081,Jason,Rivera,frankespinoza@example.com,West Robertberg,NJ,Northeast,2022-01-01,Bronze
C01082,Victoria,Smith,jamesdavis@example.com,Codymouth,PA,Northeast,2022-10-06,Bronze
C01083,Carl,Fields,michaelsmith@example.org,Justinchester,OR,West,2024-01-12,Bronze
C01084,Michael,Wang,ann31@example.net,North Jessica,KY,Northeast,2022-12-13,Unassigned
C01085,Jose,Garcia,xrivera@example.net,Tammyfort,IL,West,2022-11-11,Gold
C01086,Aaron,Hall,christopherpratt@example.org,East Thomas,AL,South,2024-03-07,Bronze
C01087,Christian,Booker,williamgonzales@example.net,Murphyhaven,WV,Northeast,2022-06-06,Silver
C01088,John,Long,wmccarthy@example.com,Alyssaborough,GA,Northeast,2023-10-17,Unassigned
C01089,Jennifer,Larsen,yhenry@example.com,New Rachelstad,HI,Midwest,2021-08-24,Bronze
C01090,Michelle,Wyatt,jessica39@example.net,South Neil,WA,West,2021-07-10,Gold
C01091,James,Ward,adamcollins@example.org,Ruthhaven,PW,West,2021-07-17,Silver
C01092,Catherine,Johnson,darlene60@example.net,Joshuaton,OK,West,2021-09-09,Bronze
C01093,Michelle,Pennington,ehenry@example.net,North Mikeberg,VT,West,2022-12-08,Platinum
C01094,Monica,Anderson,hflowers@example.org,Walshton,MD,South,2022-04-05,Bronze
C01095,Michaela,Ramirez,dianamclaughlin@example.com,Rachaelburgh,MH,Midwest,2024-07-18,Gold
C01096,Zachary,Shepard,qbutler@example.net,North Jameshaven,FL,West,2023-09-13,Silver
C01097,Christopher,Ramos,charlotte86@example.org,West Joshuastad,DE,Midwest,2024-05-02,Silver
C01098,Steven,Huff,knightsteven@example.org,East Jessicaburgh,MD,West,2021-08-08,Gold
C01099,Katie,Kramer,danastevens@example.net,West Mary,SD,South,2023-01-21,Silver
C01100,Julie,Rojas,brian42@example.com,New Leslie,IN,Northeast,2023-01-12,Bronze
C01101,Joshua,Gonzalez,jordan74@example.org,Kellystad,MI,South,2025-11-18,Silver
C01102,Shannon,Welch,missing_email@example.com,North Stephanie,OR,Northeast,2024-09-17,Bronze
C01103,Eric,Carroll,zreed@example.net,Jaredhaven,OH,West,2023-09-20,Bronze
C01104,Christopher,Ayala,jeffery40@example.org,South Donald,OR,Midwest,2024-03-06,Bronze
C01105,Nathan,Gray,morrisdaniel@example.com,East Robertmouth,MA,South,2022-04-14,Gold
C01106,Jacob,Howard,stevenlopez@example.org,Lambmouth,OR,West,2026-05-01,Silver
C01107,Heather,Simon,qflowers@example.net,Carolynfort,TX,West,2024-11-04,Bronze
C01108,Kevin,Arellano,kathrynsantana@example.net,South Ronaldview,OK,Midwest,2024-11-03,Gold
C01109,Brittany,Martin,sandratanner@example.net,New Karen,DC,Northeast,2024-04-07,Bronze
C01110,Kristina,Brown,parkerkatie@example.com,Fostermouth,AL,South,2022-09-08,Silver
C01111,James,Jackson,christopher33@example.com,Lake Johnside,PR,South,2024-08-12,Silver
C01112,Adam,Moore,ruizgloria@example.net,South Elizabeth,MP,West,2025-05-16,Silver
C01113,Jasmin,Hines,hugheslucas@example.org,Mejiaport,GU,West,2025-01-16,Bronze
C01114,Candice,Ferguson,tracy90@example.org,Port Joe,MN,South,2024-04-27,Silver
C01115,Walter,Smith,pmelendez@example.org,South Jacob,IL,West,2024-01-01,Silver
C01116,Ryan,Morgan,ronaldmitchell@example.com,Johnsonchester,HI,Midwest,2022-10-28,Silver
C01117,Raymond,Holmes,marshallchristopher@example.net,Lake Michelletown,GA,Midwest,2024-02-23,Bronze
C01118,David,Hunter,psmith@example.net,Hendersonton,ME,Midwest,2025-01-17,Platinum
C01119,Jonathan,Walters,xshaw@example.com,Meganstad,DE,Northeast,2022-12-14,Silver
C01120,Tina,Schmidt,fberg@example.org,West Stacyshire,KS,South,2023-02-10,Bronze
C01121,Zachary,Mendez,dgraham@example.com,North Mirandamouth,MN,South,2021-11-09,Gold
C01122,Pamela,Parks,ronald40@example.net,Guystad,MT,Midwest,2021-07-31,Silver
C01123,Sean,Evans,larsonmichael@example.org,Wrightland,ND,South,2022-03-27,Bronze
C01124,David,Thomas,rjordan@example.com,Barkerbury,PW,Midwest,2025-11-19,Bronze
C01125,Ashley,Williams,nathan29@example.net,South Williamland,MA,Midwest,2024-01-01,Platinum
C01126,Roberto,Johnson,jennifer16@example.org,New Jose,ME,Northeast,2025-10-21,Bronze
C01127,Amber,Leon,brooksthomas@example.com,Julieburgh,KY,Northeast,2025-09-12,Silver
C01128,Emily,Jacobs,erikanelson@example.com,North Kimberly,TN,West,2022-07-15,Bronze
C01129,Joshua,Ford,colton30@example.net,Jeffreyport,VA,West,2025-05-08,Gold
C01130,Brianna,Walters,amber78@example.org,Matthewstad,GU,South,2025-03-18,Platinum
C01131,Edward,Dickerson,sclark@example.org,Scottton,TN,West,2026-04-17,Bronze
C01132,Tammy,Welch,christopher85@example.com,Karenmouth,TX,South,2025-05-29,Bronze
C01133,Anthony,Weber,claudiacunningham@example.com,Port Teresaside,WA,West,2025-08-09,Silver
C01134,Veronica,Brooks,nicholasrush@example.org,South Jefferyville,OK,Northeast,2023-11-22,Bronze
C01135,Gregory,Moore,wpierce@example.org,Lesterview,MD,South,2024-07-09,Silver
C01136,Crystal,Beck,wayne86@example.org,Simpsonmouth,LA,West,2025-04-03,Bronze
C01137,Eric,Marks,iroberts@example.com,Douglasville,MS,South,2024-12-26,Bronze
C01138,Terri,Jenkins,montgomerydillon@example.net,New Ashleychester,AK,West,2024-03-12,Silver
C01139,Chelsea,Jackson,xcohen@example.org,Arnoldborough,PR,South,2022-10-21,Bronze
C01140,Stephen,Sharp,gregorygiles@example.org,Davidland,MH,Northeast,2021-09-10,Bronze
C01141,Jamie,Murray,gabrielawallace@example.org,South Vincent,DE,South,2024-04-01,Bronze
C01142,Monica,Stout,stevenrivers@example.org,Lake Ericahaven,NJ,Midwest,2024-09-16,Gold
C01143,Chad,Butler,nicole81@example.net,South Timothyton,LA,West,2024-10-26,Platinum
C01144,Maria,Hardy,coxjennifer@example.net,Pattersonville,CT,South,2022-09-03,Silver
C01145,Melanie,Chang,bowenmichael@example.net,Donaldbury,WY,Northeast,2025-07-15,Gold
C01146,Jason,Davis,missing_email@example.com,South Rachelfort,WV,Midwest,2023-07-07,Bronze
C01147,Katherine,Peterson,crivera@example.net,Ashleyton,WV,West,2022-08-16,Silver
C01148,Earl,Roberts,nicoleelliott@example.net,Kristopherburgh,OK,South,2024-01-09,Bronze
C01149,Thomas,Gonzales,eric22@example.net,Micheleview,SC,West,2023-05-16,Silver
C01150,Anthony,Lewis,eddie04@example.com,Woodsburgh,MI,Northeast,2022-10-04,Silver
C01151,Brenda,Mason,nicholas72@example.net,Thompsonfurt,AL,Midwest,2021-12-25,Gold
C01152,Matthew,Parker,edwardfranklin@example.net,Lake Jamesfort,NH,Midwest,2026-04-11,Bronze
C01153,Roberta,Escobar,judithcox@example.org,Simsmouth,NY,West,2022-01-01,Platinum
C01154,Joseph,Nixon,wallerbrian@example.net,East Jonathan,WA,Midwest,2022-12-26,Bronze
C01155,Hannah,Curtis,jeremylove@example.org,New Josephview,CO,West,2023-01-18,Platinum
C01156,Jessica,Lowery,alexandrabrown@example.org,New Kathleen,NJ,West,2025-05-19,Bronze
C01157,Corey,Keith,florescynthia@example.org,Wilsonland,NJ,West,2023-02-10,Bronze
C01158,Cory,Lawrence,aevans@example.net,Callahanville,VA,Midwest,2025-03-13,Bronze
C01159,Kimberly,Lee,qgay@example.com,Travisburgh,MA,Midwest,2025-09-30,Bronze
C01160,Timothy,Campbell,joseph83@example.com,Ericahaven,ME,Midwest,2025-03-05,Gold
C01161,Daniel,Sherman,tonyflores@example.net,Simpsonburgh,CA,Northeast,2025-02-08,Bronze
C01162,Emily,Davis,rpeterson@example.net,East Kimberly,WV,Midwest,2023-05-28,Bronze
C01163,Jason,Shaw,katie71@example.net,Saraborough,OK,West,2022-09-30,Gold
C01164,Mario,Lee,kfloyd@example.net,West Sue,NJ,South,2024-12-23,Bronze
C01165,Kimberly,Adams,thomas45@example.org,Matthewstad,MP,Midwest,2024-02-11,Silver
C01166,Shannon,Coleman,afarmer@example.com,South Michaelberg,NH,South,2023-10-06,Silver
C01167,Andrew,Bush,ebonyscott@example.com,West Ronaldfurt,MD,South,2026-03-06,Silver
C01168,Ann,Gonzalez,christinaalexander@example.com,North Johnmouth,VA,South,2025-07-06,Gold
C01169,Shelly,Watkins,harringtonpeter@example.net,Wrightshire,MS,South,2021-12-08,Platinum
C01170,Craig,Bowman,amanda74@example.org,Taylorland,MD,Northeast,2024-12-13,Bronze
C01171,Madison,Sawyer,audrey81@example.com,West Ashley,WV,Northeast,2023-08-26,Bronze
C01172,Angela,Roth,taylorkayla@example.net,Susanstad,MH,West,2025-03-23,Gold
C01173,Julie,Lewis,taylor75@example.com,Lake Teresa,KS,Midwest,2023-08-09,Bronze
C01174,Cassandra,Cantu,davidjenkins@example.com,Yateshaven,AR,Northeast,2025-10-15,Bronze
C01175,Nathaniel,Knight,moyermorgan@example.com,Campbellmouth,SC,South,2022-01-01,Bronze
C01176,Jessica,Cunningham,schmidtlauren@example.org,Bishopborough,WV,Northeast,2022-01-20,Silver
C01177,Katie,Jordan,steven25@example.org,Lake Barbara,NH,West,2025-12-02,Gold
C01178,Kimberly,Stevenson,zpreston@example.net,Adamfurt,AK,West,2021-07-03,Bronze
C01179,Jeffrey,Simmons,melissa95@example.net,Valdezborough,WI,West,2026-04-26,Platinum
C01180,Sara,Barry,jacobhernandez@example.com,North Anthony,PA,South,2021-10-07,Silver
C01181,Kimberly,Fernandez,murphyleslie@example.org,East Kevin,NE,Northeast,2023-09-27,Bronze
C01182,Jesse,Gillespie,anthony71@example.com,South Mikaylaborough,MS,West,2021-11-06,Gold
C01183,Sean,Ross,kellilawrence@example.org,East Williamshire,VA,West,2025-10-28,Gold
C01184,David,Sherman,shepardjoy@example.com,Robertborough,CO,Midwest,2025-09-28,Silver
C01185,Michael,Scott,duffyallen@example.com,Rossville,MI,Northeast,2024-06-30,Gold
C01186,Sonya,Copeland,pbautista@example.com,Lake Christopher,SD,Northeast,2024-09-29,Silver
C01187,Nancy,Smith,jessica50@example.org,East Anne,DC,Northeast,2025-11-04,Silver
C01188,Eric,Neal,brownleah@example.net,Nathanchester,GU,Northeast,2022-10-09,Gold
C01189,Robert,Thompson,judypatrick@example.org,Natashaville,WY,Midwest,2022-10-24,Silver
C01190,Anthony,Harris,qgarrett@example.net,Anthonytown,MA,Northeast,2021-09-03,Bronze
C01191,Pamela,Johnson,robinwilliams@example.com,East Craig,MI,West,2023-04-29,Bronze
C01192,Christopher,Mcneil,novaksteven@example.com,Taylortown,ME,South,2025-06-25,Bronze
C01193,Terrance,Leach,marcusfernandez@example.net,South Trevorshire,ID,West,2022-07-02,Bronze
C01194,Jeffrey,Anderson,jeremiahmiller@example.org,Campbellville,IA,West,2023-05-10,Silver
C01195,John,Blair,mark79@example.net,Kathleenberg,MD,South,2025-01-08,Bronze
C01196,Nicholas,Thomas,adkinslauren@example.net,Port Jamesburgh,AL,West,2022-08-25,Bronze
C01197,Cynthia,Conley,fernandomorris@example.net,Webbstad,ID,South,2026-05-05,Gold
C01198,Richard,Haney,ihowell@example.com,Lake Joshuahaven,MA,Midwest,2024-04-19,Bronze
C01199,Wendy,Lopez,lindsay78@example.com,Lake Melissahaven,KS,South,2021-12-20,Bronze
C01200,Kimberly,Simmons,oconnelldavid@example.org,Greerville,OH,Midwest,2023-12-12,Bronze
C01201,David,Bailey,fgraham@example.net,South Lori,FM,South,2025-10-11,Bronze
C01202,James,Larsen,missing_email@example.com,Port Alvin,VA,Midwest,2024-06-10,Silver
C01203,Alicia,Chan,mcbridemichael@example.org,West Erik,TX,Northeast,2022-11-03,Bronze
C01204,Cynthia,Trevino,meganpotter@example.org,Garrisonview,AR,West,2024-11-03,Silver
C01205,Kenneth,Santana,denglish@example.com,Lake Sharon,AL,Northeast,2022-01-25,Silver
C01206,John,Peters,jason99@example.org,Port Robertberg,NJ,South,2022-10-17,Silver
C01207,Kathy,Roman,petermoore@example.com,Vargasbury,MP,Northeast,2024-05-30,Bronze
C01208,Chad,Richmond,donald61@example.net,East Scott,TX,Northeast,2023-10-10,Bronze
C01209,Kathleen,Smith,meyeralexandria@example.net,Hallmouth,ME,Midwest,2022-06-29,Silver
C01210,Amber,Bishop,chadwerner@example.net,Nancyton,MS,South,2023-08-09,Bronze
C01211,Daniel,Owens,nancyholt@example.com,Jeffreyville,CO,Northeast,2024-07-07,Bronze
C01212,John,Horn,bcopeland@example.com,Lake Danielview,MP,West,2023-10-12,Gold
C01213,Rebecca,Bowman,robert45@example.org,North Jenniferfort,IA,Northeast,2025-08-22,Silver
C01214,Jeffrey,Hamilton,dalton78@example.net,Obrienfurt,AZ,Midwest,2022-05-07,Bronze
C01215,Brittany,Leon,johnstondavid@example.org,Bettychester,GU,South,2024-10-12,Unassigned
C01216,Jennifer,Williams,kphelps@example.net,South Lisachester,TN,Northeast,2021-08-25,Platinum
C01217,Jason,White,corey60@example.net,Atkinsonview,MI,Midwest,2024-05-10,Bronze
C01218,Michael,Sheppard,sean05@example.com,Kaylaburgh,IL,Midwest,2026-03-08,Silver
C01219,Kelli,Kelley,joy52@example.com,West Michaelside,WA,West,2023-05-15,Silver
C01220,Leslie,Torres,fowlerlawrence@example.com,Port Patrick,KS,Midwest,2025-07-24,Bronze
C01221,Michael,Shaffer,kari25@example.org,East Bonniehaven,UT,Northeast,2026-03-14,Silver
C01222,Kenneth,Castro,raymonddominguez@example.org,North Jenniferfurt,PR,West,2023-09-03,Silver
C01223,Dustin,Peterson,missing_email@example.com,Randyfurt,CT,South,2023-12-07,Bronze
C01224,Christina,Arellano,yvonne70@example.org,Lake Victoria,AK,Northeast,2025-08-21,Bronze
C01225,Jeffrey,Neal,johnperez@example.net,East Alexander,IA,Northeast,2021-08-10,Bronze
C01226,Meredith,Webb,jperry@example.net,South Jacob,NC,Northeast,2024-10-30,Gold
C01227,Courtney,Oneal,tfrancis@example.com,Ryanstad,MH,West,2023-06-06,Silver
C01228,Luke,Kelly,marccarey@example.net,Port Amanda,DC,West,2022-04-03,Gold
C01229,Tina,Mueller,gnichols@example.net,Lake Michael,UT,Midwest,2026-02-22,Platinum
C01230,Lori,Walker,audrey07@example.net,Crawfordchester,CA,Northeast,2022-11-21,Silver
C01231,Andrew,West,huangthomas@example.net,North Evelyn,CA,Midwest,2023-10-12,Silver
C01232,Ashley,Valentine,reevestravis@example.net,South Jason,NV,Midwest,2024-01-25,Gold
C01233,Amanda,Leonard,jesse86@example.org,Michelleton,VT,Midwest,2024-06-24,Gold
C01234,Briana,Hampton,austinalyssa@example.net,Lake James,PA,West,2022-12-16,Silver
C01235,Mary,Johnson,vchandler@example.org,South Audreyfurt,AS,Midwest,2024-11-24,Bronze
C01236,Patrick,Wells,isaac45@example.org,Kochfort,CO,South,2023-01-01,Bronze
C01237,Jorge,Gonzalez,valerie15@example.com,New Jonathanton,OH,Midwest,2021-12-07,Bronze
C01238,Felicia,Davis,stuartallison@example.org,Paultown,AS,South,2026-04-06,Bronze
C01239,Anna,Villarreal,jacoboliver@example.org,West Collin,TX,West,2022-09-30,Bronze
C01240,Carol,Berry,xmccarthy@example.org,Port Lori,AK,West,2021-10-05,Gold
C01241,Savannah,Beasley,aguirrelarry@example.com,West Feliciashire,NC,South,2022-11-09,Silver
C01242,Rachel,Jimenez,wendymora@example.com,Bowersville,TN,South,2026-02-23,Silver
C01243,Cameron,Sanchez,missing_email@example.com,East Susan,NM,Northeast,2023-01-13,Silver
C01244,Laura,Williams,rangelsamantha@example.net,Port Aprilmouth,PW,Northeast,2025-12-01,Bronze
C01245,Anna,Park,missing_email@example.com,Shermanborough,LA,Midwest,2024-02-27,Silver
C01246,Derek,Gallagher,sheryl66@example.com,Millertown,NM,South,2022-04-27,Bronze
C01247,Marc,Webb,ytorres@example.com,New Marieborough,CO,Midwest,2024-01-17,Bronze
C01248,Patricia,Adkins,daniellestevenson@example.net,North Tammyfurt,ID,South,2024-06-03,Silver
C01249,Tamara,Williams,hrodgers@example.org,Erinton,PW,Northeast,2023-04-04,Bronze
C01250,Corey,Dodson,jenniferjones@example.org,Clarktown,AZ,South,2024-09-04,Silver
C01251,Jamie,Norris,adam35@example.org,Serranostad,PW,South,2024-11-06,Bronze
C01252,Bradley,Thomas,christyscott@example.com,Jamieview,MT,West,2021-07-08,Bronze
C01253,Robert,Gutierrez,megan37@example.com,Lake Heatherton,UT,West,2025-04-02,Bronze
C01254,David,Norris,walshdarius@example.com,East Amandaburgh,WA,West,2023-08-12,Gold
C01255,Stephanie,Espinoza,smitchell@example.com,Danielville,MO,Northeast,2023-02-24,Bronze
C01256,Stephanie,Peters,hgonzalez@example.org,Mendozaville,IN,South,2021-10-03,Silver
C01257,Marissa,Lopez,allenchristina@example.com,South Carla,AZ,Northeast,2025-09-18,Silver
C01258,Katie,Lopez,jennywilliams@example.org,West Michele,KS,West,2022-12-04,Bronze
C01259,Michael,Gonzalez,myerseric@example.com,East Jackborough,MA,Midwest,2025-03-01,Silver
C01260,Anthony,Alexander,carolynroberts@example.org,New Tamara,AR,Midwest,2022-05-19,Bronze
C01261,Gail,Ortiz,montgomerygeoffrey@example.com,Benjaminville,TX,Northeast,2023-06-02,Bronze
C01262,Adam,Smith,cervanteskayla@example.org,Port Courtney,OK,South,2026-01-27,Silver
C01263,Charles,Banks,ppineda@example.com,Ginafurt,NV,Northeast,2023-06-15,Bronze
C01264,Felicia,Salazar,tina77@example.org,Herrerastad,IN,Northeast,2022-08-29,Bronze
C01265,Justin,Simon,kkidd@example.com,South Lindaberg,AZ,West,2025-05-05,Bronze
C01266,Robert,Hobbs,vanessamartinez@example.net,Jaredfurt,MT,West,2024-12-25,Gold
C01267,Steven,Chavez,vford@example.com,Andersonhaven,IL,West,2023-07-11,Gold
C01268,Jay,Lee,stacydaniel@example.net,Rachelside,VI,South,2024-11-26,Silver
C01269,Nicholas,Parker,gthomas@example.net,Evanschester,AR,West,2023-02-16,Bronze
C01270,Jeff,Arnold,donnagiles@example.com,South Andrew,IL,Northeast,2024-09-18,Platinum
C01271,Ashley,Jackson,danielleandrews@example.org,South Leslie,IA,Northeast,2022-07-17,Silver
C01272,Kathryn,Tucker,lowekristin@example.org,North Samanthaton,MA,West,2022-03-13,Bronze
C01273,Lawrence,Winters,juliarubio@example.com,West Cindymouth,OR,South,2025-03-25,Platinum
C01274,Thomas,Padilla,kevin82@example.org,South David,PW,Northeast,2024-11-30,Bronze
C01275,Eric,Tran,rgraves@example.net,North Elizabeth,FL,Midwest,2025-03-20,Bronze
C01276,Colton,Williams,ekennedy@example.org,New Haileystad,NV,Midwest,2026-04-18,Silver
C01277,Hunter,Shannon,kpotts@example.com,Vanessastad,CA,West,2022-12-09,Unassigned
C01278,Dennis,Evans,hrangel@example.net,Lake Malik,VT,Northeast,2022-02-20,Gold
C01279,Michael,Terrell,lsmith@example.com,West Melissa,ID,Midwest,2025-10-19,Unassigned
C01280,Juan,Meyer,burnsrebecca@example.org,Lake Kristopher,NV,Northeast,2025-02-11,Bronze
C01281,Matthew,Nelson,vhopkins@example.net,East Monicatown,WA,Midwest,2026-04-24,Silver
C01282,Andrew,James,cjames@example.net,Heidimouth,MN,West,2025-10-16,Bronze
C01283,Melissa,Mueller,izimmerman@example.com,Andreafort,LA,West,2023-09-13,Bronze
C01284,Christopher,Cole,trujillorobin@example.net,North Lisaville,IA,South,2022-01-24,Bronze
C01285,Gregory,Brown,kimberlyshields@example.org,Lake Lindsayland,FL,West,2025-05-08,Silver
C01286,Crystal,Rivera,missing_email@example.com,New Davidberg,ID,South,2022-02-14,Bronze
C01287,Jacob,Higgins,smithlatasha@example.org,North Jennifer,MS,West,2024-02-27,Bronze
C01288,Colleen,Lee,jeanettesimpson@example.net,South Keith,TX,South,2021-12-14,Bronze
C01289,Scott,Romero,thompsonjames@example.org,Lake David,WV,West,2022-01-28,Bronze
C01290,Jacob,Allison,franciscoreid@example.net,Carolynhaven,SC,West,2023-11-10,Bronze
C01291,Jeffery,King,jill80@example.net,Juanburgh,CA,Northeast,2021-12-15,Bronze
C01292,Bryan,Cooper,harveylisa@example.org,Smithland,MD,Midwest,2024-07-04,Bronze
C01293,Helen,Jacobs,carrolljessica@example.com,Howardfort,MN,Northeast,2025-09-06,Bronze
C01294,Kevin,Burns,jeremyjackson@example.net,Robertmouth,MD,West,2024-11-10,Silver
C01295,Steven,Nolan,vhernandez@example.com,Herringberg,WY,Midwest,2024-02-16,Bronze
C01296,Patrick,Berg,reginaldsmith@example.net,East Brittany,HI,West,2023-04-12,Silver
C01297,Cody,Myers,josephgonzalez@example.com,Mooreside,KY,Midwest,2023-05-15,Silver
C01298,James,Lawson,kreynolds@example.com,West Suzanneland,MD,Northeast,2025-06-27,Bronze
C01299,Cathy,Thomas,alara@example.com,West Crystalmouth,SC,Midwest,2024-01-28,Gold
C01300,Gabriella,Patterson,georgealyssa@example.com,Lindsayberg,MN,Midwest,2026-03-29,Silver
C01301,Tara,Brown,pwood@example.org,Haleymouth,SC,Midwest,2025-06-25,Bronze
C01302,Kristin,Peters,holly25@example.net,Lake Brittany,IA,West,2023-07-20,Silver
C01303,Tracy,Harrison,edwardsnicole@example.com,New Marc,NC,Midwest,2025-08-10,Bronze
C01304,Steven,Mccullough,carl63@example.com,West Melanie,AR,Northeast,2025-06-17,Bronze
C01305,John,Schultz,michael97@example.net,Port Joseph,MD,Midwest,2025-07-21,Silver
C01306,Tricia,Jacobs,madisonbrewer@example.net,West Jessicaborough,NC,South,2025-09-20,Silver
C01307,Justin,Gibbs,ahaynes@example.com,Jamesport,AK,Midwest,2021-09-04,Silver
C01308,Denise,Farmer,richardsonkimberly@example.org,Garrettside,GA,West,2025-03-17,Bronze
C01309,Katherine,Rodriguez,stephen39@example.com,Frankberg,MD,Northeast,2021-07-29,Gold
C01310,David,Parrish,uwood@example.net,Piercechester,SD,West,2024-03-09,Bronze
C01311,Randall,Nguyen,schneidermario@example.net,New Brianberg,NM,West,2021-12-22,Silver
C01312,Sara,Taylor,millsshelby@example.org,Port Michaelstad,MA,Midwest,2022-02-14,Gold
C01313,Robert,Potter,dmorales@example.net,Mayfurt,UT,Northeast,2022-10-01,Bronze
C01314,Amy,Davis,shanewilson@example.com,East Brian,TX,South,2026-03-05,Bronze
C01315,Andrew,Day,timothywilliams@example.org,Port Devin,MD,South,2024-03-06,Bronze
C01316,Paul,Walters,wsmith@example.com,Johnsonchester,OH,West,2022-01-04,Silver
C01317,Billy,Lawrence,jeromehenry@example.com,New Nicolehaven,MH,Northeast,2022-10-30,Bronze
C01318,Randy,Hernandez,hermanjulie@example.com,Angelahaven,MS,West,2022-10-16,Bronze
C01319,Mary,Webster,matthew54@example.com,Lake Justintown,NV,Midwest,2025-10-14,Silver
C01320,Kayla,Harris,williamslinda@example.net,East Kathleen,WA,West,2023-12-21,Silver
C01321,Marissa,Craig,michael03@example.net,Jaytown,ME,South,2021-07-15,Unassigned
C01322,Javier,White,jamie65@example.com,Guzmanburgh,PW,Midwest,2025-08-12,Gold
C01323,Timothy,Carlson,chrisrodriguez@example.org,New Brendantown,KY,Northeast,2021-06-07,Silver
C01324,Kevin,James,coltonrichardson@example.net,South Judy,MN,Midwest,2022-01-29,Bronze
C01325,Joshua,Valdez,kaylee14@example.org,Stephenborough,DE,Northeast,2021-09-09,Platinum
C01326,Nicole,Frederick,alexismiller@example.org,Kaneshire,UT,Northeast,2026-03-04,Bronze
C01327,Joshua,Johnson,sbrown@example.org,North Raymond,MS,South,2021-09-07,Bronze
C01328,Benjamin,Reynolds,agutierrez@example.net,Lake Bryanview,VT,West,2023-10-29,Platinum
C01329,Jennifer,Harris,andrew43@example.org,Patrickton,VI,Midwest,2026-03-22,Silver
C01330,Mary,Graham,tconner@example.net,West Michaelstad,NH,Midwest,2025-06-13,Bronze
C01331,Amy,Brooks,jessica82@example.com,Richardshire,MO,Northeast,2024-08-06,Bronze
C01332,Taylor,Reed,dylan78@example.com,Susanland,PA,Midwest,2023-08-02,Silver
C01333,Nicole,Cook,debbie78@example.net,North Matthew,PW,South,2022-08-31,Gold
C01334,Carol,Fernandez,melissaberry@example.org,Millerchester,FM,South,2022-05-20,Silver
C01335,Veronica,Stephens,missing_email@example.com,New Adamside,TN,Northeast,2022-10-31,Gold
C01336,Jodi,Sutton,tracy55@example.net,Millsfurt,IN,Northeast,2026-05-04,Silver
C01337,Michael,Russell,perezdawn@example.org,Lake Aaron,WY,Northeast,2025-09-21,Silver
C01338,Lauren,Simpson,nealkristopher@example.com,Marciaside,SC,West,2022-04-03,Platinum
C01339,Stephanie,Lee,johnsondavid@example.org,North Jonville,NE,West,2024-06-21,Silver
C01340,Dorothy,Smith,matthew53@example.com,Harveyfort,SC,Northeast,2021-10-15,Bronze
C01341,Erin,Rowland,bflores@example.com,Callahanfurt,WV,Midwest,2026-01-06,Bronze
C01342,Kayla,Henderson,stacy70@example.com,South Katherineland,NJ,Northeast,2023-07-30,Bronze
C01343,Amy,Miller,gibsonkaitlyn@example.org,Johnsonport,OH,West,2025-04-08,Bronze
C01344,Jay,Jenkins,suttonbrittney@example.net,New Seanhaven,HI,Northeast,2025-05-16,Bronze
C01345,Joshua,Cunningham,kingdavid@example.net,Thompsonmouth,LA,West,2022-10-25,Bronze
C01346,Bill,Burke,jrodriguez@example.org,South Todd,AL,Northeast,2024-09-22,Bronze
C01347,Kimberly,Roman,kelseywilliams@example.org,West Michelle,OR,Northeast,2025-08-17,Silver
C01348,Jeremy,Wallace,garciadonald@example.net,South Tylerchester,AK,West,2025-11-24,Silver
C01349,Rachael,Richardson,barnesarthur@example.com,Jonesland,KS,West,2024-06-22,Bronze
C01350,Thomas,Hunter,rebeccahutchinson@example.org,East Christopherburgh,TN,Northeast,2023-02-07,Bronze
C01351,Sean,Barajas,angela71@example.net,New Robert,OH,South,2021-10-08,Bronze
C01352,Jesse,Hernandez,juliemyers@example.com,New Kristinville,NC,South,2023-09-11,Bronze
C01353,Brenda,Smith,luissanchez@example.com,East Elizabeth,NJ,South,2025-07-03,Bronze
C01354,Jason,Thompson,missing_email@example.com,East Elizabethhaven,FL,South,2022-01-04,Platinum
C01355,Tim,Fritz,knightjohn@example.com,Sharonview,MT,Northeast,2021-12-09,Silver
C01356,Karen,Williams,kimberly03@example.net,Peterbury,WA,Northeast,2022-07-07,Silver
C01357,Timothy,Avery,wlucas@example.net,East Carol,LA,Northeast,2025-08-29,Gold
C01358,Kendra,Reynolds,butleranna@example.net,Port Darlene,MN,West,2023-10-16,Silver
C01359,Phillip,Marshall,kevin89@example.com,Melissafort,NY,South,2025-07-31,Bronze
C01360,Paul,Pitts,taylordavis@example.com,Amandaland,KS,Northeast,2023-09-18,Bronze
C01361,Sarah,Baxter,lawrencebullock@example.org,West Teresa,ID,South,2024-04-12,Bronze
C01362,Zachary,Jenkins,carla39@example.org,Jamesstad,VT,South,2026-01-18,Bronze
C01363,Angela,Harris,lperkins@example.org,Danielleborough,PA,Northeast,2024-04-20,Bronze
C01364,Isaac,Holland,missing_email@example.com,Brooksfurt,NJ,South,2023-09-26,Bronze
C01365,Sarah,Stevens,dustin91@example.com,South Lisafurt,AL,South,2021-12-30,Silver
C01366,Jacob,Villa,jgibson@example.net,Williamchester,ID,Midwest,2023-09-10,Gold
C01367,Brent,Patterson,elarson@example.com,Edwardsberg,HI,South,2022-06-23,Silver
C01368,Michael,Solis,williamschad@example.org,Davidville,WA,West,2025-01-12,Silver
C01369,Jamie,Vance,smithmatthew@example.net,Justinbury,IN,South,2023-04-22,Bronze
C01370,Christine,Duncan,sarah53@example.org,New Breannabury,GA,Midwest,2024-09-09,Bronze
C01371,James,Jensen,christopheryang@example.com,Martinezbury,PR,Northeast,2024-11-20,Unassigned
C01372,Jeffrey,Stevens,patricialowery@example.com,North Johnport,NE,South,2024-09-20,Bronze
C01373,Sean,Hall,ortizsean@example.org,Jeffersonfurt,AK,Northeast,2026-01-13,Silver
C01374,Kathy,Harris,hkim@example.com,Andrewhaven,RI,West,2024-09-24,Platinum
C01375,Mary,Obrien,drew19@example.net,Jacksonfurt,IL,Northeast,2023-04-15,Bronze
C01376,Leon,Sullivan,jenniferroach@example.com,Yushire,IA,Midwest,2021-12-25,Bronze
C01377,Shaun,Mcbride,xarmstrong@example.com,South Samuelmouth,PW,Northeast,2025-01-14,Bronze
C01378,Christopher,Scott,josephbuck@example.com,Moorebury,PR,Northeast,2025-10-30,Silver
C01379,Carol,Patrick,wernermichael@example.org,Lake Ruthland,RI,Midwest,2026-02-18,Gold
C01380,Brendan,Miller,shawn42@example.com,Monicaburgh,IN,South,2024-11-30,Bronze
C01381,Larry,Meyer,monicaoliver@example.net,West Amy,NE,West,2022-11-10,Bronze
C01382,Joel,Morton,carriejones@example.org,Lisaburgh,ND,West,2022-06-27,Bronze
C01383,Kimberly,Tran,jennifer28@example.org,Port Alan,PR,West,2022-11-22,Bronze
C01384,Katie,Palmer,masonpatricia@example.com,East Brandon,FL,South,2022-07-23,Bronze
C01385,John,Lynch,missing_email@example.com,Audreyview,NH,South,2023-07-10,Bronze
C01386,Spencer,Mckinney,fernandoobrien@example.org,South Derekport,NH,Northeast,2025-12-06,Bronze
C01387,Lauren,Byrd,upierce@example.com,Haydenhaven,MI,Midwest,2026-05-06,Bronze
C01388,Jennifer,Curry,alexandra62@example.net,Martinezton,IL,South,2022-01-21,Bronze
C01389,Carol,Richardson,darrell66@example.com,Nathanielmouth,NM,West,2023-02-14,Unassigned
C01390,Karen,Lewis,shannongarza@example.net,Lake Laura,MO,West,2023-07-06,Silver
C01391,Douglas,Lester,zking@example.com,Watsonborough,NH,South,2022-07-17,Bronze
C01392,Robert,Williams,pennylivingston@example.com,Brianmouth,PW,South,2024-09-19,Bronze
C01393,Paige,Wiggins,georgemichael@example.net,Williamsfort,CA,Northeast,2024-06-06,Gold
C01394,Mark,Collins,alexgarcia@example.net,Brianhaven,IL,Northeast,2025-11-11,Gold
C01395,Nathan,West,lauren75@example.net,Justinton,AS,Northeast,2025-10-30,Silver
C01396,Brenda,Stephenson,ghamilton@example.org,East Sarahfurt,MA,Northeast,2025-03-04,Bronze
C01397,Jessica,Reid,douglasherman@example.org,Hillbury,AZ,Midwest,2021-10-21,Bronze
C01398,Kevin,Mckay,robertlee@example.org,Payneview,PW,West,2023-03-23,Bronze
C01399,Aaron,Jones,bakertimothy@example.org,South Rose,GA,Northeast,2025-08-18,Bronze
C01400,Danny,Caldwell,christina57@example.com,Crystalmouth,NC,West,2022-10-03,Silver
C01401,Elizabeth,Conley,linda33@example.org,Webbmouth,NY,Northeast,2023-12-27,Silver
C01402,Victor,Ramsey,lwilliams@example.com,Danielberg,OH,Midwest,2023-05-02,Platinum
C01403,Megan,Robinson,stevenhernandez@example.org,Robertfurt,MT,South,2026-04-02,Silver
C01404,Mark,Miller,cindyfry@example.net,Port Leeton,NE,Northeast,2024-11-19,Bronze
C01405,Lisa,Moore,vgood@example.com,West Joefort,MO,Northeast,2023-04-02,Silver
C01406,Richard,Atkinson,john25@example.org,Brittneyland,CT,Midwest,2022-02-17,Silver
C01407,Christopher,Mclaughlin,ambervasquez@example.org,North Aaron,HI,South,2021-09-16,Silver
C01408,Dennis,Terrell,erika59@example.org,East Patriciamouth,CT,West,2021-10-05,Gold
C01409,Wendy,Miller,mendezlori@example.org,South Madison,NM,South,2022-05-07,Bronze
C01410,Joseph,Carter,deckerjustin@example.org,Obrienview,GA,Midwest,2025-10-23,Bronze
C01411,Cody,Obrien,antonio52@example.net,Patrickstad,NY,Midwest,2024-01-14,Silver
C01412,Kelly,Thornton,pbutler@example.com,Jasonmouth,FL,Northeast,2022-10-02,Gold
C01413,Benjamin,Brown,hernandezwhitney@example.org,Lake Charles,WI,Midwest,2024-04-05,Silver
C01414,Gwendolyn,Riley,hgraham@example.net,Sharonborough,MH,Northeast,2025-06-16,Bronze
C01415,Diana,Diaz,elee@example.org,Port Melissaview,MS,West,2023-01-07,Platinum
C01416,Lisa,Ford,ubowers@example.com,Port Mark,VT,Northeast,2025-01-09,Silver
C01417,Dominique,Rubio,adrianlogan@example.com,Davismouth,FL,South,2021-10-15,Bronze
C01418,Nicole,Allen,mkrueger@example.net,South Benjamin,AL,South,2024-07-01,Silver
C01419,Jennifer,Mcbride,matthew17@example.net,East Dylan,TX,Northeast,2025-09-22,Gold
C01420,Joshua,Myers,ryandodson@example.org,Maynardshire,OH,Midwest,2023-11-25,Silver
C01421,Amber,Campos,mitchellandrew@example.net,South Mariachester,NH,Midwest,2026-04-18,Silver
C01422,Jerry,Edwards,shannonevans@example.net,Port Jeromeshire,KS,West,2024-10-15,Gold
C01423,Joseph,Schmidt,walkerlorraine@example.org,Smithton,CA,Midwest,2023-10-05,Silver
C01424,Amanda,Lam,usmith@example.net,Kaylaton,NM,Midwest,2023-04-01,Bronze
C01425,Amanda,Tran,wyattsara@example.com,Gregoryborough,AL,South,2025-01-31,Silver
C01426,Christopher,Lucas,ismith@example.net,Garyport,TN,South,2023-08-14,Silver
C01427,Robert,Bullock,jessicaward@example.com,Whitneyside,SC,South,2022-01-06,Silver
C01428,Charles,Moore,farrellaaron@example.org,Port Kayleeview,HI,West,2022-05-25,Silver
C01429,Kathy,Morgan,edixon@example.net,Kristenstad,WY,Northeast,2022-03-19,Bronze
C01430,Michael,Hughes,amywright@example.org,North Francismouth,GA,West,2025-11-15,Bronze
C01431,Lisa,Nichols,writter@example.net,Anthonyfurt,WY,Northeast,2025-02-09,Bronze
C01432,Dale,Hunt,mlewis@example.net,Ayalaland,WA,West,2023-05-12,Unassigned
C01433,Mary,Peck,dgrant@example.com,Dawnborough,MH,Midwest,2021-10-15,Gold
C01434,Benjamin,Lopez,andre55@example.com,West Michelleland,DC,South,2022-04-01,Platinum
C01435,Brooke,Hoffman,watkinsthomas@example.net,Davidton,WY,Midwest,2024-02-17,Platinum
C01436,John,Herrera,gcarter@example.org,Elizabethberg,UT,South,2023-08-18,Bronze
C01437,Lisa,Kidd,matthew61@example.net,Charlesport,WA,South,2023-12-25,Silver
C01438,Richard,Johnson,mark12@example.net,West Danielview,WI,South,2024-04-09,Platinum
C01439,Lucas,Martinez,brandimiller@example.org,Larryside,WV,Midwest,2026-01-13,Silver
C01440,Robin,Miller,rebecca41@example.com,West Samanthachester,CO,Northeast,2024-04-07,Silver
C01441,Joseph,Williams,davisshirley@example.org,South Bradstad,MO,Northeast,2026-01-15,Bronze
C01442,Daniel,Moore,christopherjackson@example.net,Lake Lisafort,IL,West,2022-07-05,Bronze
C01443,Gary,Bernard,veronicasmith@example.net,Barbaraborough,NM,Midwest,2026-02-02,Silver
C01444,John,Jordan,hlee@example.com,Derekshire,MT,South,2026-05-08,Unassigned
C01445,Keith,Wright,mannjonathan@example.net,Smithville,MO,West,2023-01-21,Unassigned
C01446,Julie,Vazquez,lisacarpenter@example.net,East Jennifer,IN,West,2023-07-23,Gold
C01447,Julie,Simon,nanderson@example.com,New Aaronborough,VT,Northeast,2022-05-17,Unassigned
C01448,Maria,Smith,petersonsergio@example.org,Port Miguelchester,MS,Midwest,2025-11-05,Silver
C01449,Erin,Ramos,missing_email@example.com,Port Cynthia,IL,Northeast,2024-09-28,Bronze
C01450,Michael,Berg,tracyavery@example.com,West Aaronmouth,GA,South,2021-12-14,Silver
C01451,Kimberly,Bass,nwarren@example.com,West Donaldview,HI,South,2025-01-21,Bronze
C01452,Kayla,Kennedy,willismichael@example.net,South James,VI,West,2023-10-11,Gold
C01453,Mary,Stuart,ethan37@example.org,Port Jimmyfort,MS,Midwest,2023-04-18,Bronze
C01454,Valerie,Arnold,danielgriffith@example.net,Hannahview,VI,Northeast,2025-10-28,Silver
C01455,Lauren,Francis,brownsusan@example.org,West Johnny,IA,West,2026-02-28,Bronze
C01456,Melissa,Andrews,courtneymadden@example.org,North Mark,UT,South,2026-02-21,Bronze
C01457,Robert,Peterson,glee@example.net,Jenniferchester,KS,Northeast,2023-09-29,Unassigned
C01458,Brenda,Fuller,cody79@example.org,West Brandon,MA,Midwest,2024-06-19,Gold
C01459,Thomas,Allen,trevor68@example.org,North Annetteberg,IN,West,2024-12-04,Bronze
C01460,Michelle,Harris,vnichols@example.org,Lake Veronicaside,NV,Northeast,2022-08-02,Bronze
C01461,Jeffrey,Lewis,collin40@example.net,Martinezview,SD,Midwest,2025-04-04,Bronze
C01462,Patricia,Davis,cheryldavis@example.com,North Thomas,KY,Northeast,2026-01-13,Platinum
C01463,Gary,Todd,howetracy@example.org,Clayville,CO,Midwest,2025-09-18,Silver
C01464,Brandi,Buckley,aaron55@example.com,North Joanne,SC,Northeast,2026-04-18,Bronze
C01465,Andrew,Hill,lynnyoung@example.org,East Margaret,ID,Northeast,2022-07-24,Bronze
C01466,Kenneth,Brown,iperez@example.org,Lake Rhondaborough,MN,Midwest,2023-12-24,Bronze
C01467,Mary,Reynolds,basserik@example.com,East Nicholasside,HI,Midwest,2025-01-03,Gold
C01468,Daniel,Duran,charlesperry@example.com,Lake Lisa,KY,Northeast,2025-11-09,Gold
C01469,Jennifer,Stephenson,olivia29@example.net,South Roger,RI,West,2025-03-20,Bronze
C01470,Joshua,Green,sarayates@example.org,South Kenneth,WI,South,2025-12-26,Gold
C01471,Steven,Davis,hogandavid@example.org,Lake Isabella,PR,Northeast,2022-05-24,Bronze
C01472,Ann,Foster,brianwhite@example.org,East Rebecca,NY,South,2026-01-21,Bronze
C01473,Nicole,Allen,morganamanda@example.com,Martinberg,GU,Midwest,2022-12-12,Unassigned
C01474,Bradley,Henry,donaldtyler@example.net,New Dylanmouth,CA,Midwest,2025-01-08,Silver
C01475,Jennifer,Payne,steven45@example.org,Port Alexandertown,WI,Northeast,2021-08-21,Bronze
C01476,Michelle,Sharp,morriskatherine@example.net,North Haileyfort,AS,South,2022-04-08,Unassigned
C01477,Scott,Shannon,brian90@example.net,West Lawrence,TX,West,2022-05-30,Bronze
C01478,Laura,Gordon,karen42@example.org,New Elizabeth,ND,West,2025-06-27,Bronze
C01479,Justin,Boyd,hernandezmadison@example.com,West Nicolaston,NY,Northeast,2025-02-16,Bronze
C01480,Tanner,Williams,smithjose@example.org,Reedmouth,CO,Midwest,2024-07-04,Gold
C01481,Jennifer,Hill,richardhart@example.org,Hernandezview,NY,South,2023-05-15,Silver
C01482,Vicki,Wood,diazlorraine@example.net,Blairside,VT,Northeast,2021-10-07,Platinum
C01483,Colleen,Brown,johnguzman@example.net,Montgomerytown,WI,Midwest,2025-11-26,Gold
C01484,Jack,Brown,laurie16@example.com,New Rosetown,KS,South,2023-08-19,Gold
C01485,Suzanne,Schneider,pjimenez@example.net,South Jennifer,ID,South,2025-12-04,Bronze
C01486,Deborah,Ross,ericjones@example.net,Montgomeryport,VA,Northeast,2022-11-19,Platinum
C01487,Aimee,Brewer,rickey20@example.org,Avilaberg,MN,West,2025-12-04,Bronze
C01488,Ryan,Garcia,christopher06@example.com,Moorestad,WV,Northeast,2023-11-26,Bronze
C01489,Michelle,Williams,ukramer@example.net,Matthewburgh,LA,South,2023-01-23,Gold
C01490,Susan,Pruitt,barnettterry@example.com,Connerport,NY,Midwest,2026-04-30,Silver
C01491,Susan,Moreno,ingramjessica@example.com,New Heidi,NC,Midwest,2022-12-13,Bronze
C01492,Maria,Hill,stevendecker@example.org,Benjaminton,PR,Midwest,2023-11-29,Bronze
C01493,John,Hendricks,taraholloway@example.org,Brendaville,MO,Midwest,2023-04-27,Bronze
C01494,Lindsay,Shaffer,daviscarol@example.net,Griffithville,ND,West,2021-11-04,Bronze
C01495,Catherine,Gonzalez,mccoyjames@example.org,South Dawn,IN,Northeast,2021-10-06,Platinum
C01496,Nicole,Bond,hubersamantha@example.net,Changmouth,MS,Midwest,2022-03-30,Silver
C01497,Steven,Mason,umaxwell@example.net,North Rhondaborough,GU,Northeast,2021-08-28,Silver
C01498,Wendy,Johnson,cookrobert@example.net,Port Carla,AL,Northeast,2023-07-06,Silver
C01499,Haley,Cook,sbaker@example.net,Lake Rebeccatown,FM,Northeast,2023-04-01,Bronze
C01500,Peter,Lynch,dennis01@example.com,Port Davidhaven,SC,Midwest,2026-04-28,Silver
