order_id,customer_id,order_date,sales_channel,region,order_status
O000001,C01417,2025-09-04,Marketplace,West,Returned
O000002,C01267,2025-09-23,Retail Store,Midwest,Returned
O000003,C00180,2025-03-19,Mobile App,Midwest,Completed
O000004,C00055,2023-02-02,Mobile App,South,Completed
O000005,C01283,2024-05-10,Mobile App,West,Completed
O000006,C00239,2025-05-14,Mobile App,Northeast,Completed
O000007,C00966,2025-06-30,Online,West,Completed
O000008,C01167,2024-02-17,Marketplace,Midwest,Completed
O000009,C01016,2025-06-03,Retail Store,West,Completed
O000010,C01463,2025-09-26,Online,South,Completed
O000011,C00549,2024-10-08,Marketplace,Northeast,Completed
O000012,C01429,2024-12-11,Marketplace,West,Completed
O000013,C00898,2025-08-19,Mobile App,Midwest,Completed
O000014,C00269,2024-11-25,Retail Store,West,Completed
O000015,C00968,2025-05-03,Mobile App,Midwest,Completed
O000016,C00265,2023-06-26,Mobile App,West,Completed
O000017,C01012,2023-07-26,Retail Store,West,Completed
O000018,C00535,2023-02-07,Retail Store,Midwest,Completed
O000019,C00131,2025-10-28,Retail Store,Northeast,Completed
O000020,C00997,2023-09-05,Retail Store,South,Completed
O000021,C00310,2023-04-06,Online,Midwest,Returned
O000022,C00228,2025-06-15,Online,West,Completed
O000023,C01039,2023-07-28,Online,Northeast,Completed
O000024,C00322,2024-02-25,Retail Store,Midwest,Completed
O000025,C00316,2025-10-17,Retail Store,Northeast,Completed
O000026,C00852,2024-02-18,Online,West,Completed
O000027,C01035,2024-11-30,Mobile App,Midwest,Completed
O000028,C01290,2025-04-29,Mobile App,Midwest,Completed
O000029,C00283,2025-05-13,Marketplace,South,Completed
O000030,C00061,2025-07-28,Marketplace,Midwest,Completed
O000031,C00174,2025-11-25,Retail Store,Northeast,Cancelled
O000032,C00126,2023-12-03,Marketplace,West,Completed
O000033,C01294,2023-11-06,Retail Store,Northeast,Completed
O000034,C00705,2024-09-15,Online,Midwest,Returned
O000035,C00914,2023-10-28,Mobile App,West,Completed
O000036,C01329,2025-06-24,Marketplace,Midwest,Completed
O000037,C01101,2023-06-22,Retail Store,Northeast,Completed
O000038,C00438,2023-09-16,Online,Midwest,Completed
O000039,C00048,2024-11-28,Online,South,Completed
O000040,C00623,2024-06-13,Marketplace,South,Completed
O000041,C00532,2023-05-03,Retail Store,Midwest,Completed
O000042,C00611,2023-09-13,Online,West,Cancelled
O000043,C00718,2025-12-28,Retail Store,South,Completed
O000044,C01065,2023-10-14,Mobile App,West,Completed
O000045,C00931,2024-01-30,Online,Midwest,Completed
O000046,C00189,2025-04-23,Online,Northeast,Completed
O000047,C00160,2024-03-15,Retail Store,West,Completed
O000048,C00541,2025-11-28,Marketplace,West,Cancelled
O000049,C00334,2025-09-29,Mobile App,West,Completed
O000050,C01443,2025-07-26,Online,South,Completed
O000051,C01145,2023-03-08,Retail Store,South,Completed
O000052,C00248,2025-04-16,Retail Store,Northeast,Completed
O000053,C00761,2023-11-10,Retail Store,Northeast,Completed
O000054,C00293,2025-09-22,Mobile App,Northeast,Completed
O000055,C00442,2024-09-16,Mobile App,Midwest,Completed
O000056,C00139,2023-09-08,Online,Midwest,Completed
O000057,C00773,2025-07-15,Marketplace,Midwest,Completed
O000058,C01034,2023-09-29,Marketplace,South,Completed
O000059,C00183,2023-11-02,Marketplace,Midwest,Returned
O000060,C01374,2024-11-25,Marketplace,Northeast,Completed
O000061,C01172,2023-12-06,Retail Store,Northeast,Completed
O000062,C01268,2023-06-24,Online,South,Completed
O000063,C00247,2025-09-01,Mobile App,Northeast,Completed
O000064,C01446,2024-02-26,Marketplace,South,Completed
O000065,C01007,2025-04-02,Online,Northeast,Completed
O000066,C00783,2023-02-19,Retail Store,Midwest,Completed
O000067,C00375,2024-08-07,Retail Store,South,Completed
O000068,C00121,2025-04-14,Retail Store,South,Completed
O000069,C00203,2024-09-02,Retail Store,West,Completed
O000070,C00248,2024-06-12,Online,West,Completed
O000071,C01042,2024-04-29,Marketplace,West,Completed
O000072,C01133,2024-10-13,Marketplace,West,Completed
O000073,C00552,2024-04-23,Online,Northeast,Completed
O000074,C01164,2023-09-15,Marketplace,Midwest,Completed
O000075,C00292,2025-10-21,Retail Store,South,Completed
O000076,C01137,2024-05-17,Marketplace,West,Returned
O000077,C00002,2024-08-15,Online,South,Completed
O000078,C00720,2024-05-28,Mobile App,West,Completed
O000079,C01094,2023-04-04,Online,South,Completed
O000080,C01485,2023-09-09,Retail Store,South,Completed
O000081,C01397,2025-10-30,Retail Store,Midwest,Cancelled
O000082,C00504,2025-07-16,Retail Store,Midwest,Completed
O000083,C01417,2024-11-03,Mobile App,Northeast,Completed
O000084,C00020,2025-09-02,Mobile App,Northeast,Completed
O000085,C01103,2025-09-28,Online,West,Completed
O000086,C01376,2023-06-08,Marketplace,Northeast,Completed
O000087,C00793,2025-02-09,Mobile App,Midwest,Completed
O000088,C00948,2023-01-18,Retail Store,Northeast,Completed
O000089,C00576,2024-03-29,Retail Store,Northeast,Completed
O000090,C00480,2024-09-12,Marketplace,South,Completed
O000091,C00015,2025-10-06,Mobile App,South,Completed
O000092,C01166,2023-08-16,Marketplace,Midwest,Completed
O000093,C01205,2023-12-26,Mobile App,Northeast,Completed
O000094,C00393,2024-04-11,Online,Midwest,Completed
O000095,C01395,2025-12-27,Marketplace,Midwest,Completed
O000096,C00886,2023-04-17,Marketplace,Midwest,Completed
O000097,C00741,2025-08-13,Online,West,Completed
O000098,C01091,2024-07-23,Marketplace,West,Completed
O000099,C01172,2024-11-16,Online,Northeast,Completed
O000100,C00512,2025-05-17,Mobile App,Northeast,Completed
O000101,C00983,2023-07-18,Marketplace,Northeast,Completed
O000102,C00507,2024-11-15,Online,Midwest,Returned
O000103,C01065,2023-04-22,Mobile App,Midwest,Completed
O000104,C01281,2025-06-17,Marketplace,Northeast,Completed
O000105,C00773,2023-05-05,Retail Store,Northeast,Completed
O000106,C00906,2023-09-19,Online,Northeast,Completed
O000107,C01388,2023-05-15,Online,Northeast,Completed
O000108,C00197,2025-02-20,Marketplace,West,Completed
O000109,C00787,2023-01-22,Marketplace,West,Completed
O000110,C01334,2023-07-27,Online,Midwest,Completed
O000111,C00211,2024-01-30,Online,Northeast,Completed
O000112,C01306,2024-02-01,Retail Store,South,Completed
O000113,C00498,2025-06-29,Mobile App,South,Completed
O000114,C01051,2024-09-30,Retail Store,West,Completed
O000115,C00962,2023-10-26,Retail Store,South,Completed
O000116,C00118,2023-01-17,Mobile App,South,Completed
O000117,C00705,2023-04-22,Mobile App,West,Completed
O000118,C00700,2024-02-17,Mobile App,Northeast,Completed
O000119,C01185,2025-08-15,Retail Store,Midwest,Completed
O000120,C00931,2023-11-29,Online,Northeast,Returned
O000121,C00956,2024-04-01,Mobile App,South,Completed
O000122,C00421,2024-11-09,Marketplace,West,Cancelled
O000123,C00152,2025-01-13,Retail Store,Northeast,Completed
O000124,C01293,2025-06-20,Retail Store,South,Completed
O000125,C00449,2024-08-04,Retail Store,South,Completed
O000126,C00402,2024-05-18,Online,South,Completed
O000127,C01388,2023-07-27,Mobile App,Northeast,Completed
O000128,C00431,2023-08-16,Retail Store,Midwest,Completed
O000129,C01080,2025-02-01,Marketplace,South,Completed
O000130,C00389,2023-10-23,Mobile App,South,Completed
O000131,C01303,2024-10-13,Mobile App,West,Completed
O000132,C00305,2024-01-23,Retail Store,Midwest,Completed
O000133,C01041,2024-07-27,Marketplace,South,Completed
O000134,C00343,2025-08-21,Marketplace,Northeast,Completed
O000135,C01022,2025-11-08,Marketplace,Midwest,Completed
O000136,C01466,2025-12-12,Marketplace,West,Completed
O000137,C00450,2023-03-16,Mobile App,South,Completed
O000138,C00871,2024-03-23,Marketplace,Midwest,Returned
O000139,C01128,2025-02-05,Online,Midwest,Completed
O000140,C00472,2025-06-29,Online,Midwest,Completed
O000141,C00958,2025-05-22,Marketplace,West,Completed
O000142,C00784,2024-10-11,Online,Midwest,Completed
O000143,C00169,2023-06-05,Retail Store,Midwest,Completed
O000144,C00467,2023-06-10,Online,Midwest,Completed
O000145,C00403,2024-02-15,Retail Store,Midwest,Completed
O000146,C01446,2024-07-16,Mobile App,South,Completed
O000147,C00614,2024-06-18,Retail Store,Northeast,Completed
O000148,C01188,2025-04-07,Online,West,Completed
O000149,C00467,2023-11-02,Mobile App,West,Completed
O000150,C01480,2024-04-23,Marketplace,West,Completed
O000151,C01430,2024-01-20,Marketplace,West,Completed
O000152,C00285,2023-03-03,Mobile App,Midwest,Completed
O000153,C00696,2025-10-20,Mobile App,Midwest,Completed
O000154,C00668,2025-04-06,Online,Midwest,Completed
O000155,C00677,2023-10-12,Marketplace,South,Completed
O000156,C01095,2025-03-11,Marketplace,Northeast,Completed
O000157,C00191,2025-07-13,Mobile App,Midwest,Completed
O000158,C00055,2023-03-07,Mobile App,West,Returned
O000159,C00422,2025-03-01,Mobile App,Midwest,Completed
O000160,C00755,2025-07-20,Online,Northeast,Completed
O000161,C00322,2025-04-21,Online,West,Completed
O000162,C00423,2023-05-21,Mobile App,West,Completed
O000163,C01237,2025-08-30,Retail Store,South,Completed
O000164,C00414,2025-07-28,Online,Midwest,Completed
O000165,C01077,2025-03-28,Retail Store,South,Completed
O000166,C01180,2025-07-31,Online,West,Completed
O000167,C01435,2025-07-23,Retail Store,Midwest,Completed
O000168,C00511,2023-12-25,Mobile App,West,Completed
O000169,C01350,2025-07-26,Mobile App,West,Completed
O000170,C00324,2023-03-31,Retail Store,South,Completed
O000171,C01011,2023-05-17,Marketplace,South,Completed
O000172,C00216,2025-01-25,Retail Store,Northeast,Completed
O000173,C00947,2024-02-29,Online,Northeast,Completed
O000174,C00813,2025-03-28,Online,South,Completed
O000175,C01373,2023-10-07,Marketplace,Midwest,Completed
O000176,C00288,2024-05-11,Marketplace,West,Completed
O000177,C01244,2023-12-16,Online,Northeast,Completed
O000178,C00159,2025-03-11,Online,South,Completed
O000179,C00444,2025-01-03,Online,South,Completed
O000180,C01301,2025-06-24,Online,Northeast,Completed
O000181,C00100,2023-04-18,Marketplace,Northeast,Returned
O000182,C00410,2025-02-06,Online,South,Cancelled
O000183,C01393,2024-11-21,Online,South,Completed
O000184,C00091,2023-12-10,Marketplace,South,Completed
O000185,C01280,2024-10-22,Mobile App,South,Completed
O000186,C00476,2025-05-26,Mobile App,Northeast,Completed
O000187,C01340,2023-01-31,Retail Store,West,Completed
O000188,C01332,2023-05-16,Retail Store,Midwest,Completed
O000189,C01460,2025-10-20,Mobile App,Northeast,Completed
O000190,C01389,2024-10-26,Mobile App,West,Completed
O000191,C00139,2024-10-13,Retail Store,West,Completed
O000192,C01032,2025-11-12,Online,South,Completed
O000193,C00485,2023-09-12,Marketplace,Midwest,Completed
O000194,C00768,2023-05-03,Marketplace,South,Completed
O000195,C00488,2024-02-23,Marketplace,Northeast,Completed
O000196,C01319,2024-07-23,Online,Midwest,Cancelled
O000197,C00470,2024-08-13,Retail Store,Northeast,Completed
O000198,C01408,2023-04-21,Mobile App,South,Completed
O000199,C00906,2024-10-20,Online,South,Completed
O000200,C01300,2024-01-30,Mobile App,Northeast,Completed
O000201,C00484,2023-12-22,Online,South,Completed
O000202,C00502,2023-12-03,Marketplace,South,Completed
O000203,C01302,2024-08-07,Mobile App,West,Completed
O000204,C00816,2023-06-13,Marketplace,Midwest,Completed
O000205,C00320,2025-10-31,Marketplace,West,Completed
O000206,C01219,2023-06-20,Mobile App,Midwest,Completed
O000207,C00627,2025-02-18,Marketplace,West,Completed
O000208,C00683,2025-09-11,Mobile App,Northeast,Completed
O000209,C00027,2024-01-24,Retail Store,Northeast,Returned
O000210,C00787,2025-03-19,Marketplace,Midwest,Cancelled
O000211,C00080,2023-05-26,Online,West,Completed
O000212,C00523,2024-02-02,Retail Store,West,Completed
O000213,C01334,2025-01-24,Marketplace,Northeast,Completed
O000214,C00071,2024-05-11,Retail Store,West,Completed
O000215,C01240,2023-10-30,Marketplace,Midwest,Completed
O000216,C00026,2024-05-21,Online,South,Completed
O000217,C01447,2025-02-26,Online,West,Completed
O000218,C00875,2025-05-16,Retail Store,South,Completed
O000219,C01201,2025-12-27,Retail Store,West,Completed
O000220,C01303,2023-07-02,Retail Store,Northeast,Completed
O000221,C01432,2024-03-05,Retail Store,West,Completed
O000222,C00144,2023-01-04,Marketplace,Northeast,Completed
O000223,C00362,2025-06-01,Retail Store,South,Completed
O000224,C01030,2025-09-23,Online,South,Completed
O000225,C00121,2024-01-16,Mobile App,South,Completed
O000226,C01284,2025-04-17,Online,West,Completed
O000227,C00774,2024-08-23,Online,Northeast,Completed
O000228,C00994,2024-04-25,Online,West,Completed
O000229,C00199,2023-01-15,Mobile App,Northeast,Completed
O000230,C00996,2025-12-01,Marketplace,Midwest,Completed
O000231,C01397,2024-11-20,Retail Store,Midwest,Completed
O000232,C00776,2025-01-09,Online,West,Completed
O000233,C00936,2023-07-25,Marketplace,Northeast,Completed
O000234,C01233,2023-10-12,Online,Northeast,Completed
O000235,C00926,2024-05-24,Marketplace,Midwest,Completed
O000236,C00035,2023-01-07,Retail Store,Midwest,Returned
O000237,C00479,2024-10-28,Marketplace,West,Completed
O000238,C00877,2023-06-16,Marketplace,Midwest,Completed
O000239,C00602,2023-07-25,Mobile App,West,Completed
O000240,C00262,2025-10-30,Marketplace,Northeast,Completed
O000241,C00914,2025-08-14,Online,South,Completed
O000242,C00350,2024-05-13,Online,South,Cancelled
O000243,C00669,2023-03-01,Marketplace,South,Completed
O000244,C01374,2024-06-11,Online,West,Returned
O000245,C01417,2025-10-04,Retail Store,Northeast,Returned
O000246,C00773,2023-05-13,Marketplace,Midwest,Completed
O000247,C00458,2025-06-13,Retail Store,South,Completed
O000248,C01213,2023-07-02,Mobile App,Midwest,Completed
O000249,C00642,2025-01-23,Marketplace,South,Completed
O000250,C00795,2023-05-07,Marketplace,South,Completed
O000251,C00219,2023-09-16,Marketplace,South,Completed
O000252,C01024,2024-08-30,Marketplace,South,Completed
O000253,C00633,2023-03-12,Online,Midwest,Completed
O000254,C01014,2025-09-06,Retail Store,South,Completed
O000255,C01468,2024-11-13,Mobile App,South,Returned
O000256,C00367,2024-04-05,Marketplace,Northeast,Completed
O000257,C01123,2023-11-23,Marketplace,Northeast,Completed
O000258,C00801,2024-12-14,Online,West,Completed
O000259,C00200,2024-02-04,Mobile App,West,Completed
O000260,C00938,2023-04-21,Mobile App,Midwest,Completed
O000261,C00297,2025-09-15,Mobile App,Midwest,Completed
O000262,C01487,2023-01-19,Online,Midwest,Cancelled
O000263,C00875,2023-10-30,Mobile App,West,Completed
O000264,C00108,2025-08-28,Online,South,Completed
O000265,C01285,2025-06-07,Marketplace,South,Completed
O000266,C00620,2025-03-23,Mobile App,West,Completed
O000267,C01332,2023-07-03,Marketplace,West,Completed
O000268,C00246,2025-01-22,Online,Northeast,Completed
O000269,C00048,2025-11-09,Marketplace,South,Completed
O000270,C00992,2024-01-06,Marketplace,West,Completed
O000271,C01462,2024-10-28,Mobile App,Northeast,Completed
O000272,C00131,2025-03-17,Online,West,Completed
O000273,C01227,2023-08-29,Mobile App,South,Completed
O000274,C00264,2023-09-09,Mobile App,Northeast,Completed
O000275,C00174,2024-06-09,Online,Northeast,Completed
O000276,C01348,2023-12-18,Online,West,Completed
O000277,C01350,2025-11-29,Marketplace,Midwest,Completed
O000278,C01242,2024-10-02,Mobile App,Midwest,Completed
O000279,C00076,2023-04-02,Mobile App,South,Completed
O000280,C01234,2024-03-16,Mobile App,South,Completed
O000281,C01127,2025-05-14,Retail Store,Northeast,Completed
O000282,C00935,2023-12-01,Online,West,Completed
O000283,C00145,2023-10-21,Retail Store,South,Completed
O000284,C01155,2024-01-30,Mobile App,Midwest,Completed
O000285,C00054,2025-06-07,Mobile App,West,Completed
O000286,C00675,2025-04-13,Online,Northeast,Completed
O000287,C00463,2024-07-13,Retail Store,South,Cancelled
O000288,C00216,2024-03-31,Online,West,Completed
O000289,C00196,2024-09-19,Retail Store,West,Completed
O000290,C00099,2024-07-09,Mobile App,Northeast,Completed
O000291,C01389,2024-01-06,Marketplace,Midwest,Completed
O000292,C01347,2023-01-20,Mobile App,South,Completed
O000293,C01486,2024-07-01,Retail Store,Northeast,Completed
O000294,C00375,2025-05-06,Marketplace,West,Completed
O000295,C00565,2025-10-25,Marketplace,Midwest,Completed
O000296,C01302,2024-04-13,Online,Midwest,Completed
O000297,C01300,2024-10-02,Online,Northeast,Returned
O000298,C00174,2023-12-05,Retail Store,Northeast,Completed
O000299,C01387,2023-01-22,Mobile App,West,Completed
O000300,C00831,2025-12-26,Online,Northeast,Returned
O000301,C01439,2023-01-15,Retail Store,West,Completed
O000302,C01244,2025-12-17,Marketplace,Northeast,Completed
O000303,C00359,2025-12-08,Online,South,Completed
O000304,C00866,2024-12-24,Marketplace,Northeast,Completed
O000305,C01391,2023-08-20,Mobile App,Midwest,Completed
O000306,C00613,2023-08-30,Marketplace,Midwest,Completed
O000307,C00625,2025-03-17,Online,South,Completed
O000308,C00729,2025-09-26,Online,Northeast,Completed
O000309,C00011,2024-12-25,Retail Store,Northeast,Completed
O000310,C00208,2024-12-27,Marketplace,Northeast,Completed
O000311,C00842,2025-11-19,Online,South,Completed
O000312,C00964,2024-05-27,Marketplace,South,Completed
O000313,C00223,2024-01-09,Marketplace,Midwest,Completed
O000314,C00889,2023-10-14,Online,Midwest,Completed
O000315,C00389,2024-02-11,Retail Store,Northeast,Completed
O000316,C00329,2024-11-09,Mobile App,Northeast,Returned
O000317,C00863,2024-06-28,Marketplace,Northeast,Completed
O000318,C00819,2023-09-18,Marketplace,Midwest,Returned
O000319,C00319,2023-02-13,Retail Store,South,Completed
O000320,C01390,2024-04-29,Retail Store,Northeast,Completed
O000321,C00984,2023-01-17,Retail Store,West,Completed
O000322,C01265,2025-05-28,Mobile App,South,Completed
O000323,C00540,2024-07-29,Mobile App,Northeast,Completed
O000324,C01436,2025-08-28,Mobile App,Northeast,Completed
O000325,C00247,2023-11-01,Mobile App,South,Completed
O000326,C00874,2024-01-29,Online,South,Completed
O000327,C00835,2023-04-15,Retail Store,West,Cancelled
O000328,C00873,2024-03-30,Marketplace,Midwest,Completed
O000329,C00552,2024-09-15,Retail Store,Northeast,Completed
O000330,C00656,2025-05-06,Online,South,Completed
O000331,C00585,2024-10-20,Marketplace,South,Completed
O000332,C00517,2025-06-01,Marketplace,South,Completed
O000333,C01399,2023-07-18,Mobile App,Northeast,Completed
O000334,C00488,2025-01-10,Retail Store,Midwest,Completed
O000335,C01290,2023-08-06,Online,South,Completed
O000336,C00203,2024-01-31,Online,West,Completed
O000337,C00414,2024-09-09,Mobile App,West,Completed
O000338,C00750,2024-06-01,Marketplace,Midwest,Completed
O000339,C00989,2025-06-12,Marketplace,Northeast,Returned
O000340,C01228,2023-02-14,Retail Store,South,Completed
O000341,C01421,2023-04-04,Mobile App,Northeast,Completed
O000342,C00339,2025-12-26,Marketplace,Northeast,Completed
O000343,C01244,2025-03-10,Retail Store,West,Completed
O000344,C01051,2024-03-22,Marketplace,Northeast,Completed
O000345,C00452,2024-06-14,Retail Store,Midwest,Completed
O000346,C00094,2023-12-17,Mobile App,South,Completed
O000347,C00554,2024-07-22,Online,South,Completed
O000348,C00003,2024-03-06,Retail Store,Northeast,Cancelled
O000349,C01445,2024-10-26,Retail Store,Northeast,Completed
O000350,C00118,2024-08-26,Online,Midwest,Completed
O000351,C00525,2024-07-26,Online,South,Cancelled
O000352,C01340,2023-08-06,Retail Store,West,Completed
O000353,C00452,2024-02-27,Retail Store,West,Completed
O000354,C00914,2025-03-20,Mobile App,South,Completed
O000355,C00192,2023-10-31,Marketplace,West,Completed
O000356,C01167,2023-12-27,Marketplace,South,Completed
O000357,C00636,2024-07-31,Mobile App,Northeast,Completed
O000358,C00294,2024-01-20,Online,Northeast,Completed
O000359,C01484,2025-04-04,Mobile App,Northeast,Completed
O000360,C00787,2023-07-24,Online,West,Completed
O000361,C00509,2023-03-31,Online,South,Returned
O000362,C00218,2023-01-28,Retail Store,Northeast,Completed
O000363,C01153,2023-10-13,Marketplace,West,Completed
O000364,C00500,2025-09-07,Online,South,Completed
O000365,C00092,2023-09-10,Online,Northeast,Completed
O000366,C00003,2025-04-30,Mobile App,South,Completed
O000367,C00463,2024-12-24,Marketplace,Midwest,Completed
O000368,C00348,2023-08-19,Online,West,Returned
O000369,C00157,2024-07-31,Retail Store,Midwest,Returned
O000370,C01239,2023-06-23,Mobile App,Northeast,Completed
O000371,C00308,2024-01-07,Retail Store,West,Completed
O000372,C01023,2023-08-01,Retail Store,Midwest,Completed
O000373,C00305,2023-06-06,Mobile App,Northeast,Completed
O000374,C00232,2025-09-06,Marketplace,Northeast,Completed
O000375,C00262,2023-07-05,Mobile App,Midwest,Completed
O000376,C00986,2025-10-09,Marketplace,West,Completed
O000377,C00785,2023-10-11,Marketplace,South,Completed
O000378,C00788,2025-10-05,Online,South,Completed
O000379,C00482,2024-03-25,Retail Store,Northeast,Completed
O000380,C00226,2025-08-28,Online,South,Completed
O000381,C00943,2023-10-13,Mobile App,Midwest,Completed
O000382,C00432,2025-05-12,Mobile App,South,Completed
O000383,C00054,2023-10-21,Marketplace,West,Completed
O000384,C01217,2023-06-01,Mobile App,West,Completed
O000385,C00026,2024-05-16,Marketplace,Northeast,Completed
O000386,C00963,2023-10-14,Marketplace,Midwest,Completed
O000387,C00228,2023-01-28,Mobile App,Midwest,Completed
O000388,C00023,2023-12-22,Marketplace,South,Completed
O000389,C01172,2025-07-19,Retail Store,Midwest,Completed
O000390,C00189,2023-11-18,Marketplace,Midwest,Completed
O000391,C01268,2024-03-09,Online,West,Completed
O000392,C00978,2023-06-08,Retail Store,West,Completed
O000393,C00112,2025-02-18,Retail Store,South,Completed
O000394,C00160,2023-08-11,Retail Store,Northeast,Completed
O000395,C00578,2023-02-27,Mobile App,South,Completed
O000396,C00385,2023-01-23,Mobile App,Midwest,Completed
O000397,C01168,2024-07-05,Online,Northeast,Completed
O000398,C00645,2023-04-04,Online,Northeast,Completed
O000399,C00816,2024-12-31,Mobile App,Midwest,Completed
O000400,C01440,2024-12-29,Online,South,Completed
O000401,C01029,2025-10-28,Mobile App,Northeast,Completed
O000402,C00331,2023-03-18,Mobile App,Midwest,Completed
O000403,C00442,2023-07-11,Mobile App,South,Completed
O000404,C00917,2025-10-24,Mobile App,Midwest,Completed
O000405,C01460,2025-06-01,Marketplace,Northeast,Cancelled
O000406,C01162,2023-06-03,Marketplace,South,Completed
O000407,C01022,2024-09-25,Online,Northeast,Completed
O000408,C00140,2024-08-28,Retail Store,South,Completed
O000409,C01456,2023-05-26,Marketplace,South,Completed
O000410,C01332,2024-06-08,Mobile App,West,Cancelled
O000411,C00745,2025-09-26,Retail Store,Northeast,Completed
O000412,C00752,2023-09-22,Retail Store,West,Completed
O000413,C00539,2025-11-02,Online,West,Completed
O000414,C00317,2024-05-16,Online,Northeast,Completed
O000415,C00457,2025-03-28,Marketplace,Northeast,Completed
O000416,C00960,2024-12-15,Marketplace,West,Completed
O000417,C00888,2023-08-10,Mobile App,West,Completed
O000418,C00436,2024-12-02,Marketplace,West,Completed
O000419,C00299,2023-11-15,Mobile App,West,Completed
O000420,C00741,2025-02-17,Marketplace,Northeast,Completed
O000421,C01401,2024-03-09,Marketplace,Northeast,Completed
O000422,C00142,2023-06-21,Retail Store,South,Completed
O000423,C01075,2025-07-13,Mobile App,West,Completed
O000424,C00878,2023-04-21,Retail Store,Northeast,Completed
O000425,C00859,2024-02-11,Marketplace,Midwest,Completed
O000426,C00727,2023-11-26,Marketplace,West,Completed
O000427,C01481,2024-02-11,Mobile App,Northeast,Cancelled
O000428,C00309,2024-10-10,Marketplace,Northeast,Completed
O000429,C01381,2024-10-10,Marketplace,Northeast,Completed
O000430,C01300,2025-07-11,Marketplace,South,Completed
O000431,C00385,2023-03-16,Marketplace,South,Completed
O000432,C00713,2025-02-12,Mobile App,South,Cancelled
O000433,C00746,2023-01-30,Online,Midwest,Completed
O000434,C01329,2023-09-13,Marketplace,West,Completed
O000435,C00233,2025-05-22,Mobile App,Midwest,Completed
O000436,C00782,2023-11-30,Retail Store,West,Completed
O000437,C01438,2025-06-14,Online,Midwest,Completed
O000438,C01331,2023-08-01,Online,Northeast,Completed
O000439,C01298,2025-10-13,Marketplace,Northeast,Completed
O000440,C00434,2024-08-16,Mobile App,West,Completed
O000441,C00962,2023-08-23,Online,South,Completed
O000442,C01321,2025-08-08,Marketplace,West,Completed
O000443,C00549,2025-11-05,Retail Store,Midwest,Returned
O000444,C00009,2025-04-29,Marketplace,South,Completed
O000445,C00687,2025-02-05,Mobile App,Midwest,Cancelled
O000446,C00395,2024-05-10,Marketplace,West,Completed
O000447,C01304,2025-05-28,Marketplace,South,Completed
O000448,C00896,2024-10-13,Mobile App,South,Completed
O000449,C01133,2025-03-13,Mobile App,Midwest,Completed
O000450,C00896,2023-07-11,Online,Northeast,Completed
O000451,C01172,2023-02-26,Marketplace,Northeast,Cancelled
O000452,C00491,2025-01-03,Mobile App,South,Completed
O000453,C00534,2024-05-17,Online,West,Returned
O000454,C00228,2023-02-17,Marketplace,Northeast,Completed
O000455,C00537,2023-10-18,Mobile App,Midwest,Completed
O000456,C00207,2024-03-01,Marketplace,West,Completed
O000457,C00431,2025-09-23,Marketplace,Northeast,Completed
O000458,C00369,2025-07-12,Retail Store,South,Completed
O000459,C00703,2023-03-06,Retail Store,Northeast,Completed
O000460,C01069,2023-01-11,Retail Store,South,Completed
O000461,C01061,2023-03-02,Mobile App,Northeast,Completed
O000462,C00671,2024-03-20,Mobile App,Northeast,Completed
O000463,C00561,2023-09-17,Marketplace,Midwest,Completed
O000464,C01016,2024-08-25,Marketplace,West,Completed
O000465,C00355,2024-01-31,Mobile App,Midwest,Completed
O000466,C00211,2024-07-29,Retail Store,West,Completed
O000467,C00914,2025-09-26,Marketplace,West,Completed
O000468,C01244,2024-10-14,Marketplace,Northeast,Completed
O000469,C00921,2025-02-04,Mobile App,Northeast,Returned
O000470,C00602,2024-06-02,Retail Store,West,Completed
O000471,C00381,2024-10-22,Retail Store,West,Completed
O000472,C00298,2025-01-31,Retail Store,Midwest,Completed
O000473,C00438,2023-01-23,Marketplace,Midwest,Completed
O000474,C00790,2024-04-21,Retail Store,Northeast,Completed
O000475,C01467,2023-07-30,Online,Midwest,Completed
O000476,C00656,2025-06-10,Mobile App,Midwest,Completed
O000477,C00563,2025-10-18,Marketplace,Northeast,Completed
O000478,C00485,2024-10-31,Online,West,Completed
O000479,C00583,2023-01-10,Mobile App,West,Completed
O000480,C00691,2025-12-28,Online,Northeast,Completed
O000481,C00563,2025-04-30,Retail Store,Midwest,Completed
O000482,C01255,2024-10-03,Online,West,Completed
O000483,C01313,2025-07-19,Online,West,Returned
O000484,C00459,2023-07-30,Online,Northeast,Completed
O000485,C00464,2024-10-23,Mobile App,West,Returned
O000486,C01410,2025-01-25,Online,Northeast,Completed
O000487,C00624,2023-08-15,Online,Northeast,Completed
O000488,C01431,2025-02-16,Mobile App,Midwest,Completed
O000489,C00654,2023-09-03,Mobile App,South,Completed
O000490,C01369,2025-04-26,Online,West,Completed
O000491,C00575,2025-09-05,Retail Store,West,Completed
O000492,C00607,2023-07-08,Online,Midwest,Completed
O000493,C01424,2024-05-11,Online,South,Completed
O000494,C00959,2023-01-27,Marketplace,South,Completed
O000495,C00639,2024-03-03,Marketplace,Midwest,Completed
O000496,C00449,2023-08-05,Retail Store,South,Completed
O000497,C00820,2025-11-17,Mobile App,South,Completed
O000498,C00302,2024-09-21,Marketplace,Northeast,Completed
O000499,C00944,2024-05-07,Mobile App,Northeast,Completed
O000500,C00721,2025-12-23,Retail Store,West,Completed
O000501,C00435,2024-12-26,Mobile App,West,Completed
O000502,C00904,2024-11-14,Retail Store,Northeast,Completed
O000503,C00398,2025-02-22,Retail Store,West,Completed
O000504,C01063,2024-07-19,Marketplace,West,Completed
O000505,C00450,2024-05-24,Online,Northeast,Completed
O000506,C01090,2024-05-03,Online,Northeast,Completed
O000507,C00805,2025-04-08,Online,West,Completed
O000508,C00422,2024-07-03,Mobile App,West,Completed
O000509,C00007,2024-08-12,Online,Midwest,Returned
O000510,C01409,2025-09-03,Mobile App,Midwest,Completed
O000511,C00681,2023-12-08,Marketplace,South,Completed
O000512,C00685,2025-08-29,Online,West,Completed
O000513,C01392,2023-06-07,Online,South,Returned
O000514,C00507,2023-01-03,Marketplace,West,Completed
O000515,C01076,2024-08-18,Mobile App,South,Completed
O000516,C00688,2023-07-24,Marketplace,Midwest,Completed
O000517,C00520,2024-06-11,Retail Store,West,Completed
O000518,C01061,2024-09-08,Marketplace,Midwest,Completed
O000519,C00841,2023-02-12,Mobile App,South,Completed
O000520,C00501,2025-10-16,Marketplace,Northeast,Completed
O000521,C01309,2024-02-01,Online,West,Completed
O000522,C00544,2025-07-09,Retail Store,South,Completed
O000523,C00634,2025-05-04,Mobile App,Midwest,Completed
O000524,C00932,2023-09-09,Retail Store,West,Returned
O000525,C00956,2025-10-18,Mobile App,South,Completed
O000526,C00998,2023-11-30,Retail Store,Midwest,Completed
O000527,C00580,2023-03-25,Online,South,Completed
O000528,C00103,2024-12-22,Retail Store,Northeast,Completed
O000529,C00177,2025-10-25,Retail Store,South,Completed
O000530,C00596,2025-06-03,Mobile App,Northeast,Completed
O000531,C00818,2025-03-02,Online,West,Returned
O000532,C01155,2024-09-28,Marketplace,South,Completed
O000533,C00513,2023-10-13,Mobile App,South,Completed
O000534,C00609,2024-09-16,Marketplace,Northeast,Completed
O000535,C00284,2025-06-13,Marketplace,Northeast,Completed
O000536,C00726,2025-01-02,Marketplace,West,Returned
O000537,C01145,2025-08-02,Online,Northeast,Completed
O000538,C00497,2023-10-15,Retail Store,Midwest,Completed
O000539,C00805,2024-08-23,Mobile App,Northeast,Completed
O000540,C00112,2025-11-26,Online,West,Completed
O000541,C01159,2023-07-19,Marketplace,Midwest,Completed
O000542,C01437,2023-09-06,Mobile App,Northeast,Completed
O000543,C00458,2025-10-11,Mobile App,South,Completed
O000544,C01278,2023-01-14,Mobile App,West,Completed
O000545,C00507,2023-09-05,Mobile App,Northeast,Completed
O000546,C00801,2025-11-01,Online,West,Completed
O000547,C00482,2025-09-17,Retail Store,South,Completed
O000548,C00300,2023-09-10,Online,West,Completed
O000549,C01048,2024-05-07,Mobile App,South,Completed
O000550,C00753,2023-07-24,Retail Store,West,Completed
O000551,C00854,2023-08-08,Marketplace,West,Completed
O000552,C00023,2023-09-04,Retail Store,West,Completed
O000553,C00727,2025-06-29,Mobile App,Northeast,Completed
O000554,C00325,2024-07-21,Retail Store,Northeast,Completed
O000555,C01447,2024-03-07,Marketplace,Midwest,Completed
O000556,C01344,2023-11-07,Retail Store,Midwest,Completed
O000557,C01349,2023-10-14,Retail Store,Midwest,Completed
O000558,C00967,2025-09-17,Mobile App,West,Returned
O000559,C00266,2025-12-12,Retail Store,Midwest,Completed
O000560,C00093,2025-04-06,Online,Northeast,Completed
O000561,C01023,2023-07-17,Marketplace,Northeast,Completed
O000562,C00357,2024-04-29,Marketplace,Northeast,Completed
O000563,C01254,2023-05-12,Retail Store,Northeast,Completed
O000564,C00767,2023-05-30,Online,West,Completed
O000565,C00273,2025-07-09,Mobile App,West,Completed
O000566,C00413,2024-08-08,Mobile App,South,Completed
O000567,C01193,2024-01-29,Online,Northeast,Completed
O000568,C00288,2024-02-21,Online,Northeast,Completed
O000569,C00380,2023-05-28,Marketplace,Midwest,Completed
O000570,C00731,2025-08-28,Mobile App,Midwest,Completed
O000571,C01166,2025-02-09,Online,Northeast,Completed
O000572,C01022,2023-07-26,Mobile App,Northeast,Completed
O000573,C00800,2024-08-16,Retail Store,Midwest,Returned
O000574,C01061,2023-06-03,Retail Store,South,Completed
O000575,C00539,2023-08-16,Online,West,Completed
O000576,C00286,2024-11-16,Mobile App,Northeast,Completed
O000577,C01011,2023-05-08,Online,South,Completed
O000578,C00145,2023-03-14,Marketplace,Midwest,Completed
O000579,C00266,2023-06-15,Retail Store,West,Completed
O000580,C01332,2025-10-14,Retail Store,South,Completed
O000581,C00114,2024-04-11,Online,Northeast,Completed
O000582,C01397,2025-12-30,Online,West,Completed
O000583,C00881,2025-02-11,Marketplace,South,Completed
O000584,C00721,2023-08-30,Mobile App,Midwest,Returned
O000585,C00189,2024-05-02,Online,South,Completed
O000586,C01475,2023-04-04,Mobile App,Northeast,Completed
O000587,C00370,2023-09-17,Retail Store,West,Completed
O000588,C00266,2024-05-15,Marketplace,Midwest,Completed
O000589,C00513,2023-06-07,Mobile App,Northeast,Completed
O000590,C00909,2025-01-01,Retail Store,South,Completed
O000591,C01079,2024-08-22,Retail Store,South,Completed
O000592,C00710,2023-08-02,Marketplace,Northeast,Completed
O000593,C00417,2024-07-26,Mobile App,Northeast,Completed
O000594,C00252,2024-09-16,Retail Store,South,Completed
O000595,C01431,2023-03-15,Marketplace,South,Completed
O000596,C01022,2023-08-22,Online,Northeast,Completed
O000597,C00123,2024-09-07,Retail Store,Northeast,Completed
O000598,C00788,2023-02-08,Marketplace,West,Completed
O000599,C01353,2025-06-01,Retail Store,Northeast,Returned
O000600,C01211,2024-11-19,Mobile App,Midwest,Completed
O000601,C01494,2025-06-07,Online,West,Completed
O000602,C00869,2024-08-11,Retail Store,West,Completed
O000603,C00032,2024-05-02,Retail Store,South,Returned
O000604,C01112,2023-06-25,Retail Store,South,Completed
O000605,C00551,2024-07-15,Retail Store,Midwest,Completed
O000606,C00629,2023-01-26,Retail Store,Northeast,Completed
O000607,C00036,2025-06-27,Marketplace,West,Returned
O000608,C00837,2025-09-10,Online,South,Completed
O000609,C00903,2024-10-05,Mobile App,Northeast,Completed
O000610,C00261,2024-06-15,Mobile App,West,Completed
O000611,C00235,2023-04-12,Online,South,Completed
O000612,C00086,2025-06-20,Mobile App,Midwest,Cancelled
O000613,C01390,2024-06-11,Retail Store,Northeast,Completed
O000614,C00224,2024-04-25,Online,Midwest,Completed
O000615,C00418,2023-06-08,Retail Store,South,Completed
O000616,C01315,2025-05-01,Marketplace,Northeast,Completed
O000617,C00687,2024-10-30,Marketplace,Midwest,Completed
O000618,C00329,2024-08-25,Retail Store,Northeast,Returned
O000619,C01248,2023-02-22,Mobile App,Northeast,Completed
O000620,C00441,2025-11-06,Marketplace,Midwest,Completed
O000621,C01330,2023-11-04,Online,West,Returned
O000622,C01104,2024-04-04,Online,West,Completed
O000623,C01351,2023-04-16,Marketplace,West,Completed
O000624,C00674,2024-08-23,Mobile App,South,Cancelled
O000625,C00645,2024-04-17,Online,West,Completed
O000626,C00164,2025-04-19,Retail Store,Midwest,Completed
O000627,C01240,2025-01-11,Mobile App,West,Completed
O000628,C00835,2023-09-14,Mobile App,South,Completed
O000629,C00242,2024-11-30,Online,Midwest,Completed
O000630,C01296,2023-10-31,Mobile App,West,Completed
O000631,C00248,2023-02-01,Marketplace,South,Completed
O000632,C00259,2025-08-20,Online,Northeast,Completed
O000633,C00272,2023-12-08,Marketplace,Northeast,Completed
O000634,C01459,2025-04-03,Retail Store,South,Completed
O000635,C01480,2024-11-20,Online,Northeast,Returned
O000636,C00893,2025-04-17,Retail Store,West,Completed
O000637,C00312,2024-01-11,Online,Northeast,Completed
O000638,C00657,2025-07-17,Marketplace,West,Completed
O000639,C00476,2024-07-26,Retail Store,Northeast,Completed
O000640,C00585,2025-11-26,Retail Store,West,Completed
O000641,C01498,2023-10-21,Mobile App,Northeast,Completed
O000642,C00712,2024-10-05,Retail Store,Northeast,Completed
O000643,C00459,2025-09-23,Mobile App,West,Returned
O000644,C01365,2023-08-06,Retail Store,South,Completed
O000645,C00057,2025-11-07,Online,South,Completed
O000646,C01001,2024-02-04,Online,Northeast,Completed
O000647,C01067,2025-05-23,Mobile App,West,Completed
O000648,C00911,2023-08-13,Marketplace,Northeast,Completed
O000649,C01499,2023-10-08,Online,Midwest,Completed
O000650,C00670,2024-03-31,Mobile App,Northeast,Completed
O000651,C01448,2025-11-16,Retail Store,Northeast,Completed
O000652,C00390,2023-07-25,Online,Midwest,Completed
O000653,C01201,2024-05-18,Marketplace,South,Completed
O000654,C00963,2024-02-05,Mobile App,Midwest,Completed
O000655,C00270,2025-10-14,Mobile App,Midwest,Completed
O000656,C00007,2025-11-23,Marketplace,South,Completed
O000657,C00857,2023-12-31,Retail Store,Northeast,Completed
O000658,C00992,2024-04-25,Mobile App,Midwest,Completed
O000659,C01004,2024-08-21,Marketplace,West,Completed
O000660,C00449,2024-08-28,Online,Northeast,Completed
O000661,C00916,2024-08-11,Retail Store,West,Completed
O000662,C00654,2023-12-27,Online,West,Completed
O000663,C01002,2023-09-20,Marketplace,West,Completed
O000664,C00838,2024-07-02,Online,South,Completed
O000665,C00802,2024-10-12,Marketplace,West,Completed
O000666,C00995,2023-04-22,Mobile App,Midwest,Completed
O000667,C00840,2024-09-23,Mobile App,West,Completed
O000668,C01257,2024-02-27,Retail Store,Northeast,Completed
O000669,C00185,2023-02-13,Retail Store,West,Completed
O000670,C01063,2023-05-10,Mobile App,Northeast,Completed
O000671,C01471,2023-11-18,Mobile App,West,Completed
O000672,C00847,2025-02-04,Mobile App,Midwest,Completed
O000673,C00042,2023-01-28,Online,Northeast,Completed
O000674,C00580,2023-03-28,Retail Store,South,Completed
O000675,C00558,2024-05-21,Online,Northeast,Completed
O000676,C00553,2025-03-31,Online,South,Completed
O000677,C00031,2025-04-30,Mobile App,Northeast,Completed
O000678,C00871,2024-10-01,Online,Midwest,Completed
O000679,C01344,2023-07-24,Marketplace,Midwest,Completed
O000680,C01149,2024-03-31,Retail Store,West,Returned
O000681,C00784,2025-12-28,Online,South,Completed
O000682,C00927,2025-02-02,Mobile App,Northeast,Completed
O000683,C00758,2024-04-20,Marketplace,West,Completed
O000684,C01291,2024-11-11,Online,South,Completed
O000685,C00172,2025-09-30,Mobile App,South,Completed
O000686,C00121,2025-12-07,Marketplace,South,Completed
O000687,C00075,2024-11-22,Retail Store,South,Completed
O000688,C01414,2023-01-12,Mobile App,Midwest,Completed
O000689,C01336,2025-10-20,Mobile App,Midwest,Completed
O000690,C00216,2025-11-19,Marketplace,Northeast,Completed
O000691,C01065,2023-01-28,Online,South,Completed
O000692,C00869,2023-08-21,Marketplace,Northeast,Completed
O000693,C01121,2025-09-24,Marketplace,South,Completed
O000694,C01475,2025-06-10,Retail Store,Midwest,Completed
O000695,C00290,2025-01-31,Retail Store,South,Completed
O000696,C00967,2025-01-30,Marketplace,Midwest,Completed
O000697,C01074,2023-10-05,Marketplace,South,Completed
O000698,C00012,2025-08-21,Retail Store,Northeast,Completed
O000699,C00678,2023-07-12,Online,West,Completed
O000700,C01304,2023-05-17,Mobile App,Midwest,Completed
O000701,C00583,2024-01-30,Marketplace,Midwest,Completed
O000702,C01150,2025-04-05,Mobile App,Midwest,Completed
O000703,C00366,2024-03-19,Retail Store,Midwest,Completed
O000704,C00677,2025-12-05,Retail Store,West,Completed
O000705,C00345,2025-08-27,Online,South,Cancelled
O000706,C00294,2023-07-07,Mobile App,South,Completed
O000707,C00281,2023-06-09,Marketplace,Northeast,Completed
O000708,C00494,2024-09-11,Marketplace,Northeast,Completed
O000709,C00639,2025-08-29,Retail Store,Midwest,Completed
O000710,C01298,2024-03-14,Retail Store,South,Completed
O000711,C01424,2025-06-23,Retail Store,West,Completed
O000712,C00365,2025-06-10,Online,Midwest,Completed
O000713,C00438,2024-12-09,Mobile App,West,Completed
O000714,C00906,2023-01-22,Retail Store,South,Completed
O000715,C00193,2024-09-27,Retail Store,Midwest,Completed
O000716,C00069,2023-01-27,Retail Store,Midwest,Completed
O000717,C01281,2024-06-02,Online,Midwest,Completed
O000718,C01005,2025-08-22,Mobile App,West,Completed
O000719,C00757,2023-08-01,Online,Northeast,Completed
O000720,C00170,2023-12-29,Marketplace,South,Completed
O000721,C00644,2025-06-27,Online,Northeast,Completed
O000722,C00682,2024-02-02,Retail Store,Northeast,Completed
O000723,C01361,2025-01-20,Marketplace,Northeast,Completed
O000724,C00396,2023-05-06,Mobile App,Northeast,Completed
O000725,C00565,2025-06-27,Mobile App,Northeast,Completed
O000726,C00561,2023-01-07,Retail Store,Midwest,Completed
O000727,C00181,2023-06-26,Online,West,Completed
O000728,C00651,2023-06-26,Online,South,Completed
O000729,C00943,2024-03-21,Online,Midwest,Returned
O000730,C00272,2024-09-22,Retail Store,South,Completed
O000731,C01158,2024-07-25,Retail Store,South,Completed
O000732,C00363,2024-07-12,Retail Store,South,Completed
O000733,C00728,2023-07-09,Retail Store,West,Completed
O000734,C00076,2025-07-09,Marketplace,South,Completed
O000735,C01324,2025-06-07,Retail Store,Midwest,Completed
O000736,C00186,2025-10-28,Mobile App,Midwest,Completed
O000737,C01059,2023-03-06,Mobile App,Northeast,Completed
O000738,C01155,2024-10-23,Marketplace,Midwest,Returned
O000739,C01290,2024-10-22,Retail Store,Northeast,Completed
O000740,C00686,2025-05-13,Retail Store,West,Completed
O000741,C00334,2025-01-03,Marketplace,Midwest,Completed
O000742,C01216,2025-06-18,Marketplace,West,Completed
O000743,C01482,2024-05-13,Retail Store,Midwest,Completed
O000744,C00083,2025-04-01,Mobile App,Midwest,Returned
O000745,C00863,2025-11-04,Marketplace,Northeast,Returned
O000746,C00336,2025-03-31,Mobile App,Northeast,Completed
O000747,C01164,2025-12-09,Mobile App,South,Completed
O000748,C00634,2023-04-21,Mobile App,Northeast,Completed
O000749,C00002,2023-12-05,Mobile App,West,Completed
O000750,C00379,2024-09-21,Mobile App,Northeast,Completed
O000751,C01403,2024-05-16,Retail Store,South,Completed
O000752,C01432,2025-08-22,Mobile App,West,Completed
O000753,C00197,2025-08-07,Marketplace,South,Completed
O000754,C00670,2023-10-01,Retail Store,West,Completed
O000755,C01094,2025-05-19,Online,West,Completed
O000756,C01247,2023-02-25,Mobile App,South,Completed
O000757,C01251,2024-11-27,Marketplace,Northeast,Completed
O000758,C00385,2023-10-10,Online,West,Completed
O000759,C01340,2024-11-26,Mobile App,West,Completed
O000760,C00072,2025-03-03,Retail Store,West,Completed
O000761,C01398,2023-12-01,Online,West,Completed
O000762,C00026,2023-07-27,Mobile App,West,Completed
O000763,C00024,2025-02-25,Marketplace,West,Completed
O000764,C00621,2025-05-15,Marketplace,Northeast,Completed
O000765,C00970,2025-07-11,Retail Store,Midwest,Cancelled
O000766,C00869,2023-08-17,Marketplace,South,Completed
O000767,C01450,2023-01-15,Retail Store,Midwest,Completed
O000768,C00100,2025-07-20,Marketplace,West,Completed
O000769,C00752,2025-09-29,Online,West,Completed
O000770,C00692,2024-05-31,Retail Store,West,Completed
O000771,C00601,2024-07-01,Retail Store,South,Completed
O000772,C01221,2024-09-01,Online,Northeast,Completed
O000773,C00359,2025-03-22,Online,South,Completed
O000774,C00883,2023-10-24,Retail Store,West,Completed
O000775,C00084,2024-05-14,Online,West,Completed
O000776,C01050,2023-07-27,Online,West,Completed
O000777,C00821,2024-09-10,Online,West,Completed
O000778,C00239,2023-06-12,Mobile App,West,Cancelled
O000779,C01422,2025-11-18,Online,South,Completed
O000780,C01411,2025-06-13,Mobile App,Midwest,Completed
O000781,C01389,2025-03-27,Retail Store,South,Completed
O000782,C01346,2023-02-08,Mobile App,West,Completed
O000783,C00454,2024-10-13,Mobile App,Northeast,Completed
O000784,C01205,2024-08-12,Marketplace,West,Completed
O000785,C01143,2025-03-07,Online,West,Completed
O000786,C00947,2025-06-29,Marketplace,South,Completed
O000787,C00826,2025-03-09,Online,Midwest,Completed
O000788,C01150,2023-06-10,Retail Store,West,Cancelled
O000789,C00598,2025-01-26,Retail Store,Midwest,Completed
O000790,C01279,2023-11-16,Retail Store,South,Completed
O000791,C01140,2023-02-17,Marketplace,Midwest,Completed
O000792,C01244,2023-09-27,Online,West,Completed
O000793,C00366,2023-08-15,Mobile App,Midwest,Cancelled
O000794,C00721,2025-04-01,Mobile App,West,Completed
O000795,C01291,2024-10-16,Online,Midwest,Completed
O000796,C00462,2024-10-12,Marketplace,West,Completed
O000797,C00364,2025-07-09,Marketplace,South,Completed
O000798,C01344,2024-11-15,Mobile App,West,Completed
O000799,C00841,2025-05-06,Mobile App,West,Completed
O000800,C01228,2023-10-11,Marketplace,Northeast,Completed
O000801,C01166,2024-05-26,Marketplace,South,Returned
O000802,C01131,2023-02-16,Mobile App,West,Completed
O000803,C00359,2025-01-25,Marketplace,South,Returned
O000804,C00601,2024-10-22,Online,South,Completed
O000805,C00502,2025-08-02,Marketplace,West,Completed
O000806,C01238,2025-08-02,Retail Store,Northeast,Returned
O000807,C01479,2024-05-16,Online,West,Completed
O000808,C00790,2025-04-12,Online,West,Returned
O000809,C00899,2023-09-05,Marketplace,Northeast,Completed
O000810,C00745,2025-03-26,Marketplace,Northeast,Completed
O000811,C00255,2025-06-20,Online,West,Completed
O000812,C00751,2023-08-17,Marketplace,South,Completed
O000813,C00431,2024-05-12,Retail Store,West,Completed
O000814,C00502,2025-07-27,Retail Store,West,Completed
O000815,C01433,2024-11-08,Retail Store,West,Completed
O000816,C01069,2023-10-14,Retail Store,South,Completed
O000817,C01467,2024-08-19,Mobile App,Midwest,Completed
O000818,C00317,2025-06-19,Mobile App,Midwest,Completed
O000819,C01305,2025-02-25,Mobile App,Midwest,Completed
O000820,C00532,2023-10-31,Retail Store,Northeast,Completed
O000821,C00977,2025-11-24,Mobile App,West,Completed
O000822,C01072,2025-10-23,Retail Store,Midwest,Returned
O000823,C00360,2023-12-13,Marketplace,West,Completed
O000824,C00461,2023-05-13,Retail Store,Midwest,Completed
O000825,C00731,2023-09-02,Marketplace,South,Returned
O000826,C00415,2023-01-25,Retail Store,South,Completed
O000827,C01040,2023-07-22,Online,Midwest,Returned
O000828,C00915,2023-06-12,Mobile App,Northeast,Completed
O000829,C00468,2024-01-10,Marketplace,South,Cancelled
O000830,C00188,2024-06-28,Mobile App,Midwest,Returned
O000831,C00125,2023-09-29,Mobile App,Midwest,Completed
O000832,C00202,2025-09-04,Online,West,Completed
O000833,C00239,2024-02-07,Marketplace,West,Completed
O000834,C00615,2024-03-16,Online,West,Completed
O000835,C01317,2023-08-17,Mobile App,West,Completed
O000836,C00516,2025-07-23,Marketplace,Northeast,Completed
O000837,C01039,2023-12-28,Marketplace,Midwest,Returned
O000838,C01090,2024-09-05,Mobile App,Midwest,Completed
O000839,C01282,2025-10-27,Marketplace,Midwest,Completed
O000840,C00014,2024-01-09,Retail Store,West,Completed
O000841,C00367,2025-10-12,Online,South,Completed
O000842,C00702,2023-07-13,Mobile App,West,Completed
O000843,C00630,2024-04-19,Retail Store,South,Completed
O000844,C01249,2023-07-30,Mobile App,Midwest,Completed
O000845,C00812,2023-11-17,Mobile App,South,Completed
O000846,C01058,2023-11-18,Marketplace,Midwest,Completed
O000847,C00539,2024-07-05,Marketplace,South,Completed
O000848,C00628,2025-01-29,Retail Store,South,Completed
O000849,C00631,2024-10-07,Marketplace,West,Completed
O000850,C00114,2023-01-12,Marketplace,West,Completed
O000851,C00040,2025-07-24,Mobile App,Midwest,Completed
O000852,C00049,2024-08-26,Retail Store,Midwest,Completed
O000853,C01265,2024-02-13,Marketplace,South,Completed
O000854,C00667,2024-05-12,Marketplace,South,Completed
O000855,C01409,2023-04-05,Marketplace,West,Cancelled
O000856,C00208,2025-02-07,Online,Northeast,Completed
O000857,C00583,2025-01-26,Online,West,Completed
O000858,C00848,2023-06-01,Mobile App,Midwest,Completed
O000859,C00898,2024-02-14,Mobile App,Northeast,Completed
O000860,C01413,2024-06-17,Online,Midwest,Completed
O000861,C00914,2024-10-04,Mobile App,Midwest,Completed
O000862,C00683,2025-08-01,Mobile App,Midwest,Completed
O000863,C00288,2024-06-06,Online,Northeast,Completed
O000864,C01083,2025-09-23,Online,Northeast,Completed
O000865,C00066,2023-02-03,Retail Store,West,Completed
O000866,C00155,2024-11-14,Online,Northeast,Completed
O000867,C01052,2025-12-25,Online,South,Completed
O000868,C01401,2024-01-26,Marketplace,Northeast,Completed
O000869,C00150,2023-11-08,Mobile App,Midwest,Completed
O000870,C00044,2025-12-16,Marketplace,West,Completed
O000871,C00018,2025-03-09,Mobile App,Northeast,Completed
O000872,C01091,2024-04-01,Marketplace,Midwest,Completed
O000873,C00387,2024-12-27,Mobile App,South,Completed
O000874,C00261,2023-02-23,Retail Store,Northeast,Completed
O000875,C01348,2024-10-07,Mobile App,South,Completed
O000876,C00445,2024-07-09,Retail Store,South,Completed
O000877,C00910,2025-02-07,Mobile App,Northeast,Completed
O000878,C00422,2025-03-28,Marketplace,South,Completed
O000879,C00334,2023-12-25,Mobile App,Northeast,Completed
O000880,C00851,2025-01-03,Mobile App,Midwest,Completed
O000881,C00979,2025-11-04,Retail Store,Midwest,Returned
O000882,C00779,2023-02-03,Marketplace,Northeast,Completed
O000883,C00635,2024-12-27,Online,Midwest,Completed
O000884,C01437,2024-09-07,Online,South,Completed
O000885,C00563,2025-08-23,Retail Store,Northeast,Completed
O000886,C01063,2023-01-19,Mobile App,South,Completed
O000887,C01222,2023-03-21,Mobile App,Northeast,Completed
O000888,C00323,2025-01-31,Marketplace,West,Returned
O000889,C00748,2023-11-07,Online,South,Completed
O000890,C00827,2024-02-22,Retail Store,Midwest,Completed
O000891,C00053,2024-10-19,Retail Store,Northeast,Completed
O000892,C00096,2023-10-23,Marketplace,West,Completed
O000893,C00206,2023-12-14,Online,South,Completed
O000894,C00231,2025-05-09,Marketplace,Northeast,Completed
O000895,C01236,2025-06-20,Online,South,Completed
O000896,C00662,2024-06-10,Retail Store,South,Completed
O000897,C01010,2023-07-17,Mobile App,West,Completed
O000898,C01351,2023-10-20,Online,South,Completed
O000899,C00512,2024-08-01,Mobile App,Northeast,Completed
O000900,C01456,2024-09-08,Marketplace,Midwest,Completed
O000901,C00672,2024-06-30,Marketplace,South,Completed
O000902,C01295,2023-03-12,Online,West,Cancelled
O000903,C01300,2023-01-30,Online,South,Completed
O000904,C00024,2025-03-23,Marketplace,Midwest,Completed
O000905,C00440,2025-04-10,Marketplace,West,Completed
O000906,C01343,2023-08-30,Retail Store,Midwest,Completed
O000907,C00999,2024-06-06,Marketplace,Midwest,Completed
O000908,C00130,2024-12-02,Retail Store,Midwest,Completed
O000909,C00466,2023-09-16,Marketplace,Northeast,Completed
O000910,C00712,2024-08-28,Retail Store,South,Completed
O000911,C00815,2023-06-19,Mobile App,South,Completed
O000912,C00725,2023-02-04,Mobile App,South,Completed
O000913,C01105,2023-04-07,Mobile App,Midwest,Cancelled
O000914,C00326,2023-12-08,Online,Midwest,Completed
O000915,C01108,2024-04-08,Marketplace,South,Completed
O000916,C00799,2025-03-31,Marketplace,Midwest,Completed
O000917,C00001,2023-10-06,Online,Midwest,Completed
O000918,C01256,2024-09-30,Online,South,Completed
O000919,C00497,2025-09-11,Marketplace,South,Completed
O000920,C00510,2025-03-11,Retail Store,South,Completed
O000921,C01487,2025-04-02,Mobile App,Northeast,Completed
O000922,C00023,2024-07-18,Online,Midwest,Completed
O000923,C01353,2025-08-22,Marketplace,South,Completed
O000924,C00145,2025-07-19,Retail Store,South,Returned
O000925,C00524,2023-03-25,Online,West,Completed
O000926,C00597,2023-12-11,Mobile App,West,Completed
O000927,C01362,2025-01-12,Marketplace,South,Returned
O000928,C01307,2025-05-13,Online,Northeast,Completed
O000929,C01312,2024-07-18,Retail Store,Midwest,Completed
O000930,C00027,2024-12-31,Online,Northeast,Completed
O000931,C01211,2025-10-10,Marketplace,South,Completed
O000932,C01243,2025-09-26,Marketplace,West,Completed
O000933,C00241,2023-07-21,Mobile App,Northeast,Completed
O000934,C01472,2025-05-13,Online,West,Completed
O000935,C00817,2025-08-01,Marketplace,Northeast,Completed
O000936,C01292,2024-01-06,Retail Store,Northeast,Completed
O000937,C00735,2025-07-24,Retail Store,Midwest,Returned
O000938,C00098,2024-07-20,Retail Store,West,Cancelled
O000939,C00429,2024-06-22,Retail Store,South,Completed
O000940,C00183,2023-12-19,Retail Store,West,Completed
O000941,C00627,2024-04-11,Online,Midwest,Completed
O000942,C01274,2025-04-11,Marketplace,Midwest,Completed
O000943,C01449,2024-02-19,Marketplace,Midwest,Completed
O000944,C00346,2025-01-10,Retail Store,South,Completed
O000945,C01147,2025-11-02,Mobile App,Midwest,Completed
O000946,C00186,2024-02-11,Marketplace,Northeast,Completed
O000947,C00813,2024-11-27,Mobile App,Midwest,Completed
O000948,C00664,2024-08-24,Mobile App,Northeast,Completed
O000949,C00054,2023-11-14,Marketplace,Midwest,Completed
O000950,C00463,2024-03-24,Marketplace,South,Completed
O000951,C00500,2023-01-26,Online,Midwest,Completed
O000952,C01140,2025-06-17,Mobile App,West,Completed
O000953,C00536,2025-03-29,Retail Store,West,Completed
O000954,C00481,2025-01-28,Retail Store,Midwest,Completed
O000955,C01439,2023-10-03,Mobile App,Midwest,Completed
O000956,C01097,2023-07-17,Retail Store,West,Completed
O000957,C01470,2024-04-11,Mobile App,Midwest,Completed
O000958,C01268,2023-04-19,Marketplace,West,Completed
O000959,C01147,2023-12-17,Marketplace,Northeast,Completed
O000960,C01447,2024-12-12,Mobile App,West,Completed
O000961,C01491,2024-07-19,Online,Midwest,Completed
O000962,C00441,2023-10-01,Marketplace,West,Completed
O000963,C00477,2024-09-15,Marketplace,Midwest,Completed
O000964,C01249,2024-10-06,Online,Northeast,Completed
O000965,C01258,2023-09-03,Online,Northeast,Completed
O000966,C01232,2024-02-03,Mobile App,South,Completed
O000967,C00680,2025-10-10,Online,Northeast,Completed
O000968,C00781,2025-03-04,Marketplace,West,Completed
O000969,C00728,2023-07-16,Mobile App,Midwest,Completed
O000970,C00378,2025-10-20,Retail Store,Northeast,Completed
O000971,C00926,2023-06-17,Online,Midwest,Completed
O000972,C01399,2023-05-05,Retail Store,Northeast,Returned
O000973,C00010,2025-12-19,Retail Store,Northeast,Completed
O000974,C00354,2025-02-06,Mobile App,Northeast,Completed
O000975,C00199,2024-03-23,Mobile App,Midwest,Completed
O000976,C01040,2025-06-21,Mobile App,South,Completed
O000977,C00639,2023-03-21,Retail Store,Northeast,Completed
O000978,C00205,2025-11-27,Marketplace,South,Completed
O000979,C01349,2024-11-21,Marketplace,West,Returned
O000980,C00505,2023-05-15,Retail Store,Midwest,Returned
O000981,C00828,2025-10-02,Online,South,Returned
O000982,C01065,2025-09-10,Online,Northeast,Completed
O000983,C01119,2025-12-15,Mobile App,West,Completed
O000984,C01283,2024-02-10,Marketplace,Midwest,Completed
O000985,C01007,2025-10-01,Online,Northeast,Completed
O000986,C01020,2025-03-07,Retail Store,Midwest,Completed
O000987,C00386,2025-12-16,Online,Northeast,Completed
O000988,C00099,2023-12-22,Online,Midwest,Completed
O000989,C01402,2024-12-21,Marketplace,Northeast,Completed
O000990,C01395,2024-01-01,Online,Midwest,Completed
O000991,C01460,2024-01-16,Retail Store,South,Completed
O000992,C00782,2023-02-01,Mobile App,Northeast,Completed
O000993,C00493,2024-08-17,Retail Store,Northeast,Cancelled
O000994,C00824,2024-04-12,Online,Midwest,Completed
O000995,C01394,2024-06-12,Retail Store,West,Completed
O000996,C01414,2024-07-12,Online,West,Completed
O000997,C01000,2024-07-23,Retail Store,South,Completed
O000998,C01426,2025-03-20,Marketplace,Northeast,Completed
O000999,C00237,2023-05-25,Mobile App,Northeast,Completed
O001000,C00343,2024-01-11,Retail Store,Midwest,Completed
O001001,C01099,2025-03-26,Retail Store,Midwest,Completed
O001002,C00809,2023-08-11,Mobile App,Northeast,Completed
O001003,C00261,2025-10-16,Online,South,Completed
O001004,C00795,2024-04-13,Mobile App,Northeast,Completed
O001005,C00293,2025-01-29,Marketplace,West,Completed
O001006,C00431,2025-10-28,Retail Store,South,Returned
O001007,C00360,2024-11-30,Retail Store,Midwest,Returned
O001008,C00779,2023-04-26,Mobile App,West,Completed
O001009,C01285,2024-04-06,Mobile App,South,Completed
O001010,C00143,2023-02-21,Mobile App,West,Completed
O001011,C01121,2023-11-26,Retail Store,South,Completed
O001012,C01267,2025-11-26,Mobile App,Northeast,Completed
O001013,C00213,2023-03-20,Mobile App,South,Completed
O001014,C00460,2025-03-04,Online,Northeast,Completed
O001015,C00579,2025-09-02,Marketplace,West,Completed
O001016,C00707,2025-10-01,Marketplace,Midwest,Completed
O001017,C00459,2025-07-19,Mobile App,Midwest,Completed
O001018,C00329,2025-03-06,Retail Store,Midwest,Completed
O001019,C00088,2024-09-06,Marketplace,South,Completed
O001020,C00257,2024-04-09,Retail Store,West,Completed
O001021,C00927,2025-05-05,Marketplace,West,Completed
O001022,C01363,2024-11-22,Marketplace,Midwest,Completed
O001023,C01460,2024-05-18,Mobile App,South,Returned
O001024,C01123,2025-01-14,Marketplace,West,Completed
O001025,C00964,2025-03-15,Online,South,Completed
O001026,C00409,2025-04-24,Mobile App,Northeast,Completed
O001027,C00370,2025-02-26,Marketplace,West,Completed
O001028,C01394,2023-12-19,Mobile App,Midwest,Completed
O001029,C00843,2024-02-10,Retail Store,South,Completed
O001030,C00648,2023-09-25,Online,West,Completed
O001031,C00018,2023-06-25,Online,Northeast,Completed
O001032,C00309,2024-12-31,Mobile App,South,Completed
O001033,C00973,2024-10-08,Retail Store,West,Completed
O001034,C00312,2023-07-27,Mobile App,South,Completed
O001035,C01151,2025-04-19,Marketplace,South,Completed
O001036,C01360,2024-05-25,Mobile App,Northeast,Completed
O001037,C00781,2023-03-22,Marketplace,South,Completed
O001038,C00904,2023-02-10,Mobile App,Midwest,Completed
O001039,C00696,2025-10-04,Online,Midwest,Completed
O001040,C01388,2023-10-04,Marketplace,Midwest,Completed
O001041,C00599,2024-02-08,Online,Midwest,Cancelled
O001042,C01274,2025-10-10,Marketplace,Northeast,Completed
O001043,C01052,2024-06-01,Retail Store,South,Returned
O001044,C00653,2023-02-18,Mobile App,West,Completed
O001045,C00887,2024-06-22,Retail Store,West,Cancelled
O001046,C00682,2025-07-27,Online,Northeast,Cancelled
O001047,C00620,2023-01-22,Marketplace,Northeast,Completed
O001048,C01424,2025-03-06,Retail Store,Northeast,Completed
O001049,C00834,2025-11-15,Retail Store,West,Completed
O001050,C01002,2024-06-19,Retail Store,South,Returned
O001051,C01043,2023-06-23,Online,Midwest,Completed
O001052,C00153,2023-08-08,Mobile App,South,Completed
O001053,C00155,2024-04-30,Online,Northeast,Completed
O001054,C00320,2024-11-29,Marketplace,Northeast,Completed
O001055,C00116,2023-08-05,Mobile App,Northeast,Completed
O001056,C00188,2023-06-16,Online,South,Completed
O001057,C00793,2023-04-13,Retail Store,Northeast,Completed
O001058,C01240,2024-02-09,Mobile App,West,Completed
O001059,C00379,2023-05-06,Online,West,Completed
O001060,C01440,2024-01-23,Online,Northeast,Completed
O001061,C00809,2024-04-11,Retail Store,South,Completed
O001062,C00874,2024-08-07,Retail Store,South,Completed
O001063,C01342,2025-12-22,Retail Store,Northeast,Completed
O001064,C01012,2023-05-07,Retail Store,Northeast,Completed
O001065,C01381,2025-05-30,Marketplace,Northeast,Completed
O001066,C01166,2025-01-10,Retail Store,Northeast,Completed
O001067,C00759,2025-01-03,Marketplace,West,Completed
O001068,C01203,2024-01-25,Mobile App,South,Completed
O001069,C00826,2025-08-03,Marketplace,Midwest,Completed
O001070,C00790,2023-11-09,Marketplace,South,Completed
O001071,C01295,2024-10-10,Mobile App,West,Completed
O001072,C01215,2023-12-20,Mobile App,South,Completed
O001073,C00555,2025-08-25,Retail Store,South,Completed
O001074,C01126,2023-11-21,Retail Store,Midwest,Completed
O001075,C00892,2025-10-19,Mobile App,West,Completed
O001076,C00138,2024-12-24,Retail Store,Northeast,Completed
O001077,C01063,2023-10-17,Marketplace,South,Completed
O001078,C01294,2023-01-27,Mobile App,Midwest,Completed
O001079,C01227,2025-05-28,Mobile App,Northeast,Completed
O001080,C00757,2025-02-03,Marketplace,South,Completed
O001081,C00669,2024-05-19,Mobile App,South,Returned
O001082,C01137,2025-09-02,Retail Store,Midwest,Completed
O001083,C00660,2024-02-03,Mobile App,South,Completed
O001084,C01154,2024-05-25,Marketplace,West,Completed
O001085,C00304,2023-07-15,Retail Store,West,Completed
O001086,C00921,2024-06-28,Marketplace,Northeast,Completed
O001087,C00746,2024-07-19,Online,South,Completed
O001088,C00730,2023-01-07,Marketplace,Midwest,Completed
O001089,C00644,2024-10-17,Mobile App,West,Completed
O001090,C00125,2023-09-04,Mobile App,Midwest,Completed
O001091,C00867,2024-05-23,Online,West,Completed
O001092,C00060,2024-08-29,Marketplace,Northeast,Completed
O001093,C01282,2023-10-30,Marketplace,West,Completed
O001094,C00561,2024-10-05,Marketplace,Northeast,Completed
O001095,C00334,2025-07-17,Mobile App,Midwest,Completed
O001096,C01132,2023-04-18,Marketplace,Midwest,Completed
O001097,C01288,2025-02-07,Marketplace,Northeast,Completed
O001098,C01319,2024-10-30,Retail Store,Northeast,Completed
O001099,C01481,2023-03-22,Mobile App,Northeast,Returned
O001100,C00210,2023-10-14,Mobile App,South,Completed
O001101,C00693,2025-01-07,Online,Midwest,Completed
O001102,C01117,2025-10-05,Online,West,Completed
O001103,C01123,2025-03-21,Online,South,Completed
O001104,C00466,2023-08-25,Mobile App,Midwest,Completed
O001105,C00981,2023-04-18,Online,South,Returned
O001106,C00662,2023-10-09,Marketplace,Midwest,Completed
O001107,C01009,2023-02-09,Online,Midwest,Completed
O001108,C00410,2023-05-20,Online,Northeast,Completed
O001109,C01438,2023-01-15,Online,Midwest,Completed
O001110,C00436,2023-12-03,Mobile App,West,Returned
O001111,C01140,2024-07-30,Retail Store,Midwest,Completed
O001112,C00686,2024-02-17,Mobile App,Midwest,Completed
O001113,C00925,2023-09-02,Online,Midwest,Returned
O001114,C00420,2025-11-14,Mobile App,West,Completed
O001115,C00410,2023-08-07,Retail Store,South,Completed
O001116,C00950,2024-09-13,Online,Midwest,Completed
O001117,C01047,2024-05-31,Online,South,Completed
O001118,C00423,2024-01-06,Marketplace,Midwest,Completed
O001119,C00801,2024-11-01,Mobile App,West,Completed
O001120,C00160,2024-08-07,Online,South,Completed
O001121,C00562,2023-04-13,Online,Northeast,Completed
O001122,C00110,2023-11-23,Retail Store,Northeast,Completed
O001123,C00156,2025-05-16,Retail Store,Midwest,Completed
O001124,C00619,2023-03-13,Mobile App,Northeast,Returned
O001125,C01304,2024-02-24,Online,Northeast,Returned
O001126,C00231,2023-12-24,Online,Northeast,Completed
O001127,C00047,2024-07-13,Marketplace,Midwest,Completed
O001128,C01389,2023-05-14,Marketplace,West,Completed
O001129,C00359,2025-08-11,Online,West,Completed
O001130,C01454,2023-05-10,Retail Store,Midwest,Completed
O001131,C01375,2024-07-01,Retail Store,Northeast,Completed
O001132,C01332,2025-07-06,Online,Northeast,Completed
O001133,C00475,2025-06-10,Online,West,Completed
O001134,C00968,2025-01-22,Mobile App,West,Returned
O001135,C01310,2023-10-26,Retail Store,Midwest,Completed
O001136,C00712,2025-02-01,Retail Store,West,Completed
O001137,C00738,2025-10-09,Marketplace,West,Completed
O001138,C01322,2024-11-12,Marketplace,Midwest,Completed
O001139,C00704,2023-12-03,Mobile App,Northeast,Completed
O001140,C00422,2023-11-23,Marketplace,South,Completed
O001141,C01065,2025-10-23,Online,Northeast,Completed
O001142,C01401,2023-12-04,Retail Store,South,Completed
O001143,C01072,2025-02-03,Marketplace,West,Completed
O001144,C00463,2025-04-15,Marketplace,Northeast,Completed
O001145,C01034,2024-01-21,Online,Northeast,Returned
O001146,C00832,2024-09-19,Retail Store,South,Completed
O001147,C00049,2023-07-17,Online,South,Completed
O001148,C00520,2023-05-27,Marketplace,Northeast,Completed
O001149,C00022,2025-01-02,Retail Store,West,Completed
O001150,C01269,2024-09-14,Marketplace,West,Completed
O001151,C01024,2025-10-03,Retail Store,Northeast,Completed
O001152,C01104,2025-08-27,Online,West,Completed
O001153,C00056,2024-12-19,Marketplace,West,Completed
O001154,C00517,2023-06-27,Online,West,Completed
O001155,C00778,2023-07-12,Retail Store,West,Cancelled
O001156,C00635,2023-03-12,Marketplace,Midwest,Completed
O001157,C01216,2023-01-22,Online,South,Completed
O001158,C00949,2025-10-25,Retail Store,South,Completed
O001159,C01200,2023-04-10,Online,Midwest,Completed
O001160,C00334,2025-07-14,Online,Midwest,Completed
O001161,C00158,2023-08-13,Mobile App,South,Completed
O001162,C00772,2025-03-04,Online,South,Completed
O001163,C01462,2025-10-07,Marketplace,South,Returned
O001164,C00337,2023-08-26,Mobile App,Northeast,Cancelled
O001165,C01017,2023-02-18,Retail Store,West,Completed
O001166,C01301,2025-12-11,Online,Midwest,Completed
O001167,C00138,2025-06-12,Online,West,Completed
O001168,C00282,2025-04-01,Online,South,Completed
O001169,C01352,2024-02-07,Retail Store,West,Completed
O001170,C00238,2024-01-15,Online,West,Completed
O001171,C00023,2023-09-30,Retail Store,West,Completed
O001172,C00622,2024-06-28,Mobile App,Northeast,Completed
O001173,C00387,2025-09-10,Marketplace,South,Completed
O001174,C01133,2023-12-20,Online,West,Completed
O001175,C00140,2025-11-10,Marketplace,South,Cancelled
O001176,C01284,2023-12-04,Marketplace,South,Completed
O001177,C00833,2024-04-06,Online,Midwest,Completed
O001178,C00057,2024-10-18,Mobile App,West,Returned
O001179,C01242,2025-03-11,Mobile App,West,Completed
O001180,C01324,2025-11-09,Mobile App,West,Completed
O001181,C00887,2025-10-15,Online,Northeast,Completed
O001182,C00757,2023-10-26,Retail Store,Northeast,Completed
O001183,C01097,2024-11-30,Retail Store,Midwest,Completed
O001184,C00791,2025-08-20,Mobile App,West,Completed
O001185,C01092,2025-09-29,Online,Midwest,Completed
O001186,C01218,2024-07-09,Mobile App,Midwest,Returned
O001187,C00714,2024-05-05,Retail Store,South,Completed
O001188,C00541,2025-04-22,Marketplace,Midwest,Completed
O001189,C00390,2023-10-13,Retail Store,Midwest,Completed
O001190,C01192,2024-02-23,Mobile App,West,Completed
O001191,C00422,2024-08-19,Retail Store,South,Completed
O001192,C00504,2025-10-14,Marketplace,Midwest,Completed
O001193,C00300,2025-07-29,Retail Store,Midwest,Completed
O001194,C00007,2025-02-10,Online,West,Returned
O001195,C01128,2025-10-10,Retail Store,West,Completed
O001196,C00876,2024-06-28,Marketplace,Northeast,Completed
O001197,C00245,2025-03-03,Mobile App,Midwest,Completed
O001198,C00144,2023-04-22,Retail Store,Northeast,Completed
O001199,C01407,2023-09-18,Marketplace,Northeast,Completed
O001200,C00229,2023-05-03,Retail Store,Northeast,Completed
O001201,C00493,2024-08-05,Mobile App,West,Completed
O001202,C00485,2024-06-30,Mobile App,Midwest,Completed
O001203,C00785,2024-03-26,Mobile App,South,Completed
O001204,C01170,2023-11-25,Retail Store,Northeast,Completed
O001205,C00453,2024-05-19,Mobile App,West,Completed
O001206,C00573,2023-12-22,Online,South,Completed
O001207,C00438,2025-03-02,Mobile App,West,Completed
O001208,C00308,2025-06-28,Marketplace,West,Completed
O001209,C00421,2023-02-17,Marketplace,Midwest,Completed
O001210,C00043,2024-12-02,Marketplace,Midwest,Completed
O001211,C00764,2025-06-24,Mobile App,South,Completed
O001212,C00828,2025-02-12,Mobile App,South,Completed
O001213,C01465,2024-07-15,Retail Store,South,Completed
O001214,C01406,2025-08-19,Mobile App,Northeast,Completed
O001215,C01171,2023-02-14,Retail Store,West,Completed
O001216,C00869,2025-06-12,Online,West,Completed
O001217,C00533,2024-07-05,Marketplace,Midwest,Completed
O001218,C00075,2025-11-25,Marketplace,South,Completed
O001219,C00190,2023-07-04,Online,South,Completed
O001220,C00306,2024-06-06,Retail Store,West,Completed
O001221,C00839,2024-01-16,Retail Store,South,Completed
O001222,C01173,2023-07-08,Mobile App,Northeast,Completed
O001223,C00484,2025-05-16,Online,South,Completed
O001224,C00208,2023-06-07,Retail Store,Northeast,Completed
O001225,C01134,2023-09-12,Retail Store,West,Completed
O001226,C00018,2024-01-18,Retail Store,South,Completed
O001227,C01026,2025-11-17,Online,Northeast,Completed
O001228,C00271,2025-08-18,Mobile App,South,Completed
O001229,C00504,2024-07-25,Marketplace,West,Completed
O001230,C01311,2024-05-23,Online,South,Completed
O001231,C01084,2024-08-11,Marketplace,West,Completed
O001232,C01326,2025-04-07,Retail Store,West,Completed
O001233,C01073,2025-04-09,Marketplace,Midwest,Completed
O001234,C00424,2023-09-16,Online,Northeast,Completed
O001235,C01238,2024-09-03,Marketplace,Northeast,Completed
O001236,C00998,2023-02-18,Mobile App,Midwest,Completed
O001237,C01210,2023-10-29,Mobile App,West,Completed
O001238,C00034,2024-05-15,Mobile App,South,Completed
O001239,C01460,2025-03-28,Marketplace,West,Completed
O001240,C00106,2023-09-25,Mobile App,West,Completed
O001241,C00767,2023-07-27,Online,Midwest,Returned
O001242,C01226,2025-06-06,Retail Store,Northeast,Completed
O001243,C00982,2025-09-04,Online,Northeast,Completed
O001244,C00023,2025-11-03,Online,South,Completed
O001245,C00051,2024-07-06,Mobile App,Northeast,Completed
O001246,C00685,2025-07-07,Marketplace,West,Completed
O001247,C01059,2025-01-23,Online,Northeast,Completed
O001248,C01365,2025-06-06,Online,Northeast,Completed
O001249,C01353,2025-02-12,Marketplace,Midwest,Completed
O001250,C00403,2023-10-22,Online,South,Completed
O001251,C00091,2024-03-27,Retail Store,Northeast,Completed
O001252,C00311,2024-02-01,Marketplace,West,Completed
O001253,C00136,2024-03-07,Mobile App,Northeast,Completed
O001254,C00449,2025-09-15,Marketplace,Northeast,Completed
O001255,C00164,2025-10-07,Marketplace,Northeast,Completed
O001256,C00529,2025-02-01,Retail Store,West,Completed
O001257,C01217,2023-11-15,Mobile App,Midwest,Completed
O001258,C00673,2025-09-16,Retail Store,Midwest,Completed
O001259,C01212,2025-04-08,Retail Store,Northeast,Completed
O001260,C00449,2023-10-31,Mobile App,South,Completed
O001261,C00846,2023-07-21,Marketplace,Midwest,Completed
O001262,C00333,2023-06-16,Marketplace,South,Completed
O001263,C00893,2024-10-04,Marketplace,Northeast,Completed
O001264,C00684,2025-08-27,Retail Store,Northeast,Completed
O001265,C01206,2025-10-04,Mobile App,West,Completed
O001266,C01251,2024-08-09,Mobile App,South,Completed
O001267,C00207,2025-02-10,Online,Northeast,Completed
O001268,C00190,2025-05-27,Mobile App,West,Completed
O001269,C00274,2023-12-30,Retail Store,Northeast,Completed
O001270,C00083,2025-01-01,Mobile App,Northeast,Completed
O001271,C00081,2023-03-21,Online,Northeast,Completed
O001272,C01005,2023-12-15,Online,West,Completed
O001273,C01255,2025-12-13,Retail Store,Northeast,Completed
O001274,C01318,2024-06-16,Online,South,Completed
O001275,C00806,2024-08-04,Retail Store,Northeast,Completed
O001276,C01043,2025-07-15,Retail Store,Midwest,Completed
O001277,C00482,2025-04-01,Retail Store,West,Completed
O001278,C01441,2025-08-02,Mobile App,South,Completed
O001279,C00221,2023-08-30,Marketplace,South,Completed
O001280,C01409,2024-08-01,Retail Store,Midwest,Completed
O001281,C00252,2025-06-10,Retail Store,West,Completed
O001282,C00746,2025-08-27,Mobile App,Northeast,Completed
O001283,C00517,2023-04-11,Marketplace,Northeast,Completed
O001284,C00921,2025-03-25,Mobile App,Midwest,Completed
O001285,C01161,2025-05-14,Mobile App,Midwest,Returned
O001286,C00998,2025-05-01,Retail Store,Northeast,Completed
O001287,C00570,2024-05-06,Mobile App,West,Completed
O001288,C01457,2023-01-19,Retail Store,Midwest,Completed
O001289,C00989,2023-01-06,Mobile App,Northeast,Completed
O001290,C01088,2025-10-31,Marketplace,Midwest,Cancelled
O001291,C01498,2024-02-07,Online,West,Completed
O001292,C00092,2024-08-17,Retail Store,West,Completed
O001293,C00855,2023-05-09,Marketplace,West,Completed
O001294,C01211,2024-04-17,Mobile App,Midwest,Completed
O001295,C01369,2023-03-21,Retail Store,South,Completed
O001296,C00455,2024-04-14,Marketplace,Northeast,Completed
O001297,C00561,2023-04-08,Marketplace,Northeast,Completed
O001298,C01189,2023-04-15,Mobile App,West,Completed
O001299,C00797,2023-08-26,Retail Store,South,Completed
O001300,C00164,2023-01-30,Retail Store,West,Returned
O001301,C00266,2023-02-12,Retail Store,Northeast,Completed
O001302,C00332,2024-06-10,Marketplace,West,Completed
O001303,C00634,2023-07-19,Online,Midwest,Completed
O001304,C00136,2023-01-07,Retail Store,South,Completed
O001305,C00249,2025-07-13,Marketplace,Midwest,Completed
O001306,C00730,2024-07-23,Online,Northeast,Completed
O001307,C01486,2024-01-23,Online,Midwest,Completed
O001308,C00333,2023-06-26,Mobile App,Northeast,Completed
O001309,C00981,2025-12-31,Retail Store,South,Completed
O001310,C01050,2025-06-04,Marketplace,Northeast,Completed
O001311,C00465,2025-09-17,Marketplace,Northeast,Completed
O001312,C00408,2024-10-21,Online,Midwest,Completed
O001313,C01362,2024-12-28,Retail Store,Northeast,Completed
O001314,C00950,2023-01-16,Online,Midwest,Completed
O001315,C01215,2025-12-02,Mobile App,Northeast,Completed
O001316,C01280,2024-11-28,Online,Northeast,Completed
O001317,C01100,2024-05-18,Marketplace,Midwest,Completed
O001318,C01362,2023-04-23,Mobile App,Midwest,Completed
O001319,C00697,2023-11-10,Marketplace,Midwest,Cancelled
O001320,C01021,2025-01-15,Retail Store,Northeast,Completed
O001321,C00672,2023-02-23,Mobile App,Midwest,Completed
O001322,C00743,2025-12-11,Online,Northeast,Completed
O001323,C00375,2024-10-13,Mobile App,Northeast,Completed
O001324,C00638,2023-04-11,Online,Midwest,Completed
O001325,C00206,2024-08-31,Marketplace,Midwest,Completed
O001326,C01348,2025-05-10,Retail Store,Northeast,Completed
O001327,C01205,2023-05-21,Online,Northeast,Completed
O001328,C00832,2025-08-18,Online,Midwest,Completed
O001329,C00685,2024-05-22,Mobile App,Northeast,Returned
O001330,C00964,2023-08-01,Mobile App,Northeast,Completed
O001331,C00836,2025-11-09,Online,South,Completed
O001332,C01122,2024-01-20,Mobile App,West,Completed
O001333,C01081,2025-03-06,Retail Store,South,Completed
O001334,C00552,2025-04-22,Mobile App,Midwest,Completed
O001335,C01328,2025-05-10,Marketplace,Midwest,Completed
O001336,C01416,2024-01-27,Mobile App,Midwest,Completed
O001337,C00272,2023-09-03,Online,South,Completed
O001338,C01401,2023-04-06,Marketplace,Northeast,Completed
O001339,C01335,2023-08-19,Mobile App,Northeast,Completed
O001340,C00220,2023-01-29,Retail Store,West,Completed
O001341,C00666,2023-09-10,Marketplace,Midwest,Completed
O001342,C01359,2024-07-17,Mobile App,West,Completed
O001343,C00386,2025-03-08,Mobile App,Midwest,Returned
O001344,C00517,2025-06-14,Online,Northeast,Completed
O001345,C01074,2023-05-03,Retail Store,West,Completed
O001346,C00581,2024-08-11,Retail Store,South,Completed
O001347,C01202,2025-08-27,Marketplace,Northeast,Completed
O001348,C01410,2025-07-09,Retail Store,South,Returned
O001349,C00984,2024-07-06,Mobile App,South,Completed
O001350,C00788,2024-04-25,Mobile App,West,Completed
O001351,C00549,2023-10-24,Retail Store,Northeast,Completed
O001352,C00827,2024-07-10,Online,Midwest,Completed
O001353,C00501,2024-08-02,Mobile App,Midwest,Cancelled
O001354,C00041,2023-01-07,Retail Store,South,Completed
O001355,C00003,2025-05-09,Marketplace,Midwest,Completed
O001356,C00515,2024-09-19,Retail Store,West,Completed
O001357,C00779,2024-12-31,Marketplace,Northeast,Completed
O001358,C00689,2024-10-27,Retail Store,Northeast,Completed
O001359,C00467,2024-11-13,Marketplace,West,Completed
O001360,C01158,2023-06-06,Mobile App,Northeast,Completed
O001361,C00845,2024-02-24,Online,West,Cancelled
O001362,C00453,2025-06-22,Mobile App,South,Completed
O001363,C01204,2024-06-09,Marketplace,Northeast,Completed
O001364,C00192,2025-07-10,Retail Store,South,Completed
O001365,C01226,2023-07-11,Mobile App,Midwest,Completed
O001366,C01003,2023-12-09,Mobile App,Northeast,Completed
O001367,C01032,2023-07-24,Mobile App,Northeast,Completed
O001368,C00731,2025-05-24,Marketplace,Midwest,Completed
O001369,C01367,2023-07-19,Retail Store,Northeast,Completed
O001370,C00368,2024-04-24,Mobile App,Northeast,Completed
O001371,C00126,2024-08-27,Marketplace,West,Completed
O001372,C00751,2023-08-30,Retail Store,South,Completed
O001373,C00971,2023-05-10,Marketplace,South,Completed
O001374,C00223,2023-12-25,Online,West,Completed
O001375,C00223,2023-11-11,Marketplace,West,Completed
O001376,C00928,2024-06-29,Mobile App,Midwest,Completed
O001377,C00871,2024-03-17,Mobile App,West,Completed
O001378,C00533,2024-07-25,Mobile App,Midwest,Completed
O001379,C00832,2023-02-11,Retail Store,South,Completed
O001380,C01423,2023-07-06,Mobile App,Northeast,Completed
O001381,C01148,2025-12-28,Marketplace,Northeast,Completed
O001382,C01061,2023-10-04,Mobile App,Northeast,Completed
O001383,C00104,2023-09-16,Online,South,Completed
O001384,C00532,2024-11-25,Retail Store,Northeast,Completed
O001385,C00876,2024-01-01,Marketplace,Northeast,Completed
O001386,C01061,2024-03-27,Mobile App,Northeast,Completed
O001387,C00944,2023-06-14,Mobile App,Midwest,Cancelled
O001388,C00068,2024-11-22,Online,Northeast,Completed
O001389,C00172,2023-02-19,Retail Store,Northeast,Completed
O001390,C01409,2023-06-16,Mobile App,Northeast,Completed
O001391,C00118,2025-06-18,Online,Midwest,Cancelled
O001392,C01377,2024-10-02,Online,West,Completed
O001393,C00535,2024-08-16,Mobile App,Midwest,Completed
O001394,C01006,2025-09-03,Online,Midwest,Completed
O001395,C00644,2024-08-14,Marketplace,Northeast,Completed
O001396,C00091,2025-08-15,Online,Northeast,Completed
O001397,C01304,2025-02-12,Retail Store,Midwest,Completed
O001398,C00830,2025-12-21,Marketplace,South,Completed
O001399,C01048,2023-11-02,Mobile App,Midwest,Completed
O001400,C00636,2023-04-11,Mobile App,Midwest,Completed
O001401,C01281,2023-03-27,Marketplace,Northeast,Completed
O001402,C00035,2025-07-31,Mobile App,Midwest,Completed
O001403,C00803,2023-04-07,Retail Store,Northeast,Completed
O001404,C00536,2025-12-19,Retail Store,Northeast,Completed
O001405,C00510,2025-08-28,Mobile App,West,Completed
O001406,C00819,2025-12-18,Retail Store,Northeast,Completed
O001407,C01268,2023-10-17,Retail Store,West,Completed
O001408,C00610,2024-09-21,Mobile App,West,Completed
O001409,C01480,2023-09-25,Marketplace,Midwest,Completed
O001410,C00947,2024-05-30,Online,Northeast,Completed
O001411,C00727,2025-03-09,Retail Store,South,Completed
O001412,C00826,2023-03-28,Mobile App,South,Completed
O001413,C00393,2024-01-18,Online,Midwest,Completed
O001414,C00574,2024-09-22,Retail Store,West,Returned
O001415,C00463,2025-12-22,Online,Northeast,Completed
O001416,C00565,2025-10-22,Retail Store,South,Completed
O001417,C00077,2023-05-07,Retail Store,Midwest,Completed
O001418,C00420,2024-08-19,Mobile App,South,Completed
O001419,C01078,2024-12-28,Retail Store,South,Completed
O001420,C01492,2023-09-08,Mobile App,West,Completed
O001421,C01457,2023-07-04,Marketplace,Northeast,Completed
O001422,C01243,2023-09-11,Mobile App,Northeast,Completed
O001423,C00444,2024-02-10,Mobile App,West,Completed
O001424,C00833,2024-04-07,Online,Northeast,Returned
O001425,C00671,2025-10-31,Marketplace,West,Completed
O001426,C00022,2025-12-10,Mobile App,Northeast,Completed
O001427,C00686,2023-03-02,Marketplace,Northeast,Completed
O001428,C00501,2025-12-08,Marketplace,Northeast,Completed
O001429,C01494,2025-10-15,Retail Store,Midwest,Completed
O001430,C01272,2025-04-30,Mobile App,Northeast,Completed
O001431,C00119,2024-12-09,Online,South,Completed
O001432,C00223,2023-09-10,Retail Store,Midwest,Completed
O001433,C00055,2025-09-04,Mobile App,Midwest,Completed
O001434,C00442,2023-12-16,Mobile App,South,Completed
O001435,C00158,2024-11-22,Online,West,Completed
O001436,C01065,2024-08-25,Marketplace,South,Completed
O001437,C00692,2025-01-21,Mobile App,Northeast,Completed
O001438,C01064,2025-06-10,Online,Northeast,Completed
O001439,C00396,2023-02-06,Online,Northeast,Completed
O001440,C01245,2025-03-10,Online,West,Completed
O001441,C01403,2025-03-02,Marketplace,South,Completed
O001442,C00521,2023-12-26,Retail Store,South,Completed
O001443,C00894,2025-11-08,Online,South,Completed
O001444,C01273,2025-05-19,Mobile App,South,Completed
O001445,C00238,2024-08-17,Mobile App,Northeast,Completed
O001446,C00398,2025-12-16,Retail Store,West,Completed
O001447,C00835,2025-12-18,Online,South,Completed
O001448,C00210,2023-09-12,Retail Store,Northeast,Completed
O001449,C01157,2023-04-08,Online,Midwest,Completed
O001450,C01464,2024-01-08,Marketplace,Northeast,Completed
O001451,C01225,2023-12-06,Marketplace,West,Completed
O001452,C01132,2025-02-08,Marketplace,Midwest,Completed
O001453,C01305,2025-01-19,Mobile App,West,Completed
O001454,C01025,2024-08-25,Retail Store,Northeast,Completed
O001455,C00390,2024-02-03,Online,South,Completed
O001456,C00290,2024-04-01,Marketplace,Midwest,Completed
O001457,C01275,2023-04-23,Online,West,Completed
O001458,C00937,2025-03-26,Marketplace,Northeast,Completed
O001459,C00443,2025-06-24,Retail Store,South,Cancelled
O001460,C00668,2024-04-12,Retail Store,South,Completed
O001461,C01347,2025-12-01,Online,South,Cancelled
O001462,C00835,2023-01-07,Online,Midwest,Returned
O001463,C00062,2025-06-08,Mobile App,Midwest,Completed
O001464,C01354,2023-10-28,Retail Store,West,Completed
O001465,C00834,2025-02-13,Online,Midwest,Completed
O001466,C00202,2025-09-13,Mobile App,West,Completed
O001467,C00247,2024-10-04,Retail Store,Midwest,Completed
O001468,C00493,2025-03-27,Retail Store,South,Completed
O001469,C00337,2023-03-25,Marketplace,Northeast,Completed
O001470,C01230,2025-11-18,Marketplace,West,Completed
O001471,C00793,2023-04-23,Mobile App,Northeast,Completed
O001472,C00099,2024-11-16,Online,Northeast,Completed
O001473,C00601,2024-07-25,Online,Northeast,Completed
O001474,C00363,2025-07-17,Mobile App,West,Returned
O001475,C00104,2025-04-22,Retail Store,South,Completed
O001476,C00903,2023-02-04,Marketplace,West,Completed
O001477,C00287,2023-04-30,Marketplace,West,Completed
O001478,C00706,2023-09-24,Online,South,Completed
O001479,C00788,2025-10-04,Online,West,Completed
O001480,C00047,2023-05-17,Marketplace,Midwest,Completed
O001481,C00400,2024-06-22,Mobile App,Northeast,Completed
O001482,C00733,2023-09-29,Mobile App,Midwest,Returned
O001483,C00957,2025-04-01,Online,Northeast,Completed
O001484,C00161,2023-12-03,Mobile App,Northeast,Completed
O001485,C01052,2025-05-14,Retail Store,South,Completed
O001486,C00249,2024-12-07,Mobile App,West,Completed
O001487,C00542,2024-08-30,Online,Midwest,Completed
O001488,C00289,2024-10-23,Marketplace,Northeast,Completed
O001489,C00565,2023-07-13,Retail Store,West,Completed
O001490,C00209,2024-02-24,Marketplace,Midwest,Completed
O001491,C01024,2023-10-18,Mobile App,West,Completed
O001492,C01007,2023-11-27,Mobile App,Northeast,Completed
O001493,C00352,2025-11-29,Retail Store,West,Completed
O001494,C00873,2025-06-15,Mobile App,South,Completed
O001495,C01114,2023-08-24,Retail Store,South,Completed
O001496,C01010,2025-07-09,Marketplace,Northeast,Returned
O001497,C00980,2023-09-01,Online,West,Returned
O001498,C01062,2024-04-28,Mobile App,West,Completed
O001499,C01108,2023-01-05,Mobile App,West,Completed
O001500,C01381,2024-12-16,Mobile App,Midwest,Completed
O001501,C00687,2025-01-19,Marketplace,Northeast,Completed
O001502,C00150,2025-04-09,Mobile App,South,Completed
O001503,C01217,2025-03-25,Online,West,Completed
O001504,C00881,2024-07-03,Retail Store,South,Completed
O001505,C00078,2023-11-21,Retail Store,South,Returned
O001506,C01473,2024-04-15,Retail Store,West,Completed
O001507,C01241,2023-09-24,Retail Store,Midwest,Completed
O001508,C00581,2023-05-16,Retail Store,Northeast,Completed
O001509,C01424,2025-07-26,Marketplace,Northeast,Completed
O001510,C00800,2025-04-02,Marketplace,West,Completed
O001511,C01261,2024-01-18,Marketplace,Northeast,Completed
O001512,C01014,2023-05-11,Marketplace,West,Completed
O001513,C01472,2025-06-12,Mobile App,West,Completed
O001514,C01012,2025-11-23,Online,South,Completed
O001515,C00817,2025-12-09,Mobile App,Northeast,Completed
O001516,C01425,2025-01-25,Retail Store,Northeast,Completed
O001517,C00781,2025-01-08,Retail Store,West,Completed
O001518,C00344,2023-03-04,Retail Store,Northeast,Completed
O001519,C00550,2024-12-02,Retail Store,Midwest,Completed
O001520,C00402,2025-08-01,Mobile App,West,Completed
O001521,C01308,2024-08-25,Mobile App,South,Completed
O001522,C00802,2025-12-26,Mobile App,Midwest,Completed
O001523,C00830,2023-07-31,Mobile App,Midwest,Completed
O001524,C01092,2024-11-02,Retail Store,South,Returned
O001525,C00797,2023-12-31,Mobile App,Midwest,Completed
O001526,C00704,2024-03-29,Retail Store,South,Completed
O001527,C01147,2025-10-30,Marketplace,Northeast,Completed
O001528,C00792,2025-09-29,Retail Store,Midwest,Completed
O001529,C00460,2024-08-11,Online,Midwest,Completed
O001530,C00232,2023-09-03,Marketplace,Northeast,Completed
O001531,C01192,2024-02-12,Mobile App,Midwest,Completed
O001532,C00808,2025-01-15,Retail Store,South,Completed
O001533,C00415,2024-10-31,Online,Midwest,Completed
O001534,C00975,2024-03-15,Online,West,Completed
O001535,C00033,2024-10-11,Retail Store,Northeast,Completed
O001536,C00179,2023-08-12,Online,Midwest,Completed
O001537,C01426,2025-02-23,Marketplace,Northeast,Completed
O001538,C00014,2023-09-27,Retail Store,West,Completed
O001539,C00824,2025-11-19,Mobile App,Midwest,Returned
O001540,C00120,2025-05-26,Retail Store,West,Completed
O001541,C01104,2025-04-30,Marketplace,West,Completed
O001542,C01447,2023-10-11,Retail Store,West,Cancelled
O001543,C01205,2024-07-26,Marketplace,Midwest,Completed
O001544,C00365,2024-10-11,Mobile App,Midwest,Completed
O001545,C01420,2023-09-01,Marketplace,Northeast,Completed
O001546,C00088,2023-01-13,Mobile App,Northeast,Completed
O001547,C00149,2024-04-15,Mobile App,South,Completed
O001548,C00650,2023-08-26,Online,Midwest,Completed
O001549,C01069,2025-09-11,Mobile App,Northeast,Completed
O001550,C00582,2024-01-09,Retail Store,Northeast,Completed
O001551,C01202,2025-02-23,Marketplace,West,Returned
O001552,C00920,2024-03-30,Marketplace,West,Completed
O001553,C00014,2025-04-26,Mobile App,South,Completed
O001554,C00590,2023-12-10,Mobile App,Midwest,Completed
O001555,C01450,2024-03-23,Online,South,Completed
O001556,C00410,2023-05-09,Mobile App,South,Completed
O001557,C00121,2024-09-16,Marketplace,Northeast,Completed
O001558,C00851,2025-11-30,Retail Store,South,Completed
O001559,C00050,2025-08-06,Mobile App,Midwest,Completed
O001560,C00363,2023-06-28,Mobile App,West,Completed
O001561,C00744,2024-10-19,Retail Store,Midwest,Completed
O001562,C00292,2023-03-08,Online,Midwest,Completed
O001563,C01347,2025-07-17,Mobile App,West,Completed
O001564,C00248,2024-01-08,Marketplace,West,Completed
O001565,C00908,2024-03-16,Mobile App,South,Completed
O001566,C00668,2024-01-17,Mobile App,Northeast,Completed
O001567,C00351,2024-03-14,Online,West,Completed
O001568,C00484,2023-06-04,Mobile App,Midwest,Completed
O001569,C01183,2025-01-14,Mobile App,South,Returned
O001570,C00251,2024-06-30,Marketplace,West,Completed
O001571,C00331,2025-10-06,Marketplace,South,Returned
O001572,C00520,2024-11-12,Marketplace,Midwest,Completed
O001573,C01237,2024-01-05,Marketplace,West,Completed
O001574,C00114,2023-05-24,Retail Store,South,Returned
O001575,C01473,2025-08-17,Online,West,Completed
O001576,C01187,2024-10-31,Mobile App,South,Completed
O001577,C00747,2023-07-21,Marketplace,South,Completed
O001578,C00355,2023-04-22,Online,South,Completed
O001579,C01063,2025-09-28,Marketplace,West,Completed
O001580,C00379,2025-02-01,Mobile App,Midwest,Completed
O001581,C00414,2023-05-05,Online,Northeast,Completed
O001582,C01173,2025-03-05,Retail Store,Northeast,Completed
O001583,C01491,2023-11-30,Online,South,Completed
O001584,C01360,2023-12-09,Online,Midwest,Completed
O001585,C00117,2025-11-13,Mobile App,South,Completed
O001586,C00431,2025-08-20,Marketplace,Northeast,Completed
O001587,C01499,2023-04-10,Mobile App,South,Completed
O001588,C00956,2025-07-31,Mobile App,West,Completed
O001589,C00231,2023-07-02,Marketplace,Northeast,Completed
O001590,C00248,2024-01-06,Online,Northeast,Completed
O001591,C00510,2025-12-19,Mobile App,West,Completed
O001592,C00602,2024-03-14,Mobile App,Northeast,Completed
O001593,C00933,2023-01-28,Retail Store,South,Completed
O001594,C00206,2024-07-31,Online,South,Completed
O001595,C00691,2025-03-19,Online,South,Completed
O001596,C01222,2023-10-03,Retail Store,South,Completed
O001597,C00717,2024-02-01,Marketplace,Midwest,Completed
O001598,C01466,2023-01-03,Retail Store,South,Completed
O001599,C00200,2025-10-13,Mobile App,Northeast,Completed
O001600,C00869,2024-07-18,Retail Store,South,Completed
O001601,C00267,2025-03-04,Mobile App,Midwest,Completed
O001602,C00053,2023-06-03,Mobile App,South,Returned
O001603,C00742,2025-05-15,Mobile App,Northeast,Completed
O001604,C00341,2024-07-23,Online,Northeast,Completed
O001605,C00873,2023-06-24,Online,West,Completed
O001606,C00702,2024-07-30,Retail Store,Northeast,Completed
O001607,C01437,2023-01-16,Retail Store,South,Completed
O001608,C01017,2025-01-13,Marketplace,West,Completed
O001609,C00760,2024-09-23,Marketplace,Northeast,Completed
O001610,C00584,2024-12-13,Marketplace,Midwest,Returned
O001611,C00218,2024-05-29,Mobile App,West,Completed
O001612,C00227,2025-06-08,Online,Northeast,Completed
O001613,C00080,2025-11-19,Mobile App,Northeast,Completed
O001614,C00817,2023-07-25,Retail Store,West,Completed
O001615,C01058,2023-11-28,Online,West,Completed
O001616,C00220,2025-01-20,Mobile App,West,Completed
O001617,C01443,2023-08-10,Online,Midwest,Completed
O001618,C00928,2023-03-28,Online,West,Completed
O001619,C00164,2024-04-14,Online,Midwest,Completed
O001620,C01008,2025-12-22,Retail Store,Midwest,Completed
O001621,C00051,2023-08-22,Online,South,Completed
O001622,C00916,2025-12-24,Marketplace,Midwest,Completed
O001623,C00419,2025-10-13,Online,Northeast,Completed
O001624,C00321,2024-02-15,Marketplace,West,Completed
O001625,C00305,2025-03-17,Online,West,Completed
O001626,C01433,2024-05-07,Marketplace,South,Cancelled
O001627,C00872,2025-04-05,Online,West,Completed
O001628,C00239,2023-02-21,Online,Northeast,Completed
O001629,C00517,2025-08-15,Online,Northeast,Completed
O001630,C01176,2023-05-20,Online,Midwest,Completed
O001631,C00353,2023-05-15,Online,Midwest,Completed
O001632,C01325,2023-03-19,Marketplace,Midwest,Completed
O001633,C01309,2025-12-19,Mobile App,West,Completed
O001634,C00850,2025-06-18,Marketplace,Northeast,Completed
O001635,C00783,2023-07-29,Online,West,Completed
O001636,C00983,2023-04-11,Retail Store,West,Completed
O001637,C00375,2024-10-22,Mobile App,West,Returned
O001638,C01251,2024-08-15,Marketplace,Northeast,Completed
O001639,C00883,2024-06-24,Mobile App,South,Completed
O001640,C00217,2025-08-01,Online,South,Completed
O001641,C00195,2023-02-26,Online,Midwest,Completed
O001642,C00301,2025-11-16,Online,West,Returned
O001643,C01355,2025-10-28,Online,Midwest,Completed
O001644,C00623,2025-03-28,Mobile App,Midwest,Completed
O001645,C01170,2024-12-30,Marketplace,South,Completed
O001646,C00127,2023-01-24,Online,South,Completed
O001647,C00970,2025-08-29,Online,Midwest,Completed
O001648,C01154,2024-01-22,Online,West,Completed
O001649,C01047,2023-06-22,Marketplace,South,Completed
O001650,C01147,2023-12-05,Mobile App,West,Completed
O001651,C00548,2025-09-04,Online,Northeast,Completed
O001652,C00182,2023-08-30,Marketplace,Midwest,Completed
O001653,C00363,2025-10-09,Marketplace,South,Completed
O001654,C01481,2024-04-04,Marketplace,Midwest,Completed
O001655,C00373,2025-07-31,Retail Store,West,Completed
O001656,C01249,2025-05-13,Marketplace,Midwest,Completed
O001657,C00053,2024-06-26,Retail Store,West,Completed
O001658,C00024,2023-05-13,Mobile App,West,Completed
O001659,C00729,2023-10-19,Mobile App,South,Completed
O001660,C01030,2023-09-14,Mobile App,Northeast,Completed
O001661,C01258,2025-10-24,Online,South,Completed
O001662,C00983,2024-06-13,Mobile App,West,Completed
O001663,C00871,2025-06-30,Online,Northeast,Completed
O001664,C00440,2024-09-06,Online,Northeast,Completed
O001665,C01355,2024-05-23,Mobile App,Midwest,Completed
O001666,C00477,2025-04-14,Mobile App,Northeast,Completed
O001667,C00383,2023-01-01,Mobile App,Midwest,Completed
O001668,C00821,2025-11-12,Retail Store,Northeast,Completed
O001669,C00571,2023-12-06,Retail Store,Midwest,Completed
O001670,C00652,2023-07-19,Online,West,Completed
O001671,C01162,2024-07-14,Marketplace,Northeast,Completed
O001672,C01057,2025-09-18,Mobile App,Northeast,Completed
O001673,C00821,2023-03-27,Marketplace,Northeast,Completed
O001674,C00907,2024-07-10,Retail Store,Northeast,Completed
O001675,C00669,2023-08-03,Mobile App,South,Completed
O001676,C01263,2024-06-26,Mobile App,West,Completed
O001677,C01038,2025-06-20,Marketplace,Midwest,Completed
O001678,C00697,2023-07-04,Retail Store,Midwest,Completed
O001679,C00255,2023-04-11,Mobile App,Northeast,Completed
O001680,C00740,2023-04-30,Mobile App,West,Completed
O001681,C00233,2023-04-02,Online,Midwest,Completed
O001682,C01221,2023-05-07,Marketplace,South,Completed
O001683,C00205,2025-04-21,Retail Store,South,Completed
O001684,C00016,2025-02-15,Online,West,Completed
O001685,C00612,2024-09-08,Retail Store,South,Completed
O001686,C01398,2025-02-09,Retail Store,West,Completed
O001687,C01019,2025-06-09,Marketplace,West,Completed
O001688,C00645,2023-01-30,Marketplace,Midwest,Completed
O001689,C01101,2025-06-26,Online,Midwest,Completed
O001690,C00453,2024-09-23,Mobile App,Midwest,Completed
O001691,C00268,2023-03-01,Mobile App,West,Completed
O001692,C00268,2025-04-08,Mobile App,West,Completed
O001693,C00223,2024-08-15,Marketplace,Northeast,Completed
O001694,C00110,2024-12-11,Online,South,Completed
O001695,C00243,2023-11-25,Mobile App,South,Completed
O001696,C00980,2025-07-14,Marketplace,West,Completed
O001697,C00800,2024-10-09,Online,Northeast,Completed
O001698,C00763,2023-07-24,Retail Store,Northeast,Completed
O001699,C00013,2025-03-06,Online,Northeast,Completed
O001700,C01457,2025-03-22,Marketplace,West,Completed
O001701,C01184,2023-06-12,Retail Store,South,Completed
O001702,C00914,2023-01-28,Mobile App,Midwest,Completed
O001703,C01308,2024-06-22,Marketplace,South,Completed
O001704,C00418,2023-12-04,Retail Store,Northeast,Completed
O001705,C00467,2025-09-07,Marketplace,Midwest,Completed
O001706,C00945,2025-03-01,Retail Store,Northeast,Completed
O001707,C01053,2025-01-24,Mobile App,Midwest,Completed
O001708,C00519,2024-04-21,Retail Store,Midwest,Cancelled
O001709,C00065,2024-07-03,Marketplace,Northeast,Completed
O001710,C00694,2024-08-07,Mobile App,West,Completed
O001711,C00287,2023-06-07,Mobile App,Northeast,Completed
O001712,C01101,2025-07-05,Marketplace,Midwest,Completed
O001713,C00898,2023-06-23,Marketplace,West,Completed
O001714,C01003,2024-08-24,Mobile App,South,Completed
O001715,C00973,2023-12-14,Retail Store,Northeast,Completed
O001716,C01243,2023-05-05,Marketplace,Northeast,Completed
O001717,C01464,2024-06-06,Mobile App,Midwest,Cancelled
O001718,C01473,2024-04-15,Mobile App,Midwest,Completed
O001719,C00626,2024-11-08,Online,South,Completed
O001720,C01465,2023-08-01,Marketplace,Northeast,Completed
O001721,C00871,2025-11-19,Retail Store,Northeast,Completed
O001722,C00536,2024-06-04,Retail Store,Midwest,Completed
O001723,C01410,2024-03-06,Online,Midwest,Completed
O001724,C00032,2025-07-11,Retail Store,Northeast,Completed
O001725,C01029,2023-10-29,Retail Store,West,Completed
O001726,C01415,2025-05-21,Online,South,Cancelled
O001727,C00982,2025-09-12,Online,South,Completed
O001728,C00772,2023-10-09,Mobile App,Midwest,Completed
O001729,C00359,2025-02-19,Retail Store,Midwest,Completed
O001730,C00334,2024-04-08,Mobile App,West,Completed
O001731,C01324,2023-11-06,Marketplace,Northeast,Returned
O001732,C01059,2024-03-06,Online,South,Completed
O001733,C00299,2024-03-10,Online,South,Completed
O001734,C00005,2024-04-16,Online,South,Completed
O001735,C00235,2025-06-07,Online,West,Completed
O001736,C00250,2025-09-11,Online,West,Completed
O001737,C00786,2024-01-23,Online,Midwest,Returned
O001738,C00654,2024-04-26,Mobile App,Midwest,Completed
O001739,C00989,2025-11-11,Retail Store,Northeast,Completed
O001740,C00645,2023-10-11,Retail Store,South,Cancelled
O001741,C00072,2024-10-09,Online,Northeast,Completed
O001742,C00828,2023-02-04,Mobile App,West,Returned
O001743,C00153,2025-02-15,Retail Store,West,Completed
O001744,C00865,2025-06-05,Retail Store,West,Returned
O001745,C00613,2025-03-15,Online,Midwest,Completed
O001746,C00004,2024-04-05,Marketplace,Midwest,Completed
O001747,C00086,2024-07-04,Online,West,Completed
O001748,C00860,2024-02-03,Mobile App,West,Completed
O001749,C00327,2025-12-30,Marketplace,West,Completed
O001750,C01106,2025-12-17,Marketplace,South,Completed
O001751,C01084,2023-08-31,Marketplace,West,Completed
O001752,C01212,2023-03-04,Marketplace,Midwest,Completed
O001753,C00773,2023-06-08,Online,West,Completed
O001754,C00272,2023-02-15,Marketplace,Northeast,Completed
O001755,C01293,2025-01-04,Mobile App,West,Completed
O001756,C01171,2023-06-11,Retail Store,Northeast,Returned
O001757,C00688,2025-08-02,Retail Store,Midwest,Completed
O001758,C00596,2025-09-23,Online,West,Completed
O001759,C01234,2024-08-30,Mobile App,West,Completed
O001760,C00189,2023-10-24,Marketplace,Midwest,Completed
O001761,C00289,2023-12-29,Marketplace,South,Completed
O001762,C01449,2025-07-09,Retail Store,Northeast,Completed
O001763,C01134,2023-09-28,Retail Store,Northeast,Completed
O001764,C00892,2023-04-03,Mobile App,Midwest,Completed
O001765,C00001,2025-01-21,Online,West,Completed
O001766,C01443,2025-03-28,Retail Store,South,Returned
O001767,C00433,2025-07-29,Mobile App,South,Completed
O001768,C01147,2023-12-30,Retail Store,South,Completed
O001769,C00120,2024-07-27,Online,Northeast,Completed
O001770,C00330,2025-11-24,Retail Store,South,Completed
O001771,C00149,2023-10-07,Marketplace,West,Completed
O001772,C00987,2025-02-03,Online,Northeast,Returned
O001773,C00238,2023-05-01,Retail Store,Northeast,Completed
O001774,C01346,2025-08-07,Online,Northeast,Completed
O001775,C00466,2023-03-31,Marketplace,Midwest,Completed
O001776,C00947,2023-03-31,Online,Northeast,Completed
O001777,C00991,2023-01-31,Retail Store,Northeast,Completed
O001778,C01151,2023-06-27,Retail Store,Midwest,Completed
O001779,C00847,2023-10-16,Mobile App,West,Completed
O001780,C00572,2023-09-27,Marketplace,Midwest,Completed
O001781,C00972,2023-06-30,Mobile App,South,Completed
O001782,C01486,2023-06-19,Online,South,Completed
O001783,C00455,2024-12-21,Mobile App,West,Completed
O001784,C00525,2025-01-07,Mobile App,West,Returned
O001785,C00831,2025-05-11,Retail Store,Northeast,Completed
O001786,C00397,2025-05-29,Mobile App,West,Cancelled
O001787,C01121,2024-09-05,Retail Store,South,Completed
O001788,C01292,2024-04-11,Retail Store,West,Completed
O001789,C00685,2023-04-08,Online,Midwest,Completed
O001790,C00806,2024-07-20,Retail Store,Northeast,Completed
O001791,C00814,2023-06-13,Mobile App,Midwest,Completed
O001792,C01108,2023-01-20,Retail Store,Northeast,Completed
O001793,C01289,2023-03-29,Retail Store,West,Completed
O001794,C00205,2023-07-28,Online,South,Completed
O001795,C00195,2025-11-05,Online,West,Completed
O001796,C00111,2025-06-30,Mobile App,West,Completed
O001797,C00646,2025-01-29,Retail Store,South,Completed
O001798,C00170,2023-12-29,Mobile App,Northeast,Returned
O001799,C00022,2025-01-01,Mobile App,Northeast,Completed
O001800,C00655,2023-04-14,Online,Northeast,Completed
O001801,C01341,2024-01-10,Retail Store,Midwest,Completed
O001802,C00898,2024-11-26,Retail Store,Northeast,Completed
O001803,C00265,2025-06-26,Marketplace,South,Completed
O001804,C01319,2024-12-25,Online,Midwest,Completed
O001805,C00020,2023-05-15,Marketplace,Northeast,Completed
O001806,C01478,2024-03-18,Online,Midwest,Completed
O001807,C00569,2023-08-31,Retail Store,Northeast,Completed
O001808,C00094,2024-03-15,Retail Store,West,Completed
O001809,C01340,2023-07-12,Retail Store,South,Completed
O001810,C00709,2023-12-23,Mobile App,Midwest,Completed
O001811,C00094,2024-11-28,Retail Store,South,Completed
O001812,C01167,2025-04-14,Online,West,Completed
O001813,C00151,2025-05-27,Marketplace,Northeast,Completed
O001814,C00981,2023-04-01,Retail Store,South,Completed
O001815,C01168,2024-03-22,Retail Store,South,Completed
O001816,C00043,2025-02-06,Online,South,Completed
O001817,C00672,2023-11-18,Online,Midwest,Completed
O001818,C01011,2023-01-23,Mobile App,Northeast,Completed
O001819,C00377,2023-09-24,Retail Store,West,Completed
O001820,C01286,2024-01-12,Mobile App,Northeast,Completed
O001821,C00454,2023-11-03,Retail Store,South,Completed
O001822,C01171,2023-02-01,Online,Northeast,Completed
O001823,C00501,2023-04-06,Online,Midwest,Returned
O001824,C00498,2025-04-27,Online,Midwest,Returned
O001825,C00805,2023-07-01,Marketplace,West,Completed
O001826,C01390,2023-01-14,Retail Store,Midwest,Returned
O001827,C01153,2025-07-23,Marketplace,Midwest,Completed
O001828,C00351,2024-01-17,Marketplace,Northeast,Completed
O001829,C00859,2024-04-17,Mobile App,South,Completed
O001830,C00758,2023-10-17,Retail Store,West,Completed
O001831,C00051,2025-08-04,Mobile App,West,Completed
O001832,C00463,2024-12-06,Online,South,Completed
O001833,C01326,2023-12-11,Mobile App,Northeast,Completed
O001834,C01406,2025-09-28,Retail Store,Northeast,Completed
O001835,C00434,2023-08-18,Retail Store,West,Completed
O001836,C01414,2024-10-02,Marketplace,West,Completed
O001837,C01452,2025-02-20,Online,Northeast,Completed
O001838,C01096,2024-04-29,Mobile App,West,Completed
O001839,C00354,2023-11-13,Retail Store,West,Completed
O001840,C01053,2023-04-20,Mobile App,Northeast,Completed
O001841,C00111,2023-11-29,Mobile App,Northeast,Completed
O001842,C00278,2023-09-19,Mobile App,South,Completed
O001843,C01342,2025-09-24,Mobile App,Midwest,Returned
O001844,C00136,2025-12-10,Marketplace,Northeast,Returned
O001845,C01379,2024-02-06,Mobile App,Northeast,Completed
O001846,C01299,2023-09-19,Mobile App,Northeast,Completed
O001847,C00269,2023-11-02,Mobile App,South,Completed
O001848,C00500,2023-09-18,Retail Store,Northeast,Completed
O001849,C00856,2023-09-25,Retail Store,Northeast,Completed
O001850,C00006,2025-03-21,Online,South,Completed
O001851,C00936,2024-04-17,Marketplace,West,Returned
O001852,C00271,2023-07-16,Online,South,Completed
O001853,C01399,2023-07-03,Online,West,Completed
O001854,C01193,2023-03-25,Mobile App,South,Completed
O001855,C01109,2024-06-23,Retail Store,South,Completed
O001856,C00416,2023-11-05,Online,Northeast,Completed
O001857,C00832,2023-04-25,Retail Store,Midwest,Completed
O001858,C00084,2025-03-16,Marketplace,West,Completed
O001859,C01169,2023-11-10,Marketplace,Northeast,Completed
O001860,C00616,2024-08-10,Online,Midwest,Completed
O001861,C01239,2024-02-07,Mobile App,Midwest,Completed
O001862,C00620,2024-12-05,Marketplace,Northeast,Completed
O001863,C00276,2023-12-12,Marketplace,West,Completed
O001864,C00524,2024-08-28,Mobile App,South,Completed
O001865,C00546,2024-12-04,Mobile App,Midwest,Completed
O001866,C01094,2025-11-17,Marketplace,Northeast,Completed
O001867,C00303,2023-07-20,Mobile App,West,Returned
O001868,C00540,2023-06-23,Mobile App,West,Completed
O001869,C01475,2024-05-05,Retail Store,South,Cancelled
O001870,C01366,2024-01-18,Online,Midwest,Completed
O001871,C00415,2024-05-17,Online,Midwest,Completed
O001872,C01370,2023-06-11,Marketplace,Midwest,Completed
O001873,C00957,2024-06-30,Marketplace,Midwest,Completed
O001874,C00678,2024-07-04,Marketplace,West,Completed
O001875,C00409,2024-07-03,Retail Store,Midwest,Completed
O001876,C00805,2025-08-25,Marketplace,Midwest,Completed
O001877,C00131,2025-10-26,Marketplace,West,Completed
O001878,C00703,2023-06-11,Retail Store,South,Completed
O001879,C01267,2023-01-17,Retail Store,Midwest,Completed
O001880,C01221,2024-01-15,Mobile App,West,Returned
O001881,C00619,2025-02-19,Marketplace,West,Completed
O001882,C00929,2024-05-05,Retail Store,Northeast,Completed
O001883,C00372,2023-09-01,Marketplace,Midwest,Completed
O001884,C01333,2023-04-18,Mobile App,Midwest,Completed
O001885,C00617,2025-04-30,Retail Store,Northeast,Completed
O001886,C01161,2023-04-25,Marketplace,West,Completed
O001887,C01395,2024-04-07,Online,Northeast,Completed
O001888,C00343,2025-12-23,Mobile App,Midwest,Completed
O001889,C01141,2025-07-03,Retail Store,Northeast,Completed
O001890,C00887,2024-07-26,Marketplace,South,Completed
O001891,C00231,2025-10-17,Marketplace,Northeast,Returned
O001892,C00700,2023-02-21,Mobile App,West,Completed
O001893,C01183,2025-07-16,Marketplace,South,Completed
O001894,C00959,2024-01-21,Online,South,Returned
O001895,C00313,2023-04-06,Marketplace,Midwest,Completed
O001896,C01330,2025-01-22,Online,Midwest,Completed
O001897,C00135,2023-12-31,Retail Store,South,Completed
O001898,C00872,2024-02-04,Online,Northeast,Completed
O001899,C00816,2023-09-10,Online,South,Completed
O001900,C00250,2023-03-13,Mobile App,South,Completed
O001901,C00361,2023-11-12,Online,West,Completed
O001902,C00705,2025-09-19,Mobile App,South,Returned
O001903,C00481,2024-12-22,Mobile App,South,Completed
O001904,C01433,2025-06-25,Mobile App,South,Completed
O001905,C00589,2023-12-23,Retail Store,Northeast,Completed
O001906,C00462,2024-03-30,Mobile App,Midwest,Completed
O001907,C00072,2025-11-04,Marketplace,Midwest,Returned
O001908,C01048,2025-07-29,Mobile App,Northeast,Completed
O001909,C00410,2023-09-05,Marketplace,South,Completed
O001910,C00205,2023-11-16,Retail Store,West,Returned
O001911,C01447,2024-03-31,Online,South,Completed
O001912,C01094,2025-06-09,Retail Store,Midwest,Completed
O001913,C00538,2024-10-26,Mobile App,West,Cancelled
O001914,C00291,2024-03-19,Mobile App,South,Completed
O001915,C00520,2023-08-06,Mobile App,Midwest,Cancelled
O001916,C00366,2023-11-12,Retail Store,South,Completed
O001917,C00762,2024-11-22,Online,South,Completed
O001918,C00137,2025-09-07,Online,South,Completed
O001919,C00215,2025-10-04,Mobile App,Midwest,Completed
O001920,C01338,2024-09-16,Retail Store,Northeast,Completed
O001921,C00790,2023-05-27,Mobile App,South,Completed
O001922,C00470,2024-08-10,Marketplace,West,Completed
O001923,C00976,2024-10-04,Online,Midwest,Completed
O001924,C01283,2023-05-29,Online,South,Completed
O001925,C00159,2024-07-02,Retail Store,Northeast,Completed
O001926,C01214,2023-07-07,Mobile App,West,Completed
O001927,C00379,2025-10-14,Online,Midwest,Completed
O001928,C00520,2023-10-08,Mobile App,Northeast,Completed
O001929,C01276,2023-01-31,Marketplace,Northeast,Completed
O001930,C01171,2023-05-31,Mobile App,South,Completed
O001931,C01090,2025-04-06,Marketplace,West,Completed
O001932,C00442,2025-12-07,Online,West,Completed
O001933,C00164,2025-09-17,Mobile App,South,Completed
O001934,C00695,2023-02-27,Marketplace,West,Completed
O001935,C01293,2024-04-30,Retail Store,South,Completed
O001936,C00633,2025-02-21,Mobile App,Midwest,Completed
O001937,C00478,2024-11-16,Online,South,Completed
O001938,C00049,2023-05-22,Retail Store,Midwest,Completed
O001939,C00582,2024-08-02,Marketplace,West,Completed
O001940,C00811,2025-05-11,Retail Store,West,Completed
O001941,C00822,2025-06-10,Retail Store,West,Completed
O001942,C00860,2024-09-25,Mobile App,Northeast,Completed
O001943,C00678,2023-03-11,Online,Midwest,Completed
O001944,C00408,2024-03-27,Online,West,Completed
O001945,C01263,2024-07-11,Mobile App,West,Completed
O001946,C00282,2023-08-14,Marketplace,Midwest,Completed
O001947,C01473,2025-01-29,Online,West,Completed
O001948,C00948,2023-11-27,Marketplace,South,Completed
O001949,C00644,2024-04-25,Retail Store,Northeast,Completed
O001950,C00715,2024-11-17,Retail Store,West,Completed
O001951,C00537,2024-09-03,Retail Store,Midwest,Completed
O001952,C00626,2024-06-11,Online,Northeast,Returned
O001953,C01446,2024-05-15,Retail Store,South,Completed
O001954,C00840,2024-04-08,Retail Store,Midwest,Completed
O001955,C00460,2023-12-17,Online,South,Completed
O001956,C01482,2023-09-20,Mobile App,West,Completed
O001957,C00205,2025-12-27,Mobile App,Midwest,Returned
O001958,C00126,2025-07-01,Mobile App,South,Completed
O001959,C00670,2023-03-30,Retail Store,West,Completed
O001960,C01291,2024-01-30,Marketplace,Midwest,Completed
O001961,C00077,2023-09-28,Mobile App,South,Completed
O001962,C00782,2025-06-05,Online,Midwest,Completed
O001963,C00290,2023-04-22,Retail Store,Northeast,Completed
O001964,C00683,2024-02-22,Marketplace,West,Completed
O001965,C00678,2025-03-13,Retail Store,South,Completed
O001966,C00162,2023-01-05,Mobile App,West,Completed
O001967,C00388,2025-01-08,Retail Store,Midwest,Completed
O001968,C00149,2024-03-29,Mobile App,Northeast,Completed
O001969,C00608,2023-04-09,Mobile App,South,Completed
O001970,C00510,2023-10-05,Mobile App,Northeast,Completed
O001971,C00426,2024-06-26,Online,West,Completed
O001972,C01107,2025-05-01,Online,West,Completed
O001973,C00782,2023-10-16,Online,Midwest,Completed
O001974,C00898,2023-07-03,Retail Store,West,Completed
O001975,C00426,2023-03-18,Retail Store,Midwest,Completed
O001976,C00335,2025-01-20,Mobile App,Northeast,Completed
O001977,C00801,2024-07-28,Retail Store,West,Completed
O001978,C00412,2023-11-23,Mobile App,South,Completed
O001979,C00280,2024-04-23,Online,Northeast,Completed
O001980,C00419,2023-08-09,Online,South,Completed
O001981,C00960,2024-06-03,Marketplace,West,Completed
O001982,C00748,2025-05-26,Online,West,Completed
O001983,C00646,2025-09-06,Mobile App,Midwest,Completed
O001984,C00432,2024-07-23,Online,Midwest,Returned
O001985,C00350,2024-06-13,Mobile App,West,Completed
O001986,C00261,2023-09-27,Retail Store,Northeast,Returned
O001987,C00931,2023-02-03,Mobile App,Northeast,Completed
O001988,C00107,2023-09-29,Retail Store,Midwest,Completed
O001989,C01495,2024-06-14,Online,West,Completed
O001990,C00534,2025-10-11,Marketplace,Midwest,Completed
O001991,C00103,2024-01-10,Marketplace,Midwest,Completed
O001992,C01388,2025-06-21,Marketplace,South,Completed
O001993,C00319,2023-05-12,Retail Store,South,Completed
O001994,C00808,2024-12-03,Retail Store,West,Returned
O001995,C00995,2023-10-29,Mobile App,South,Completed
O001996,C00205,2023-06-06,Mobile App,South,Completed
O001997,C00483,2025-07-26,Retail Store,Northeast,Completed
O001998,C00931,2023-04-13,Online,Northeast,Completed
O001999,C01226,2023-03-15,Mobile App,South,Completed
O002000,C00365,2024-05-30,Retail Store,Midwest,Completed
O002001,C00209,2023-08-13,Mobile App,West,Returned
O002002,C00512,2025-03-05,Mobile App,Midwest,Completed
O002003,C00593,2023-02-13,Mobile App,Midwest,Completed
O002004,C01404,2025-02-10,Retail Store,Midwest,Completed
O002005,C00004,2024-01-29,Mobile App,South,Completed
O002006,C00038,2024-09-10,Retail Store,West,Completed
O002007,C00025,2025-11-07,Retail Store,Midwest,Completed
O002008,C01258,2023-01-22,Marketplace,Midwest,Completed
O002009,C00389,2023-05-27,Marketplace,Midwest,Completed
O002010,C00875,2024-01-08,Mobile App,West,Completed
O002011,C00478,2024-10-10,Retail Store,West,Returned
O002012,C00350,2025-08-29,Mobile App,Midwest,Completed
O002013,C00165,2023-02-05,Marketplace,West,Completed
O002014,C01340,2023-10-02,Retail Store,Northeast,Returned
O002015,C00240,2023-11-06,Online,Midwest,Completed
O002016,C00087,2025-04-20,Mobile App,South,Completed
O002017,C00893,2025-04-03,Mobile App,South,Completed
O002018,C00353,2023-11-12,Retail Store,West,Returned
O002019,C00773,2023-03-29,Online,West,Completed
O002020,C01324,2025-11-19,Retail Store,Northeast,Completed
O002021,C00090,2024-04-01,Retail Store,Northeast,Completed
O002022,C00132,2024-04-04,Online,South,Completed
O002023,C00763,2023-12-21,Retail Store,Northeast,Returned
O002024,C01103,2023-08-19,Mobile App,Midwest,Completed
O002025,C00611,2025-10-19,Online,West,Completed
O002026,C00537,2025-12-23,Online,Midwest,Cancelled
O002027,C00088,2023-10-01,Marketplace,Northeast,Returned
O002028,C01308,2025-10-16,Marketplace,West,Completed
O002029,C01307,2024-11-01,Marketplace,West,Completed
O002030,C01221,2024-09-28,Marketplace,Northeast,Completed
O002031,C01251,2024-01-05,Mobile App,Northeast,Completed
O002032,C00154,2023-10-24,Mobile App,South,Completed
O002033,C00583,2023-05-11,Mobile App,Northeast,Completed
O002034,C00995,2023-08-19,Online,Midwest,Completed
O002035,C01179,2025-04-12,Online,Midwest,Completed
O002036,C01126,2024-02-12,Online,Northeast,Completed
O002037,C01447,2023-02-12,Online,South,Returned
O002038,C00397,2023-11-27,Marketplace,Midwest,Completed
O002039,C00669,2024-10-20,Mobile App,Northeast,Completed
O002040,C00728,2024-04-26,Mobile App,Northeast,Completed
O002041,C00123,2023-12-17,Marketplace,Northeast,Completed
O002042,C00894,2023-12-02,Mobile App,West,Completed
O002043,C01379,2024-02-28,Mobile App,West,Completed
O002044,C01301,2023-06-20,Online,Midwest,Returned
O002045,C00815,2025-04-04,Marketplace,South,Completed
O002046,C00002,2024-09-16,Online,Northeast,Completed
O002047,C00463,2023-11-18,Mobile App,South,Completed
O002048,C00383,2024-04-03,Marketplace,Midwest,Completed
O002049,C00667,2023-05-10,Online,West,Completed
O002050,C00195,2025-10-06,Online,West,Completed
O002051,C00013,2025-01-28,Online,South,Completed
O002052,C01273,2024-05-21,Mobile App,Northeast,Completed
O002053,C00944,2025-04-19,Online,Northeast,Completed
O002054,C01109,2025-12-28,Retail Store,South,Completed
O002055,C01437,2023-02-04,Marketplace,South,Completed
O002056,C00350,2025-03-28,Retail Store,West,Completed
O002057,C00419,2024-10-24,Retail Store,West,Completed
O002058,C00668,2023-11-29,Mobile App,Midwest,Completed
O002059,C00611,2023-01-19,Mobile App,West,Completed
O002060,C01285,2025-06-30,Marketplace,Midwest,Completed
O002061,C00129,2025-05-16,Marketplace,Midwest,Completed
O002062,C01134,2023-02-14,Marketplace,Northeast,Completed
O002063,C01405,2024-06-06,Retail Store,Midwest,Completed
O002064,C01246,2025-11-08,Retail Store,South,Completed
O002065,C01063,2024-08-14,Retail Store,West,Completed
O002066,C00780,2025-12-28,Retail Store,Northeast,Completed
O002067,C00648,2024-06-27,Online,Midwest,Completed
O002068,C00021,2025-11-20,Retail Store,West,Completed
O002069,C00817,2023-03-06,Mobile App,South,Completed
O002070,C01133,2025-03-30,Online,Midwest,Completed
O002071,C00735,2025-12-30,Online,Midwest,Completed
O002072,C00676,2024-01-25,Marketplace,Northeast,Completed
O002073,C00537,2024-04-30,Online,West,Completed
O002074,C00306,2024-04-29,Marketplace,Northeast,Returned
O002075,C00436,2023-04-07,Online,Northeast,Completed
O002076,C01213,2025-04-05,Retail Store,Northeast,Completed
O002077,C00600,2025-01-02,Online,West,Completed
O002078,C01109,2024-01-28,Retail Store,West,Completed
O002079,C01477,2025-10-26,Online,West,Completed
O002080,C01317,2023-11-28,Online,West,Completed
O002081,C01409,2025-05-25,Online,Midwest,Returned
O002082,C00270,2024-09-12,Online,Midwest,Completed
O002083,C01145,2024-12-03,Marketplace,West,Completed
O002084,C00774,2024-09-08,Mobile App,Northeast,Completed
O002085,C01252,2024-10-24,Marketplace,Midwest,Completed
O002086,C00378,2025-05-21,Mobile App,South,Completed
O002087,C01301,2024-04-28,Retail Store,South,Completed
O002088,C00984,2025-10-18,Marketplace,Midwest,Completed
O002089,C01224,2024-10-28,Mobile App,Midwest,Completed
O002090,C01095,2023-07-17,Mobile App,South,Completed
O002091,C00589,2023-06-17,Retail Store,South,Completed
O002092,C00007,2023-12-07,Mobile App,Northeast,Completed
O002093,C01469,2023-07-07,Marketplace,Northeast,Completed
O002094,C01014,2023-10-21,Mobile App,West,Completed
O002095,C01139,2024-05-19,Retail Store,Midwest,Completed
O002096,C00371,2024-10-27,Retail Store,South,Completed
O002097,C00208,2023-10-14,Marketplace,Midwest,Completed
O002098,C01260,2025-09-28,Online,Midwest,Completed
O002099,C00744,2023-04-17,Retail Store,Northeast,Completed
O002100,C00552,2025-07-19,Marketplace,Midwest,Completed
O002101,C00290,2024-03-15,Retail Store,Midwest,Completed
O002102,C00945,2024-08-28,Online,Northeast,Completed
O002103,C00533,2025-07-29,Retail Store,South,Completed
O002104,C00474,2023-03-17,Marketplace,Midwest,Completed
O002105,C01086,2024-02-04,Mobile App,Northeast,Completed
O002106,C00491,2023-05-21,Mobile App,South,Completed
O002107,C01141,2025-08-29,Online,South,Completed
O002108,C00020,2025-08-31,Retail Store,South,Completed
O002109,C00642,2024-10-09,Mobile App,Northeast,Completed
O002110,C01354,2025-04-16,Mobile App,Midwest,Completed
O002111,C00208,2025-09-15,Online,Northeast,Completed
O002112,C00572,2024-01-21,Marketplace,Midwest,Completed
O002113,C00333,2025-06-25,Marketplace,West,Completed
O002114,C00430,2024-09-27,Marketplace,South,Completed
O002115,C01289,2024-06-10,Marketplace,West,Returned
O002116,C01413,2023-04-18,Online,Northeast,Completed
O002117,C00467,2024-11-27,Online,West,Completed
O002118,C00195,2024-11-28,Online,South,Completed
O002119,C00589,2025-12-05,Mobile App,Midwest,Completed
O002120,C01269,2025-11-19,Marketplace,Midwest,Completed
O002121,C00673,2025-01-29,Retail Store,West,Completed
O002122,C01214,2025-11-27,Online,Northeast,Completed
O002123,C00282,2025-08-05,Retail Store,Northeast,Completed
O002124,C00947,2025-07-14,Online,Northeast,Completed
O002125,C00538,2025-12-19,Retail Store,Midwest,Completed
O002126,C01017,2024-02-27,Mobile App,West,Completed
O002127,C00170,2025-12-07,Mobile App,Northeast,Completed
O002128,C00890,2024-03-05,Online,Midwest,Completed
O002129,C00564,2025-10-03,Retail Store,Northeast,Completed
O002130,C00216,2023-02-16,Marketplace,South,Completed
O002131,C01148,2024-10-08,Marketplace,South,Completed
O002132,C00184,2024-03-28,Retail Store,Midwest,Completed
O002133,C00025,2023-02-12,Retail Store,West,Completed
O002134,C00250,2023-02-10,Mobile App,Northeast,Completed
O002135,C01175,2024-05-24,Marketplace,South,Completed
O002136,C00249,2024-10-07,Mobile App,Midwest,Completed
O002137,C01096,2023-05-01,Online,Midwest,Completed
O002138,C00672,2023-03-29,Online,Midwest,Completed
O002139,C00821,2025-08-02,Online,South,Returned
O002140,C00422,2025-12-23,Marketplace,West,Completed
O002141,C00445,2025-06-19,Retail Store,Northeast,Completed
O002142,C00724,2024-05-17,Mobile App,South,Completed
O002143,C01116,2023-01-15,Retail Store,Midwest,Cancelled
O002144,C00752,2025-05-31,Retail Store,Northeast,Completed
O002145,C00770,2024-11-15,Mobile App,West,Completed
O002146,C00237,2025-01-01,Online,Midwest,Completed
O002147,C01041,2023-03-29,Mobile App,South,Completed
O002148,C01116,2023-02-27,Marketplace,South,Completed
O002149,C00703,2025-04-19,Mobile App,Northeast,Completed
O002150,C00526,2025-02-12,Online,Midwest,Completed
O002151,C00215,2023-06-06,Marketplace,Northeast,Completed
O002152,C01097,2024-02-24,Retail Store,Midwest,Completed
O002153,C00077,2025-02-03,Mobile App,Northeast,Completed
O002154,C00439,2023-10-05,Online,West,Completed
O002155,C00276,2024-03-03,Online,West,Completed
O002156,C00238,2024-07-08,Mobile App,West,Completed
O002157,C01178,2023-02-14,Online,West,Completed
O002158,C00355,2023-01-08,Retail Store,South,Completed
O002159,C00719,2024-07-06,Online,Midwest,Completed
O002160,C00279,2024-11-04,Marketplace,West,Completed
O002161,C01315,2024-02-07,Marketplace,Northeast,Returned
O002162,C00786,2023-09-03,Retail Store,Northeast,Completed
O002163,C00625,2023-03-13,Mobile App,South,Completed
O002164,C00421,2023-05-14,Marketplace,West,Completed
O002165,C01500,2025-11-14,Mobile App,South,Completed
O002166,C00029,2025-08-30,Retail Store,West,Completed
O002167,C00715,2023-01-26,Mobile App,Northeast,Completed
O002168,C00382,2025-05-08,Mobile App,Northeast,Completed
O002169,C00537,2023-12-08,Online,Northeast,Completed
O002170,C01252,2024-04-21,Online,Northeast,Completed
O002171,C00015,2025-08-03,Retail Store,South,Completed
O002172,C01413,2023-04-26,Retail Store,West,Completed
O002173,C01129,2025-01-30,Online,South,Completed
O002174,C01300,2024-09-25,Mobile App,Northeast,Completed
O002175,C01203,2025-08-11,Marketplace,Northeast,Completed
O002176,C00420,2024-06-07,Mobile App,West,Completed
O002177,C00296,2025-10-12,Mobile App,Midwest,Completed
O002178,C00859,2024-03-14,Online,South,Completed
O002179,C00395,2023-04-16,Retail Store,Northeast,Completed
O002180,C00103,2025-02-20,Marketplace,South,Completed
O002181,C00311,2023-12-14,Online,Northeast,Completed
O002182,C00849,2024-04-29,Mobile App,West,Completed
O002183,C00695,2023-03-05,Marketplace,Northeast,Completed
O002184,C01014,2023-05-03,Mobile App,Northeast,Returned
O002185,C00945,2023-01-26,Mobile App,Northeast,Completed
O002186,C00352,2023-03-12,Mobile App,West,Completed
O002187,C01044,2025-02-18,Marketplace,Northeast,Completed
O002188,C00381,2025-10-12,Online,South,Completed
O002189,C00230,2024-07-26,Marketplace,West,Completed
O002190,C00013,2023-05-21,Marketplace,West,Completed
O002191,C00462,2023-04-21,Retail Store,South,Completed
O002192,C00739,2023-09-27,Mobile App,South,Completed
O002193,C00440,2024-12-02,Retail Store,South,Completed
O002194,C00625,2023-02-04,Marketplace,Midwest,Completed
O002195,C01264,2024-01-05,Online,West,Completed
O002196,C00194,2024-12-24,Mobile App,Midwest,Completed
O002197,C01235,2023-06-11,Retail Store,West,Completed
O002198,C00707,2023-10-02,Retail Store,Midwest,Completed
O002199,C00270,2025-02-21,Online,Northeast,Completed
O002200,C00350,2024-10-16,Marketplace,Northeast,Completed
O002201,C00523,2024-08-07,Marketplace,West,Completed
O002202,C00260,2025-11-18,Mobile App,West,Cancelled
O002203,C00639,2023-01-20,Marketplace,Midwest,Completed
O002204,C01347,2024-04-17,Online,West,Completed
O002205,C00598,2023-03-08,Mobile App,West,Completed
O002206,C00805,2025-04-06,Mobile App,South,Completed
O002207,C01107,2024-04-16,Retail Store,Midwest,Completed
O002208,C00241,2023-03-22,Mobile App,South,Completed
O002209,C00885,2024-10-14,Mobile App,Midwest,Completed
O002210,C00341,2023-12-11,Mobile App,Northeast,Completed
O002211,C00736,2023-10-31,Retail Store,Northeast,Completed
O002212,C00043,2023-01-05,Online,Northeast,Completed
O002213,C00929,2024-08-20,Mobile App,West,Completed
O002214,C00249,2023-01-07,Retail Store,Northeast,Completed
O002215,C00788,2023-02-17,Mobile App,Northeast,Completed
O002216,C00936,2025-10-09,Marketplace,South,Completed
O002217,C01110,2025-03-06,Retail Store,Northeast,Cancelled
O002218,C00984,2023-06-18,Retail Store,West,Completed
O002219,C01402,2023-02-17,Mobile App,Midwest,Completed
O002220,C00913,2023-07-18,Online,South,Completed
O002221,C00190,2023-06-24,Retail Store,Midwest,Completed
O002222,C00308,2023-10-17,Online,Midwest,Completed
O002223,C00744,2023-01-25,Mobile App,Northeast,Completed
O002224,C00062,2025-04-25,Marketplace,West,Returned
O002225,C01192,2024-05-27,Retail Store,Midwest,Completed
O002226,C00196,2023-10-31,Online,Northeast,Completed
O002227,C01447,2023-02-02,Online,South,Completed
O002228,C01052,2023-10-10,Marketplace,South,Completed
O002229,C00801,2023-01-03,Mobile App,South,Completed
O002230,C00537,2023-05-24,Retail Store,West,Completed
O002231,C00843,2025-01-04,Retail Store,South,Returned
O002232,C00036,2024-12-06,Online,West,Completed
O002233,C01130,2023-07-13,Retail Store,South,Completed
O002234,C01287,2025-05-07,Mobile App,Northeast,Cancelled
O002235,C00588,2024-12-09,Marketplace,Northeast,Completed
O002236,C00449,2025-08-09,Online,South,Completed
O002237,C00262,2023-04-21,Mobile App,Northeast,Completed
O002238,C01482,2023-03-02,Mobile App,Northeast,Returned
O002239,C00719,2025-05-24,Online,Northeast,Completed
O002240,C00024,2024-06-25,Marketplace,Midwest,Completed
O002241,C01497,2024-10-27,Retail Store,South,Completed
O002242,C00296,2024-09-17,Marketplace,South,Completed
O002243,C00052,2024-09-06,Online,West,Completed
O002244,C01023,2023-01-15,Mobile App,Midwest,Completed
O002245,C00482,2023-11-01,Retail Store,Midwest,Completed
O002246,C01096,2025-10-02,Mobile App,West,Completed
O002247,C00940,2023-07-27,Mobile App,South,Cancelled
O002248,C00857,2025-11-09,Marketplace,West,Returned
O002249,C00267,2025-03-30,Retail Store,South,Returned
O002250,C01118,2025-06-24,Marketplace,West,Completed
O002251,C00957,2024-08-23,Online,West,Completed
O002252,C00031,2024-03-01,Online,Midwest,Returned
O002253,C01026,2025-11-11,Marketplace,Midwest,Cancelled
O002254,C00642,2023-09-15,Retail Store,South,Completed
O002255,C00775,2024-09-21,Mobile App,West,Completed
O002256,C00518,2024-11-19,Retail Store,West,Completed
O002257,C00819,2023-12-19,Retail Store,Northeast,Completed
O002258,C00208,2023-06-30,Marketplace,Northeast,Completed
O002259,C00950,2023-06-14,Mobile App,South,Completed
O002260,C00691,2024-09-20,Retail Store,South,Completed
O002261,C01082,2024-01-02,Retail Store,Northeast,Completed
O002262,C00830,2023-02-17,Retail Store,West,Completed
O002263,C00090,2023-07-21,Mobile App,Northeast,Completed
O002264,C01488,2024-07-25,Mobile App,Northeast,Completed
O002265,C00637,2025-04-02,Marketplace,Northeast,Completed
O002266,C00109,2023-07-25,Online,West,Completed
O002267,C01218,2024-02-17,Marketplace,Northeast,Completed
O002268,C00184,2023-04-12,Retail Store,Northeast,Completed
O002269,C00493,2025-08-30,Online,Northeast,Completed
O002270,C01336,2023-07-22,Marketplace,West,Completed
O002271,C00727,2025-03-05,Online,South,Completed
O002272,C01073,2024-08-06,Retail Store,West,Returned
O002273,C00422,2023-09-04,Marketplace,Northeast,Completed
O002274,C00047,2023-12-06,Marketplace,Northeast,Completed
O002275,C00966,2025-06-27,Mobile App,Northeast,Completed
O002276,C00959,2023-04-26,Online,South,Completed
O002277,C01261,2023-02-26,Marketplace,Northeast,Completed
O002278,C00515,2024-02-20,Marketplace,West,Completed
O002279,C00694,2024-02-10,Mobile App,West,Completed
O002280,C00373,2023-08-06,Retail Store,Northeast,Completed
O002281,C00954,2025-01-20,Online,Midwest,Completed
O002282,C00277,2024-08-23,Mobile App,South,Returned
O002283,C00801,2023-11-29,Online,Northeast,Completed
O002284,C00934,2025-02-22,Retail Store,Midwest,Completed
O002285,C01398,2025-03-07,Retail Store,West,Completed
O002286,C01428,2024-05-18,Mobile App,Midwest,Completed
O002287,C00298,2025-04-12,Marketplace,Midwest,Returned
O002288,C00746,2024-03-21,Online,South,Returned
O002289,C00321,2025-12-06,Retail Store,Midwest,Completed
O002290,C01184,2023-08-19,Mobile App,South,Completed
O002291,C00452,2025-10-27,Online,Northeast,Completed
O002292,C00648,2023-06-02,Mobile App,Northeast,Completed
O002293,C00976,2023-05-26,Retail Store,West,Completed
O002294,C00828,2025-03-05,Mobile App,Midwest,Completed
O002295,C00635,2024-11-06,Online,South,Completed
O002296,C01022,2023-08-31,Marketplace,Midwest,Cancelled
O002297,C00251,2025-10-01,Retail Store,West,Completed
O002298,C00281,2024-10-19,Online,Northeast,Returned
O002299,C00275,2024-11-05,Mobile App,Northeast,Completed
O002300,C00700,2025-10-16,Retail Store,Northeast,Completed
O002301,C00330,2023-04-04,Mobile App,West,Completed
O002302,C00892,2024-08-28,Retail Store,Midwest,Completed
O002303,C00290,2025-08-05,Online,West,Completed
O002304,C00417,2023-02-25,Online,West,Completed
O002305,C00540,2025-01-10,Marketplace,West,Completed
O002306,C01362,2024-04-15,Online,West,Completed
O002307,C01086,2024-09-20,Online,South,Completed
O002308,C00618,2024-08-30,Retail Store,Northeast,Completed
O002309,C00332,2025-02-24,Mobile App,Northeast,Completed
O002310,C00303,2025-03-18,Marketplace,West,Completed
O002311,C00919,2024-09-06,Marketplace,Northeast,Completed
O002312,C01400,2025-07-01,Mobile App,West,Returned
O002313,C00427,2024-02-27,Marketplace,Midwest,Completed
O002314,C00447,2025-01-03,Marketplace,South,Completed
O002315,C01376,2023-04-17,Online,West,Completed
O002316,C01212,2025-12-07,Mobile App,West,Completed
O002317,C00532,2025-01-28,Online,South,Completed
O002318,C00972,2025-12-10,Mobile App,South,Completed
O002319,C00879,2024-11-01,Retail Store,West,Completed
O002320,C00923,2024-10-20,Online,West,Completed
O002321,C01456,2025-08-06,Retail Store,West,Completed
O002322,C00495,2023-06-07,Retail Store,Northeast,Completed
O002323,C00267,2024-03-06,Marketplace,West,Completed
O002324,C01318,2023-12-27,Mobile App,South,Completed
O002325,C00760,2023-06-03,Marketplace,West,Completed
O002326,C00867,2025-10-04,Mobile App,Northeast,Completed
O002327,C00592,2025-01-31,Retail Store,Northeast,Completed
O002328,C00768,2024-04-21,Mobile App,Northeast,Completed
O002329,C01198,2023-01-17,Mobile App,South,Completed
O002330,C00196,2025-04-26,Retail Store,Northeast,Completed
O002331,C00125,2025-10-11,Marketplace,Northeast,Completed
O002332,C00040,2025-07-11,Mobile App,West,Completed
O002333,C00081,2024-02-02,Retail Store,West,Returned
O002334,C00428,2024-08-19,Mobile App,South,Completed
O002335,C00772,2024-06-03,Mobile App,Midwest,Completed
O002336,C01154,2025-06-21,Retail Store,South,Completed
O002337,C01106,2024-05-09,Mobile App,Northeast,Completed
O002338,C00533,2025-03-25,Online,Midwest,Completed
O002339,C01432,2024-10-27,Mobile App,Northeast,Completed
O002340,C01011,2025-08-04,Mobile App,South,Completed
O002341,C00456,2023-08-30,Retail Store,West,Completed
O002342,C00257,2025-05-29,Marketplace,Northeast,Completed
O002343,C00930,2024-11-09,Mobile App,South,Completed
O002344,C00543,2024-02-25,Retail Store,West,Completed
O002345,C00006,2025-06-09,Marketplace,Midwest,Cancelled
O002346,C00348,2025-04-25,Online,Northeast,Completed
O002347,C01219,2023-07-31,Online,South,Completed
O002348,C00488,2025-01-30,Online,Midwest,Completed
O002349,C00356,2023-03-12,Mobile App,South,Completed
O002350,C00014,2024-02-27,Mobile App,South,Completed
O002351,C01336,2023-11-12,Retail Store,Midwest,Cancelled
O002352,C00692,2023-08-21,Retail Store,South,Completed
O002353,C00830,2023-03-10,Retail Store,South,Completed
O002354,C00395,2024-02-01,Mobile App,South,Completed
O002355,C00271,2023-12-01,Online,West,Completed
O002356,C00259,2024-04-17,Retail Store,Northeast,Completed
O002357,C00683,2023-04-28,Marketplace,West,Completed
O002358,C00242,2023-10-02,Mobile App,Northeast,Completed
O002359,C00986,2024-02-10,Marketplace,Northeast,Completed
O002360,C00031,2023-11-24,Marketplace,Northeast,Completed
O002361,C01160,2024-07-03,Mobile App,Northeast,Completed
O002362,C00371,2023-07-20,Marketplace,South,Completed
O002363,C00763,2023-07-24,Mobile App,West,Completed
O002364,C00970,2025-05-17,Retail Store,Midwest,Completed
O002365,C00785,2025-03-27,Online,Midwest,Completed
O002366,C00247,2023-02-22,Marketplace,West,Completed
O002367,C01352,2023-01-10,Retail Store,South,Completed
O002368,C00341,2023-05-06,Online,South,Completed
O002369,C00021,2024-11-10,Retail Store,Midwest,Completed
O002370,C01192,2023-10-13,Online,Northeast,Completed
O002371,C00994,2023-04-12,Marketplace,West,Completed
O002372,C01419,2023-09-17,Retail Store,Midwest,Completed
O002373,C01451,2023-07-11,Retail Store,South,Completed
O002374,C00016,2023-08-13,Retail Store,South,Completed
O002375,C01010,2023-03-26,Marketplace,West,Completed
O002376,C00349,2024-03-03,Marketplace,South,Completed
O002377,C00697,2023-04-28,Marketplace,South,Completed
O002378,C00118,2025-06-06,Retail Store,Midwest,Completed
O002379,C01109,2025-01-05,Mobile App,South,Completed
O002380,C00277,2025-06-14,Marketplace,West,Completed
O002381,C00815,2025-11-06,Marketplace,Midwest,Completed
O002382,C00625,2023-12-11,Mobile App,Midwest,Completed
O002383,C00165,2024-10-15,Marketplace,Midwest,Completed
O002384,C00018,2024-01-11,Online,Midwest,Completed
O002385,C00615,2025-04-10,Marketplace,South,Completed
O002386,C01324,2024-05-30,Online,South,Completed
O002387,C00179,2024-05-18,Retail Store,Midwest,Completed
O002388,C01241,2023-01-24,Marketplace,Northeast,Completed
O002389,C00276,2025-06-27,Marketplace,Northeast,Completed
O002390,C01190,2024-12-02,Retail Store,Northeast,Completed
O002391,C01326,2025-09-04,Online,Midwest,Completed
O002392,C01178,2023-04-13,Mobile App,Northeast,Completed
O002393,C00329,2023-12-30,Retail Store,South,Completed
O002394,C00012,2024-03-31,Online,West,Completed
O002395,C00945,2025-12-19,Marketplace,South,Completed
O002396,C00228,2024-07-29,Marketplace,West,Completed
O002397,C00801,2025-06-11,Retail Store,South,Completed
O002398,C00031,2024-12-25,Retail Store,Northeast,Completed
O002399,C00185,2024-07-09,Marketplace,West,Completed
O002400,C00422,2024-04-01,Mobile App,Northeast,Completed
O002401,C01460,2024-06-14,Online,Midwest,Completed
O002402,C00797,2024-02-14,Retail Store,Northeast,Completed
O002403,C00942,2023-08-27,Mobile App,South,Completed
O002404,C00977,2025-03-06,Marketplace,Midwest,Completed
O002405,C00515,2025-05-14,Retail Store,South,Cancelled
O002406,C00143,2024-07-22,Marketplace,West,Completed
O002407,C00041,2025-11-13,Online,West,Completed
O002408,C00614,2024-01-22,Mobile App,South,Completed
O002409,C00631,2024-03-24,Retail Store,West,Completed
O002410,C00449,2025-10-13,Retail Store,South,Completed
O002411,C01173,2024-02-07,Retail Store,West,Completed
O002412,C00736,2023-01-23,Retail Store,South,Completed
O002413,C00281,2024-04-06,Marketplace,West,Completed
O002414,C00406,2025-08-15,Marketplace,South,Completed
O002415,C01220,2023-01-25,Retail Store,Northeast,Completed
O002416,C00549,2024-10-02,Mobile App,West,Completed
O002417,C00067,2024-10-19,Mobile App,Northeast,Completed
O002418,C00625,2025-05-25,Marketplace,Northeast,Completed
O002419,C00455,2023-07-12,Marketplace,Midwest,Returned
O002420,C00435,2024-06-20,Marketplace,Midwest,Completed
O002421,C00852,2025-07-13,Retail Store,Midwest,Completed
O002422,C00479,2023-09-27,Marketplace,West,Completed
O002423,C01350,2023-05-18,Retail Store,Midwest,Completed
O002424,C00123,2025-02-02,Mobile App,Northeast,Returned
O002425,C00023,2023-12-08,Retail Store,Northeast,Completed
O002426,C00595,2025-02-27,Mobile App,Northeast,Completed
O002427,C00692,2025-05-27,Online,Northeast,Completed
O002428,C01213,2024-06-30,Mobile App,West,Completed
O002429,C00046,2025-06-20,Marketplace,South,Completed
O002430,C00375,2023-09-04,Mobile App,South,Completed
O002431,C00167,2025-08-31,Online,Midwest,Completed
O002432,C00674,2025-11-04,Mobile App,West,Completed
O002433,C00965,2023-04-06,Mobile App,West,Completed
O002434,C00819,2023-12-13,Online,West,Completed
O002435,C01374,2024-10-22,Retail Store,Northeast,Completed
O002436,C00121,2023-08-30,Retail Store,West,Completed
O002437,C01399,2023-06-09,Marketplace,West,Completed
O002438,C00824,2023-05-06,Mobile App,Northeast,Returned
O002439,C00393,2023-01-31,Mobile App,West,Completed
O002440,C01005,2023-06-14,Online,South,Completed
O002441,C00478,2024-10-23,Marketplace,South,Returned
O002442,C00631,2023-01-13,Retail Store,West,Completed
O002443,C00423,2023-11-20,Mobile App,Northeast,Completed
O002444,C00620,2024-05-01,Online,Midwest,Completed
O002445,C00055,2025-05-07,Marketplace,West,Completed
O002446,C00389,2024-11-27,Online,West,Cancelled
O002447,C00557,2025-12-22,Mobile App,South,Completed
O002448,C00112,2024-07-23,Mobile App,South,Completed
O002449,C01485,2023-06-04,Online,West,Completed
O002450,C01299,2023-01-12,Marketplace,West,Completed
O002451,C00704,2024-03-30,Online,Northeast,Completed
O002452,C01340,2024-06-01,Online,South,Completed
O002453,C00235,2025-07-08,Marketplace,Northeast,Completed
O002454,C00914,2024-09-03,Online,Northeast,Completed
O002455,C00931,2023-03-06,Mobile App,Northeast,Completed
O002456,C01334,2025-04-29,Retail Store,South,Completed
O002457,C01353,2024-10-30,Online,Northeast,Completed
O002458,C01314,2024-11-25,Marketplace,South,Completed
O002459,C00867,2025-05-08,Online,Northeast,Completed
O002460,C00352,2025-02-27,Marketplace,Northeast,Completed
O002461,C00035,2023-03-09,Mobile App,South,Completed
O002462,C00399,2023-12-25,Retail Store,West,Completed
O002463,C01315,2025-02-20,Retail Store,South,Completed
O002464,C00167,2025-09-19,Mobile App,Northeast,Completed
O002465,C00333,2023-10-20,Retail Store,Midwest,Completed
O002466,C00457,2023-07-04,Marketplace,South,Completed
O002467,C00830,2024-06-29,Online,West,Completed
O002468,C00271,2025-07-08,Retail Store,Northeast,Completed
O002469,C00721,2024-09-23,Retail Store,Northeast,Completed
O002470,C01434,2024-06-07,Marketplace,Northeast,Completed
O002471,C00498,2024-07-24,Marketplace,Northeast,Completed
O002472,C00244,2025-11-10,Retail Store,South,Completed
O002473,C01061,2025-10-17,Retail Store,South,Completed
O002474,C00405,2025-04-21,Mobile App,South,Completed
O002475,C01238,2025-04-05,Marketplace,West,Completed
O002476,C01162,2025-02-02,Marketplace,Midwest,Completed
O002477,C00104,2023-12-23,Retail Store,South,Completed
O002478,C00842,2024-01-13,Mobile App,South,Completed
O002479,C00363,2025-07-18,Mobile App,West,Completed
O002480,C00442,2023-11-13,Retail Store,South,Completed
O002481,C01455,2025-03-29,Marketplace,West,Completed
O002482,C00617,2025-06-07,Online,Northeast,Completed
O002483,C01246,2023-04-11,Mobile App,Midwest,Completed
O002484,C00317,2024-01-24,Mobile App,Northeast,Completed
O002485,C00610,2023-05-17,Online,Midwest,Completed
O002486,C00301,2025-08-13,Online,West,Completed
O002487,C00583,2024-04-09,Online,Northeast,Completed
O002488,C00659,2024-02-23,Mobile App,West,Completed
O002489,C00068,2025-08-20,Marketplace,South,Completed
O002490,C00328,2025-02-24,Mobile App,Midwest,Completed
O002491,C01063,2023-11-06,Mobile App,Northeast,Completed
O002492,C00874,2023-03-05,Marketplace,West,Completed
O002493,C00257,2024-06-18,Online,West,Completed
O002494,C00009,2025-04-03,Online,South,Completed
O002495,C01261,2023-01-06,Marketplace,West,Returned
O002496,C00984,2025-05-31,Mobile App,Midwest,Completed
O002497,C00635,2024-08-17,Mobile App,Northeast,Completed
O002498,C01456,2024-06-11,Mobile App,Northeast,Returned
O002499,C01353,2024-02-02,Retail Store,West,Completed
O002500,C01004,2023-04-17,Marketplace,West,Completed
O002501,C00128,2025-10-13,Mobile App,Midwest,Completed
O002502,C00301,2024-01-03,Retail Store,Northeast,Completed
O002503,C01057,2023-05-26,Marketplace,South,Completed
O002504,C01499,2024-01-24,Mobile App,Midwest,Completed
O002505,C00919,2024-09-27,Retail Store,Midwest,Completed
O002506,C00884,2024-07-08,Online,West,Returned
O002507,C00462,2025-05-01,Retail Store,South,Returned
O002508,C00847,2023-01-11,Retail Store,West,Completed
O002509,C01410,2025-08-23,Retail Store,Northeast,Returned
O002510,C00161,2023-12-07,Retail Store,Midwest,Completed
O002511,C01240,2024-06-07,Online,Northeast,Completed
O002512,C00710,2023-01-03,Online,Midwest,Completed
O002513,C00534,2024-10-19,Retail Store,West,Completed
O002514,C01234,2025-01-19,Online,South,Completed
O002515,C00006,2025-10-04,Online,West,Completed
O002516,C00654,2023-01-26,Retail Store,Midwest,Completed
O002517,C01238,2023-02-07,Mobile App,South,Completed
O002518,C01206,2023-02-19,Marketplace,South,Completed
O002519,C01053,2023-03-23,Retail Store,South,Completed
O002520,C01287,2025-03-28,Online,Midwest,Completed
O002521,C00803,2023-01-26,Retail Store,South,Completed
O002522,C00579,2023-07-05,Marketplace,West,Completed
O002523,C00702,2024-02-22,Marketplace,South,Completed
O002524,C00615,2024-01-24,Retail Store,West,Completed
O002525,C00885,2025-11-04,Marketplace,Northeast,Cancelled
O002526,C00085,2023-03-29,Online,South,Completed
O002527,C00162,2024-07-31,Online,South,Completed
O002528,C00776,2023-10-25,Online,West,Completed
O002529,C00703,2024-11-24,Mobile App,Northeast,Completed
O002530,C01217,2023-09-02,Marketplace,Northeast,Completed
O002531,C00038,2023-11-22,Retail Store,South,Returned
O002532,C00978,2023-01-15,Retail Store,West,Completed
O002533,C01090,2025-09-10,Mobile App,Northeast,Completed
O002534,C00131,2023-06-13,Retail Store,West,Completed
O002535,C01181,2024-11-25,Retail Store,South,Completed
O002536,C00271,2025-03-04,Marketplace,West,Completed
O002537,C00745,2025-02-08,Mobile App,Northeast,Completed
O002538,C01095,2025-02-26,Retail Store,Northeast,Completed
O002539,C00443,2025-07-07,Marketplace,Northeast,Completed
O002540,C00485,2023-04-17,Online,West,Completed
O002541,C00091,2023-01-18,Mobile App,Midwest,Completed
O002542,C00545,2023-06-29,Online,West,Completed
O002543,C01202,2023-01-23,Online,South,Cancelled
O002544,C01309,2023-05-01,Online,South,Completed
O002545,C00324,2024-06-21,Mobile App,Midwest,Completed
O002546,C01426,2025-01-29,Retail Store,West,Completed
O002547,C00086,2024-01-18,Online,West,Completed
O002548,C00950,2023-03-30,Retail Store,South,Returned
O002549,C00528,2024-08-27,Retail Store,Midwest,Completed
O002550,C00654,2023-10-08,Retail Store,Northeast,Returned
O002551,C00675,2024-07-30,Mobile App,Midwest,Completed
O002552,C01472,2023-02-03,Marketplace,Northeast,Completed
O002553,C00580,2024-03-08,Retail Store,Midwest,Completed
O002554,C00306,2023-12-10,Online,Midwest,Completed
O002555,C00779,2024-10-06,Online,West,Completed
O002556,C00286,2023-07-30,Retail Store,West,Completed
O002557,C00920,2023-01-22,Mobile App,Midwest,Returned
O002558,C00269,2025-04-11,Mobile App,Northeast,Cancelled
O002559,C00056,2025-01-19,Online,Midwest,Completed
O002560,C00904,2023-01-09,Mobile App,Northeast,Completed
O002561,C01018,2023-07-04,Online,West,Completed
O002562,C01172,2025-12-14,Online,West,Completed
O002563,C00429,2024-09-10,Mobile App,Northeast,Completed
O002564,C01454,2024-06-27,Marketplace,Northeast,Completed
O002565,C00199,2025-01-18,Retail Store,South,Cancelled
O002566,C00654,2025-08-15,Marketplace,Northeast,Returned
O002567,C00891,2023-06-13,Retail Store,West,Completed
O002568,C00677,2024-03-15,Marketplace,West,Completed
O002569,C01462,2024-02-03,Marketplace,Midwest,Completed
O002570,C01121,2025-07-31,Online,West,Completed
O002571,C01422,2024-01-16,Marketplace,South,Completed
O002572,C00501,2023-07-01,Online,Midwest,Completed
O002573,C00053,2024-01-16,Retail Store,South,Completed
O002574,C01414,2024-01-24,Marketplace,South,Completed
O002575,C00593,2024-03-06,Retail Store,West,Returned
O002576,C00336,2024-10-21,Marketplace,South,Completed
O002577,C01265,2025-07-31,Mobile App,West,Completed
O002578,C00459,2024-04-29,Retail Store,South,Completed
O002579,C00045,2024-05-03,Online,South,Cancelled
O002580,C01264,2023-05-14,Mobile App,West,Completed
O002581,C00601,2025-11-23,Mobile App,Midwest,Completed
O002582,C01246,2023-05-25,Online,South,Completed
O002583,C00673,2024-10-19,Retail Store,Northeast,Completed
O002584,C00907,2025-03-07,Retail Store,Northeast,Completed
O002585,C01129,2023-05-23,Mobile App,South,Completed
O002586,C00504,2025-03-16,Mobile App,Midwest,Completed
O002587,C00263,2025-06-04,Marketplace,South,Completed
O002588,C00849,2024-02-22,Online,Northeast,Completed
O002589,C00058,2024-09-03,Marketplace,West,Completed
O002590,C00071,2024-05-02,Retail Store,West,Completed
O002591,C00278,2025-10-28,Retail Store,Midwest,Completed
O002592,C00271,2024-09-01,Marketplace,Northeast,Completed
O002593,C00752,2025-06-08,Mobile App,West,Completed
O002594,C00881,2025-01-30,Mobile App,Northeast,Completed
O002595,C01042,2025-04-09,Retail Store,South,Completed
O002596,C00844,2025-04-06,Online,Midwest,Completed
O002597,C01323,2024-10-07,Mobile App,West,Returned
O002598,C01226,2025-09-19,Online,Midwest,Returned
O002599,C00071,2025-11-02,Retail Store,West,Completed
O002600,C00293,2024-07-31,Marketplace,South,Completed
O002601,C00270,2024-03-19,Mobile App,South,Completed
O002602,C00268,2025-02-19,Online,Northeast,Completed
O002603,C01353,2025-12-28,Online,Northeast,Completed
O002604,C00516,2024-11-26,Online,South,Completed
O002605,C01432,2025-07-11,Mobile App,West,Completed
O002606,C01020,2025-12-23,Retail Store,Midwest,Completed
O002607,C00815,2023-11-27,Marketplace,Midwest,Completed
O002608,C00264,2023-05-12,Mobile App,South,Completed
O002609,C00676,2025-09-16,Retail Store,Northeast,Completed
O002610,C01430,2023-06-07,Retail Store,South,Completed
O002611,C01178,2024-09-18,Retail Store,West,Completed
O002612,C01407,2024-10-26,Marketplace,West,Completed
O002613,C01390,2025-03-03,Mobile App,South,Completed
O002614,C00413,2025-06-29,Marketplace,South,Completed
O002615,C00855,2023-05-02,Online,South,Completed
O002616,C00661,2023-07-22,Retail Store,West,Completed
O002617,C00569,2025-11-03,Retail Store,West,Returned
O002618,C00672,2025-03-27,Retail Store,Midwest,Completed
O002619,C00964,2023-12-19,Marketplace,Midwest,Completed
O002620,C00692,2025-03-02,Marketplace,West,Completed
O002621,C00732,2024-08-19,Online,Northeast,Completed
O002622,C00316,2024-10-27,Mobile App,Northeast,Completed
O002623,C01050,2024-06-16,Marketplace,Northeast,Completed
O002624,C01084,2024-02-18,Marketplace,South,Cancelled
O002625,C00652,2023-02-04,Marketplace,South,Completed
O002626,C00503,2025-07-15,Marketplace,Northeast,Completed
O002627,C00316,2024-09-02,Mobile App,Midwest,Completed
O002628,C01421,2023-12-22,Retail Store,Northeast,Completed
O002629,C00063,2025-12-31,Retail Store,South,Completed
O002630,C01307,2023-01-25,Online,West,Completed
O002631,C00277,2025-09-19,Retail Store,West,Completed
O002632,C00430,2024-07-04,Retail Store,Northeast,Completed
O002633,C00651,2023-01-27,Online,Midwest,Completed
O002634,C00613,2025-02-12,Online,West,Completed
O002635,C01387,2024-04-01,Online,Midwest,Completed
O002636,C01348,2023-04-03,Marketplace,South,Completed
O002637,C01333,2024-07-07,Online,South,Returned
O002638,C00681,2024-12-25,Retail Store,South,Completed
O002639,C00640,2025-08-17,Mobile App,South,Completed
O002640,C00965,2025-06-20,Retail Store,West,Completed
O002641,C01345,2025-01-18,Retail Store,Northeast,Completed
O002642,C00413,2025-12-06,Online,South,Completed
O002643,C01314,2023-09-22,Marketplace,Midwest,Completed
O002644,C01169,2024-07-20,Marketplace,Northeast,Completed
O002645,C00880,2024-03-26,Online,South,Completed
O002646,C00340,2025-02-10,Marketplace,Midwest,Completed
O002647,C00203,2025-11-23,Marketplace,South,Completed
O002648,C01210,2025-04-05,Mobile App,South,Completed
O002649,C00189,2023-06-27,Online,Midwest,Completed
O002650,C00782,2024-08-26,Retail Store,South,Completed
O002651,C00861,2025-04-28,Mobile App,Northeast,Completed
O002652,C01339,2023-10-23,Marketplace,South,Completed
O002653,C00351,2023-02-25,Mobile App,South,Completed
O002654,C01451,2023-04-26,Marketplace,Northeast,Completed
O002655,C01375,2025-07-06,Retail Store,Northeast,Cancelled
O002656,C00145,2024-10-23,Marketplace,Midwest,Completed
O002657,C01116,2024-02-19,Online,Northeast,Completed
O002658,C00723,2025-08-05,Online,Northeast,Completed
O002659,C01045,2024-09-11,Marketplace,Midwest,Completed
O002660,C01128,2024-03-06,Marketplace,Midwest,Completed
O002661,C01404,2023-11-15,Marketplace,Northeast,Completed
O002662,C00370,2025-03-28,Online,Northeast,Completed
O002663,C00181,2023-02-27,Online,Midwest,Completed
O002664,C01343,2025-12-07,Online,West,Completed
O002665,C00015,2023-02-24,Marketplace,West,Completed
O002666,C00097,2023-03-17,Marketplace,Northeast,Completed
O002667,C00794,2023-10-28,Mobile App,South,Returned
O002668,C01355,2025-11-13,Retail Store,West,Completed
O002669,C01462,2023-04-05,Retail Store,South,Completed
O002670,C01063,2025-11-12,Mobile App,West,Completed
O002671,C00028,2024-12-26,Marketplace,West,Completed
O002672,C00206,2023-12-16,Retail Store,South,Completed
O002673,C01385,2024-10-13,Online,West,Completed
O002674,C01266,2025-12-10,Mobile App,West,Completed
O002675,C00092,2024-07-27,Retail Store,Midwest,Completed
O002676,C00157,2024-03-04,Retail Store,Northeast,Returned
O002677,C00465,2023-07-29,Retail Store,South,Completed
O002678,C00665,2025-06-28,Marketplace,Northeast,Completed
O002679,C01194,2023-06-02,Marketplace,Northeast,Completed
O002680,C00292,2025-07-03,Mobile App,Northeast,Completed
O002681,C00874,2024-06-30,Retail Store,Midwest,Cancelled
O002682,C00475,2024-08-23,Marketplace,Northeast,Completed
O002683,C00136,2024-09-02,Marketplace,Northeast,Completed
O002684,C00448,2024-10-15,Marketplace,West,Completed
O002685,C01193,2023-09-01,Marketplace,Midwest,Completed
O002686,C01357,2023-11-25,Marketplace,South,Completed
O002687,C00280,2024-03-02,Online,Northeast,Completed
O002688,C00465,2024-09-15,Mobile App,South,Completed
O002689,C01127,2025-02-02,Retail Store,Northeast,Completed
O002690,C00797,2024-05-21,Online,West,Returned
O002691,C00788,2024-09-06,Marketplace,Midwest,Completed
O002692,C01295,2023-09-08,Retail Store,Midwest,Completed
O002693,C01249,2025-09-24,Online,Midwest,Completed
O002694,C00331,2024-11-20,Mobile App,Northeast,Completed
O002695,C00203,2023-05-28,Mobile App,Midwest,Completed
O002696,C00792,2024-07-14,Online,West,Completed
O002697,C00922,2024-02-21,Retail Store,West,Completed
O002698,C00592,2023-09-14,Mobile App,West,Completed
O002699,C00870,2023-02-28,Retail Store,South,Completed
O002700,C00239,2025-02-26,Mobile App,South,Completed
O002701,C00851,2023-09-10,Marketplace,West,Completed
O002702,C00808,2023-10-13,Mobile App,Midwest,Completed
O002703,C00263,2023-03-07,Mobile App,South,Cancelled
O002704,C00149,2024-07-04,Mobile App,Northeast,Cancelled
O002705,C01000,2024-03-28,Retail Store,West,Completed
O002706,C01259,2025-08-29,Online,West,Completed
O002707,C00247,2024-07-19,Retail Store,West,Completed
O002708,C00718,2024-03-08,Online,South,Completed
O002709,C00630,2025-01-08,Mobile App,West,Completed
O002710,C01126,2023-04-18,Marketplace,Northeast,Completed
O002711,C00137,2025-02-16,Retail Store,South,Completed
O002712,C01194,2024-11-16,Mobile App,Midwest,Completed
O002713,C00539,2025-06-17,Online,West,Completed
O002714,C00006,2024-03-19,Mobile App,Midwest,Completed
O002715,C00556,2023-05-11,Retail Store,South,Completed
O002716,C00289,2025-03-28,Mobile App,West,Completed
O002717,C00961,2023-01-02,Mobile App,Midwest,Completed
O002718,C00775,2025-01-09,Online,Midwest,Completed
O002719,C00733,2024-02-10,Online,South,Completed
O002720,C01208,2025-07-26,Retail Store,West,Completed
O002721,C00029,2023-01-17,Retail Store,Midwest,Completed
O002722,C00195,2025-06-10,Mobile App,West,Completed
O002723,C00123,2025-10-25,Online,Northeast,Completed
O002724,C00640,2024-05-13,Mobile App,Northeast,Completed
O002725,C00469,2023-05-13,Marketplace,Midwest,Completed
O002726,C00996,2023-08-01,Online,Northeast,Completed
O002727,C00867,2025-04-10,Retail Store,Midwest,Completed
O002728,C01316,2023-04-19,Online,West,Completed
O002729,C01478,2024-02-10,Online,South,Completed
O002730,C00828,2024-02-06,Online,Northeast,Completed
O002731,C00687,2025-10-25,Retail Store,West,Completed
O002732,C00345,2024-10-30,Retail Store,South,Completed
O002733,C00827,2023-11-11,Marketplace,Northeast,Completed
O002734,C00655,2023-06-04,Mobile App,Midwest,Completed
O002735,C01064,2024-05-26,Mobile App,South,Completed
O002736,C00065,2024-07-23,Retail Store,Northeast,Cancelled
O002737,C01362,2023-09-25,Mobile App,South,Completed
O002738,C01359,2023-02-26,Online,Northeast,Completed
O002739,C01095,2024-03-01,Retail Store,Midwest,Completed
O002740,C01315,2024-01-30,Mobile App,South,Completed
O002741,C00325,2023-08-28,Mobile App,South,Completed
O002742,C00683,2025-04-23,Mobile App,Midwest,Completed
O002743,C00611,2025-03-29,Marketplace,Midwest,Completed
O002744,C00880,2024-06-24,Mobile App,West,Completed
O002745,C00896,2024-12-31,Marketplace,South,Completed
O002746,C01356,2024-05-11,Retail Store,Midwest,Completed
O002747,C00829,2024-04-20,Online,Midwest,Completed
O002748,C00760,2025-02-24,Retail Store,West,Completed
O002749,C00323,2025-09-26,Retail Store,West,Completed
O002750,C01269,2025-11-12,Marketplace,Northeast,Completed
O002751,C00449,2025-08-26,Mobile App,Midwest,Completed
O002752,C00591,2025-01-29,Marketplace,South,Returned
O002753,C01474,2025-03-17,Retail Store,West,Completed
O002754,C01299,2025-04-15,Retail Store,South,Completed
O002755,C01012,2024-02-19,Mobile App,West,Completed
O002756,C01313,2023-06-17,Marketplace,South,Completed
O002757,C01281,2025-05-06,Mobile App,South,Completed
O002758,C01124,2024-08-09,Retail Store,West,Completed
O002759,C00208,2023-02-23,Marketplace,West,Completed
O002760,C01262,2025-08-21,Online,South,Completed
O002761,C00208,2024-04-04,Marketplace,Northeast,Completed
O002762,C00182,2024-02-07,Online,West,Completed
O002763,C00268,2024-03-02,Marketplace,West,Completed
O002764,C00561,2023-01-09,Marketplace,Northeast,Returned
O002765,C00792,2023-02-09,Retail Store,South,Completed
O002766,C00816,2023-09-08,Mobile App,Midwest,Completed
O002767,C00377,2025-06-24,Retail Store,West,Completed
O002768,C01439,2023-12-03,Retail Store,West,Completed
O002769,C00943,2024-01-27,Mobile App,Northeast,Completed
O002770,C00441,2024-09-07,Marketplace,Northeast,Completed
O002771,C00372,2023-06-13,Marketplace,Northeast,Completed
O002772,C00182,2024-08-21,Marketplace,West,Completed
O002773,C00448,2025-04-23,Retail Store,South,Completed
O002774,C00221,2023-08-03,Mobile App,West,Completed
O002775,C00822,2023-02-26,Mobile App,Northeast,Completed
O002776,C00399,2023-03-11,Mobile App,Northeast,Cancelled
O002777,C01364,2024-03-17,Marketplace,West,Completed
O002778,C01093,2024-02-25,Online,Midwest,Completed
O002779,C01492,2024-06-27,Online,Northeast,Completed
O002780,C00078,2025-10-07,Online,South,Returned
O002781,C00821,2023-07-06,Online,Northeast,Completed
O002782,C00098,2023-06-20,Retail Store,Northeast,Returned
O002783,C01085,2023-03-21,Marketplace,South,Returned
O002784,C00149,2025-04-07,Online,Northeast,Completed
O002785,C01028,2024-02-15,Retail Store,Midwest,Completed
O002786,C00430,2023-11-16,Retail Store,Northeast,Completed
O002787,C00995,2025-09-06,Online,Northeast,Completed
O002788,C00664,2023-05-01,Marketplace,Northeast,Completed
O002789,C00277,2023-08-26,Online,South,Completed
O002790,C00622,2023-02-03,Marketplace,South,Completed
O002791,C00593,2025-12-02,Online,Northeast,Completed
O002792,C00650,2025-07-29,Mobile App,Midwest,Returned
O002793,C00894,2023-06-03,Marketplace,South,Completed
O002794,C00878,2025-02-18,Mobile App,Midwest,Completed
O002795,C01305,2023-06-13,Marketplace,Northeast,Cancelled
O002796,C01183,2025-02-15,Retail Store,Northeast,Completed
O002797,C00582,2023-09-01,Online,Midwest,Completed
O002798,C00679,2024-11-18,Online,South,Completed
O002799,C00137,2024-01-15,Marketplace,West,Completed
O002800,C00662,2024-11-21,Mobile App,South,Completed
O002801,C00005,2024-09-30,Mobile App,Northeast,Completed
O002802,C01196,2023-05-14,Retail Store,West,Returned
O002803,C00800,2025-01-05,Retail Store,West,Cancelled
O002804,C00063,2024-03-28,Retail Store,Northeast,Cancelled
O002805,C00925,2024-11-28,Retail Store,West,Returned
O002806,C00746,2024-03-02,Retail Store,Midwest,Completed
O002807,C01307,2024-01-13,Online,West,Completed
O002808,C00830,2023-09-30,Retail Store,Midwest,Completed
O002809,C01359,2025-09-02,Online,Northeast,Completed
O002810,C00775,2024-03-31,Marketplace,Northeast,Completed
O002811,C00211,2025-11-14,Online,West,Cancelled
O002812,C01109,2025-04-23,Online,West,Cancelled
O002813,C00278,2023-07-25,Mobile App,West,Completed
O002814,C00250,2025-10-24,Retail Store,Northeast,Completed
O002815,C00293,2023-10-14,Mobile App,South,Completed
O002816,C01098,2024-08-04,Retail Store,Northeast,Completed
O002817,C00734,2025-12-13,Retail Store,South,Completed
O002818,C01240,2024-07-02,Online,West,Completed
O002819,C00505,2023-07-28,Retail Store,Northeast,Completed
O002820,C00653,2024-10-05,Marketplace,South,Completed
O002821,C00016,2025-12-22,Marketplace,South,Completed
O002822,C01140,2025-01-06,Online,West,Completed
O002823,C00262,2024-05-07,Online,Northeast,Completed
O002824,C01274,2024-09-06,Retail Store,Northeast,Completed
O002825,C00618,2024-11-05,Online,South,Completed
O002826,C01344,2023-09-16,Retail Store,Northeast,Completed
O002827,C01288,2025-07-19,Mobile App,Midwest,Completed
O002828,C00047,2025-11-10,Marketplace,South,Completed
O002829,C00952,2023-02-21,Online,South,Completed
O002830,C00491,2025-06-29,Marketplace,Midwest,Completed
O002831,C00706,2024-11-10,Marketplace,Midwest,Completed
O002832,C01116,2024-09-18,Retail Store,Northeast,Completed
O002833,C01235,2023-01-02,Marketplace,West,Completed
O002834,C00314,2024-09-02,Marketplace,Midwest,Completed
O002835,C00861,2025-03-06,Marketplace,Midwest,Completed
O002836,C00910,2024-07-13,Online,Midwest,Completed
O002837,C00457,2025-04-28,Marketplace,Northeast,Completed
O002838,C00733,2023-04-30,Mobile App,South,Completed
O002839,C01481,2024-02-03,Marketplace,West,Completed
O002840,C00552,2025-03-25,Retail Store,Midwest,Completed
O002841,C00019,2024-01-05,Retail Store,Midwest,Completed
O002842,C00357,2023-10-16,Mobile App,Midwest,Completed
O002843,C00164,2023-03-07,Marketplace,Midwest,Completed
O002844,C00506,2024-11-08,Marketplace,Midwest,Completed
O002845,C00940,2024-11-23,Retail Store,Midwest,Completed
O002846,C00357,2023-02-28,Marketplace,West,Completed
O002847,C00337,2023-11-29,Retail Store,Midwest,Completed
O002848,C01346,2024-03-12,Mobile App,South,Completed
O002849,C00372,2024-08-19,Mobile App,Midwest,Completed
O002850,C00464,2023-10-13,Online,West,Returned
O002851,C00804,2023-10-14,Mobile App,West,Completed
O002852,C00324,2023-07-05,Online,West,Returned
O002853,C00055,2023-10-12,Retail Store,South,Completed
O002854,C00736,2023-12-29,Mobile App,Northeast,Completed
O002855,C00973,2025-02-22,Online,South,Cancelled
O002856,C00442,2024-12-27,Online,Northeast,Completed
O002857,C00619,2025-10-21,Retail Store,Northeast,Completed
O002858,C00218,2023-07-15,Mobile App,Northeast,Completed
O002859,C01238,2024-04-07,Marketplace,West,Completed
O002860,C01452,2023-02-14,Retail Store,South,Completed
O002861,C00772,2024-01-13,Retail Store,Midwest,Completed
O002862,C01229,2025-01-24,Retail Store,Midwest,Completed
O002863,C00001,2023-10-20,Retail Store,South,Completed
O002864,C00480,2024-03-20,Online,South,Completed
O002865,C01095,2025-08-17,Online,West,Completed
O002866,C00502,2025-06-22,Marketplace,Midwest,Completed
O002867,C00402,2024-08-28,Online,Midwest,Completed
O002868,C00862,2025-10-18,Marketplace,West,Completed
O002869,C00138,2025-08-22,Mobile App,West,Completed
O002870,C00977,2023-06-27,Online,Midwest,Completed
O002871,C00271,2023-05-03,Mobile App,South,Completed
O002872,C00792,2025-06-23,Marketplace,Northeast,Completed
O002873,C00310,2024-05-18,Mobile App,South,Completed
O002874,C00147,2024-12-29,Mobile App,South,Completed
O002875,C00849,2024-08-05,Mobile App,Midwest,Completed
O002876,C01242,2024-08-08,Retail Store,South,Completed
O002877,C00690,2024-05-16,Mobile App,West,Completed
O002878,C01440,2023-11-01,Online,South,Completed
O002879,C00779,2024-12-06,Mobile App,West,Completed
O002880,C01006,2024-06-12,Mobile App,Northeast,Completed
O002881,C00699,2024-12-02,Mobile App,Northeast,Completed
O002882,C00563,2023-07-13,Online,Northeast,Completed
O002883,C00805,2023-12-02,Retail Store,West,Completed
O002884,C00131,2024-03-27,Mobile App,Midwest,Cancelled
O002885,C00452,2024-10-09,Mobile App,Midwest,Completed
O002886,C00791,2025-03-14,Marketplace,Midwest,Completed
O002887,C01206,2025-06-22,Marketplace,Midwest,Completed
O002888,C00247,2024-08-12,Online,Midwest,Completed
O002889,C00847,2024-10-06,Mobile App,Northeast,Completed
O002890,C00225,2025-02-23,Mobile App,Midwest,Completed
O002891,C00917,2025-05-13,Marketplace,South,Completed
O002892,C01439,2024-04-18,Online,Midwest,Completed
O002893,C01403,2024-03-17,Retail Store,Midwest,Completed
O002894,C00896,2023-08-14,Retail Store,Midwest,Completed
O002895,C01011,2024-02-06,Marketplace,Midwest,Completed
O002896,C00707,2023-01-13,Marketplace,Midwest,Completed
O002897,C00239,2023-10-08,Retail Store,Midwest,Completed
O002898,C00472,2023-02-19,Mobile App,South,Completed
O002899,C00396,2023-10-22,Marketplace,South,Completed
O002900,C00649,2023-04-25,Online,Midwest,Completed
O002901,C00025,2025-03-30,Marketplace,West,Completed
O002902,C00411,2023-10-15,Online,West,Cancelled
O002903,C00101,2023-11-07,Retail Store,Northeast,Completed
O002904,C01113,2025-03-05,Mobile App,Midwest,Completed
O002905,C01384,2025-05-16,Marketplace,West,Completed
O002906,C01483,2025-04-10,Online,West,Completed
O002907,C01243,2024-11-18,Retail Store,Midwest,Completed
O002908,C01152,2023-09-30,Retail Store,Northeast,Completed
O002909,C00385,2023-04-17,Mobile App,Northeast,Completed
O002910,C00767,2023-07-11,Online,South,Returned
O002911,C00222,2023-01-02,Retail Store,Northeast,Completed
O002912,C01108,2024-12-07,Online,Northeast,Completed
O002913,C00586,2025-11-09,Retail Store,Northeast,Completed
O002914,C00496,2023-05-06,Online,Midwest,Completed
O002915,C00156,2025-11-08,Mobile App,Midwest,Completed
O002916,C01055,2023-07-31,Mobile App,Midwest,Completed
O002917,C00404,2024-12-22,Online,Northeast,Completed
O002918,C00782,2025-04-05,Retail Store,Midwest,Completed
O002919,C00074,2025-07-12,Online,Midwest,Completed
O002920,C01346,2023-11-13,Online,West,Completed
O002921,C01438,2024-02-23,Online,West,Completed
O002922,C00869,2025-11-22,Marketplace,West,Completed
O002923,C00899,2025-08-20,Retail Store,West,Completed
O002924,C00328,2024-02-18,Marketplace,South,Completed
O002925,C01099,2023-02-27,Mobile App,Midwest,Completed
O002926,C00865,2023-05-18,Retail Store,Midwest,Completed
O002927,C00747,2025-01-26,Mobile App,South,Completed
O002928,C00579,2025-11-08,Mobile App,South,Completed
O002929,C01435,2023-07-13,Marketplace,West,Completed
O002930,C00872,2024-11-07,Marketplace,Midwest,Completed
O002931,C00415,2024-03-02,Online,Northeast,Completed
O002932,C00947,2024-02-23,Mobile App,South,Completed
O002933,C00649,2024-03-30,Online,Midwest,Completed
O002934,C00656,2023-05-06,Mobile App,South,Completed
O002935,C00219,2024-09-06,Mobile App,West,Completed
O002936,C01097,2024-01-26,Marketplace,Northeast,Completed
O002937,C00459,2023-01-17,Mobile App,West,Completed
O002938,C00238,2025-08-18,Online,West,Completed
O002939,C00263,2023-10-15,Marketplace,Midwest,Returned
O002940,C01235,2024-02-11,Online,Northeast,Completed
O002941,C01468,2023-04-09,Retail Store,South,Completed
O002942,C00444,2024-08-17,Online,West,Completed
O002943,C00193,2025-07-04,Marketplace,West,Completed
O002944,C00771,2025-08-30,Retail Store,Northeast,Completed
O002945,C00933,2025-03-27,Marketplace,West,Completed
O002946,C00399,2025-02-12,Retail Store,South,Completed
O002947,C00331,2025-01-20,Retail Store,South,Cancelled
O002948,C00402,2025-02-16,Marketplace,Midwest,Returned
O002949,C00181,2024-01-09,Online,South,Completed
O002950,C00044,2023-01-28,Retail Store,West,Completed
O002951,C00103,2024-05-13,Online,West,Completed
O002952,C00674,2023-08-23,Online,Northeast,Completed
O002953,C01452,2023-05-22,Mobile App,West,Completed
O002954,C00822,2023-03-08,Retail Store,South,Completed
O002955,C00689,2024-06-19,Marketplace,West,Returned
O002956,C00653,2024-02-21,Retail Store,South,Completed
O002957,C00183,2025-01-03,Mobile App,West,Completed
O002958,C00517,2025-08-24,Marketplace,Northeast,Completed
O002959,C01298,2025-10-31,Marketplace,West,Completed
O002960,C00047,2024-05-06,Mobile App,South,Completed
O002961,C00748,2025-04-14,Mobile App,West,Completed
O002962,C00541,2025-03-15,Mobile App,Midwest,Completed
O002963,C00006,2023-09-21,Online,Midwest,Completed
O002964,C01119,2023-10-17,Marketplace,Northeast,Completed
O002965,C00655,2025-02-11,Online,Northeast,Completed
O002966,C00427,2024-11-23,Mobile App,Midwest,Completed
O002967,C01321,2024-02-20,Mobile App,Northeast,Completed
O002968,C00782,2025-05-11,Mobile App,South,Completed
O002969,C01480,2023-04-30,Online,Northeast,Completed
O002970,C01133,2024-04-25,Marketplace,Northeast,Completed
O002971,C00356,2024-09-26,Mobile App,Northeast,Returned
O002972,C01114,2023-05-13,Mobile App,Midwest,Completed
O002973,C00538,2024-04-16,Mobile App,Northeast,Completed
O002974,C00856,2023-07-01,Marketplace,South,Returned
O002975,C00288,2023-02-20,Mobile App,Northeast,Completed
O002976,C01172,2023-05-17,Retail Store,Midwest,Completed
O002977,C00008,2024-06-09,Retail Store,West,Completed
O002978,C00715,2023-06-30,Mobile App,Northeast,Completed
O002979,C01019,2023-01-18,Mobile App,West,Completed
O002980,C00194,2024-08-17,Online,South,Completed
O002981,C00972,2025-05-14,Marketplace,South,Completed
O002982,C00831,2023-02-28,Marketplace,Northeast,Completed
O002983,C00981,2023-07-21,Marketplace,West,Completed
O002984,C00838,2025-12-23,Mobile App,South,Completed
O002985,C00180,2025-01-02,Marketplace,Northeast,Completed
O002986,C00823,2023-11-27,Mobile App,West,Completed
O002987,C00910,2025-06-04,Online,West,Completed
O002988,C00176,2025-07-05,Marketplace,West,Completed
O002989,C00950,2024-01-19,Retail Store,Northeast,Completed
O002990,C00278,2024-10-13,Retail Store,Northeast,Completed
O002991,C00889,2025-08-10,Retail Store,South,Completed
O002992,C00052,2025-02-17,Mobile App,Midwest,Completed
O002993,C00650,2025-12-25,Online,Northeast,Returned
O002994,C00903,2024-08-18,Online,Northeast,Completed
O002995,C01130,2024-11-06,Mobile App,West,Returned
O002996,C00812,2023-10-12,Retail Store,Midwest,Completed
O002997,C01328,2025-06-22,Online,Northeast,Completed
O002998,C00115,2025-05-27,Retail Store,Northeast,Completed
O002999,C00553,2024-01-12,Mobile App,Midwest,Completed
O003000,C01310,2025-10-03,Marketplace,Midwest,Completed
O003001,C01208,2023-02-04,Mobile App,South,Completed
O003002,C01298,2023-11-04,Online,Midwest,Completed
O003003,C00564,2023-03-15,Mobile App,West,Returned
O003004,C00306,2025-04-02,Mobile App,Midwest,Completed
O003005,C00244,2025-04-15,Online,South,Completed
O003006,C01309,2023-01-28,Mobile App,West,Completed
O003007,C01334,2023-12-20,Marketplace,West,Completed
O003008,C00490,2025-07-13,Marketplace,Midwest,Completed
O003009,C01429,2024-08-13,Retail Store,Northeast,Completed
O003010,C00625,2023-07-08,Marketplace,Midwest,Returned
O003011,C01390,2025-01-22,Marketplace,West,Completed
O003012,C00742,2025-10-06,Retail Store,South,Completed
O003013,C01484,2024-06-04,Online,Midwest,Completed
O003014,C01053,2025-05-07,Mobile App,Midwest,Completed
O003015,C00608,2025-11-03,Mobile App,South,Returned
O003016,C00853,2025-05-28,Marketplace,South,Cancelled
O003017,C00493,2024-09-05,Mobile App,Midwest,Completed
O003018,C01075,2025-08-26,Marketplace,Midwest,Returned
O003019,C00326,2024-08-18,Marketplace,South,Completed
O003020,C00616,2024-03-23,Mobile App,Midwest,Completed
O003021,C00730,2024-11-21,Online,Northeast,Completed
O003022,C00740,2024-10-15,Online,Northeast,Completed
O003023,C00339,2025-04-01,Online,West,Completed
O003024,C01428,2024-02-06,Marketplace,Northeast,Returned
O003025,C01209,2025-09-30,Retail Store,South,Completed
O003026,C00495,2024-12-08,Online,Northeast,Completed
O003027,C00726,2024-12-20,Online,Northeast,Completed
O003028,C00704,2023-01-10,Online,Midwest,Returned
O003029,C00430,2023-07-12,Retail Store,Midwest,Completed
O003030,C01401,2025-08-08,Mobile App,Midwest,Completed
O003031,C00162,2024-11-08,Online,South,Completed
O003032,C00563,2024-12-23,Mobile App,Northeast,Completed
O003033,C00306,2025-08-01,Marketplace,Midwest,Completed
O003034,C00228,2024-01-11,Online,Midwest,Completed
O003035,C01135,2025-12-18,Retail Store,South,Completed
O003036,C01295,2023-06-14,Marketplace,Midwest,Completed
O003037,C00664,2023-06-15,Online,South,Returned
O003038,C00733,2024-09-15,Retail Store,Midwest,Completed
O003039,C00856,2025-07-18,Mobile App,Northeast,Completed
O003040,C00934,2023-08-09,Mobile App,West,Completed
O003041,C00178,2023-07-15,Retail Store,South,Completed
O003042,C00872,2025-05-16,Retail Store,South,Completed
O003043,C01053,2025-05-18,Retail Store,Northeast,Completed
O003044,C00328,2025-06-24,Online,West,Returned
O003045,C00172,2025-05-18,Marketplace,South,Completed
O003046,C00152,2024-04-26,Marketplace,Midwest,Returned
O003047,C00067,2024-09-28,Retail Store,Midwest,Completed
O003048,C01387,2023-10-20,Marketplace,South,Completed
O003049,C00441,2023-07-24,Retail Store,South,Completed
O003050,C00632,2025-12-23,Retail Store,Northeast,Completed
O003051,C00118,2024-08-20,Mobile App,South,Completed
O003052,C00751,2025-03-31,Online,Midwest,Completed
O003053,C00220,2023-12-26,Mobile App,South,Completed
O003054,C00776,2025-01-29,Marketplace,West,Completed
O003055,C00600,2023-08-14,Online,Midwest,Completed
O003056,C01068,2024-02-02,Mobile App,Northeast,Completed
O003057,C00174,2025-02-01,Online,South,Completed
O003058,C00244,2025-09-17,Online,West,Completed
O003059,C01239,2023-08-23,Mobile App,West,Completed
O003060,C00926,2024-11-26,Mobile App,Northeast,Completed
O003061,C01404,2025-05-25,Online,South,Completed
O003062,C01267,2025-09-28,Mobile App,South,Completed
O003063,C01162,2024-05-19,Online,West,Completed
O003064,C00992,2025-08-01,Online,West,Completed
O003065,C00999,2025-11-18,Online,West,Completed
O003066,C00403,2023-06-15,Online,Midwest,Completed
O003067,C00013,2023-01-22,Mobile App,South,Completed
O003068,C01148,2025-12-02,Marketplace,South,Completed
O003069,C01307,2024-03-12,Retail Store,Midwest,Completed
O003070,C00927,2024-10-09,Marketplace,West,Completed
O003071,C01239,2024-07-11,Mobile App,Northeast,Completed
O003072,C00610,2025-07-29,Online,Midwest,Completed
O003073,C01110,2024-05-06,Online,West,Completed
O003074,C00354,2023-09-28,Online,West,Completed
O003075,C00769,2024-05-15,Online,Midwest,Completed
O003076,C00202,2023-11-01,Mobile App,Northeast,Completed
O003077,C00356,2025-01-10,Online,South,Completed
O003078,C01072,2023-06-07,Online,West,Completed
O003079,C00019,2024-03-31,Mobile App,West,Completed
O003080,C00503,2023-06-26,Marketplace,West,Completed
O003081,C01328,2025-11-11,Marketplace,Midwest,Completed
O003082,C00725,2023-03-29,Mobile App,Northeast,Completed
O003083,C00936,2025-08-28,Online,Northeast,Completed
O003084,C01340,2025-01-17,Retail Store,Northeast,Completed
O003085,C00166,2023-01-14,Online,Midwest,Completed
O003086,C01317,2023-06-14,Retail Store,Midwest,Returned
O003087,C00291,2025-05-10,Marketplace,West,Completed
O003088,C00929,2023-08-24,Marketplace,South,Completed
O003089,C01410,2025-07-02,Marketplace,Northeast,Completed
O003090,C00821,2024-05-07,Online,Midwest,Completed
O003091,C01114,2025-02-20,Mobile App,West,Completed
O003092,C00940,2025-10-09,Online,South,Completed
O003093,C00587,2025-12-10,Online,West,Completed
O003094,C00141,2024-08-14,Retail Store,West,Completed
O003095,C01013,2025-02-19,Marketplace,South,Completed
O003096,C00147,2024-08-30,Marketplace,Northeast,Completed
O003097,C01283,2024-09-02,Online,South,Completed
O003098,C01231,2024-04-09,Marketplace,Northeast,Completed
O003099,C00537,2024-02-29,Marketplace,West,Completed
O003100,C01215,2025-02-11,Marketplace,West,Completed
O003101,C00058,2024-04-18,Retail Store,Northeast,Completed
O003102,C01493,2024-04-11,Mobile App,West,Completed
O003103,C00297,2024-12-06,Online,South,Completed
O003104,C00676,2023-04-29,Mobile App,West,Completed
O003105,C00773,2024-06-25,Mobile App,Northeast,Completed
O003106,C00263,2025-07-14,Mobile App,South,Completed
O003107,C00180,2024-01-30,Online,Northeast,Completed
O003108,C00984,2025-03-31,Retail Store,Northeast,Completed
O003109,C01181,2025-12-02,Marketplace,Midwest,Completed
O003110,C00647,2025-07-08,Mobile App,Northeast,Completed
O003111,C00227,2025-10-01,Retail Store,Northeast,Completed
O003112,C00729,2024-11-18,Online,West,Completed
O003113,C00887,2023-07-28,Online,Northeast,Completed
O003114,C00499,2024-10-03,Online,West,Completed
O003115,C01222,2023-07-12,Marketplace,South,Completed
O003116,C00365,2024-12-22,Marketplace,West,Completed
O003117,C01000,2025-04-20,Online,South,Completed
O003118,C01087,2023-04-20,Mobile App,West,Completed
O003119,C01024,2024-02-29,Online,Northeast,Completed
O003120,C00236,2024-01-22,Marketplace,South,Cancelled
O003121,C00247,2024-02-03,Mobile App,West,Completed
O003122,C01185,2024-11-05,Online,Midwest,Completed
O003123,C00976,2023-04-26,Mobile App,South,Completed
O003124,C01032,2025-01-30,Mobile App,Midwest,Completed
O003125,C00314,2024-04-25,Marketplace,Northeast,Cancelled
O003126,C00298,2024-03-22,Retail Store,South,Completed
O003127,C00558,2023-08-05,Online,West,Completed
O003128,C01143,2024-01-13,Online,Midwest,Completed
O003129,C00863,2024-06-04,Mobile App,West,Completed
O003130,C00832,2024-01-09,Online,South,Completed
O003131,C00734,2024-04-22,Retail Store,Midwest,Completed
O003132,C00479,2024-05-30,Online,Midwest,Completed
O003133,C00018,2023-04-18,Marketplace,South,Completed
O003134,C01333,2024-11-22,Marketplace,Northeast,Completed
O003135,C01290,2025-08-09,Retail Store,South,Completed
O003136,C00944,2023-12-27,Marketplace,Northeast,Completed
O003137,C00858,2024-11-04,Marketplace,Northeast,Completed
O003138,C01274,2024-02-27,Marketplace,South,Completed
O003139,C01419,2023-02-28,Mobile App,West,Completed
O003140,C01447,2024-08-24,Mobile App,Northeast,Completed
O003141,C00193,2023-12-16,Mobile App,Midwest,Completed
O003142,C00481,2024-05-18,Marketplace,South,Returned
O003143,C01329,2023-07-12,Retail Store,Northeast,Completed
O003144,C01371,2024-07-08,Online,South,Completed
O003145,C01429,2025-01-23,Retail Store,Northeast,Completed
O003146,C01369,2023-07-06,Marketplace,Northeast,Cancelled
O003147,C00017,2025-05-03,Retail Store,Midwest,Completed
O003148,C00395,2024-01-30,Marketplace,Northeast,Completed
O003149,C00666,2023-10-02,Online,Midwest,Completed
O003150,C00790,2025-11-07,Online,South,Completed
O003151,C01317,2023-05-25,Mobile App,Northeast,Completed
O003152,C01184,2024-07-01,Mobile App,South,Completed
O003153,C00887,2025-02-21,Marketplace,West,Completed
O003154,C00475,2024-12-11,Marketplace,South,Completed
O003155,C01247,2023-05-14,Online,South,Completed
O003156,C00575,2024-09-17,Mobile App,South,Completed
O003157,C00554,2023-12-30,Marketplace,South,Completed
O003158,C00488,2025-11-25,Retail Store,South,Completed
O003159,C00894,2025-12-14,Retail Store,West,Completed
O003160,C00360,2025-01-11,Retail Store,Midwest,Completed
O003161,C01136,2025-02-24,Retail Store,South,Completed
O003162,C00045,2024-02-23,Retail Store,Midwest,Completed
O003163,C01247,2025-12-07,Retail Store,Midwest,Returned
O003164,C01166,2023-01-17,Marketplace,South,Completed
O003165,C00670,2025-05-14,Mobile App,Midwest,Completed
O003166,C00673,2025-08-21,Online,West,Completed
O003167,C00010,2025-12-07,Online,South,Completed
O003168,C00280,2024-11-27,Marketplace,Midwest,Completed
O003169,C01366,2024-08-06,Marketplace,West,Completed
O003170,C00936,2025-07-10,Online,Midwest,Completed
O003171,C01197,2023-02-15,Online,West,Completed
O003172,C00054,2023-06-18,Mobile App,Northeast,Completed
O003173,C00690,2025-07-06,Marketplace,Northeast,Completed
O003174,C00001,2025-06-04,Retail Store,Midwest,Completed
O003175,C00788,2023-02-10,Marketplace,Northeast,Completed
O003176,C00582,2024-01-06,Mobile App,South,Completed
O003177,C00039,2025-06-09,Retail Store,Midwest,Returned
O003178,C00837,2024-11-17,Mobile App,West,Completed
O003179,C00365,2023-10-05,Marketplace,Midwest,Completed
O003180,C00913,2023-12-10,Online,Midwest,Completed
O003181,C00115,2023-09-24,Mobile App,Midwest,Completed
O003182,C00354,2025-10-01,Marketplace,West,Completed
O003183,C00511,2023-05-27,Retail Store,West,Completed
O003184,C01375,2025-04-13,Marketplace,Northeast,Completed
O003185,C01475,2024-03-28,Online,Northeast,Completed
O003186,C01125,2023-10-17,Marketplace,West,Completed
O003187,C00603,2024-03-02,Retail Store,Northeast,Completed
O003188,C00718,2025-09-29,Marketplace,West,Completed
O003189,C00671,2024-03-18,Marketplace,West,Returned
O003190,C00520,2025-05-15,Retail Store,South,Completed
O003191,C01042,2024-06-12,Marketplace,West,Completed
O003192,C01101,2024-04-21,Online,Northeast,Completed
O003193,C00901,2024-03-31,Marketplace,Midwest,Completed
O003194,C00451,2023-04-08,Online,West,Completed
O003195,C00946,2025-01-01,Marketplace,West,Completed
O003196,C00502,2023-10-06,Marketplace,West,Completed
O003197,C01016,2023-03-26,Retail Store,West,Returned
O003198,C01402,2025-02-05,Retail Store,Midwest,Returned
O003199,C00284,2025-10-25,Retail Store,Midwest,Completed
O003200,C00057,2025-07-30,Mobile App,Midwest,Completed
O003201,C00052,2025-08-31,Retail Store,Midwest,Completed
O003202,C00957,2025-09-10,Retail Store,West,Completed
O003203,C00181,2024-02-14,Online,Midwest,Completed
O003204,C00122,2024-03-01,Online,South,Completed
O003205,C00069,2023-04-06,Marketplace,Midwest,Completed
O003206,C00496,2025-11-02,Retail Store,South,Completed
O003207,C01341,2025-12-11,Marketplace,Midwest,Completed
O003208,C01387,2024-01-05,Mobile App,South,Completed
O003209,C00076,2023-03-07,Retail Store,Northeast,Completed
O003210,C00123,2023-06-11,Mobile App,Northeast,Completed
O003211,C00160,2025-01-10,Online,West,Completed
O003212,C00644,2025-10-24,Online,West,Completed
O003213,C00918,2024-10-13,Retail Store,South,Completed
O003214,C00919,2024-09-19,Marketplace,West,Completed
O003215,C01370,2025-04-16,Online,West,Completed
O003216,C01375,2025-04-22,Marketplace,West,Completed
O003217,C01459,2023-02-02,Mobile App,Midwest,Completed
O003218,C01079,2025-02-06,Online,Northeast,Completed
O003219,C00008,2024-04-21,Mobile App,South,Completed
O003220,C00036,2025-05-15,Retail Store,Midwest,Completed
O003221,C00358,2024-05-10,Mobile App,West,Completed
O003222,C01090,2024-03-18,Marketplace,Northeast,Completed
O003223,C00499,2024-09-21,Mobile App,West,Completed
O003224,C01025,2024-06-02,Retail Store,West,Completed
O003225,C00006,2024-09-11,Mobile App,South,Completed
O003226,C01377,2023-07-31,Mobile App,Northeast,Completed
O003227,C01322,2025-10-30,Mobile App,West,Cancelled
O003228,C00636,2025-04-12,Marketplace,West,Completed
O003229,C00751,2023-07-04,Online,South,Completed
O003230,C01053,2023-10-17,Retail Store,Midwest,Returned
O003231,C01095,2025-05-06,Online,Midwest,Returned
O003232,C01307,2025-12-15,Mobile App,Midwest,Completed
O003233,C01276,2024-11-02,Online,Midwest,Completed
O003234,C01135,2023-06-05,Marketplace,South,Completed
O003235,C00944,2023-08-15,Retail Store,West,Completed
O003236,C01204,2024-02-25,Mobile App,Northeast,Completed
O003237,C01500,2023-07-07,Online,Northeast,Returned
O003238,C00789,2023-05-14,Mobile App,Midwest,Completed
O003239,C00322,2023-12-21,Online,Midwest,Completed
O003240,C00107,2025-08-06,Online,South,Completed
O003241,C00396,2023-11-13,Retail Store,West,Completed
O003242,C00403,2025-04-02,Mobile App,Northeast,Completed
O003243,C00657,2023-04-21,Mobile App,Northeast,Completed
O003244,C00922,2024-08-30,Marketplace,Northeast,Completed
O003245,C01263,2023-07-24,Marketplace,Northeast,Completed
O003246,C00936,2024-10-02,Marketplace,Midwest,Completed
O003247,C00667,2024-05-01,Retail Store,Midwest,Completed
O003248,C00290,2024-01-12,Marketplace,Northeast,Completed
O003249,C00313,2024-06-30,Online,Midwest,Completed
O003250,C00859,2023-07-30,Online,Northeast,Completed
O003251,C00036,2025-02-18,Online,Northeast,Completed
O003252,C00328,2025-12-14,Retail Store,South,Completed
O003253,C00855,2025-04-08,Mobile App,South,Completed
O003254,C01307,2025-10-19,Marketplace,Midwest,Completed
O003255,C00063,2025-02-20,Mobile App,South,Completed
O003256,C00023,2023-06-26,Retail Store,Northeast,Completed
O003257,C00266,2024-12-21,Mobile App,West,Completed
O003258,C00299,2024-02-17,Online,South,Completed
O003259,C01261,2024-07-01,Marketplace,Midwest,Completed
O003260,C00251,2024-01-27,Mobile App,West,Completed
O003261,C01469,2024-11-16,Online,South,Cancelled
O003262,C01294,2023-02-17,Marketplace,South,Completed
O003263,C00373,2023-02-28,Retail Store,South,Completed
O003264,C00924,2025-09-04,Marketplace,Midwest,Completed
O003265,C01471,2024-11-29,Online,Northeast,Completed
O003266,C00893,2025-10-26,Marketplace,Midwest,Completed
O003267,C00797,2023-03-14,Retail Store,Northeast,Completed
O003268,C01055,2023-10-03,Marketplace,South,Returned
O003269,C00712,2025-06-25,Marketplace,West,Returned
O003270,C00422,2024-05-01,Marketplace,Northeast,Completed
O003271,C01212,2023-09-20,Online,South,Cancelled
O003272,C00019,2024-02-01,Retail Store,West,Completed
O003273,C01183,2025-07-04,Online,Northeast,Completed
O003274,C01477,2024-11-05,Retail Store,Northeast,Completed
O003275,C01148,2024-10-22,Mobile App,South,Completed
O003276,C01207,2024-09-22,Online,Northeast,Completed
O003277,C00478,2023-04-08,Retail Store,Midwest,Completed
O003278,C00838,2025-01-04,Marketplace,Northeast,Completed
O003279,C00259,2024-11-09,Marketplace,South,Completed
O003280,C01284,2024-06-07,Marketplace,West,Completed
O003281,C00753,2023-11-02,Mobile App,South,Completed
O003282,C00227,2023-12-04,Mobile App,Northeast,Completed
O003283,C01045,2023-03-27,Retail Store,West,Completed
O003284,C00839,2025-05-15,Marketplace,West,Completed
O003285,C00664,2025-03-28,Mobile App,Midwest,Completed
O003286,C01178,2024-07-28,Marketplace,Midwest,Completed
O003287,C00167,2025-01-01,Marketplace,South,Completed
O003288,C01031,2024-11-06,Marketplace,South,Completed
O003289,C01405,2024-07-20,Online,Northeast,Completed
O003290,C01401,2025-12-14,Mobile App,West,Completed
O003291,C01264,2023-09-04,Marketplace,Northeast,Completed
O003292,C00729,2024-07-03,Retail Store,West,Completed
O003293,C00229,2025-06-11,Marketplace,Midwest,Completed
O003294,C00103,2024-05-01,Mobile App,Northeast,Completed
O003295,C00226,2024-01-12,Marketplace,Northeast,Completed
O003296,C01179,2023-06-25,Marketplace,Midwest,Completed
O003297,C00259,2024-07-29,Retail Store,South,Completed
O003298,C01358,2024-03-16,Mobile App,Midwest,Completed
O003299,C00893,2023-04-10,Online,Midwest,Completed
O003300,C00563,2025-11-02,Online,Northeast,Completed
O003301,C00148,2024-09-06,Retail Store,Northeast,Completed
O003302,C01080,2024-05-10,Marketplace,Midwest,Completed
O003303,C00669,2023-08-02,Retail Store,Midwest,Completed
O003304,C01200,2024-12-07,Mobile App,South,Completed
O003305,C00548,2025-06-14,Marketplace,West,Completed
O003306,C01289,2023-10-06,Retail Store,Northeast,Completed
O003307,C00220,2024-09-04,Mobile App,Northeast,Completed
O003308,C00911,2024-12-15,Mobile App,West,Completed
O003309,C00176,2023-03-29,Retail Store,South,Completed
O003310,C00041,2024-03-21,Marketplace,South,Completed
O003311,C00326,2023-10-12,Marketplace,Northeast,Completed
O003312,C00979,2025-01-29,Retail Store,West,Completed
O003313,C00985,2025-07-02,Retail Store,Northeast,Completed
O003314,C00990,2023-05-13,Retail Store,West,Completed
O003315,C00197,2024-07-21,Retail Store,Midwest,Completed
O003316,C00880,2024-02-26,Retail Store,Northeast,Completed
O003317,C01358,2024-05-15,Marketplace,Midwest,Completed
O003318,C00654,2024-12-18,Online,West,Completed
O003319,C01329,2024-09-12,Mobile App,Midwest,Completed
O003320,C01347,2025-06-03,Marketplace,West,Completed
O003321,C01487,2023-12-24,Online,South,Completed
O003322,C00830,2023-04-21,Mobile App,West,Completed
O003323,C01216,2024-03-07,Marketplace,Midwest,Cancelled
O003324,C00253,2023-04-08,Retail Store,Northeast,Completed
O003325,C01259,2024-04-13,Retail Store,Midwest,Completed
O003326,C00274,2024-06-21,Mobile App,West,Completed
O003327,C00822,2025-10-21,Retail Store,Midwest,Completed
O003328,C00196,2025-09-26,Marketplace,Midwest,Completed
O003329,C00439,2025-02-05,Retail Store,West,Completed
O003330,C00716,2025-01-21,Online,Midwest,Completed
O003331,C01225,2024-12-05,Retail Store,West,Completed
O003332,C01339,2025-10-24,Marketplace,Northeast,Completed
O003333,C01287,2025-12-23,Online,Midwest,Completed
O003334,C01342,2024-05-03,Retail Store,South,Completed
O003335,C00516,2025-08-10,Marketplace,Northeast,Cancelled
O003336,C00522,2025-06-29,Marketplace,Northeast,Completed
O003337,C00255,2024-05-17,Retail Store,Midwest,Completed
O003338,C01023,2023-03-27,Retail Store,South,Completed
O003339,C00946,2023-03-17,Online,Northeast,Completed
O003340,C00160,2023-07-26,Marketplace,Northeast,Completed
O003341,C00898,2023-03-22,Online,Northeast,Completed
O003342,C01002,2024-07-06,Marketplace,Northeast,Completed
O003343,C00643,2025-12-19,Online,Midwest,Completed
O003344,C01185,2023-08-13,Mobile App,Midwest,Completed
O003345,C00823,2025-05-18,Mobile App,West,Completed
O003346,C00492,2025-05-27,Retail Store,West,Completed
O003347,C00094,2025-12-15,Marketplace,West,Completed
O003348,C00175,2024-03-15,Mobile App,Midwest,Completed
O003349,C01254,2023-08-07,Online,South,Completed
O003350,C00338,2025-08-16,Marketplace,Midwest,Cancelled
O003351,C00830,2024-04-09,Mobile App,West,Completed
O003352,C00129,2025-04-27,Retail Store,West,Completed
O003353,C00935,2023-01-23,Mobile App,Northeast,Completed
O003354,C01149,2025-06-13,Mobile App,Midwest,Completed
O003355,C00372,2023-12-23,Marketplace,Midwest,Completed
O003356,C00290,2024-06-25,Marketplace,Northeast,Completed
O003357,C01377,2023-07-01,Mobile App,South,Completed
O003358,C00541,2023-12-07,Mobile App,Northeast,Completed
O003359,C00222,2025-02-12,Marketplace,Northeast,Completed
O003360,C01268,2023-10-28,Retail Store,Midwest,Completed
O003361,C00541,2024-10-14,Retail Store,West,Completed
O003362,C00768,2024-03-15,Retail Store,South,Returned
O003363,C01409,2023-08-13,Retail Store,Northeast,Returned
O003364,C01408,2024-01-20,Retail Store,Northeast,Completed
O003365,C00911,2023-07-25,Marketplace,South,Completed
O003366,C00165,2024-07-26,Retail Store,West,Completed
O003367,C00535,2023-02-27,Mobile App,Northeast,Completed
O003368,C00228,2023-05-03,Mobile App,Northeast,Completed
O003369,C00401,2025-03-08,Online,Northeast,Completed
O003370,C00960,2025-03-19,Marketplace,Midwest,Completed
O003371,C00892,2025-05-13,Online,West,Completed
O003372,C00296,2025-08-10,Retail Store,West,Completed
O003373,C00380,2023-05-15,Online,West,Completed
O003374,C01149,2025-12-08,Online,West,Completed
O003375,C00092,2025-03-09,Mobile App,South,Completed
O003376,C01341,2025-03-03,Retail Store,Midwest,Completed
O003377,C00612,2025-05-29,Online,West,Completed
O003378,C01471,2023-03-17,Mobile App,Midwest,Completed
O003379,C01157,2024-05-27,Marketplace,Northeast,Completed
O003380,C01356,2023-09-25,Online,Midwest,Completed
O003381,C01132,2023-04-19,Online,Northeast,Completed
O003382,C00814,2023-07-24,Mobile App,South,Completed
O003383,C00568,2023-01-23,Mobile App,West,Completed
O003384,C01226,2024-05-20,Mobile App,Northeast,Completed
O003385,C00352,2023-10-11,Marketplace,Midwest,Completed
O003386,C01171,2023-08-20,Online,West,Completed
O003387,C01054,2025-01-21,Online,Midwest,Completed
O003388,C00754,2024-04-19,Mobile App,South,Completed
O003389,C00009,2024-01-29,Marketplace,Northeast,Completed
O003390,C00984,2024-10-30,Retail Store,Northeast,Completed
O003391,C00251,2024-03-21,Online,Midwest,Completed
O003392,C00182,2024-09-15,Mobile App,Northeast,Completed
O003393,C00753,2023-06-27,Marketplace,Midwest,Completed
O003394,C01235,2024-03-27,Marketplace,Midwest,Completed
O003395,C00394,2025-09-22,Online,Northeast,Completed
O003396,C00151,2023-04-27,Mobile App,Midwest,Returned
O003397,C00676,2025-02-21,Online,Northeast,Completed
O003398,C00428,2024-04-19,Mobile App,Midwest,Completed
O003399,C00827,2023-08-25,Marketplace,West,Completed
O003400,C00795,2023-05-05,Retail Store,Northeast,Completed
O003401,C00164,2025-07-20,Marketplace,South,Completed
O003402,C00542,2024-04-07,Marketplace,South,Completed
O003403,C01024,2025-07-13,Retail Store,Midwest,Completed
O003404,C01112,2023-01-01,Retail Store,Midwest,Completed
O003405,C01486,2024-09-13,Mobile App,West,Completed
O003406,C00041,2024-12-06,Retail Store,West,Completed
O003407,C01218,2023-04-16,Retail Store,West,Completed
O003408,C00847,2024-09-04,Online,West,Completed
O003409,C00629,2025-08-26,Marketplace,West,Completed
O003410,C00700,2024-12-20,Marketplace,West,Completed
O003411,C00341,2025-07-22,Marketplace,South,Completed
O003412,C00550,2025-11-04,Online,Midwest,Completed
O003413,C01404,2025-11-05,Marketplace,Midwest,Completed
O003414,C00889,2025-05-03,Marketplace,Northeast,Completed
O003415,C00139,2024-01-08,Mobile App,West,Returned
O003416,C01280,2025-09-02,Marketplace,Northeast,Completed
O003417,C00960,2025-06-18,Online,Midwest,Completed
O003418,C00771,2025-04-12,Mobile App,South,Completed
O003419,C01373,2025-06-28,Online,Northeast,Completed
O003420,C00267,2025-01-02,Marketplace,Northeast,Completed
O003421,C01106,2023-03-08,Mobile App,West,Completed
O003422,C00107,2024-01-30,Mobile App,South,Completed
O003423,C00574,2024-04-15,Marketplace,Midwest,Completed
O003424,C01160,2023-02-26,Retail Store,West,Completed
O003425,C01254,2023-01-05,Retail Store,West,Completed
O003426,C00662,2025-06-15,Mobile App,West,Completed
O003427,C00497,2025-11-01,Marketplace,Midwest,Completed
O003428,C00520,2025-02-22,Retail Store,Midwest,Completed
O003429,C00219,2024-11-28,Online,South,Completed
O003430,C00525,2025-12-01,Mobile App,Northeast,Returned
O003431,C00664,2023-10-21,Mobile App,Northeast,Completed
O003432,C00748,2024-09-11,Retail Store,South,Completed
O003433,C01115,2025-05-18,Marketplace,West,Completed
O003434,C00251,2023-09-24,Mobile App,South,Returned
O003435,C01273,2023-03-12,Retail Store,Northeast,Returned
O003436,C01106,2024-03-03,Marketplace,South,Completed
O003437,C00416,2023-11-23,Online,West,Completed
O003438,C00838,2024-09-26,Mobile App,Midwest,Completed
O003439,C00616,2025-03-14,Online,Midwest,Completed
O003440,C00965,2024-01-10,Online,Northeast,Completed
O003441,C00640,2024-01-02,Retail Store,West,Completed
O003442,C01395,2023-02-13,Mobile App,South,Completed
O003443,C01482,2023-01-08,Marketplace,Northeast,Completed
O003444,C00816,2024-07-10,Retail Store,Northeast,Completed
O003445,C00552,2023-05-20,Marketplace,Northeast,Completed
O003446,C00201,2024-10-16,Retail Store,Northeast,Completed
O003447,C00565,2025-07-05,Mobile App,Midwest,Completed
O003448,C00986,2025-03-26,Retail Store,Northeast,Completed
O003449,C00028,2024-01-22,Retail Store,South,Completed
O003450,C00815,2024-05-02,Online,South,Completed
O003451,C00913,2024-06-15,Mobile App,Midwest,Completed
O003452,C01360,2023-06-04,Retail Store,Midwest,Completed
O003453,C00196,2025-07-31,Retail Store,Northeast,Completed
O003454,C01371,2025-10-13,Mobile App,West,Completed
O003455,C00245,2023-09-25,Mobile App,Northeast,Completed
O003456,C00465,2023-09-16,Mobile App,South,Completed
O003457,C01179,2023-01-08,Mobile App,Midwest,Completed
O003458,C01216,2025-11-01,Online,South,Returned
O003459,C00256,2025-01-31,Online,Midwest,Completed
O003460,C00579,2025-06-27,Mobile App,Northeast,Returned
O003461,C00942,2025-08-13,Retail Store,Midwest,Completed
O003462,C00613,2024-09-26,Marketplace,South,Completed
O003463,C00267,2023-11-21,Retail Store,West,Completed
O003464,C00365,2024-05-01,Retail Store,Northeast,Returned
O003465,C00483,2025-08-20,Marketplace,West,Completed
O003466,C00609,2023-12-18,Mobile App,Midwest,Completed
O003467,C01276,2024-12-02,Marketplace,Midwest,Completed
O003468,C00976,2025-02-09,Online,Midwest,Completed
O003469,C01062,2024-09-21,Online,South,Completed
O003470,C00554,2023-04-07,Online,South,Completed
O003471,C00104,2025-08-22,Online,West,Completed
O003472,C00859,2023-01-20,Retail Store,Northeast,Completed
O003473,C00344,2023-09-19,Marketplace,Midwest,Completed
O003474,C00750,2023-10-11,Retail Store,South,Returned
O003475,C01228,2024-03-28,Mobile App,West,Completed
O003476,C00206,2024-07-03,Retail Store,Northeast,Completed
O003477,C00378,2023-08-21,Mobile App,West,Returned
O003478,C00673,2024-06-13,Marketplace,West,Completed
O003479,C01069,2023-01-24,Retail Store,Northeast,Completed
O003480,C00676,2024-04-01,Retail Store,South,Completed
O003481,C01326,2023-11-20,Retail Store,South,Completed
O003482,C00169,2025-09-12,Retail Store,West,Completed
O003483,C00884,2023-12-12,Mobile App,South,Completed
O003484,C00665,2024-04-28,Online,West,Completed
O003485,C01441,2023-02-02,Online,Northeast,Completed
O003486,C01321,2025-04-12,Retail Store,Northeast,Completed
O003487,C01446,2025-09-28,Retail Store,South,Completed
O003488,C00361,2023-04-18,Mobile App,Midwest,Completed
O003489,C00887,2023-10-22,Marketplace,Northeast,Completed
O003490,C01274,2024-07-02,Mobile App,South,Completed
O003491,C00568,2025-03-30,Retail Store,Northeast,Completed
O003492,C00358,2024-01-11,Marketplace,Midwest,Completed
O003493,C00509,2025-07-24,Online,South,Completed
O003494,C00568,2025-09-12,Retail Store,South,Completed
O003495,C00371,2024-03-02,Mobile App,Northeast,Completed
O003496,C00601,2024-01-02,Marketplace,South,Completed
O003497,C01464,2025-02-05,Marketplace,South,Completed
O003498,C00664,2024-12-11,Online,Northeast,Completed
O003499,C00197,2023-09-28,Online,Midwest,Completed
O003500,C01095,2024-12-31,Marketplace,Midwest,Returned
O003501,C00560,2024-06-30,Mobile App,Northeast,Completed
O003502,C00806,2024-09-04,Retail Store,Midwest,Completed
O003503,C00180,2025-01-30,Mobile App,Midwest,Completed
O003504,C01059,2023-03-14,Online,West,Completed
O003505,C00716,2024-12-08,Mobile App,Northeast,Completed
O003506,C01263,2024-06-04,Marketplace,Northeast,Completed
O003507,C01017,2024-10-05,Online,Midwest,Completed
O003508,C01055,2024-04-17,Mobile App,South,Completed
O003509,C00247,2023-02-05,Marketplace,West,Completed
O003510,C00487,2025-01-16,Retail Store,West,Completed
O003511,C00893,2023-01-02,Online,West,Completed
O003512,C01244,2023-04-23,Marketplace,Midwest,Completed
O003513,C00944,2025-05-10,Online,West,Completed
O003514,C01035,2025-05-15,Online,Northeast,Completed
O003515,C00162,2023-08-12,Retail Store,Northeast,Completed
O003516,C00444,2023-07-16,Mobile App,Northeast,Completed
O003517,C01102,2025-10-22,Mobile App,Northeast,Completed
O003518,C01137,2025-03-01,Online,South,Completed
O003519,C01081,2024-12-22,Retail Store,Northeast,Returned
O003520,C01286,2023-04-04,Online,Midwest,Completed
O003521,C00779,2025-03-30,Marketplace,South,Completed
O003522,C01464,2025-09-08,Marketplace,South,Completed
O003523,C00917,2023-08-18,Mobile App,Midwest,Completed
O003524,C00580,2024-12-21,Online,West,Completed
O003525,C00102,2023-02-28,Marketplace,South,Returned
O003526,C00212,2025-12-01,Retail Store,Midwest,Completed
O003527,C00946,2024-02-23,Online,West,Completed
O003528,C00777,2023-03-14,Marketplace,West,Completed
O003529,C00207,2024-11-22,Online,West,Completed
O003530,C01370,2023-04-04,Retail Store,Midwest,Completed
O003531,C00184,2024-09-13,Online,South,Completed
O003532,C00034,2024-03-05,Online,South,Completed
O003533,C00679,2024-12-09,Mobile App,West,Completed
O003534,C00496,2025-09-03,Online,West,Completed
O003535,C00222,2025-10-11,Mobile App,West,Completed
O003536,C01379,2024-08-02,Mobile App,West,Completed
O003537,C00768,2023-04-28,Retail Store,South,Completed
O003538,C00606,2023-04-29,Online,Midwest,Completed
O003539,C01164,2023-03-16,Marketplace,South,Completed
O003540,C00277,2025-12-01,Retail Store,West,Completed
O003541,C00578,2023-01-28,Mobile App,South,Completed
O003542,C00062,2023-05-02,Online,Northeast,Completed
O003543,C00037,2024-09-21,Marketplace,South,Completed
O003544,C01164,2023-08-06,Marketplace,West,Completed
O003545,C01049,2025-03-04,Marketplace,South,Completed
O003546,C00322,2025-12-04,Mobile App,West,Completed
O003547,C00115,2024-11-01,Online,West,Completed
O003548,C00588,2023-09-23,Online,South,Completed
O003549,C00378,2025-07-13,Retail Store,Northeast,Completed
O003550,C00210,2023-03-31,Mobile App,Midwest,Completed
O003551,C00143,2023-01-25,Marketplace,Midwest,Completed
O003552,C00446,2023-08-24,Mobile App,South,Completed
O003553,C01301,2024-07-18,Online,West,Completed
O003554,C00170,2024-02-01,Retail Store,West,Completed
O003555,C00621,2024-10-23,Retail Store,Midwest,Completed
O003556,C00515,2024-06-15,Marketplace,South,Completed
O003557,C00947,2025-08-03,Online,South,Completed
O003558,C01092,2023-05-31,Online,Northeast,Completed
O003559,C00540,2025-02-18,Online,Northeast,Completed
O003560,C00785,2025-04-17,Online,Northeast,Returned
O003561,C00209,2023-07-09,Mobile App,Northeast,Completed
O003562,C00623,2025-02-13,Marketplace,South,Completed
O003563,C00130,2024-03-08,Online,Midwest,Completed
O003564,C00143,2023-07-10,Online,South,Completed
O003565,C00020,2023-08-01,Retail Store,Midwest,Completed
O003566,C00645,2024-04-19,Online,South,Completed
O003567,C00639,2023-01-05,Marketplace,Midwest,Completed
O003568,C00792,2024-07-16,Marketplace,Northeast,Completed
O003569,C01079,2025-10-27,Mobile App,West,Completed
O003570,C00557,2024-12-25,Retail Store,West,Returned
O003571,C00672,2023-11-09,Marketplace,West,Completed
O003572,C00056,2025-07-20,Mobile App,Midwest,Cancelled
O003573,C00529,2025-07-10,Marketplace,Midwest,Completed
O003574,C00806,2023-08-07,Retail Store,South,Completed
O003575,C00009,2024-09-07,Marketplace,Northeast,Completed
O003576,C00479,2025-07-12,Online,Midwest,Completed
O003577,C00813,2024-12-13,Mobile App,West,Completed
O003578,C01319,2025-12-29,Retail Store,West,Completed
O003579,C00463,2023-12-06,Marketplace,Midwest,Completed
O003580,C00596,2024-07-29,Marketplace,West,Completed
O003581,C01042,2025-02-14,Retail Store,Midwest,Completed
O003582,C00219,2024-05-19,Online,West,Returned
O003583,C00009,2025-07-22,Online,West,Returned
O003584,C00642,2024-03-30,Retail Store,West,Completed
O003585,C01081,2023-03-17,Online,West,Completed
O003586,C01176,2025-06-24,Marketplace,Northeast,Cancelled
O003587,C00349,2024-07-23,Online,Northeast,Completed
O003588,C01213,2024-12-31,Marketplace,Midwest,Completed
O003589,C01360,2024-04-22,Marketplace,Midwest,Returned
O003590,C00469,2025-02-05,Online,South,Completed
O003591,C00738,2024-03-08,Mobile App,South,Completed
O003592,C01265,2023-04-24,Mobile App,Midwest,Completed
O003593,C01474,2024-12-13,Marketplace,South,Returned
O003594,C00483,2025-09-05,Online,West,Completed
O003595,C01423,2024-09-13,Mobile App,West,Completed
O003596,C01148,2023-11-08,Retail Store,South,Completed
O003597,C01274,2024-11-05,Mobile App,South,Completed
O003598,C01360,2025-03-05,Online,West,Completed
O003599,C01181,2024-05-09,Mobile App,Midwest,Completed
O003600,C00902,2025-09-13,Online,West,Completed
O003601,C00469,2023-07-27,Retail Store,West,Completed
O003602,C00280,2023-09-06,Retail Store,West,Completed
O003603,C00539,2024-01-20,Marketplace,Midwest,Completed
O003604,C00032,2025-12-31,Online,West,Completed
O003605,C00996,2024-11-02,Online,Midwest,Completed
O003606,C01355,2024-05-01,Mobile App,Midwest,Completed
O003607,C00815,2023-07-22,Mobile App,West,Completed
O003608,C00049,2023-04-23,Mobile App,Midwest,Completed
O003609,C00228,2023-04-09,Online,Northeast,Completed
O003610,C01199,2025-04-30,Marketplace,Northeast,Completed
O003611,C00286,2024-05-31,Online,Northeast,Completed
O003612,C01342,2025-11-14,Mobile App,South,Completed
O003613,C01394,2025-02-07,Marketplace,Northeast,Completed
O003614,C00126,2024-03-22,Retail Store,Northeast,Completed
O003615,C01287,2025-10-08,Mobile App,West,Completed
O003616,C01485,2025-01-13,Marketplace,Midwest,Completed
O003617,C00287,2023-05-28,Online,South,Completed
O003618,C00589,2025-12-13,Online,West,Completed
O003619,C00319,2024-04-02,Mobile App,Northeast,Completed
O003620,C00868,2025-06-12,Mobile App,South,Completed
O003621,C00948,2023-05-16,Marketplace,West,Completed
O003622,C01183,2023-10-29,Online,South,Completed
O003623,C00287,2024-01-03,Mobile App,Midwest,Completed
O003624,C00209,2025-04-03,Mobile App,West,Completed
O003625,C01240,2025-08-02,Retail Store,Midwest,Completed
O003626,C00379,2024-01-17,Marketplace,Midwest,Completed
O003627,C00509,2025-12-01,Marketplace,Midwest,Completed
O003628,C00238,2025-06-09,Online,Northeast,Cancelled
O003629,C00873,2024-03-28,Retail Store,Northeast,Completed
O003630,C00175,2025-10-20,Retail Store,West,Completed
O003631,C01431,2023-04-25,Mobile App,West,Completed
O003632,C00730,2023-04-17,Online,South,Completed
O003633,C00483,2024-06-29,Marketplace,West,Completed
O003634,C01485,2025-03-23,Online,West,Completed
O003635,C00149,2025-11-07,Online,Midwest,Completed
O003636,C00466,2025-09-29,Marketplace,West,Completed
O003637,C01002,2024-02-05,Retail Store,Midwest,Completed
O003638,C01475,2023-10-27,Marketplace,Midwest,Completed
O003639,C01384,2023-05-12,Mobile App,West,Returned
O003640,C00448,2025-07-22,Marketplace,Northeast,Completed
O003641,C00214,2025-08-06,Online,West,Returned
O003642,C00421,2024-08-20,Mobile App,South,Completed
O003643,C00511,2025-01-10,Online,West,Completed
O003644,C01287,2023-10-27,Retail Store,South,Completed
O003645,C00458,2025-11-13,Mobile App,West,Completed
O003646,C00171,2025-08-24,Mobile App,South,Completed
O003647,C00596,2025-05-24,Retail Store,Midwest,Completed
O003648,C00132,2023-10-01,Marketplace,Northeast,Completed
O003649,C00519,2023-10-10,Online,West,Completed
O003650,C00429,2025-09-30,Marketplace,West,Completed
O003651,C00680,2024-11-01,Online,Midwest,Completed
O003652,C00067,2025-01-14,Online,Northeast,Completed
O003653,C00264,2024-06-08,Marketplace,South,Completed
O003654,C00430,2023-04-08,Marketplace,Northeast,Completed
O003655,C00079,2024-05-07,Mobile App,Midwest,Completed
O003656,C01372,2023-01-06,Retail Store,South,Completed
O003657,C00936,2024-07-16,Retail Store,South,Completed
O003658,C01148,2025-06-09,Online,South,Completed
O003659,C00453,2025-05-01,Online,West,Completed
O003660,C01144,2025-05-23,Marketplace,West,Completed
O003661,C00003,2024-05-24,Retail Store,South,Returned
O003662,C00798,2023-05-12,Online,Northeast,Completed
O003663,C00063,2025-08-08,Retail Store,Northeast,Completed
O003664,C00675,2023-02-26,Online,Northeast,Completed
O003665,C01057,2025-04-25,Online,South,Completed
O003666,C00013,2023-09-01,Retail Store,Midwest,Completed
O003667,C00203,2025-04-15,Mobile App,West,Completed
O003668,C00328,2024-11-09,Mobile App,Midwest,Completed
O003669,C01031,2023-04-09,Mobile App,Midwest,Completed
O003670,C00717,2024-09-14,Retail Store,South,Returned
O003671,C00829,2024-09-18,Mobile App,West,Completed
O003672,C00096,2024-02-11,Online,Midwest,Completed
O003673,C01038,2024-10-26,Marketplace,Midwest,Completed
O003674,C00083,2023-12-29,Mobile App,West,Completed
O003675,C00041,2023-02-08,Retail Store,South,Completed
O003676,C01448,2025-12-28,Marketplace,Northeast,Completed
O003677,C00269,2023-05-19,Mobile App,Midwest,Completed
O003678,C01418,2025-01-23,Retail Store,Midwest,Completed
O003679,C00668,2024-01-06,Retail Store,Northeast,Completed
O003680,C01228,2025-06-30,Online,West,Completed
O003681,C00038,2025-07-08,Retail Store,South,Completed
O003682,C00513,2023-10-20,Retail Store,West,Completed
O003683,C00002,2023-06-29,Retail Store,West,Completed
O003684,C00714,2023-03-21,Mobile App,Northeast,Completed
O003685,C01453,2024-02-17,Marketplace,West,Completed
O003686,C01395,2025-07-28,Online,West,Completed
O003687,C00015,2025-11-23,Marketplace,South,Returned
O003688,C01497,2023-08-28,Marketplace,South,Completed
O003689,C00216,2023-09-17,Retail Store,West,Returned
O003690,C01067,2024-03-27,Marketplace,South,Completed
O003691,C01052,2024-12-23,Retail Store,South,Returned
O003692,C01050,2025-11-14,Online,West,Completed
O003693,C00811,2024-04-25,Mobile App,West,Completed
O003694,C00486,2023-01-09,Marketplace,West,Completed
O003695,C00641,2024-08-31,Marketplace,Midwest,Completed
O003696,C00568,2024-06-01,Online,Midwest,Completed
O003697,C00873,2025-04-05,Mobile App,South,Completed
O003698,C01340,2024-12-04,Mobile App,Midwest,Completed
O003699,C01412,2024-12-27,Marketplace,Northeast,Completed
O003700,C01252,2025-11-21,Retail Store,South,Completed
O003701,C01242,2023-04-21,Marketplace,West,Completed
O003702,C01377,2025-07-11,Marketplace,South,Completed
O003703,C00977,2023-05-28,Retail Store,West,Completed
O003704,C01002,2024-09-19,Mobile App,Northeast,Completed
O003705,C00954,2023-07-20,Marketplace,West,Completed
O003706,C01347,2024-01-31,Online,Midwest,Completed
O003707,C00795,2025-11-06,Mobile App,South,Completed
O003708,C00579,2025-10-23,Online,Midwest,Completed
O003709,C01136,2024-11-27,Retail Store,South,Completed
O003710,C00179,2024-01-19,Mobile App,South,Completed
O003711,C00401,2025-03-15,Mobile App,Midwest,Completed
O003712,C00584,2024-11-08,Marketplace,Northeast,Completed
O003713,C00287,2023-04-20,Mobile App,South,Completed
O003714,C00869,2023-06-03,Retail Store,Midwest,Completed
O003715,C00754,2025-01-01,Retail Store,Midwest,Cancelled
O003716,C00076,2023-03-27,Online,South,Completed
O003717,C00857,2023-05-31,Retail Store,South,Returned
O003718,C00963,2025-01-08,Marketplace,Midwest,Completed
O003719,C01301,2024-05-25,Mobile App,Northeast,Completed
O003720,C00666,2023-01-30,Online,West,Completed
O003721,C00307,2023-11-12,Mobile App,South,Completed
O003722,C00607,2025-01-16,Retail Store,West,Completed
O003723,C00526,2024-05-23,Retail Store,Northeast,Completed
O003724,C00105,2024-11-27,Mobile App,Midwest,Completed
O003725,C00014,2024-11-12,Marketplace,West,Completed
O003726,C00476,2024-09-30,Mobile App,South,Completed
O003727,C00539,2024-01-28,Marketplace,Northeast,Completed
O003728,C01159,2024-05-15,Marketplace,West,Cancelled
O003729,C01153,2023-10-19,Online,West,Completed
O003730,C01156,2023-11-03,Marketplace,Northeast,Completed
O003731,C00214,2023-02-17,Marketplace,West,Completed
O003732,C01478,2025-08-04,Online,Northeast,Completed
O003733,C00115,2023-12-20,Mobile App,Northeast,Completed
O003734,C00937,2024-09-25,Marketplace,Northeast,Completed
O003735,C00374,2023-08-23,Online,West,Completed
O003736,C01205,2024-05-01,Online,South,Completed
O003737,C00231,2025-02-12,Online,South,Completed
O003738,C00327,2025-09-10,Mobile App,Northeast,Completed
O003739,C00298,2023-04-24,Mobile App,South,Completed
O003740,C00930,2024-07-26,Online,South,Completed
O003741,C01109,2024-10-25,Marketplace,West,Completed
O003742,C00820,2023-10-25,Mobile App,Northeast,Completed
O003743,C00163,2025-11-27,Mobile App,Northeast,Completed
O003744,C00530,2023-04-19,Marketplace,Midwest,Completed
O003745,C00555,2024-10-25,Marketplace,South,Completed
O003746,C01325,2025-05-03,Marketplace,Northeast,Returned
O003747,C01423,2025-06-20,Retail Store,South,Cancelled
O003748,C00945,2023-12-29,Mobile App,Midwest,Completed
O003749,C01014,2024-05-28,Retail Store,West,Completed
O003750,C00652,2024-07-12,Marketplace,West,Completed
O003751,C00177,2023-04-19,Mobile App,West,Completed
O003752,C01118,2025-07-18,Retail Store,South,Completed
O003753,C00822,2023-10-07,Online,South,Completed
O003754,C00897,2024-06-10,Online,Northeast,Completed
O003755,C00069,2023-06-02,Retail Store,West,Completed
O003756,C00413,2025-11-21,Online,Northeast,Returned
O003757,C00626,2025-04-02,Marketplace,West,Completed
O003758,C00296,2025-01-23,Marketplace,Northeast,Completed
O003759,C00538,2023-09-10,Mobile App,South,Completed
O003760,C00171,2025-02-03,Marketplace,Midwest,Completed
O003761,C01140,2023-06-25,Online,Midwest,Completed
O003762,C00003,2023-08-31,Marketplace,West,Completed
O003763,C00081,2025-01-21,Marketplace,South,Completed
O003764,C00585,2023-04-23,Online,West,Completed
O003765,C01223,2025-02-02,Marketplace,West,Completed
O003766,C00171,2024-08-24,Online,West,Completed
O003767,C00105,2023-03-13,Marketplace,Northeast,Completed
O003768,C01488,2025-01-11,Mobile App,Northeast,Completed
O003769,C00335,2024-08-14,Mobile App,West,Completed
O003770,C00025,2023-03-09,Mobile App,Northeast,Completed
O003771,C00551,2025-01-16,Marketplace,West,Completed
O003772,C01228,2024-11-14,Marketplace,South,Completed
O003773,C00522,2025-07-13,Mobile App,Midwest,Completed
O003774,C00116,2024-06-12,Retail Store,South,Completed
O003775,C00598,2024-03-08,Online,West,Completed
O003776,C00385,2025-01-20,Mobile App,Northeast,Completed
O003777,C00868,2024-04-15,Marketplace,West,Completed
O003778,C01093,2025-07-05,Online,West,Returned
O003779,C00704,2023-01-10,Marketplace,Midwest,Completed
O003780,C01227,2025-07-26,Online,Midwest,Completed
O003781,C00564,2025-03-11,Retail Store,Northeast,Completed
O003782,C00692,2023-04-30,Marketplace,South,Completed
O003783,C00524,2024-12-29,Retail Store,West,Completed
O003784,C00375,2025-06-13,Retail Store,South,Completed
O003785,C01211,2023-10-25,Online,West,Completed
O003786,C01420,2023-04-27,Online,Midwest,Completed
O003787,C01222,2025-05-18,Mobile App,Midwest,Completed
O003788,C00242,2025-01-01,Mobile App,West,Completed
O003789,C01420,2024-02-11,Online,Midwest,Completed
O003790,C01345,2023-11-16,Marketplace,South,Completed
O003791,C00018,2025-10-11,Retail Store,South,Completed
O003792,C01123,2023-12-02,Online,West,Completed
O003793,C00964,2023-05-12,Retail Store,Midwest,Completed
O003794,C00792,2025-07-04,Online,Midwest,Completed
O003795,C00987,2025-07-22,Retail Store,Northeast,Cancelled
O003796,C00538,2024-01-05,Marketplace,Northeast,Completed
O003797,C00705,2023-04-08,Mobile App,Midwest,Completed
O003798,C00877,2025-05-17,Marketplace,West,Completed
O003799,C00678,2025-08-02,Retail Store,West,Completed
O003800,C00142,2025-07-14,Mobile App,Midwest,Completed
O003801,C00852,2023-10-06,Online,South,Returned
O003802,C01425,2025-06-09,Marketplace,South,Cancelled
O003803,C00772,2024-03-03,Mobile App,Midwest,Completed
O003804,C01082,2023-11-10,Retail Store,Midwest,Completed
O003805,C01473,2024-05-11,Retail Store,West,Returned
O003806,C00839,2023-05-24,Marketplace,Midwest,Completed
O003807,C00954,2024-05-06,Online,Northeast,Completed
O003808,C00648,2024-05-31,Mobile App,Northeast,Completed
O003809,C01302,2023-09-25,Retail Store,West,Completed
O003810,C01333,2025-06-20,Marketplace,South,Completed
O003811,C00611,2023-11-28,Marketplace,Midwest,Completed
O003812,C00216,2024-01-21,Mobile App,Northeast,Completed
O003813,C01116,2023-01-30,Mobile App,West,Completed
O003814,C00853,2023-04-08,Online,West,Completed
O003815,C01052,2024-12-11,Marketplace,Midwest,Completed
O003816,C00164,2024-10-29,Online,Midwest,Completed
O003817,C00694,2025-12-05,Mobile App,South,Returned
O003818,C00887,2025-12-07,Online,West,Completed
O003819,C01207,2024-07-12,Retail Store,West,Completed
O003820,C00920,2023-11-17,Online,Midwest,Completed
O003821,C01382,2023-06-12,Mobile App,South,Completed
O003822,C00344,2025-07-31,Mobile App,Northeast,Returned
O003823,C00782,2024-03-01,Marketplace,West,Completed
O003824,C01117,2025-06-25,Marketplace,West,Returned
O003825,C00966,2024-11-23,Mobile App,South,Completed
O003826,C00307,2023-03-01,Online,South,Returned
O003827,C00551,2025-07-08,Marketplace,South,Returned
O003828,C00373,2023-01-15,Mobile App,West,Completed
O003829,C00984,2024-12-11,Mobile App,Midwest,Completed
O003830,C00928,2024-01-31,Marketplace,South,Completed
O003831,C00678,2023-04-25,Mobile App,Midwest,Completed
O003832,C00125,2025-08-20,Mobile App,South,Completed
O003833,C01128,2023-09-17,Retail Store,South,Completed
O003834,C01453,2023-02-16,Mobile App,Midwest,Completed
O003835,C00701,2023-11-09,Retail Store,Midwest,Completed
O003836,C00939,2024-04-01,Online,West,Completed
O003837,C00737,2025-09-03,Marketplace,Northeast,Completed
O003838,C00477,2025-03-29,Marketplace,West,Cancelled
O003839,C01247,2024-12-04,Online,West,Returned
O003840,C01375,2025-11-20,Marketplace,Midwest,Completed
O003841,C01278,2024-01-19,Online,South,Completed
O003842,C01095,2024-11-07,Marketplace,Midwest,Completed
O003843,C00332,2023-01-22,Mobile App,West,Completed
O003844,C00327,2024-10-02,Marketplace,Midwest,Completed
O003845,C00423,2023-02-19,Online,Midwest,Completed
O003846,C01421,2024-05-16,Online,Northeast,Returned
O003847,C00770,2025-10-18,Mobile App,Northeast,Completed
O003848,C00657,2025-05-18,Online,Northeast,Returned
O003849,C00424,2025-01-19,Marketplace,South,Completed
O003850,C00939,2024-10-29,Online,West,Completed
O003851,C01048,2025-10-02,Marketplace,South,Returned
O003852,C01352,2025-01-19,Retail Store,West,Returned
O003853,C01014,2024-08-28,Retail Store,Midwest,Completed
O003854,C00053,2025-01-29,Retail Store,Midwest,Completed
O003855,C01154,2025-03-03,Online,South,Completed
O003856,C00153,2025-01-16,Mobile App,Midwest,Returned
O003857,C01358,2024-10-02,Retail Store,South,Returned
O003858,C00153,2025-07-17,Marketplace,South,Completed
O003859,C00190,2023-05-18,Retail Store,South,Completed
O003860,C00655,2024-08-27,Mobile App,Midwest,Completed
O003861,C01292,2023-10-05,Marketplace,West,Completed
O003862,C00053,2025-08-06,Mobile App,South,Completed
O003863,C00353,2025-01-12,Online,South,Completed
O003864,C00020,2024-08-05,Mobile App,Midwest,Cancelled
O003865,C00594,2025-06-12,Online,South,Completed
O003866,C00741,2023-07-01,Mobile App,Northeast,Completed
O003867,C00579,2023-05-06,Marketplace,Northeast,Completed
O003868,C00316,2023-10-07,Retail Store,South,Completed
O003869,C00418,2023-06-28,Retail Store,Northeast,Completed
O003870,C01029,2024-04-22,Retail Store,Midwest,Completed
O003871,C00946,2025-06-04,Marketplace,South,Completed
O003872,C00595,2025-10-07,Mobile App,South,Completed
O003873,C01269,2023-02-23,Online,South,Completed
O003874,C00459,2025-10-26,Online,Northeast,Completed
O003875,C01139,2023-11-30,Online,Northeast,Completed
O003876,C00324,2024-09-10,Mobile App,Midwest,Completed
O003877,C00144,2023-03-15,Mobile App,South,Completed
O003878,C00906,2024-02-28,Mobile App,Northeast,Completed
O003879,C00111,2025-03-27,Retail Store,West,Completed
O003880,C00175,2023-05-22,Online,West,Completed
O003881,C01037,2023-07-08,Marketplace,Northeast,Completed
O003882,C00490,2023-03-03,Mobile App,Northeast,Completed
O003883,C00540,2024-05-24,Retail Store,Midwest,Returned
O003884,C01064,2023-06-06,Marketplace,Midwest,Completed
O003885,C00711,2025-10-12,Mobile App,West,Completed
O003886,C00464,2025-07-29,Online,South,Completed
O003887,C00808,2024-03-03,Online,Northeast,Completed
O003888,C00191,2025-10-28,Online,Northeast,Completed
O003889,C00385,2025-06-19,Marketplace,Northeast,Completed
O003890,C00946,2025-05-19,Online,West,Completed
O003891,C00814,2025-04-04,Mobile App,West,Completed
O003892,C01414,2024-05-22,Marketplace,South,Completed
O003893,C00055,2024-10-13,Marketplace,Northeast,Completed
O003894,C00406,2023-04-10,Mobile App,West,Completed
O003895,C00692,2023-03-04,Marketplace,West,Completed
O003896,C01277,2025-12-13,Mobile App,South,Completed
O003897,C00382,2023-01-11,Mobile App,West,Completed
O003898,C01128,2023-10-17,Retail Store,Midwest,Completed
O003899,C01271,2023-08-19,Online,South,Returned
O003900,C00637,2023-02-19,Mobile App,South,Completed
O003901,C01122,2025-10-12,Marketplace,South,Completed
O003902,C00493,2024-01-30,Online,South,Completed
O003903,C00746,2024-06-06,Retail Store,West,Completed
O003904,C00983,2024-07-14,Retail Store,West,Completed
O003905,C00080,2023-06-30,Marketplace,South,Completed
O003906,C01178,2024-12-07,Marketplace,South,Completed
O003907,C01052,2024-06-16,Retail Store,Midwest,Completed
O003908,C00163,2024-07-05,Retail Store,Midwest,Completed
O003909,C01440,2024-09-30,Marketplace,South,Completed
O003910,C00209,2025-02-19,Retail Store,Northeast,Completed
O003911,C00156,2024-02-11,Online,West,Completed
O003912,C00700,2023-02-15,Retail Store,Midwest,Completed
O003913,C00360,2024-12-19,Marketplace,Midwest,Completed
O003914,C00475,2025-11-03,Marketplace,Midwest,Cancelled
O003915,C00595,2023-02-25,Retail Store,South,Completed
O003916,C01382,2024-11-23,Marketplace,Midwest,Completed
O003917,C00177,2024-04-17,Online,Northeast,Completed
O003918,C01017,2023-10-09,Mobile App,South,Returned
O003919,C00547,2025-02-09,Mobile App,West,Completed
O003920,C00800,2025-06-30,Mobile App,South,Completed
O003921,C01391,2023-04-24,Marketplace,Midwest,Completed
O003922,C00833,2023-03-02,Retail Store,Northeast,Completed
O003923,C00040,2025-04-23,Mobile App,Midwest,Completed
O003924,C00387,2024-05-30,Marketplace,Midwest,Completed
O003925,C00998,2025-05-10,Retail Store,South,Completed
O003926,C00372,2023-09-12,Retail Store,Midwest,Completed
O003927,C01180,2025-03-03,Retail Store,West,Completed
O003928,C00892,2025-09-01,Mobile App,Midwest,Completed
O003929,C00230,2023-01-16,Marketplace,Northeast,Completed
O003930,C00420,2023-05-17,Retail Store,West,Completed
O003931,C01199,2024-08-05,Mobile App,Midwest,Completed
O003932,C01129,2025-04-18,Mobile App,South,Completed
O003933,C01472,2025-11-19,Online,West,Completed
O003934,C00186,2023-04-05,Marketplace,Northeast,Completed
O003935,C00919,2024-08-04,Marketplace,Midwest,Completed
O003936,C00555,2024-05-05,Retail Store,Northeast,Completed
O003937,C01282,2024-08-13,Mobile App,South,Completed
O003938,C01311,2023-11-03,Mobile App,South,Completed
O003939,C00831,2025-08-24,Marketplace,Midwest,Completed
O003940,C00284,2024-03-02,Marketplace,Northeast,Completed
O003941,C00197,2025-07-23,Online,West,Completed
O003942,C00077,2023-05-13,Retail Store,West,Returned
O003943,C00238,2025-09-25,Marketplace,Northeast,Completed
O003944,C00522,2025-04-01,Marketplace,Midwest,Completed
O003945,C00124,2023-07-31,Marketplace,South,Completed
O003946,C00436,2024-09-10,Retail Store,West,Completed
O003947,C00599,2025-10-14,Marketplace,West,Completed
O003948,C00698,2023-09-05,Mobile App,South,Returned
O003949,C01331,2023-11-18,Online,Northeast,Completed
O003950,C00990,2023-12-06,Online,West,Completed
O003951,C00304,2025-04-23,Marketplace,Northeast,Completed
O003952,C01170,2024-02-21,Retail Store,South,Completed
O003953,C00223,2025-04-04,Online,South,Completed
O003954,C01216,2025-08-25,Online,Northeast,Completed
O003955,C01081,2025-09-25,Marketplace,Northeast,Completed
O003956,C00337,2025-06-09,Online,South,Completed
O003957,C00560,2023-03-13,Retail Store,South,Completed
O003958,C01480,2025-06-10,Retail Store,West,Completed
O003959,C00712,2023-12-27,Online,West,Completed
O003960,C00809,2024-07-04,Retail Store,Midwest,Completed
O003961,C01387,2025-03-20,Retail Store,Midwest,Completed
O003962,C00915,2025-10-25,Retail Store,Northeast,Completed
O003963,C00397,2023-01-08,Retail Store,Northeast,Completed
O003964,C00381,2023-11-02,Marketplace,Northeast,Completed
O003965,C00444,2024-04-07,Mobile App,Northeast,Completed
O003966,C00352,2024-06-07,Retail Store,Midwest,Completed
O003967,C00946,2023-01-21,Retail Store,Northeast,Completed
O003968,C00687,2025-02-19,Online,South,Completed
O003969,C00953,2023-11-01,Marketplace,Midwest,Completed
O003970,C01451,2023-09-14,Mobile App,Midwest,Completed
O003971,C01475,2023-02-20,Retail Store,Northeast,Completed
O003972,C01230,2025-03-29,Mobile App,West,Completed
O003973,C00529,2024-04-17,Mobile App,South,Returned
O003974,C01065,2025-03-30,Mobile App,South,Completed
O003975,C01381,2024-03-24,Mobile App,West,Completed
O003976,C00073,2024-03-01,Mobile App,Northeast,Completed
O003977,C01113,2023-04-19,Retail Store,Northeast,Completed
O003978,C00913,2023-03-11,Online,South,Completed
O003979,C01295,2024-02-07,Mobile App,Northeast,Completed
O003980,C00738,2023-06-18,Marketplace,South,Completed
O003981,C00952,2023-01-26,Mobile App,Midwest,Completed
O003982,C00978,2025-01-31,Marketplace,Northeast,Completed
O003983,C00606,2023-02-03,Retail Store,West,Completed
O003984,C00197,2024-09-11,Retail Store,South,Completed
O003985,C01272,2024-03-31,Mobile App,West,Completed
O003986,C01289,2024-02-27,Marketplace,South,Returned
O003987,C01264,2025-05-27,Mobile App,Midwest,Returned
O003988,C01302,2025-12-13,Online,South,Completed
O003989,C01388,2025-08-17,Mobile App,South,Completed
O003990,C01217,2023-12-04,Retail Store,Northeast,Completed
O003991,C00744,2025-05-11,Online,Midwest,Completed
O003992,C00024,2023-09-19,Marketplace,Midwest,Completed
O003993,C01307,2025-12-09,Online,West,Completed
O003994,C00856,2024-09-01,Marketplace,West,Completed
O003995,C00506,2025-12-25,Mobile App,West,Completed
O003996,C00474,2023-07-02,Retail Store,Northeast,Completed
O003997,C00346,2025-08-19,Mobile App,West,Completed
O003998,C01387,2025-03-31,Marketplace,South,Completed
O003999,C01222,2025-04-29,Retail Store,South,Returned
O004000,C00412,2024-08-14,Retail Store,Northeast,Completed
O004001,C00892,2025-04-29,Retail Store,Midwest,Completed
O004002,C00445,2025-11-17,Online,West,Completed
O004003,C00958,2023-02-02,Mobile App,South,Completed
O004004,C00800,2023-12-10,Marketplace,Midwest,Completed
O004005,C01495,2024-01-16,Mobile App,South,Completed
O004006,C01226,2024-07-02,Online,South,Completed
O004007,C00069,2023-07-16,Online,Northeast,Completed
O004008,C00906,2025-03-22,Mobile App,Northeast,Completed
O004009,C00624,2025-04-26,Marketplace,Midwest,Completed
O004010,C01053,2024-02-09,Retail Store,West,Completed
O004011,C00992,2024-07-26,Marketplace,Northeast,Completed
O004012,C01016,2023-02-17,Online,South,Completed
O004013,C00030,2025-01-19,Retail Store,Northeast,Completed
O004014,C00858,2024-05-20,Marketplace,Midwest,Completed
O004015,C00438,2024-06-06,Mobile App,West,Completed
O004016,C00268,2023-04-27,Online,Midwest,Completed
O004017,C01133,2024-12-07,Mobile App,Northeast,Completed
O004018,C00907,2024-09-12,Online,West,Returned
O004019,C00912,2025-10-26,Retail Store,South,Completed
O004020,C01041,2023-03-30,Retail Store,West,Completed
O004021,C00663,2025-03-20,Online,South,Completed
O004022,C00806,2025-03-09,Mobile App,Midwest,Completed
O004023,C00515,2024-04-20,Marketplace,Midwest,Completed
O004024,C00210,2023-08-18,Retail Store,South,Completed
O004025,C00131,2025-10-30,Online,West,Completed
O004026,C00860,2024-11-07,Retail Store,Midwest,Completed
O004027,C00435,2024-09-05,Marketplace,Northeast,Completed
O004028,C01194,2025-07-30,Online,West,Completed
O004029,C00382,2025-05-22,Mobile App,Northeast,Completed
O004030,C01432,2024-05-01,Retail Store,West,Completed
O004031,C01308,2025-04-17,Online,Northeast,Completed
O004032,C00441,2025-12-03,Mobile App,South,Completed
O004033,C00003,2025-05-01,Online,West,Completed
O004034,C00054,2024-10-08,Mobile App,Northeast,Completed
O004035,C01063,2025-09-13,Online,South,Completed
O004036,C00378,2023-03-05,Retail Store,Northeast,Completed
O004037,C00768,2023-07-13,Online,Northeast,Returned
O004038,C01245,2023-07-05,Online,Midwest,Completed
O004039,C00730,2025-02-04,Retail Store,Northeast,Completed
O004040,C01091,2024-03-31,Marketplace,West,Completed
O004041,C00990,2025-10-05,Online,Northeast,Completed
O004042,C01449,2023-10-30,Mobile App,South,Returned
O004043,C01005,2025-01-18,Online,Northeast,Completed
O004044,C00288,2024-03-26,Online,South,Completed
O004045,C00277,2024-12-23,Online,South,Returned
O004046,C01364,2024-06-27,Online,Northeast,Completed
O004047,C00965,2025-09-05,Marketplace,Northeast,Completed
O004048,C01468,2025-02-28,Marketplace,South,Completed
O004049,C00140,2025-03-29,Mobile App,Northeast,Completed
O004050,C01331,2023-09-26,Mobile App,Northeast,Cancelled
O004051,C00880,2025-01-28,Retail Store,Northeast,Completed
O004052,C01136,2023-08-14,Marketplace,Northeast,Completed
O004053,C01369,2023-09-06,Mobile App,South,Completed
O004054,C00122,2024-03-29,Mobile App,South,Completed
O004055,C01190,2025-11-06,Mobile App,West,Completed
O004056,C01229,2024-08-05,Marketplace,Midwest,Completed
O004057,C01194,2023-08-04,Marketplace,Northeast,Completed
O004058,C00591,2025-04-08,Retail Store,Northeast,Completed
O004059,C00445,2023-10-16,Marketplace,Northeast,Completed
O004060,C01412,2024-07-15,Online,Northeast,Completed
O004061,C01109,2025-04-13,Online,Northeast,Completed
O004062,C00079,2023-07-29,Mobile App,Midwest,Completed
O004063,C01160,2024-06-23,Retail Store,Midwest,Completed
O004064,C00848,2024-11-11,Mobile App,Northeast,Completed
O004065,C00886,2024-11-28,Mobile App,West,Completed
O004066,C00998,2024-12-14,Retail Store,Northeast,Cancelled
O004067,C00294,2023-06-10,Online,Midwest,Completed
O004068,C00367,2025-06-26,Retail Store,West,Completed
O004069,C00931,2025-12-28,Marketplace,Midwest,Completed
O004070,C00092,2024-12-08,Online,South,Completed
O004071,C00285,2024-08-08,Marketplace,West,Cancelled
O004072,C01193,2025-02-07,Online,Midwest,Completed
O004073,C01247,2025-03-04,Marketplace,South,Completed
O004074,C00281,2025-03-10,Marketplace,West,Completed
O004075,C00554,2024-09-23,Marketplace,South,Completed
O004076,C01333,2025-04-25,Online,West,Completed
O004077,C01006,2023-11-19,Retail Store,West,Completed
O004078,C00423,2025-10-15,Online,South,Completed
O004079,C00368,2023-10-31,Mobile App,Midwest,Completed
O004080,C00002,2025-03-10,Retail Store,Northeast,Completed
O004081,C00129,2024-09-24,Marketplace,West,Completed
O004082,C00308,2023-04-26,Online,Midwest,Returned
O004083,C00408,2024-04-11,Online,Midwest,Completed
O004084,C00848,2024-07-11,Online,Midwest,Returned
O004085,C01360,2024-04-15,Mobile App,Midwest,Completed
O004086,C01239,2023-09-11,Online,Northeast,Returned
O004087,C00464,2024-07-08,Online,Midwest,Completed
O004088,C00064,2023-06-03,Marketplace,Midwest,Completed
O004089,C00987,2024-02-08,Mobile App,West,Completed
O004090,C00236,2023-11-01,Marketplace,Northeast,Completed
O004091,C01008,2023-07-09,Online,South,Completed
O004092,C00309,2023-03-29,Retail Store,West,Completed
O004093,C00445,2025-08-06,Retail Store,West,Completed
O004094,C00262,2024-08-01,Marketplace,Midwest,Completed
O004095,C00401,2025-10-25,Marketplace,South,Completed
O004096,C00381,2024-09-28,Mobile App,Midwest,Completed
O004097,C00955,2023-08-28,Mobile App,Northeast,Completed
O004098,C00689,2024-05-26,Retail Store,Midwest,Completed
O004099,C00326,2024-01-18,Online,West,Completed
O004100,C00778,2025-08-26,Marketplace,West,Completed
O004101,C00658,2025-10-11,Marketplace,Midwest,Completed
O004102,C00426,2025-08-25,Online,Midwest,Completed
O004103,C01238,2025-03-09,Mobile App,Midwest,Completed
O004104,C00263,2023-10-07,Online,West,Completed
O004105,C00527,2024-08-28,Retail Store,Northeast,Completed
O004106,C00794,2023-09-07,Online,Northeast,Completed
O004107,C00627,2023-10-19,Retail Store,West,Completed
O004108,C00142,2024-02-24,Marketplace,South,Completed
O004109,C00466,2025-01-12,Mobile App,South,Completed
O004110,C01275,2025-07-12,Marketplace,South,Completed
O004111,C00094,2023-07-08,Mobile App,Northeast,Completed
O004112,C01229,2024-08-26,Marketplace,Midwest,Completed
O004113,C01284,2024-12-29,Online,West,Completed
O004114,C01049,2023-07-09,Marketplace,West,Cancelled
O004115,C00751,2023-09-25,Mobile App,Northeast,Completed
O004116,C00450,2025-07-23,Mobile App,West,Completed
O004117,C00440,2023-04-03,Online,South,Completed
O004118,C01141,2024-10-20,Online,Midwest,Completed
O004119,C00424,2024-08-16,Online,West,Completed
O004120,C00812,2025-12-11,Marketplace,South,Completed
O004121,C00014,2025-10-13,Marketplace,Midwest,Completed
O004122,C00026,2024-12-24,Online,West,Completed
O004123,C01126,2023-10-13,Mobile App,South,Returned
O004124,C01190,2023-09-18,Mobile App,Northeast,Completed
O004125,C01138,2023-12-04,Retail Store,West,Completed
O004126,C01227,2024-06-19,Mobile App,South,Completed
O004127,C01319,2024-09-05,Marketplace,Midwest,Completed
O004128,C00822,2023-03-17,Marketplace,West,Completed
O004129,C00373,2024-04-19,Mobile App,Northeast,Returned
O004130,C01068,2024-02-26,Retail Store,Midwest,Cancelled
O004131,C01067,2023-07-07,Retail Store,Northeast,Completed
O004132,C00316,2024-12-20,Retail Store,Northeast,Completed
O004133,C00958,2025-03-07,Online,South,Completed
O004134,C00771,2024-09-20,Retail Store,South,Completed
O004135,C01489,2023-06-20,Retail Store,West,Returned
O004136,C00342,2025-02-01,Online,Midwest,Completed
O004137,C00428,2024-02-09,Marketplace,Northeast,Completed
O004138,C00364,2024-11-20,Marketplace,West,Completed
O004139,C01000,2025-10-05,Retail Store,West,Completed
O004140,C00428,2025-05-20,Retail Store,Northeast,Cancelled
O004141,C00451,2023-05-30,Online,Midwest,Completed
O004142,C00886,2024-09-01,Marketplace,South,Completed
O004143,C00832,2023-01-27,Online,West,Completed
O004144,C00168,2023-07-12,Mobile App,Northeast,Completed
O004145,C00631,2025-12-12,Retail Store,Northeast,Completed
O004146,C01267,2024-05-29,Mobile App,West,Completed
O004147,C00006,2023-01-27,Marketplace,Northeast,Completed
O004148,C01442,2024-05-27,Online,West,Completed
O004149,C00986,2023-07-03,Mobile App,Midwest,Returned
O004150,C01256,2025-02-20,Marketplace,West,Completed
O004151,C00075,2025-07-14,Marketplace,South,Completed
O004152,C00372,2024-02-01,Marketplace,West,Completed
O004153,C01043,2023-04-28,Marketplace,Midwest,Completed
O004154,C00744,2023-11-21,Marketplace,Midwest,Completed
O004155,C01397,2025-01-15,Marketplace,Midwest,Completed
O004156,C00015,2025-09-28,Online,West,Completed
O004157,C01385,2023-07-16,Marketplace,West,Completed
O004158,C01201,2025-04-27,Marketplace,Northeast,Completed
O004159,C00072,2025-05-10,Retail Store,Northeast,Completed
O004160,C00981,2024-12-11,Retail Store,West,Returned
O004161,C00561,2024-02-03,Retail Store,West,Completed
O004162,C00308,2025-02-22,Marketplace,South,Completed
O004163,C01218,2025-05-18,Marketplace,Midwest,Completed
O004164,C01344,2024-11-16,Marketplace,West,Completed
O004165,C00161,2024-06-26,Retail Store,West,Completed
O004166,C00908,2024-05-03,Retail Store,Midwest,Completed
O004167,C00049,2023-09-23,Retail Store,Midwest,Completed
O004168,C01392,2023-01-12,Marketplace,Midwest,Completed
O004169,C00056,2024-06-13,Mobile App,Midwest,Completed
O004170,C00988,2024-07-26,Online,Northeast,Completed
O004171,C00826,2024-02-11,Mobile App,Midwest,Completed
O004172,C01231,2024-05-22,Marketplace,West,Completed
O004173,C00060,2023-03-29,Marketplace,Midwest,Completed
O004174,C00721,2024-07-16,Online,Northeast,Completed
O004175,C00061,2023-12-28,Retail Store,Midwest,Completed
O004176,C00740,2023-10-17,Mobile App,West,Completed
O004177,C00414,2025-06-03,Retail Store,South,Completed
O004178,C01417,2025-05-24,Marketplace,Midwest,Completed
O004179,C00280,2024-05-22,Marketplace,South,Completed
O004180,C00229,2025-08-29,Retail Store,Midwest,Completed
O004181,C00110,2024-08-03,Online,Northeast,Completed
O004182,C01397,2025-09-16,Retail Store,Northeast,Completed
O004183,C01213,2025-11-26,Marketplace,Midwest,Completed
O004184,C00484,2024-02-19,Online,South,Completed
O004185,C00916,2024-03-16,Retail Store,Midwest,Returned
O004186,C00700,2025-12-17,Online,South,Returned
O004187,C00065,2024-01-11,Mobile App,West,Completed
O004188,C00685,2025-04-06,Marketplace,West,Completed
O004189,C00328,2023-06-24,Mobile App,Northeast,Completed
O004190,C01168,2023-07-14,Online,South,Completed
O004191,C01226,2024-06-03,Retail Store,Midwest,Completed
O004192,C01021,2024-02-29,Marketplace,South,Completed
O004193,C01003,2024-11-15,Online,Northeast,Completed
O004194,C00244,2025-04-08,Online,Midwest,Completed
O004195,C00932,2025-10-12,Mobile App,Northeast,Completed
O004196,C01088,2024-09-09,Retail Store,West,Completed
O004197,C00521,2023-01-22,Retail Store,South,Completed
O004198,C01414,2024-11-03,Online,Midwest,Completed
O004199,C00379,2023-09-22,Online,West,Completed
O004200,C01359,2025-07-14,Marketplace,South,Completed
O004201,C01009,2023-06-19,Retail Store,West,Completed
O004202,C00548,2024-06-30,Online,Midwest,Completed
O004203,C00050,2024-10-08,Mobile App,South,Cancelled
O004204,C01283,2023-03-10,Retail Store,West,Completed
O004205,C00867,2024-12-01,Online,South,Completed
O004206,C00267,2024-02-28,Marketplace,Northeast,Completed
O004207,C00734,2023-12-05,Marketplace,South,Returned
O004208,C00902,2024-05-16,Online,Northeast,Completed
O004209,C01399,2023-05-04,Marketplace,South,Completed
O004210,C01287,2023-08-29,Retail Store,South,Completed
O004211,C00046,2024-10-30,Retail Store,Northeast,Completed
O004212,C01434,2025-12-24,Online,South,Completed
O004213,C00114,2025-02-26,Retail Store,South,Completed
O004214,C00115,2023-03-08,Retail Store,South,Completed
O004215,C01058,2025-07-07,Retail Store,South,Completed
O004216,C01202,2025-07-04,Mobile App,South,Completed
O004217,C01078,2024-11-01,Online,South,Completed
O004218,C00298,2023-11-18,Mobile App,West,Completed
O004219,C00270,2025-06-13,Retail Store,Midwest,Completed
O004220,C00743,2024-12-04,Retail Store,South,Completed
O004221,C00690,2025-12-17,Retail Store,Northeast,Completed
O004222,C01178,2025-11-17,Marketplace,Northeast,Completed
O004223,C00537,2024-11-03,Marketplace,Midwest,Completed
O004224,C01452,2024-11-24,Retail Store,Northeast,Completed
O004225,C00063,2023-08-24,Mobile App,Midwest,Completed
O004226,C00487,2024-08-17,Retail Store,Northeast,Completed
O004227,C00722,2025-01-09,Mobile App,Midwest,Completed
O004228,C00127,2025-11-12,Mobile App,Northeast,Completed
O004229,C00916,2024-11-06,Marketplace,Midwest,Returned
O004230,C01177,2024-07-10,Mobile App,Midwest,Completed
O004231,C00445,2023-08-29,Marketplace,South,Completed
O004232,C01221,2024-05-23,Marketplace,West,Completed
O004233,C00678,2023-05-08,Retail Store,Midwest,Completed
O004234,C00946,2024-09-27,Retail Store,West,Completed
O004235,C00874,2023-08-05,Mobile App,West,Completed
O004236,C00241,2025-05-13,Mobile App,West,Completed
O004237,C00346,2024-12-04,Marketplace,Northeast,Completed
O004238,C00617,2023-02-12,Online,West,Returned
O004239,C00303,2023-11-10,Marketplace,West,Completed
O004240,C00754,2023-05-09,Online,Midwest,Completed
O004241,C01305,2023-07-31,Online,West,Returned
O004242,C00594,2024-11-19,Retail Store,South,Returned
O004243,C00384,2025-01-14,Online,West,Completed
O004244,C00764,2024-03-15,Marketplace,South,Completed
O004245,C01043,2025-04-29,Online,West,Completed
O004246,C00618,2024-12-30,Online,Northeast,Completed
O004247,C00412,2023-04-15,Online,Midwest,Completed
O004248,C01146,2024-11-06,Retail Store,West,Completed
O004249,C00457,2025-07-24,Marketplace,South,Completed
O004250,C01369,2024-05-11,Marketplace,Northeast,Completed
O004251,C00069,2023-02-20,Retail Store,Northeast,Completed
O004252,C00191,2024-02-08,Online,Northeast,Completed
O004253,C00832,2023-03-31,Retail Store,South,Completed
O004254,C01169,2024-05-01,Marketplace,South,Completed
O004255,C01364,2024-01-14,Mobile App,Northeast,Completed
O004256,C01342,2025-11-28,Online,South,Completed
O004257,C00581,2025-12-17,Marketplace,Midwest,Completed
O004258,C00886,2025-04-24,Marketplace,West,Completed
O004259,C01114,2023-10-04,Mobile App,Northeast,Completed
O004260,C00382,2024-01-16,Marketplace,Midwest,Completed
O004261,C00629,2023-11-01,Retail Store,West,Completed
O004262,C01014,2024-02-02,Marketplace,South,Completed
O004263,C01399,2024-11-01,Marketplace,Northeast,Completed
O004264,C00638,2024-07-12,Marketplace,South,Completed
O004265,C00787,2024-09-18,Mobile App,Midwest,Completed
O004266,C00189,2024-11-16,Retail Store,South,Completed
O004267,C00402,2024-09-28,Retail Store,South,Completed
O004268,C00550,2023-01-23,Marketplace,West,Completed
O004269,C00250,2025-11-29,Mobile App,Northeast,Completed
O004270,C01362,2023-10-26,Mobile App,South,Completed
O004271,C00108,2023-10-09,Mobile App,South,Completed
O004272,C00793,2024-07-06,Online,Northeast,Completed
O004273,C01016,2024-09-08,Mobile App,Midwest,Completed
O004274,C01406,2024-11-02,Retail Store,West,Completed
O004275,C00943,2025-03-28,Marketplace,Midwest,Completed
O004276,C00138,2024-12-23,Mobile App,Midwest,Completed
O004277,C00535,2025-09-07,Retail Store,West,Completed
O004278,C00340,2025-04-28,Marketplace,South,Completed
O004279,C00396,2025-06-08,Retail Store,Midwest,Completed
O004280,C00310,2023-05-06,Online,Midwest,Completed
O004281,C00934,2025-06-26,Online,Midwest,Completed
O004282,C00170,2024-05-26,Online,Midwest,Completed
O004283,C00838,2023-02-14,Retail Store,Midwest,Completed
O004284,C00102,2024-10-10,Online,Midwest,Cancelled
O004285,C01454,2024-01-16,Marketplace,South,Completed
O004286,C01004,2024-02-24,Online,South,Completed
O004287,C00004,2024-02-23,Marketplace,Northeast,Completed
O004288,C00079,2025-10-02,Retail Store,Northeast,Completed
O004289,C00716,2025-12-18,Marketplace,Midwest,Completed
O004290,C00742,2024-08-28,Online,West,Completed
O004291,C00720,2023-02-08,Marketplace,South,Completed
O004292,C01032,2024-03-17,Mobile App,Midwest,Completed
O004293,C00253,2025-09-08,Mobile App,Midwest,Completed
O004294,C00223,2023-11-10,Marketplace,South,Completed
O004295,C00942,2024-11-25,Online,South,Completed
O004296,C00581,2023-11-14,Mobile App,Northeast,Completed
O004297,C00368,2024-05-24,Marketplace,Northeast,Completed
O004298,C00454,2023-03-30,Mobile App,South,Returned
O004299,C01045,2024-12-29,Online,Midwest,Completed
O004300,C00680,2025-07-18,Retail Store,Midwest,Completed
O004301,C01382,2023-10-12,Mobile App,Northeast,Completed
O004302,C00932,2023-04-28,Retail Store,South,Completed
O004303,C01127,2024-12-30,Marketplace,West,Completed
O004304,C00146,2025-08-04,Mobile App,Northeast,Completed
O004305,C00370,2025-07-18,Mobile App,South,Completed
O004306,C00035,2024-04-15,Retail Store,South,Completed
O004307,C00858,2024-10-16,Retail Store,Northeast,Completed
O004308,C00386,2025-06-24,Mobile App,Midwest,Completed
O004309,C00303,2024-04-10,Retail Store,Northeast,Completed
O004310,C01287,2025-04-24,Retail Store,Midwest,Completed
O004311,C00624,2023-10-20,Online,Northeast,Completed
O004312,C01455,2023-05-13,Retail Store,Midwest,Completed
O004313,C00103,2024-10-09,Mobile App,Northeast,Completed
O004314,C00460,2025-01-17,Marketplace,South,Completed
O004315,C01452,2024-10-08,Retail Store,West,Completed
O004316,C01184,2023-04-19,Retail Store,Northeast,Completed
O004317,C00924,2024-06-23,Marketplace,South,Completed
O004318,C00553,2025-08-05,Marketplace,Northeast,Completed
O004319,C00435,2023-12-14,Marketplace,South,Completed
O004320,C01084,2025-02-05,Online,West,Completed
O004321,C00727,2025-02-06,Online,Northeast,Completed
O004322,C01437,2024-05-04,Online,Northeast,Completed
O004323,C00776,2025-01-13,Mobile App,Northeast,Completed
O004324,C00770,2025-09-26,Retail Store,South,Completed
O004325,C00089,2024-06-11,Marketplace,Midwest,Completed
O004326,C00306,2024-08-29,Retail Store,Midwest,Returned
O004327,C00044,2025-01-24,Marketplace,West,Cancelled
O004328,C01181,2025-01-25,Retail Store,Northeast,Completed
O004329,C00872,2025-08-18,Mobile App,Midwest,Completed
O004330,C01190,2025-07-10,Mobile App,Northeast,Completed
O004331,C00249,2025-02-23,Marketplace,Northeast,Completed
O004332,C01242,2023-08-29,Mobile App,Northeast,Completed
O004333,C01171,2023-05-20,Online,Midwest,Completed
O004334,C00101,2025-08-15,Mobile App,Northeast,Completed
O004335,C01081,2025-04-11,Online,South,Completed
O004336,C00953,2025-12-08,Marketplace,West,Completed
O004337,C01375,2023-06-23,Marketplace,Midwest,Completed
O004338,C00216,2023-09-23,Retail Store,Northeast,Completed
O004339,C00889,2025-04-01,Online,Midwest,Completed
O004340,C00800,2024-10-13,Online,Midwest,Completed
O004341,C00726,2023-11-02,Online,Northeast,Completed
O004342,C00579,2024-05-06,Mobile App,West,Completed
O004343,C00870,2024-12-31,Marketplace,Northeast,Completed
O004344,C01309,2025-12-11,Marketplace,West,Completed
O004345,C01004,2023-09-25,Marketplace,Northeast,Completed
O004346,C00924,2024-07-31,Mobile App,West,Cancelled
O004347,C00443,2024-11-13,Mobile App,Midwest,Completed
O004348,C00364,2025-08-19,Retail Store,Northeast,Completed
O004349,C00127,2023-06-14,Marketplace,South,Completed
O004350,C00782,2023-09-10,Marketplace,South,Completed
O004351,C00432,2025-05-10,Retail Store,South,Completed
O004352,C01137,2023-06-06,Marketplace,South,Completed
O004353,C01056,2025-03-16,Marketplace,South,Completed
O004354,C00868,2024-11-09,Mobile App,South,Completed
O004355,C00984,2025-10-02,Online,Midwest,Completed
O004356,C00595,2025-04-05,Retail Store,South,Completed
O004357,C00282,2023-12-05,Mobile App,South,Completed
O004358,C00017,2025-06-02,Mobile App,Midwest,Completed
O004359,C01320,2025-06-18,Online,Midwest,Returned
O004360,C01153,2025-10-10,Online,West,Completed
O004361,C00434,2023-09-15,Retail Store,Midwest,Completed
O004362,C00141,2024-05-22,Retail Store,Northeast,Completed
O004363,C00324,2023-10-16,Online,West,Completed
O004364,C01212,2024-01-21,Retail Store,West,Completed
O004365,C01253,2025-05-05,Retail Store,South,Completed
O004366,C00944,2025-04-13,Online,West,Completed
O004367,C00819,2024-10-26,Retail Store,Northeast,Returned
O004368,C00218,2024-07-12,Online,Midwest,Completed
O004369,C00997,2024-09-06,Marketplace,South,Completed
O004370,C00235,2024-07-24,Online,South,Completed
O004371,C01252,2023-05-26,Online,West,Completed
O004372,C00919,2024-05-17,Retail Store,Midwest,Completed
O004373,C00207,2025-10-26,Online,Northeast,Completed
O004374,C00939,2024-01-22,Retail Store,Midwest,Completed
O004375,C01408,2025-04-23,Mobile App,Midwest,Completed
O004376,C00582,2024-11-15,Marketplace,Midwest,Completed
O004377,C00473,2023-12-31,Retail Store,Northeast,Completed
O004378,C01360,2023-12-14,Mobile App,South,Completed
O004379,C00505,2023-06-20,Retail Store,West,Completed
O004380,C00531,2023-05-08,Marketplace,Midwest,Completed
O004381,C00104,2023-04-14,Mobile App,West,Completed
O004382,C00905,2023-06-07,Retail Store,Northeast,Completed
O004383,C00532,2023-10-01,Online,Northeast,Completed
O004384,C00597,2023-12-16,Online,South,Completed
O004385,C01244,2025-02-23,Retail Store,Northeast,Completed
O004386,C00553,2023-06-25,Online,Midwest,Completed
O004387,C00737,2025-06-09,Online,West,Completed
O004388,C00883,2023-05-18,Retail Store,Midwest,Completed
O004389,C01489,2023-07-22,Marketplace,Midwest,Completed
O004390,C00623,2024-11-05,Mobile App,South,Completed
O004391,C01333,2023-08-26,Retail Store,Northeast,Completed
O004392,C00595,2024-07-07,Online,Northeast,Completed
O004393,C01421,2024-03-19,Marketplace,Midwest,Completed
O004394,C00345,2023-09-05,Marketplace,Midwest,Completed
O004395,C01456,2023-09-05,Online,South,Completed
O004396,C00106,2023-03-29,Retail Store,South,Completed
O004397,C00826,2025-10-27,Retail Store,West,Completed
O004398,C00383,2023-10-28,Online,West,Completed
O004399,C00853,2024-10-31,Retail Store,Northeast,Completed
O004400,C00392,2023-09-11,Mobile App,Midwest,Completed
O004401,C00202,2023-02-22,Mobile App,Northeast,Completed
O004402,C00736,2024-03-21,Marketplace,Northeast,Completed
O004403,C00594,2023-12-16,Mobile App,South,Returned
O004404,C00303,2023-01-26,Retail Store,South,Returned
O004405,C01290,2025-09-03,Mobile App,Northeast,Completed
O004406,C00506,2023-10-13,Retail Store,Midwest,Completed
O004407,C00918,2025-06-22,Marketplace,Northeast,Completed
O004408,C01335,2023-10-03,Marketplace,South,Returned
O004409,C00963,2025-05-23,Retail Store,West,Completed
O004410,C00275,2025-10-19,Online,West,Completed
O004411,C00042,2024-08-21,Mobile App,Northeast,Completed
O004412,C00039,2025-01-28,Marketplace,Northeast,Completed
O004413,C00706,2025-08-04,Retail Store,South,Completed
O004414,C01365,2023-05-13,Mobile App,West,Completed
O004415,C01190,2025-06-08,Retail Store,South,Completed
O004416,C01048,2023-07-31,Mobile App,South,Completed
O004417,C01125,2023-12-07,Marketplace,West,Completed
O004418,C00370,2023-03-23,Mobile App,Midwest,Returned
O004419,C01068,2024-04-18,Retail Store,Northeast,Completed
O004420,C01397,2023-06-15,Mobile App,West,Completed
O004421,C00640,2024-10-14,Marketplace,South,Completed
O004422,C01016,2025-08-19,Marketplace,Northeast,Completed
O004423,C01349,2024-09-01,Marketplace,Midwest,Completed
O004424,C01443,2025-02-12,Marketplace,West,Completed
O004425,C01186,2023-01-24,Retail Store,Midwest,Completed
O004426,C00351,2025-01-05,Mobile App,Midwest,Completed
O004427,C00402,2024-11-20,Mobile App,Northeast,Completed
O004428,C00603,2023-05-18,Online,Midwest,Completed
O004429,C01442,2024-12-26,Online,Northeast,Completed
O004430,C01378,2024-12-02,Mobile App,Northeast,Completed
O004431,C00824,2025-05-28,Retail Store,South,Completed
O004432,C00516,2024-11-17,Online,Northeast,Completed
O004433,C00486,2023-10-19,Retail Store,South,Completed
O004434,C00081,2025-09-24,Mobile App,West,Completed
O004435,C01298,2023-12-20,Online,South,Completed
O004436,C00724,2023-05-10,Retail Store,South,Completed
O004437,C00246,2024-10-17,Online,South,Completed
O004438,C00501,2024-10-11,Marketplace,West,Completed
O004439,C01242,2023-06-29,Mobile App,Midwest,Cancelled
O004440,C00332,2023-02-03,Mobile App,West,Completed
O004441,C01379,2024-11-15,Online,Midwest,Completed
O004442,C01444,2023-02-08,Marketplace,South,Returned
O004443,C00092,2023-07-09,Mobile App,Northeast,Completed
O004444,C01115,2024-06-01,Online,Northeast,Completed
O004445,C00129,2024-06-20,Marketplace,West,Completed
O004446,C00377,2025-07-01,Online,South,Completed
O004447,C00430,2025-09-06,Mobile App,Northeast,Completed
O004448,C00524,2024-09-29,Mobile App,West,Completed
O004449,C00089,2023-09-23,Marketplace,Northeast,Completed
O004450,C00810,2023-02-12,Online,Midwest,Completed
O004451,C00481,2024-02-13,Retail Store,Northeast,Returned
O004452,C00273,2025-07-21,Online,Midwest,Completed
O004453,C01391,2023-10-28,Mobile App,South,Completed
O004454,C01346,2025-08-08,Online,South,Completed
O004455,C01465,2023-06-07,Marketplace,West,Completed
O004456,C00131,2025-06-15,Mobile App,Midwest,Completed
O004457,C00437,2023-06-06,Online,South,Completed
O004458,C00086,2025-07-23,Retail Store,South,Completed
O004459,C00240,2024-07-17,Retail Store,Midwest,Completed
O004460,C01322,2025-04-19,Marketplace,Northeast,Completed
O004461,C01022,2023-08-21,Marketplace,Northeast,Completed
O004462,C01283,2023-03-24,Online,South,Completed
O004463,C01270,2024-10-15,Mobile App,Midwest,Completed
O004464,C01356,2024-10-28,Marketplace,South,Completed
O004465,C01231,2024-07-25,Mobile App,Midwest,Completed
O004466,C01381,2025-07-06,Retail Store,Northeast,Returned
O004467,C00862,2024-04-11,Marketplace,Midwest,Completed
O004468,C00404,2023-06-02,Marketplace,Midwest,Completed
O004469,C00736,2023-04-23,Retail Store,Midwest,Completed
O004470,C00579,2024-10-16,Online,Midwest,Returned
O004471,C00934,2025-11-23,Marketplace,West,Completed
O004472,C01320,2025-12-12,Mobile App,South,Completed
O004473,C00933,2023-03-06,Mobile App,Northeast,Completed
O004474,C01267,2024-07-21,Retail Store,Northeast,Returned
O004475,C00605,2023-09-13,Marketplace,South,Completed
O004476,C00573,2025-10-04,Online,Northeast,Completed
O004477,C00838,2024-09-28,Marketplace,West,Completed
O004478,C00888,2024-07-13,Mobile App,South,Completed
O004479,C01425,2025-10-16,Retail Store,Northeast,Completed
O004480,C00033,2023-06-18,Online,Northeast,Completed
O004481,C00497,2023-01-29,Mobile App,South,Completed
O004482,C00460,2024-08-07,Online,Midwest,Completed
O004483,C01086,2025-02-09,Marketplace,West,Completed
O004484,C01309,2023-05-03,Online,South,Returned
O004485,C00951,2025-11-17,Marketplace,Northeast,Completed
O004486,C00535,2025-10-21,Marketplace,South,Completed
O004487,C00579,2025-08-14,Online,Northeast,Returned
O004488,C00191,2024-01-28,Marketplace,Northeast,Completed
O004489,C00172,2023-10-06,Retail Store,South,Completed
O004490,C01045,2025-01-31,Online,Northeast,Completed
O004491,C00117,2023-06-15,Online,West,Completed
O004492,C00406,2025-07-31,Mobile App,Midwest,Completed
O004493,C00059,2025-08-18,Retail Store,Midwest,Completed
O004494,C00421,2023-07-07,Online,South,Completed
O004495,C01213,2023-05-17,Online,Northeast,Completed
O004496,C00210,2023-01-24,Mobile App,West,Completed
O004497,C00068,2024-02-22,Retail Store,Northeast,Completed
O004498,C00336,2024-09-25,Marketplace,Midwest,Completed
O004499,C00410,2024-05-15,Retail Store,Midwest,Completed
O004500,C00254,2025-05-19,Marketplace,Northeast,Completed
O004501,C00291,2024-09-29,Marketplace,Midwest,Completed
O004502,C00645,2024-07-17,Mobile App,Midwest,Completed
O004503,C00823,2024-10-10,Mobile App,South,Completed
O004504,C00553,2023-05-03,Retail Store,Northeast,Completed
O004505,C00400,2024-01-28,Retail Store,South,Completed
O004506,C01421,2024-12-13,Mobile App,Northeast,Completed
O004507,C01041,2024-11-13,Online,South,Returned
O004508,C00094,2025-10-12,Marketplace,Midwest,Completed
O004509,C00739,2025-07-12,Retail Store,South,Completed
O004510,C00371,2023-09-27,Retail Store,Midwest,Completed
O004511,C00519,2025-09-27,Retail Store,West,Completed
O004512,C01203,2025-03-10,Mobile App,Midwest,Completed
O004513,C00891,2023-04-19,Online,Northeast,Completed
O004514,C00800,2025-11-12,Retail Store,South,Completed
O004515,C00748,2025-07-25,Mobile App,Midwest,Completed
O004516,C01338,2024-12-21,Marketplace,Midwest,Completed
O004517,C00050,2023-02-15,Marketplace,Midwest,Completed
O004518,C01236,2024-12-26,Marketplace,South,Completed
O004519,C01295,2024-03-31,Retail Store,South,Completed
O004520,C00279,2023-10-21,Retail Store,West,Completed
O004521,C00608,2023-08-02,Mobile App,West,Completed
O004522,C00270,2023-04-27,Retail Store,South,Completed
O004523,C01381,2024-08-31,Retail Store,South,Returned
O004524,C00319,2025-07-30,Mobile App,Midwest,Completed
O004525,C01168,2025-10-19,Marketplace,Midwest,Completed
O004526,C01457,2024-09-19,Retail Store,Midwest,Completed
O004527,C00919,2023-08-26,Mobile App,South,Completed
O004528,C00900,2024-08-12,Online,South,Completed
O004529,C00049,2023-10-25,Mobile App,Midwest,Returned
O004530,C00975,2025-03-18,Marketplace,South,Completed
O004531,C01365,2024-07-08,Retail Store,Northeast,Completed
O004532,C01360,2025-03-08,Retail Store,Midwest,Completed
O004533,C00252,2024-04-18,Online,Northeast,Returned
O004534,C00078,2023-09-26,Marketplace,South,Completed
O004535,C00348,2024-11-24,Mobile App,Midwest,Returned
O004536,C00987,2025-05-10,Retail Store,West,Completed
O004537,C00445,2024-10-13,Mobile App,Midwest,Cancelled
O004538,C01498,2025-07-24,Mobile App,South,Completed
O004539,C01185,2024-03-18,Mobile App,West,Completed
O004540,C00777,2023-01-25,Online,South,Completed
O004541,C00397,2023-05-19,Retail Store,Midwest,Completed
O004542,C00704,2025-02-28,Mobile App,West,Completed
O004543,C00510,2024-12-31,Online,West,Completed
O004544,C00135,2023-01-09,Marketplace,South,Completed
O004545,C00976,2025-01-10,Mobile App,Northeast,Completed
O004546,C00267,2024-04-11,Marketplace,Northeast,Completed
O004547,C00638,2024-07-17,Retail Store,Northeast,Completed
O004548,C01243,2025-07-18,Online,Midwest,Completed
O004549,C01245,2023-02-07,Online,Northeast,Completed
O004550,C00321,2025-09-05,Online,Northeast,Completed
O004551,C00369,2024-07-25,Mobile App,Midwest,Completed
O004552,C00078,2024-10-24,Mobile App,West,Completed
O004553,C00719,2024-11-02,Online,West,Completed
O004554,C00343,2023-03-02,Mobile App,South,Completed
O004555,C00007,2023-04-27,Retail Store,West,Completed
O004556,C00573,2023-01-25,Online,South,Returned
O004557,C01052,2023-04-07,Marketplace,West,Completed
O004558,C00698,2025-09-19,Retail Store,Midwest,Completed
O004559,C00622,2024-11-24,Retail Store,Northeast,Completed
O004560,C00845,2024-05-23,Retail Store,West,Completed
O004561,C00695,2023-12-31,Online,West,Completed
O004562,C00632,2023-10-03,Mobile App,Northeast,Completed
O004563,C01397,2024-10-25,Retail Store,Northeast,Completed
O004564,C00535,2025-09-24,Mobile App,West,Completed
O004565,C00219,2024-02-17,Marketplace,Midwest,Returned
O004566,C00526,2025-02-12,Online,West,Completed
O004567,C01092,2025-05-09,Retail Store,Midwest,Completed
O004568,C00810,2023-06-26,Marketplace,Northeast,Completed
O004569,C00188,2025-05-28,Marketplace,Midwest,Completed
O004570,C00444,2025-07-10,Marketplace,Midwest,Completed
O004571,C01178,2023-11-24,Mobile App,Midwest,Completed
O004572,C01385,2024-06-28,Mobile App,Midwest,Completed
O004573,C01120,2024-05-20,Online,West,Completed
O004574,C01287,2023-03-22,Mobile App,West,Completed
O004575,C00765,2025-11-08,Marketplace,West,Completed
O004576,C00103,2025-06-03,Mobile App,South,Returned
O004577,C00427,2023-11-22,Retail Store,West,Completed
O004578,C00991,2025-01-15,Mobile App,West,Completed
O004579,C00056,2024-05-25,Retail Store,Northeast,Completed
O004580,C00753,2024-12-15,Mobile App,Northeast,Completed
O004581,C00780,2024-11-28,Online,West,Completed
O004582,C01006,2023-01-02,Mobile App,Midwest,Completed
O004583,C00415,2024-02-25,Retail Store,Northeast,Completed
O004584,C01340,2025-04-10,Mobile App,Midwest,Completed
O004585,C01263,2025-06-07,Marketplace,Midwest,Completed
O004586,C00090,2023-02-26,Marketplace,West,Completed
O004587,C00570,2025-02-11,Mobile App,Northeast,Completed
O004588,C01211,2023-04-15,Online,Midwest,Completed
O004589,C00404,2024-09-24,Marketplace,Midwest,Completed
O004590,C01032,2025-02-20,Marketplace,South,Completed
O004591,C01450,2025-01-02,Marketplace,West,Completed
O004592,C00768,2024-10-27,Marketplace,Midwest,Completed
O004593,C00630,2024-08-17,Online,West,Completed
O004594,C01286,2025-01-10,Online,South,Completed
O004595,C00355,2025-10-27,Marketplace,West,Completed
O004596,C01297,2023-12-19,Mobile App,Northeast,Completed
O004597,C00252,2025-12-09,Retail Store,South,Completed
O004598,C00434,2025-08-02,Mobile App,Northeast,Completed
O004599,C00720,2024-07-13,Marketplace,Midwest,Completed
O004600,C01366,2023-05-26,Retail Store,Midwest,Returned
O004601,C00015,2025-02-16,Retail Store,West,Completed
O004602,C00203,2024-04-17,Marketplace,Northeast,Completed
O004603,C01338,2025-01-28,Marketplace,West,Completed
O004604,C00763,2025-07-10,Marketplace,West,Completed
O004605,C00808,2024-05-30,Online,West,Completed
O004606,C01313,2025-10-21,Mobile App,Midwest,Completed
O004607,C00145,2024-10-18,Marketplace,South,Completed
O004608,C01084,2025-11-29,Mobile App,West,Completed
O004609,C00739,2023-10-22,Retail Store,West,Completed
O004610,C00158,2023-01-11,Retail Store,West,Completed
O004611,C01392,2023-12-15,Mobile App,West,Completed
O004612,C00127,2024-07-18,Marketplace,Northeast,Completed
O004613,C00415,2025-04-29,Online,West,Completed
O004614,C00507,2023-06-29,Online,Midwest,Completed
O004615,C00496,2024-01-24,Online,South,Completed
O004616,C01370,2023-08-18,Online,Midwest,Completed
O004617,C00703,2025-12-25,Marketplace,Midwest,Completed
O004618,C00315,2024-08-15,Marketplace,Midwest,Completed
O004619,C01247,2024-01-30,Marketplace,West,Completed
O004620,C00650,2025-12-07,Online,South,Returned
O004621,C01460,2024-02-14,Online,West,Completed
O004622,C01265,2025-03-24,Marketplace,West,Completed
O004623,C01456,2024-02-21,Marketplace,Midwest,Completed
O004624,C00670,2025-12-29,Marketplace,South,Completed
O004625,C00265,2023-08-16,Retail Store,West,Returned
O004626,C00863,2024-09-19,Mobile App,West,Completed
O004627,C00884,2024-08-04,Retail Store,South,Completed
O004628,C00890,2025-07-26,Marketplace,South,Completed
O004629,C00009,2023-04-10,Mobile App,Northeast,Returned
O004630,C01243,2025-10-09,Online,Northeast,Cancelled
O004631,C00019,2024-10-02,Mobile App,South,Completed
O004632,C00264,2023-11-22,Online,Northeast,Completed
O004633,C01299,2023-06-04,Retail Store,Northeast,Completed
O004634,C00625,2025-02-22,Retail Store,South,Completed
O004635,C00801,2023-03-15,Retail Store,Northeast,Completed
O004636,C01389,2024-04-27,Retail Store,South,Completed
O004637,C00263,2023-09-27,Retail Store,West,Completed
O004638,C00482,2024-07-20,Online,Northeast,Completed
O004639,C00135,2025-12-15,Retail Store,Midwest,Completed
O004640,C00389,2024-08-02,Retail Store,Midwest,Completed
O004641,C00378,2024-03-10,Online,South,Completed
O004642,C00287,2025-08-11,Retail Store,Northeast,Completed
O004643,C00050,2024-02-19,Online,Northeast,Completed
O004644,C01388,2023-12-23,Retail Store,South,Completed
O004645,C00973,2023-09-22,Mobile App,West,Completed
O004646,C00815,2024-06-10,Online,West,Completed
O004647,C00692,2025-09-01,Retail Store,South,Returned
O004648,C00200,2024-08-13,Mobile App,West,Completed
O004649,C01400,2023-08-05,Mobile App,Midwest,Completed
O004650,C00368,2023-09-19,Marketplace,Midwest,Completed
O004651,C00121,2023-05-22,Online,Midwest,Completed
O004652,C01167,2024-03-31,Online,South,Completed
O004653,C00590,2024-11-07,Marketplace,South,Completed
O004654,C01235,2023-05-24,Online,South,Returned
O004655,C00905,2023-08-13,Retail Store,South,Completed
O004656,C00947,2025-01-12,Online,Midwest,Completed
O004657,C00864,2023-06-22,Mobile App,Northeast,Completed
O004658,C01225,2025-03-12,Online,Midwest,Completed
O004659,C00807,2024-05-29,Retail Store,South,Completed
O004660,C00431,2024-08-17,Mobile App,Midwest,Completed
O004661,C00518,2025-05-06,Mobile App,Northeast,Completed
O004662,C00950,2023-01-16,Mobile App,Northeast,Completed
O004663,C01471,2025-06-23,Mobile App,West,Completed
O004664,C01117,2023-04-07,Retail Store,West,Completed
O004665,C01107,2024-03-23,Retail Store,South,Completed
O004666,C01364,2023-03-30,Marketplace,Northeast,Cancelled
O004667,C01322,2024-12-01,Marketplace,West,Completed
O004668,C00758,2024-08-03,Marketplace,West,Completed
O004669,C01340,2024-09-24,Online,West,Completed
O004670,C00452,2025-05-12,Mobile App,South,Completed
O004671,C01083,2024-12-25,Retail Store,West,Completed
O004672,C00842,2024-11-15,Mobile App,Midwest,Completed
O004673,C00643,2025-10-10,Online,South,Completed
O004674,C00811,2023-08-10,Marketplace,West,Completed
O004675,C00671,2025-01-09,Marketplace,West,Returned
O004676,C00917,2024-04-13,Retail Store,South,Completed
O004677,C01057,2025-03-20,Retail Store,Midwest,Completed
O004678,C00262,2023-11-24,Retail Store,South,Completed
O004679,C01476,2025-09-09,Mobile App,Midwest,Completed
O004680,C00847,2025-09-19,Online,West,Completed
O004681,C00439,2025-05-29,Online,Midwest,Completed
O004682,C00452,2023-04-05,Marketplace,Northeast,Completed
O004683,C00034,2023-10-20,Mobile App,Northeast,Completed
O004684,C01242,2024-09-29,Mobile App,South,Completed
O004685,C01467,2023-03-09,Retail Store,Northeast,Completed
O004686,C00944,2024-06-17,Marketplace,Northeast,Completed
O004687,C01236,2024-11-03,Online,South,Completed
O004688,C01022,2024-03-11,Marketplace,Midwest,Completed
O004689,C01036,2023-04-14,Mobile App,West,Completed
O004690,C01245,2025-03-14,Retail Store,West,Completed
O004691,C00431,2023-01-10,Marketplace,Midwest,Completed
O004692,C01085,2024-12-30,Retail Store,Northeast,Completed
O004693,C01170,2025-05-24,Marketplace,South,Completed
O004694,C00293,2023-10-27,Retail Store,South,Completed
O004695,C01295,2025-09-26,Retail Store,South,Completed
O004696,C00113,2023-12-06,Retail Store,West,Completed
O004697,C01307,2024-05-08,Retail Store,Midwest,Cancelled
O004698,C00216,2025-05-02,Online,West,Returned
O004699,C00179,2024-09-02,Online,West,Completed
O004700,C01029,2025-03-21,Marketplace,South,Completed
O004701,C01262,2025-12-04,Mobile App,West,Completed
O004702,C00504,2024-06-05,Retail Store,Northeast,Completed
O004703,C00178,2024-10-25,Mobile App,West,Completed
O004704,C00208,2024-04-11,Mobile App,South,Completed
O004705,C00961,2024-01-26,Marketplace,Midwest,Completed
O004706,C01012,2024-02-21,Mobile App,West,Completed
O004707,C01380,2023-01-05,Mobile App,Northeast,Completed
O004708,C00441,2023-06-07,Online,West,Completed
O004709,C01285,2023-03-05,Mobile App,Northeast,Completed
O004710,C00150,2023-11-08,Mobile App,South,Completed
O004711,C00597,2024-03-20,Online,Northeast,Completed
O004712,C00094,2023-12-10,Mobile App,West,Completed
O004713,C00384,2025-05-23,Online,West,Completed
O004714,C00502,2024-12-13,Online,Northeast,Completed
O004715,C01179,2024-10-17,Online,West,Completed
O004716,C00771,2023-06-12,Retail Store,West,Completed
O004717,C00633,2023-12-23,Mobile App,Midwest,Completed
O004718,C00233,2025-11-11,Retail Store,West,Completed
O004719,C00892,2025-10-06,Online,Midwest,Cancelled
O004720,C00023,2023-04-30,Mobile App,West,Completed
O004721,C00522,2024-01-17,Online,Northeast,Completed
O004722,C01117,2025-11-30,Mobile App,Northeast,Completed
O004723,C00420,2023-08-22,Mobile App,South,Completed
O004724,C00768,2023-01-26,Mobile App,Northeast,Completed
O004725,C01400,2024-04-23,Retail Store,South,Completed
O004726,C00303,2023-11-25,Online,Midwest,Completed
O004727,C00895,2023-08-17,Marketplace,Northeast,Completed
O004728,C00343,2023-12-06,Marketplace,South,Completed
O004729,C00914,2023-06-20,Online,West,Completed
O004730,C00278,2025-08-17,Online,West,Completed
O004731,C00526,2024-01-22,Mobile App,West,Completed
O004732,C00351,2023-02-02,Online,South,Completed
O004733,C00428,2025-09-16,Online,Midwest,Completed
O004734,C00159,2025-01-09,Retail Store,South,Completed
O004735,C00917,2024-12-02,Retail Store,Northeast,Completed
O004736,C00336,2024-06-15,Retail Store,Midwest,Completed
O004737,C01017,2023-05-08,Retail Store,South,Completed
O004738,C01146,2023-04-12,Mobile App,Northeast,Completed
O004739,C01352,2025-03-15,Retail Store,Midwest,Completed
O004740,C00660,2025-11-10,Retail Store,South,Completed
O004741,C00905,2025-10-15,Mobile App,South,Completed
O004742,C01485,2025-06-25,Mobile App,South,Completed
O004743,C00268,2023-08-30,Online,South,Completed
O004744,C00396,2023-11-19,Retail Store,Northeast,Completed
O004745,C00150,2025-12-29,Online,Northeast,Completed
O004746,C00645,2023-03-26,Online,West,Completed
O004747,C00160,2024-07-13,Online,West,Completed
O004748,C00901,2024-07-10,Marketplace,Midwest,Completed
O004749,C00335,2024-02-04,Retail Store,Northeast,Completed
O004750,C01300,2023-02-21,Retail Store,Midwest,Completed
O004751,C01183,2024-05-19,Online,Northeast,Completed
O004752,C01431,2024-07-15,Marketplace,Midwest,Completed
O004753,C00853,2025-08-09,Online,West,Completed
O004754,C00060,2024-07-02,Online,West,Completed
O004755,C00865,2023-07-13,Retail Store,West,Returned
O004756,C00083,2025-09-16,Mobile App,West,Completed
O004757,C01442,2023-01-09,Retail Store,Midwest,Completed
O004758,C00902,2025-10-30,Marketplace,South,Completed
O004759,C00122,2024-01-24,Retail Store,South,Completed
O004760,C01074,2024-01-09,Marketplace,Midwest,Completed
O004761,C00358,2025-10-25,Marketplace,West,Completed
O004762,C01288,2024-01-25,Retail Store,South,Completed
O004763,C01434,2023-02-02,Retail Store,South,Completed
O004764,C01364,2025-10-27,Marketplace,West,Completed
O004765,C00787,2025-12-18,Retail Store,Midwest,Completed
O004766,C01200,2025-07-20,Mobile App,South,Completed
O004767,C01455,2024-12-11,Mobile App,South,Completed
O004768,C00830,2025-05-02,Mobile App,West,Completed
O004769,C00463,2024-05-24,Mobile App,Midwest,Completed
O004770,C00116,2025-03-10,Online,South,Completed
O004771,C00239,2024-07-07,Retail Store,Northeast,Completed
O004772,C01413,2025-02-05,Mobile App,West,Completed
O004773,C00852,2024-12-04,Mobile App,South,Completed
O004774,C00373,2025-12-17,Mobile App,West,Completed
O004775,C00546,2024-08-03,Retail Store,Midwest,Completed
O004776,C00555,2024-09-19,Retail Store,South,Completed
O004777,C00696,2023-08-04,Retail Store,West,Completed
O004778,C01314,2024-11-11,Retail Store,West,Completed
O004779,C00368,2025-12-24,Retail Store,Midwest,Completed
O004780,C00331,2025-01-21,Online,Northeast,Returned
O004781,C01315,2024-07-13,Mobile App,West,Completed
O004782,C01202,2024-08-13,Marketplace,South,Completed
O004783,C00440,2024-02-23,Marketplace,Midwest,Completed
O004784,C00492,2023-08-31,Online,Midwest,Completed
O004785,C01334,2024-06-18,Online,Midwest,Completed
O004786,C01165,2024-07-23,Mobile App,West,Completed
O004787,C00954,2023-04-10,Mobile App,Midwest,Completed
O004788,C01484,2023-06-06,Online,Northeast,Completed
O004789,C00980,2024-09-06,Marketplace,South,Completed
O004790,C00551,2023-04-08,Marketplace,Northeast,Completed
O004791,C01486,2025-03-08,Online,Northeast,Completed
O004792,C00914,2025-04-26,Retail Store,South,Completed
O004793,C01063,2023-10-29,Marketplace,Northeast,Completed
O004794,C00693,2023-03-17,Online,West,Completed
O004795,C00172,2024-06-29,Retail Store,West,Completed
O004796,C00005,2023-12-04,Mobile App,Midwest,Completed
O004797,C00004,2025-04-30,Retail Store,Northeast,Completed
O004798,C01143,2025-09-11,Marketplace,South,Returned
O004799,C01309,2025-11-13,Mobile App,South,Completed
O004800,C00542,2025-03-11,Retail Store,Northeast,Completed
O004801,C00780,2025-08-04,Marketplace,West,Completed
O004802,C01326,2023-03-08,Online,Northeast,Completed
O004803,C00528,2024-07-06,Marketplace,South,Completed
O004804,C00506,2025-09-27,Marketplace,South,Completed
O004805,C01227,2023-12-14,Retail Store,Midwest,Completed
O004806,C00437,2025-08-21,Marketplace,West,Completed
O004807,C00059,2023-12-16,Retail Store,South,Completed
O004808,C00799,2025-08-18,Marketplace,South,Completed
O004809,C00756,2023-07-24,Mobile App,Northeast,Completed
O004810,C00010,2023-07-31,Retail Store,Midwest,Completed
O004811,C00699,2023-04-25,Marketplace,South,Completed
O004812,C01130,2025-12-22,Marketplace,Midwest,Returned
O004813,C01265,2025-05-21,Marketplace,Northeast,Completed
O004814,C00036,2025-08-16,Marketplace,West,Completed
O004815,C00117,2023-12-18,Online,Northeast,Completed
O004816,C00778,2023-12-05,Retail Store,South,Completed
O004817,C00268,2023-08-01,Retail Store,Northeast,Completed
O004818,C01243,2025-10-24,Mobile App,Midwest,Completed
O004819,C00567,2024-11-19,Mobile App,South,Completed
O004820,C00916,2024-11-08,Marketplace,Northeast,Returned
O004821,C00458,2024-10-22,Marketplace,West,Completed
O004822,C00677,2024-12-23,Online,South,Returned
O004823,C00938,2024-08-17,Online,West,Completed
O004824,C00984,2023-12-14,Mobile App,South,Completed
O004825,C00332,2025-05-26,Mobile App,Midwest,Completed
O004826,C00292,2024-06-05,Online,Northeast,Completed
O004827,C00078,2024-11-26,Marketplace,Midwest,Completed
O004828,C01169,2023-07-03,Online,Midwest,Completed
O004829,C00963,2025-04-29,Retail Store,Midwest,Completed
O004830,C01449,2024-11-28,Mobile App,Northeast,Completed
O004831,C01445,2025-09-14,Mobile App,West,Completed
O004832,C00640,2025-05-04,Mobile App,Northeast,Completed
O004833,C00122,2023-02-14,Retail Store,Midwest,Completed
O004834,C00540,2024-05-18,Marketplace,South,Completed
O004835,C00387,2025-12-12,Marketplace,West,Completed
O004836,C01236,2025-02-22,Mobile App,Midwest,Completed
O004837,C00210,2023-03-26,Online,Midwest,Completed
O004838,C00503,2025-02-26,Mobile App,Northeast,Completed
O004839,C01034,2024-04-18,Retail Store,Northeast,Completed
O004840,C00860,2024-09-09,Marketplace,South,Completed
O004841,C00456,2024-02-12,Marketplace,Northeast,Completed
O004842,C00065,2023-11-21,Mobile App,Northeast,Completed
O004843,C00938,2025-04-26,Marketplace,West,Completed
O004844,C00774,2024-12-01,Retail Store,West,Completed
O004845,C00513,2023-04-30,Online,South,Completed
O004846,C00734,2024-05-27,Online,South,Completed
O004847,C01176,2025-02-20,Retail Store,South,Completed
O004848,C00394,2023-04-11,Mobile App,South,Returned
O004849,C00748,2023-06-18,Online,South,Completed
O004850,C00059,2024-10-06,Marketplace,Midwest,Completed
O004851,C00866,2025-06-04,Online,South,Completed
O004852,C01295,2023-08-06,Online,Midwest,Completed
O004853,C00895,2025-11-04,Mobile App,West,Returned
O004854,C01152,2025-05-10,Mobile App,Midwest,Completed
O004855,C01428,2023-10-06,Marketplace,West,Completed
O004856,C00895,2024-07-31,Retail Store,Northeast,Returned
O004857,C01366,2024-12-07,Online,South,Completed
O004858,C00930,2025-01-09,Marketplace,South,Completed
O004859,C01087,2024-01-06,Online,Midwest,Completed
O004860,C00170,2024-09-06,Marketplace,Midwest,Completed
O004861,C00643,2023-05-18,Marketplace,Midwest,Completed
O004862,C00515,2024-09-03,Retail Store,West,Completed
O004863,C00529,2023-01-13,Online,Northeast,Completed
O004864,C01015,2023-11-16,Retail Store,West,Completed
O004865,C01029,2023-01-20,Marketplace,Northeast,Completed
O004866,C00256,2024-12-10,Retail Store,Northeast,Returned
O004867,C01004,2024-04-12,Mobile App,West,Returned
O004868,C01032,2023-04-02,Online,South,Completed
O004869,C00991,2023-06-07,Online,West,Completed
O004870,C00088,2024-07-06,Mobile App,West,Completed
O004871,C00999,2024-09-02,Mobile App,Northeast,Completed
O004872,C00717,2025-02-28,Marketplace,Midwest,Completed
O004873,C01327,2024-12-08,Mobile App,Midwest,Completed
O004874,C01151,2024-02-17,Marketplace,South,Completed
O004875,C00728,2024-11-24,Online,Northeast,Completed
O004876,C00712,2025-12-03,Retail Store,Northeast,Completed
O004877,C00852,2024-10-27,Marketplace,Midwest,Completed
O004878,C01159,2024-09-09,Mobile App,Northeast,Completed
O004879,C00835,2025-03-05,Online,Midwest,Completed
O004880,C01425,2024-10-04,Marketplace,Northeast,Returned
O004881,C01203,2024-03-24,Retail Store,South,Completed
O004882,C00761,2023-09-27,Online,Midwest,Completed
O004883,C01216,2025-04-07,Mobile App,Northeast,Completed
O004884,C00639,2025-05-29,Marketplace,West,Completed
O004885,C01170,2025-12-12,Marketplace,West,Completed
O004886,C00120,2025-05-20,Retail Store,South,Completed
O004887,C00797,2024-06-16,Mobile App,South,Completed
O004888,C00513,2023-06-10,Mobile App,West,Returned
O004889,C00577,2023-10-02,Marketplace,West,Completed
O004890,C01000,2023-01-21,Marketplace,Northeast,Completed
O004891,C00500,2023-07-05,Marketplace,West,Completed
O004892,C01367,2025-12-09,Retail Store,Midwest,Completed
O004893,C00356,2025-05-10,Mobile App,South,Completed
O004894,C01314,2025-08-21,Retail Store,South,Completed
O004895,C01246,2024-08-15,Retail Store,South,Completed
O004896,C01454,2024-09-02,Online,Northeast,Completed
O004897,C00038,2025-08-18,Mobile App,South,Completed
O004898,C01453,2025-12-08,Marketplace,South,Completed
O004899,C00666,2025-02-19,Mobile App,South,Completed
O004900,C00166,2024-11-30,Online,West,Completed
O004901,C00498,2023-11-06,Online,Northeast,Completed
O004902,C00285,2024-11-05,Online,West,Completed
O004903,C00193,2023-05-12,Mobile App,Northeast,Completed
O004904,C00429,2025-09-19,Marketplace,Northeast,Completed
O004905,C00984,2025-03-14,Mobile App,Midwest,Completed
O004906,C00669,2023-11-21,Retail Store,West,Completed
O004907,C01469,2025-10-03,Mobile App,Northeast,Completed
O004908,C01005,2023-03-05,Retail Store,South,Completed
O004909,C01352,2024-02-10,Mobile App,Northeast,Completed
O004910,C01412,2024-12-03,Marketplace,South,Completed
O004911,C01193,2025-07-13,Retail Store,Northeast,Completed
O004912,C01138,2025-04-04,Online,West,Completed
O004913,C00311,2025-03-26,Retail Store,Midwest,Completed
O004914,C00328,2023-05-28,Mobile App,Midwest,Completed
O004915,C00672,2023-01-09,Online,Northeast,Completed
O004916,C00550,2025-10-14,Online,West,Completed
O004917,C00903,2025-04-16,Marketplace,Midwest,Completed
O004918,C01441,2023-12-08,Marketplace,South,Completed
O004919,C01451,2024-11-02,Online,Midwest,Returned
O004920,C01189,2024-09-16,Retail Store,Midwest,Completed
O004921,C00939,2024-06-08,Marketplace,Midwest,Cancelled
O004922,C01479,2025-03-20,Mobile App,Northeast,Completed
O004923,C01281,2025-06-13,Retail Store,Midwest,Returned
O004924,C01429,2023-03-11,Retail Store,Northeast,Completed
O004925,C00291,2025-06-27,Mobile App,South,Completed
O004926,C00786,2025-01-16,Online,South,Completed
O004927,C00316,2024-08-06,Marketplace,Northeast,Completed
O004928,C00840,2024-11-01,Online,South,Completed
O004929,C00279,2023-03-27,Online,West,Completed
O004930,C01128,2024-04-02,Online,South,Completed
O004931,C00977,2025-05-24,Marketplace,West,Completed
O004932,C01325,2023-02-05,Marketplace,South,Completed
O004933,C00769,2025-10-27,Retail Store,South,Completed
O004934,C00712,2023-07-26,Marketplace,Northeast,Completed
O004935,C01207,2024-08-10,Marketplace,South,Completed
O004936,C00923,2024-06-17,Mobile App,West,Completed
O004937,C01210,2024-05-29,Retail Store,Northeast,Completed
O004938,C00494,2025-12-26,Online,West,Completed
O004939,C01094,2025-10-26,Online,West,Completed
O004940,C01208,2023-07-13,Mobile App,South,Completed
O004941,C00558,2023-09-19,Marketplace,Midwest,Completed
O004942,C01057,2023-03-08,Online,Midwest,Completed
O004943,C00251,2024-08-24,Retail Store,West,Completed
O004944,C00053,2023-01-27,Online,Northeast,Completed
O004945,C00430,2023-03-13,Retail Store,West,Completed
O004946,C01492,2024-04-19,Marketplace,Midwest,Completed
O004947,C01136,2024-04-20,Retail Store,Northeast,Completed
O004948,C01179,2025-12-23,Marketplace,Midwest,Completed
O004949,C00412,2023-10-21,Online,Northeast,Completed
O004950,C00735,2024-06-02,Online,South,Returned
O004951,C00724,2023-03-27,Retail Store,South,Completed
O004952,C01356,2024-08-24,Retail Store,South,Completed
O004953,C01493,2025-07-07,Mobile App,Northeast,Completed
O004954,C00959,2025-07-05,Marketplace,West,Completed
O004955,C01491,2025-03-04,Retail Store,South,Completed
O004956,C00035,2024-02-18,Mobile App,Midwest,Completed
O004957,C01094,2025-08-21,Marketplace,South,Completed
O004958,C01082,2024-02-03,Online,Northeast,Completed
O004959,C01298,2023-11-26,Marketplace,South,Completed
O004960,C01045,2025-02-21,Mobile App,South,Completed
O004961,C01146,2024-12-14,Online,Midwest,Completed
O004962,C00160,2024-04-02,Marketplace,Northeast,Completed
O004963,C00832,2025-06-15,Marketplace,West,Completed
O004964,C00467,2023-10-04,Online,Northeast,Completed
O004965,C00897,2025-06-28,Retail Store,Midwest,Completed
O004966,C01392,2024-01-16,Online,South,Completed
O004967,C01086,2025-06-15,Marketplace,West,Completed
O004968,C01223,2023-12-14,Marketplace,Midwest,Completed
O004969,C00954,2024-10-24,Online,Midwest,Completed
O004970,C00530,2025-04-28,Retail Store,West,Completed
O004971,C00730,2024-04-13,Mobile App,West,Completed
O004972,C00662,2024-08-31,Mobile App,South,Completed
O004973,C01067,2023-04-10,Retail Store,Northeast,Completed
O004974,C00645,2023-07-30,Marketplace,Northeast,Completed
O004975,C00153,2024-04-20,Retail Store,Midwest,Completed
O004976,C00076,2025-05-11,Retail Store,West,Completed
O004977,C01247,2025-12-25,Mobile App,Northeast,Completed
O004978,C00531,2023-05-19,Marketplace,South,Completed
O004979,C01043,2025-09-20,Marketplace,Midwest,Completed
O004980,C00416,2024-12-05,Mobile App,West,Completed
O004981,C00616,2023-11-05,Retail Store,South,Completed
O004982,C00695,2025-07-14,Online,Northeast,Completed
O004983,C01087,2024-11-21,Mobile App,West,Completed
O004984,C00341,2023-01-16,Retail Store,South,Completed
O004985,C00182,2023-10-25,Marketplace,West,Completed
O004986,C01465,2025-03-09,Marketplace,South,Completed
O004987,C00856,2024-05-28,Mobile App,West,Cancelled
O004988,C00429,2025-08-19,Retail Store,Northeast,Completed
O004989,C00847,2025-06-28,Online,South,Completed
O004990,C00367,2023-09-09,Retail Store,South,Returned
O004991,C01046,2024-04-01,Online,South,Completed
O004992,C00714,2025-03-13,Mobile App,South,Completed
O004993,C00563,2023-07-14,Retail Store,Midwest,Completed
O004994,C01104,2023-12-03,Mobile App,Midwest,Completed
O004995,C00824,2024-04-20,Mobile App,Midwest,Completed
O004996,C00391,2025-06-01,Retail Store,West,Completed
O004997,C00915,2023-01-19,Marketplace,Midwest,Completed
O004998,C01340,2025-10-28,Mobile App,West,Completed
O004999,C01075,2025-01-20,Marketplace,Northeast,Completed
O005000,C00599,2024-10-04,Mobile App,West,Completed
O005001,C00432,2025-12-08,Online,South,Completed
O005002,C01067,2025-06-18,Retail Store,South,Returned
O005003,C00429,2024-03-13,Online,West,Completed
O005004,C00086,2024-08-24,Online,West,Completed
O005005,C00483,2023-11-08,Mobile App,Northeast,Completed
O005006,C01368,2023-04-11,Marketplace,Midwest,Completed
O005007,C00491,2023-07-04,Retail Store,West,Completed
O005008,C00195,2023-03-12,Online,South,Completed
O005009,C00482,2025-03-06,Marketplace,West,Cancelled
O005010,C00744,2023-10-22,Retail Store,Midwest,Completed
O005011,C00930,2023-01-06,Marketplace,Midwest,Completed
O005012,C00214,2024-12-21,Online,Northeast,Completed
O005013,C00784,2023-06-13,Marketplace,Northeast,Completed
O005014,C00798,2023-05-04,Online,South,Completed
O005015,C00537,2023-08-01,Retail Store,West,Completed
O005016,C00275,2023-08-05,Retail Store,West,Returned
O005017,C01284,2025-05-02,Marketplace,West,Completed
O005018,C00303,2025-08-21,Online,South,Completed
O005019,C00314,2023-12-30,Mobile App,Midwest,Completed
O005020,C00521,2024-12-10,Online,Midwest,Completed
O005021,C00352,2023-02-01,Retail Store,West,Completed
O005022,C01309,2023-02-22,Online,Midwest,Completed
O005023,C01108,2023-07-13,Retail Store,Midwest,Completed
O005024,C01024,2024-02-12,Online,Northeast,Completed
O005025,C00524,2024-10-10,Online,Midwest,Returned
O005026,C01186,2023-12-06,Mobile App,Midwest,Completed
O005027,C00731,2024-01-04,Mobile App,Northeast,Completed
O005028,C01122,2025-06-21,Online,West,Completed
O005029,C00341,2025-05-04,Retail Store,West,Completed
O005030,C00467,2023-04-27,Mobile App,West,Returned
O005031,C01231,2023-05-10,Retail Store,South,Completed
O005032,C00094,2023-12-12,Mobile App,Midwest,Completed
O005033,C01150,2023-11-08,Mobile App,South,Completed
O005034,C00987,2023-04-07,Marketplace,South,Completed
O005035,C01498,2024-06-28,Retail Store,South,Completed
O005036,C01071,2024-04-05,Marketplace,Northeast,Completed
O005037,C01343,2024-08-11,Mobile App,West,Completed
O005038,C00042,2023-04-06,Retail Store,Midwest,Completed
O005039,C01354,2024-07-11,Online,West,Completed
O005040,C01141,2024-10-07,Mobile App,Northeast,Completed
O005041,C00122,2023-12-15,Online,Northeast,Completed
O005042,C01164,2025-08-21,Online,South,Completed
O005043,C01463,2025-09-19,Online,Midwest,Completed
O005044,C01086,2025-03-18,Marketplace,Midwest,Returned
O005045,C00602,2024-03-02,Retail Store,West,Completed
O005046,C00277,2023-01-11,Mobile App,West,Completed
O005047,C00540,2024-08-21,Online,West,Completed
O005048,C00894,2023-01-04,Mobile App,South,Completed
O005049,C00010,2023-09-29,Retail Store,Midwest,Completed
O005050,C00824,2025-01-17,Online,Northeast,Completed
O005051,C00904,2024-11-03,Retail Store,West,Returned
O005052,C01145,2025-05-07,Online,Midwest,Completed
O005053,C00820,2025-05-25,Marketplace,South,Completed
O005054,C01327,2023-11-03,Online,Midwest,Completed
O005055,C00321,2025-02-28,Mobile App,Midwest,Completed
O005056,C00493,2024-03-04,Retail Store,Midwest,Completed
O005057,C01069,2025-03-24,Retail Store,Northeast,Completed
O005058,C00595,2025-08-16,Online,South,Completed
O005059,C00933,2025-09-28,Retail Store,Midwest,Completed
O005060,C00076,2025-07-09,Retail Store,West,Returned
O005061,C00940,2023-03-23,Online,West,Completed
O005062,C01178,2025-03-08,Marketplace,Midwest,Completed
O005063,C00065,2025-02-27,Mobile App,Northeast,Completed
O005064,C00422,2024-12-03,Marketplace,West,Completed
O005065,C01063,2023-07-17,Online,Northeast,Completed
O005066,C00880,2025-10-14,Retail Store,Midwest,Completed
O005067,C01403,2023-11-27,Marketplace,Northeast,Completed
O005068,C00793,2025-05-19,Retail Store,Northeast,Completed
O005069,C00632,2025-04-20,Online,South,Completed
O005070,C01139,2024-11-10,Marketplace,West,Returned
O005071,C00672,2023-10-25,Marketplace,West,Completed
O005072,C01202,2023-05-17,Online,South,Completed
O005073,C01329,2025-12-29,Mobile App,Midwest,Returned
O005074,C00053,2023-05-12,Retail Store,West,Completed
O005075,C00396,2024-11-16,Marketplace,Midwest,Completed
O005076,C00934,2024-07-23,Marketplace,South,Completed
O005077,C01012,2025-01-24,Online,West,Completed
O005078,C01122,2024-06-07,Online,Midwest,Completed
O005079,C00557,2023-01-10,Online,Northeast,Completed
O005080,C00489,2023-04-03,Online,South,Completed
O005081,C01244,2023-03-24,Marketplace,West,Completed
O005082,C01151,2023-11-27,Retail Store,South,Completed
O005083,C00548,2025-07-17,Retail Store,South,Completed
O005084,C00236,2023-11-02,Marketplace,Midwest,Completed
O005085,C00565,2025-04-15,Marketplace,Midwest,Completed
O005086,C01366,2025-08-03,Marketplace,South,Returned
O005087,C01203,2024-10-22,Mobile App,South,Completed
O005088,C01420,2023-04-23,Marketplace,West,Completed
O005089,C00005,2024-02-04,Online,West,Returned
O005090,C00126,2023-02-11,Mobile App,Midwest,Returned
O005091,C00602,2023-05-01,Online,Northeast,Completed
O005092,C00953,2025-03-23,Retail Store,West,Completed
O005093,C00227,2023-01-02,Mobile App,West,Completed
O005094,C00900,2025-08-17,Marketplace,Northeast,Returned
O005095,C00606,2023-01-19,Mobile App,West,Completed
O005096,C00432,2023-02-18,Online,Midwest,Completed
O005097,C00278,2025-08-03,Mobile App,West,Completed
O005098,C00639,2023-10-22,Mobile App,Midwest,Completed
O005099,C00653,2024-04-20,Retail Store,Northeast,Completed
O005100,C00688,2025-09-15,Marketplace,South,Completed
O005101,C01339,2025-08-15,Online,South,Completed
O005102,C01421,2023-02-13,Online,West,Completed
O005103,C01359,2024-12-19,Mobile App,Northeast,Completed
O005104,C01437,2024-06-11,Marketplace,Northeast,Completed
O005105,C01459,2023-11-13,Marketplace,Northeast,Completed
O005106,C01344,2024-10-23,Online,Midwest,Completed
O005107,C00322,2024-01-02,Online,Midwest,Completed
O005108,C00686,2024-07-22,Mobile App,South,Returned
O005109,C00151,2025-10-22,Marketplace,West,Completed
O005110,C01064,2023-05-19,Online,South,Completed
O005111,C00458,2024-01-18,Marketplace,Northeast,Completed
O005112,C00731,2025-02-27,Retail Store,Midwest,Completed
O005113,C00245,2023-08-14,Online,Midwest,Cancelled
O005114,C01020,2024-12-13,Online,Midwest,Returned
O005115,C01152,2025-02-03,Marketplace,Northeast,Completed
O005116,C00190,2024-06-30,Mobile App,Midwest,Completed
O005117,C00652,2025-06-07,Marketplace,South,Completed
O005118,C00883,2024-05-19,Online,Midwest,Completed
O005119,C00750,2024-12-09,Online,Northeast,Completed
O005120,C00155,2025-07-03,Mobile App,Midwest,Completed
O005121,C00138,2024-11-16,Mobile App,South,Completed
O005122,C01086,2024-05-29,Online,Midwest,Completed
O005123,C01409,2025-10-05,Mobile App,West,Returned
O005124,C00813,2025-05-03,Retail Store,Northeast,Completed
O005125,C00687,2023-11-01,Mobile App,West,Completed
O005126,C00081,2024-06-19,Online,West,Completed
O005127,C00344,2024-07-06,Marketplace,Northeast,Completed
O005128,C00917,2024-05-29,Retail Store,South,Completed
O005129,C00823,2023-09-02,Online,South,Returned
O005130,C01491,2024-05-26,Online,Northeast,Completed
O005131,C00676,2025-11-20,Online,Northeast,Completed
O005132,C00579,2024-01-30,Online,South,Completed
O005133,C00695,2023-08-19,Marketplace,Northeast,Completed
O005134,C01212,2024-11-29,Online,West,Returned
O005135,C00200,2024-04-28,Marketplace,Northeast,Completed
O005136,C00281,2025-05-06,Online,Northeast,Returned
O005137,C00918,2024-08-18,Marketplace,West,Completed
O005138,C01446,2023-08-24,Retail Store,South,Completed
O005139,C00106,2025-03-23,Marketplace,South,Completed
O005140,C01198,2025-11-08,Retail Store,Midwest,Completed
O005141,C01186,2025-03-07,Mobile App,Northeast,Completed
O005142,C00757,2024-06-15,Marketplace,West,Completed
O005143,C00801,2023-09-03,Retail Store,West,Completed
O005144,C00433,2025-11-15,Online,Northeast,Completed
O005145,C00621,2024-12-08,Mobile App,Northeast,Completed
O005146,C01330,2025-03-22,Online,Midwest,Completed
O005147,C00296,2025-12-18,Retail Store,West,Completed
O005148,C00048,2023-09-18,Marketplace,South,Cancelled
O005149,C00522,2025-09-28,Online,West,Completed
O005150,C00744,2024-03-21,Marketplace,Midwest,Completed
O005151,C01409,2023-08-31,Retail Store,Northeast,Completed
O005152,C00075,2024-05-17,Mobile App,Midwest,Completed
O005153,C01384,2024-07-25,Marketplace,South,Completed
O005154,C01208,2025-11-10,Mobile App,Northeast,Completed
O005155,C00759,2024-02-06,Marketplace,South,Returned
O005156,C00285,2025-06-11,Mobile App,South,Completed
O005157,C00698,2023-12-23,Mobile App,West,Completed
O005158,C00695,2024-02-26,Marketplace,Midwest,Completed
O005159,C00275,2023-03-09,Online,South,Completed
O005160,C00267,2023-02-24,Retail Store,West,Returned
O005161,C01353,2023-10-01,Retail Store,West,Completed
O005162,C00569,2025-01-17,Online,South,Completed
O005163,C01273,2024-07-31,Online,South,Completed
O005164,C01083,2024-05-03,Marketplace,Northeast,Completed
O005165,C00870,2025-08-17,Marketplace,Northeast,Returned
O005166,C00988,2024-06-10,Mobile App,West,Completed
O005167,C01356,2023-07-19,Online,Northeast,Completed
O005168,C00506,2025-11-09,Marketplace,Midwest,Completed
O005169,C01316,2023-02-06,Marketplace,Northeast,Completed
O005170,C00386,2024-12-09,Retail Store,South,Completed
O005171,C00275,2024-04-07,Retail Store,South,Completed
O005172,C00924,2025-10-05,Mobile App,West,Completed
O005173,C00099,2025-07-02,Mobile App,Midwest,Completed
O005174,C00383,2025-12-03,Online,Midwest,Completed
O005175,C00466,2025-06-03,Marketplace,Northeast,Completed
O005176,C01111,2025-03-22,Retail Store,West,Completed
O005177,C00679,2024-08-07,Mobile App,West,Completed
O005178,C00973,2024-09-29,Online,West,Completed
O005179,C01078,2024-05-15,Retail Store,South,Completed
O005180,C00650,2023-04-22,Retail Store,South,Completed
O005181,C00843,2025-08-29,Marketplace,Midwest,Completed
O005182,C00441,2023-05-20,Marketplace,West,Completed
O005183,C01267,2024-04-05,Retail Store,Midwest,Completed
O005184,C00236,2023-10-04,Retail Store,Northeast,Completed
O005185,C00179,2024-11-11,Retail Store,Northeast,Completed
O005186,C00822,2025-05-15,Mobile App,South,Completed
O005187,C00599,2025-02-15,Marketplace,Midwest,Completed
O005188,C00277,2025-09-07,Online,South,Completed
O005189,C00200,2023-02-17,Retail Store,Northeast,Completed
O005190,C00810,2025-05-02,Mobile App,Northeast,Completed
O005191,C00221,2024-10-24,Retail Store,Midwest,Completed
O005192,C00912,2023-03-29,Online,West,Completed
O005193,C00004,2023-01-29,Retail Store,Northeast,Completed
O005194,C00559,2025-09-17,Mobile App,South,Completed
O005195,C00868,2024-08-23,Retail Store,West,Completed
O005196,C00092,2024-09-01,Retail Store,South,Completed
O005197,C00680,2025-08-09,Online,South,Completed
O005198,C00482,2024-06-08,Retail Store,South,Completed
O005199,C01393,2025-02-03,Marketplace,West,Completed
O005200,C00686,2023-09-24,Marketplace,West,Completed
O005201,C00614,2023-05-23,Marketplace,Northeast,Completed
O005202,C00154,2025-08-21,Mobile App,West,Completed
O005203,C01353,2025-04-25,Online,Northeast,Completed
O005204,C01450,2025-03-18,Marketplace,West,Completed
O005205,C00311,2024-07-13,Online,West,Completed
O005206,C00472,2023-12-15,Retail Store,Midwest,Completed
O005207,C00447,2024-05-16,Mobile App,Northeast,Completed
O005208,C00743,2025-01-31,Retail Store,South,Completed
O005209,C00424,2025-02-16,Retail Store,West,Completed
O005210,C01355,2023-07-11,Marketplace,Northeast,Completed
O005211,C00791,2024-09-01,Retail Store,West,Completed
O005212,C01393,2023-05-28,Marketplace,South,Completed
O005213,C01373,2024-02-24,Mobile App,West,Completed
O005214,C00684,2023-12-27,Marketplace,West,Completed
O005215,C00131,2023-03-20,Retail Store,Midwest,Cancelled
O005216,C00127,2024-03-21,Marketplace,Northeast,Completed
O005217,C00735,2023-08-30,Online,Northeast,Completed
O005218,C01459,2025-11-11,Online,West,Completed
O005219,C00186,2025-10-23,Mobile App,Northeast,Completed
O005220,C01294,2024-02-05,Mobile App,West,Completed
O005221,C01288,2023-11-24,Mobile App,West,Completed
O005222,C00944,2025-03-14,Marketplace,West,Completed
O005223,C00972,2024-09-02,Online,Northeast,Completed
O005224,C00667,2025-02-25,Retail Store,Northeast,Completed
O005225,C00102,2025-09-06,Mobile App,Northeast,Completed
O005226,C00264,2023-08-03,Marketplace,South,Completed
O005227,C00041,2024-06-20,Mobile App,West,Completed
O005228,C00737,2024-08-11,Marketplace,Northeast,Completed
O005229,C00354,2023-05-19,Retail Store,Midwest,Completed
O005230,C00969,2025-04-27,Marketplace,Northeast,Returned
O005231,C00318,2024-11-19,Mobile App,South,Completed
O005232,C01140,2023-09-23,Marketplace,Midwest,Completed
O005233,C00012,2025-06-14,Mobile App,South,Completed
O005234,C00483,2023-12-30,Retail Store,South,Completed
O005235,C00213,2025-06-17,Retail Store,West,Completed
O005236,C00993,2025-04-19,Mobile App,Midwest,Completed
O005237,C00845,2025-10-18,Retail Store,Midwest,Completed
O005238,C01065,2025-07-20,Mobile App,South,Completed
O005239,C01487,2023-09-09,Online,Midwest,Completed
O005240,C00826,2025-09-10,Retail Store,Midwest,Returned
O005241,C01112,2023-02-22,Online,Midwest,Completed
O005242,C00004,2023-01-22,Marketplace,Northeast,Completed
O005243,C01024,2024-06-16,Marketplace,Midwest,Completed
O005244,C00398,2025-05-24,Marketplace,West,Completed
O005245,C00450,2024-11-07,Mobile App,South,Completed
O005246,C00469,2024-07-20,Mobile App,West,Completed
O005247,C01419,2023-10-30,Marketplace,South,Completed
O005248,C00707,2023-08-23,Online,Northeast,Completed
O005249,C00502,2024-02-28,Retail Store,West,Completed
O005250,C01230,2023-12-04,Retail Store,Northeast,Completed
O005251,C00055,2023-09-25,Marketplace,West,Completed
O005252,C01219,2025-05-24,Online,South,Returned
O005253,C00484,2025-09-23,Marketplace,West,Completed
O005254,C01243,2024-10-11,Online,Northeast,Completed
O005255,C00893,2024-04-19,Retail Store,West,Completed
O005256,C01074,2025-12-18,Marketplace,Midwest,Completed
O005257,C00928,2024-12-10,Online,Midwest,Completed
O005258,C00541,2024-06-02,Marketplace,Midwest,Completed
O005259,C00695,2024-10-17,Marketplace,South,Completed
O005260,C00899,2024-07-22,Mobile App,South,Completed
O005261,C00911,2025-11-21,Retail Store,West,Completed
O005262,C00681,2023-06-16,Retail Store,West,Completed
O005263,C01497,2024-03-28,Mobile App,South,Completed
O005264,C00663,2023-02-28,Online,Northeast,Completed
O005265,C00472,2023-08-21,Marketplace,West,Completed
O005266,C01494,2023-03-08,Online,Midwest,Completed
O005267,C00838,2024-01-14,Mobile App,Midwest,Completed
O005268,C00276,2025-08-19,Mobile App,Northeast,Completed
O005269,C00689,2023-04-24,Mobile App,West,Completed
O005270,C01255,2024-02-03,Marketplace,Midwest,Returned
O005271,C00321,2023-02-11,Mobile App,West,Completed
O005272,C01076,2025-04-06,Marketplace,Northeast,Completed
O005273,C01033,2024-10-28,Mobile App,West,Completed
O005274,C00871,2024-01-25,Mobile App,West,Completed
O005275,C00896,2025-11-21,Marketplace,South,Completed
O005276,C00687,2025-10-18,Online,Midwest,Completed
O005277,C00746,2024-08-21,Online,Midwest,Completed
O005278,C01249,2025-03-29,Online,South,Completed
O005279,C01456,2025-06-23,Mobile App,South,Completed
O005280,C00919,2024-12-29,Mobile App,South,Completed
O005281,C01273,2023-02-02,Retail Store,Midwest,Completed
O005282,C00248,2025-05-21,Online,West,Completed
O005283,C00570,2025-06-24,Retail Store,South,Completed
O005284,C01037,2025-07-31,Retail Store,Northeast,Completed
O005285,C00747,2024-02-15,Mobile App,Northeast,Completed
O005286,C00896,2025-09-04,Mobile App,South,Returned
O005287,C01430,2023-03-10,Online,West,Completed
O005288,C01242,2023-04-04,Marketplace,West,Completed
O005289,C00651,2023-09-21,Marketplace,Northeast,Completed
O005290,C00991,2023-02-27,Retail Store,South,Completed
O005291,C00592,2023-11-15,Mobile App,Northeast,Completed
O005292,C00495,2023-07-31,Online,West,Completed
O005293,C01084,2024-01-29,Retail Store,Northeast,Completed
O005294,C00871,2024-06-18,Online,South,Completed
O005295,C00689,2025-03-19,Marketplace,West,Completed
O005296,C01156,2025-01-30,Retail Store,Midwest,Completed
O005297,C00206,2024-10-31,Online,Midwest,Completed
O005298,C01350,2025-06-24,Mobile App,West,Completed
O005299,C00673,2023-03-22,Online,South,Returned
O005300,C00310,2024-10-28,Mobile App,West,Completed
O005301,C01289,2025-01-06,Mobile App,West,Completed
O005302,C00587,2023-08-22,Online,Northeast,Completed
O005303,C00240,2024-09-12,Marketplace,South,Completed
O005304,C01394,2023-09-01,Online,West,Completed
O005305,C00183,2025-02-22,Mobile App,West,Completed
O005306,C01359,2024-07-18,Retail Store,West,Completed
O005307,C01131,2024-09-30,Retail Store,Midwest,Completed
O005308,C01283,2023-10-10,Marketplace,South,Completed
O005309,C00636,2023-03-18,Retail Store,West,Completed
O005310,C01389,2024-12-14,Mobile App,Northeast,Completed
O005311,C00600,2024-03-21,Marketplace,West,Completed
O005312,C01045,2025-01-13,Online,Midwest,Completed
O005313,C00716,2024-03-28,Online,South,Completed
O005314,C00558,2024-01-12,Marketplace,Midwest,Completed
O005315,C01495,2023-03-14,Online,Northeast,Completed
O005316,C01437,2023-02-07,Marketplace,Midwest,Completed
O005317,C00618,2024-10-09,Online,Northeast,Completed
O005318,C01157,2025-06-15,Marketplace,Northeast,Completed
O005319,C00816,2023-01-29,Marketplace,Northeast,Returned
O005320,C00037,2023-07-30,Mobile App,South,Completed
O005321,C01392,2025-02-16,Mobile App,Northeast,Completed
O005322,C00517,2023-07-27,Retail Store,West,Completed
O005323,C00900,2023-11-11,Mobile App,Midwest,Completed
O005324,C00222,2024-03-24,Mobile App,West,Completed
O005325,C00353,2025-07-15,Mobile App,West,Returned
O005326,C01309,2024-12-27,Retail Store,West,Completed
O005327,C00246,2023-05-03,Marketplace,West,Completed
O005328,C01016,2023-07-03,Online,Midwest,Completed
O005329,C00784,2024-07-22,Online,South,Returned
O005330,C00180,2024-06-01,Marketplace,West,Completed
O005331,C00758,2024-06-21,Mobile App,Northeast,Completed
O005332,C01228,2024-12-07,Marketplace,South,Completed
O005333,C00177,2025-01-25,Online,Midwest,Returned
O005334,C00521,2025-08-06,Marketplace,Northeast,Completed
O005335,C00910,2024-01-23,Mobile App,South,Returned
O005336,C00356,2023-12-04,Marketplace,Midwest,Completed
O005337,C01352,2025-09-22,Online,Midwest,Completed
O005338,C00349,2024-07-07,Marketplace,Northeast,Completed
O005339,C00318,2024-01-27,Retail Store,Midwest,Completed
O005340,C00882,2024-02-09,Mobile App,South,Completed
O005341,C01409,2024-06-07,Retail Store,Northeast,Completed
O005342,C00272,2024-12-21,Retail Store,Midwest,Completed
O005343,C00754,2024-11-25,Marketplace,Northeast,Completed
O005344,C01326,2023-05-07,Mobile App,Midwest,Completed
O005345,C00310,2025-08-22,Marketplace,Northeast,Completed
O005346,C01001,2024-01-13,Online,South,Completed
O005347,C00325,2025-04-12,Marketplace,West,Completed
O005348,C00920,2025-04-18,Marketplace,South,Completed
O005349,C01259,2024-08-19,Retail Store,West,Completed
O005350,C00789,2023-09-11,Marketplace,Midwest,Completed
O005351,C01178,2024-08-25,Retail Store,South,Completed
O005352,C00855,2023-05-30,Marketplace,South,Completed
O005353,C00838,2023-11-18,Retail Store,West,Completed
O005354,C00471,2023-01-10,Marketplace,Midwest,Completed
O005355,C00383,2025-10-23,Online,South,Completed
O005356,C00991,2024-02-27,Marketplace,Northeast,Completed
O005357,C00425,2024-09-11,Mobile App,Northeast,Completed
O005358,C01049,2024-10-15,Online,Northeast,Completed
O005359,C00512,2023-01-24,Marketplace,South,Completed
O005360,C01026,2023-09-02,Retail Store,South,Completed
O005361,C01369,2024-12-25,Mobile App,Midwest,Completed
O005362,C00993,2023-07-13,Mobile App,Midwest,Completed
O005363,C00045,2024-10-12,Marketplace,Northeast,Completed
O005364,C00483,2025-05-10,Marketplace,South,Completed
O005365,C00841,2023-03-19,Mobile App,South,Completed
O005366,C00297,2025-10-09,Retail Store,South,Completed
O005367,C01314,2023-10-27,Online,West,Completed
O005368,C00852,2024-11-21,Mobile App,Northeast,Completed
O005369,C01257,2024-10-23,Marketplace,West,Completed
O005370,C00077,2023-10-06,Marketplace,Northeast,Completed
O005371,C00857,2025-05-15,Retail Store,West,Completed
O005372,C01142,2023-07-10,Mobile App,West,Completed
O005373,C00402,2024-04-07,Online,West,Cancelled
O005374,C00405,2023-06-19,Online,Midwest,Completed
O005375,C00107,2023-11-14,Retail Store,Northeast,Completed
O005376,C00815,2025-03-12,Online,South,Completed
O005377,C00585,2024-08-05,Retail Store,West,Completed
O005378,C00130,2025-12-07,Mobile App,South,Completed
O005379,C00357,2023-08-29,Mobile App,Midwest,Completed
O005380,C01178,2023-12-21,Marketplace,South,Completed
O005381,C00077,2024-11-02,Online,Midwest,Completed
O005382,C01003,2024-05-24,Retail Store,Midwest,Completed
O005383,C00638,2025-11-02,Retail Store,West,Completed
O005384,C00974,2023-04-17,Mobile App,Northeast,Completed
O005385,C00819,2025-05-27,Marketplace,South,Completed
O005386,C00718,2024-05-10,Retail Store,West,Completed
O005387,C00689,2023-02-04,Mobile App,Midwest,Completed
O005388,C00952,2023-01-28,Online,West,Completed
O005389,C00909,2024-01-21,Mobile App,Northeast,Completed
O005390,C00580,2025-01-12,Mobile App,Northeast,Completed
O005391,C01190,2025-02-06,Marketplace,West,Completed
O005392,C00831,2023-06-20,Online,Midwest,Completed
O005393,C00381,2024-03-03,Online,Midwest,Completed
O005394,C00112,2023-12-23,Mobile App,West,Completed
O005395,C00817,2023-09-25,Mobile App,West,Completed
O005396,C01126,2024-08-22,Mobile App,Northeast,Completed
O005397,C01416,2025-08-31,Marketplace,Northeast,Completed
O005398,C00953,2024-08-27,Retail Store,Midwest,Completed
O005399,C01135,2025-01-11,Online,Northeast,Completed
O005400,C00846,2023-01-12,Marketplace,Midwest,Completed
O005401,C00855,2025-01-03,Mobile App,South,Completed
O005402,C00489,2025-08-24,Retail Store,West,Completed
O005403,C01443,2023-02-27,Mobile App,South,Cancelled
O005404,C00201,2025-02-09,Online,West,Completed
O005405,C00346,2025-05-17,Retail Store,Northeast,Returned
O005406,C00902,2025-01-20,Marketplace,West,Completed
O005407,C00965,2023-03-31,Online,Midwest,Completed
O005408,C01398,2023-09-21,Marketplace,West,Completed
O005409,C00807,2024-12-13,Online,South,Completed
O005410,C00822,2025-12-06,Mobile App,Northeast,Completed
O005411,C00137,2023-08-21,Retail Store,Northeast,Completed
O005412,C01438,2023-11-18,Retail Store,Midwest,Completed
O005413,C00445,2025-05-02,Online,West,Returned
O005414,C00963,2025-06-27,Retail Store,Northeast,Completed
O005415,C00636,2025-04-03,Retail Store,Midwest,Completed
O005416,C00394,2025-09-01,Retail Store,Northeast,Completed
O005417,C00826,2023-07-05,Online,West,Completed
O005418,C00233,2024-02-27,Online,Northeast,Completed
O005419,C00186,2025-12-26,Online,South,Completed
O005420,C00963,2024-05-15,Marketplace,Midwest,Completed
O005421,C00063,2024-06-15,Online,Northeast,Completed
O005422,C00266,2024-10-11,Marketplace,Midwest,Completed
O005423,C00596,2025-06-15,Online,South,Completed
O005424,C01411,2024-02-26,Mobile App,Midwest,Completed
O005425,C00520,2023-05-23,Marketplace,Northeast,Completed
O005426,C00296,2025-03-21,Retail Store,West,Completed
O005427,C00128,2023-09-17,Marketplace,South,Completed
O005428,C00163,2023-09-16,Marketplace,Northeast,Completed
O005429,C01062,2023-04-23,Retail Store,South,Completed
O005430,C00572,2023-11-01,Marketplace,South,Completed
O005431,C00870,2025-10-11,Retail Store,Midwest,Completed
O005432,C00888,2024-04-23,Retail Store,Northeast,Completed
O005433,C00663,2025-05-30,Retail Store,Northeast,Completed
O005434,C01338,2024-03-12,Online,West,Completed
O005435,C00496,2024-08-18,Online,West,Completed
O005436,C01309,2025-10-13,Marketplace,Northeast,Completed
O005437,C00770,2024-10-19,Online,West,Completed
O005438,C00029,2025-12-15,Retail Store,South,Completed
O005439,C01001,2024-07-23,Retail Store,Midwest,Completed
O005440,C00761,2024-07-01,Marketplace,South,Completed
O005441,C00193,2025-09-05,Marketplace,Northeast,Completed
O005442,C00157,2025-01-13,Marketplace,South,Completed
O005443,C01155,2024-06-04,Mobile App,Northeast,Completed
O005444,C01273,2023-08-25,Marketplace,Midwest,Completed
O005445,C01271,2024-07-04,Retail Store,Northeast,Completed
O005446,C01227,2024-12-26,Retail Store,Northeast,Completed
O005447,C01087,2025-10-25,Retail Store,Northeast,Completed
O005448,C00813,2025-03-26,Mobile App,Northeast,Completed
O005449,C00158,2023-12-19,Marketplace,Midwest,Completed
O005450,C00073,2024-12-10,Marketplace,Midwest,Completed
O005451,C00807,2023-02-23,Mobile App,Northeast,Completed
O005452,C01194,2023-08-30,Retail Store,West,Completed
O005453,C00430,2023-11-01,Mobile App,South,Completed
O005454,C01021,2025-03-10,Mobile App,West,Completed
O005455,C00879,2024-03-14,Online,Midwest,Completed
O005456,C00189,2023-08-26,Mobile App,Midwest,Completed
O005457,C00295,2025-10-09,Mobile App,South,Completed
O005458,C00369,2025-09-30,Online,Midwest,Completed
O005459,C01248,2023-11-06,Retail Store,Northeast,Completed
O005460,C00535,2024-05-03,Online,West,Completed
O005461,C00294,2023-05-15,Retail Store,Midwest,Completed
O005462,C00464,2023-10-06,Online,Midwest,Completed
O005463,C01013,2025-01-05,Mobile App,West,Completed
O005464,C00432,2024-01-09,Marketplace,West,Completed
O005465,C00865,2024-03-31,Online,Northeast,Completed
O005466,C00213,2024-05-05,Online,Midwest,Completed
O005467,C00104,2024-05-05,Online,South,Completed
O005468,C00533,2023-04-01,Marketplace,South,Completed
O005469,C01458,2025-12-11,Online,Midwest,Completed
O005470,C00468,2023-09-16,Mobile App,South,Completed
O005471,C01442,2024-05-25,Marketplace,Midwest,Completed
O005472,C00510,2024-02-29,Marketplace,Northeast,Completed
O005473,C00983,2025-06-19,Mobile App,South,Returned
O005474,C01135,2023-08-17,Mobile App,West,Completed
O005475,C01265,2025-11-22,Mobile App,Northeast,Completed
O005476,C00920,2024-04-19,Retail Store,Northeast,Completed
O005477,C00405,2024-05-19,Marketplace,Northeast,Cancelled
O005478,C01114,2025-06-15,Online,South,Completed
O005479,C00811,2024-05-27,Mobile App,Midwest,Completed
O005480,C00901,2024-09-23,Marketplace,Northeast,Completed
O005481,C00730,2024-10-19,Retail Store,South,Completed
O005482,C00541,2023-09-24,Online,South,Completed
O005483,C01157,2023-02-26,Mobile App,South,Completed
O005484,C01008,2023-10-07,Marketplace,Midwest,Completed
O005485,C01056,2023-12-06,Marketplace,Midwest,Completed
O005486,C00873,2023-05-24,Retail Store,Midwest,Completed
O005487,C00069,2024-04-25,Marketplace,South,Completed
O005488,C00125,2025-05-02,Marketplace,West,Returned
O005489,C01174,2023-07-05,Online,Northeast,Completed
O005490,C00691,2023-08-02,Mobile App,Midwest,Completed
O005491,C00524,2023-08-22,Online,South,Completed
O005492,C00018,2023-06-08,Mobile App,West,Completed
O005493,C00849,2024-03-08,Online,Northeast,Completed
O005494,C00588,2023-04-15,Retail Store,Northeast,Completed
O005495,C00802,2023-10-22,Mobile App,Northeast,Completed
O005496,C00612,2024-09-03,Marketplace,South,Returned
O005497,C00738,2024-05-14,Retail Store,South,Returned
O005498,C00687,2023-10-03,Mobile App,Northeast,Returned
O005499,C00265,2025-06-22,Online,Northeast,Cancelled
O005500,C00977,2023-03-12,Online,Midwest,Completed
O005501,C01101,2024-10-19,Online,Northeast,Completed
O005502,C00569,2025-04-28,Retail Store,Midwest,Returned
O005503,C01494,2025-07-03,Marketplace,Northeast,Cancelled
O005504,C00534,2023-03-10,Online,Midwest,Completed
O005505,C01415,2023-06-23,Retail Store,Midwest,Completed
O005506,C01156,2024-07-28,Mobile App,Northeast,Completed
O005507,C00073,2024-10-09,Online,South,Completed
O005508,C00069,2023-06-10,Retail Store,Midwest,Completed
O005509,C00040,2025-03-04,Online,West,Completed
O005510,C00736,2024-07-10,Retail Store,West,Completed
O005511,C00083,2023-04-11,Retail Store,Northeast,Completed
O005512,C00516,2024-06-05,Marketplace,Midwest,Completed
O005513,C00719,2024-08-28,Mobile App,West,Completed
O005514,C00812,2023-10-18,Marketplace,Midwest,Completed
O005515,C00395,2023-05-04,Online,Northeast,Completed
O005516,C01039,2023-06-12,Online,Northeast,Completed
O005517,C00363,2025-02-25,Retail Store,Midwest,Completed
O005518,C00632,2024-11-06,Mobile App,Northeast,Returned
O005519,C01019,2025-06-18,Retail Store,Northeast,Completed
O005520,C01479,2025-09-12,Marketplace,West,Completed
O005521,C01415,2023-07-27,Mobile App,Northeast,Completed
O005522,C01196,2024-05-21,Marketplace,Northeast,Completed
O005523,C00770,2025-01-11,Online,Midwest,Completed
O005524,C00778,2024-08-22,Marketplace,Midwest,Completed
O005525,C00515,2025-10-31,Retail Store,South,Completed
O005526,C00181,2024-01-15,Mobile App,Northeast,Completed
O005527,C01010,2024-07-10,Mobile App,Midwest,Completed
O005528,C01470,2024-10-26,Retail Store,Northeast,Completed
O005529,C00041,2025-12-21,Online,Midwest,Completed
O005530,C00830,2024-11-26,Mobile App,Midwest,Completed
O005531,C01148,2023-11-13,Marketplace,Midwest,Completed
O005532,C00980,2025-09-03,Marketplace,South,Completed
O005533,C00522,2025-09-04,Marketplace,West,Completed
O005534,C00509,2023-04-03,Retail Store,Midwest,Completed
O005535,C00252,2023-07-24,Marketplace,West,Completed
O005536,C00905,2025-07-03,Marketplace,Midwest,Completed
O005537,C01418,2025-03-30,Online,Northeast,Completed
O005538,C00780,2025-01-17,Retail Store,South,Completed
O005539,C00919,2024-03-07,Marketplace,Northeast,Completed
O005540,C00862,2023-02-01,Marketplace,Midwest,Completed
O005541,C00436,2025-02-06,Marketplace,West,Completed
O005542,C00978,2024-07-22,Marketplace,West,Cancelled
O005543,C00728,2024-07-10,Marketplace,Northeast,Completed
O005544,C00748,2023-04-24,Online,South,Completed
O005545,C01266,2024-07-31,Retail Store,Midwest,Completed
O005546,C00664,2024-10-18,Mobile App,West,Cancelled
O005547,C00530,2024-03-19,Retail Store,West,Completed
O005548,C00690,2025-01-01,Marketplace,Midwest,Completed
O005549,C00496,2025-04-19,Retail Store,South,Cancelled
O005550,C00055,2023-01-07,Retail Store,Midwest,Completed
O005551,C00964,2025-07-09,Marketplace,South,Completed
O005552,C00797,2023-10-20,Retail Store,West,Completed
O005553,C01470,2025-10-16,Retail Store,Northeast,Completed
O005554,C00047,2025-05-23,Mobile App,West,Completed
O005555,C00952,2023-03-05,Marketplace,South,Completed
O005556,C00403,2023-12-20,Retail Store,Midwest,Completed
O005557,C00886,2025-03-26,Retail Store,Northeast,Completed
O005558,C00286,2025-08-14,Retail Store,Midwest,Completed
O005559,C01201,2024-08-12,Online,Northeast,Returned
O005560,C00045,2025-05-27,Marketplace,Midwest,Completed
O005561,C00074,2023-12-27,Online,Midwest,Completed
O005562,C01086,2025-05-24,Online,West,Completed
O005563,C00980,2024-03-02,Online,Northeast,Completed
O005564,C00290,2024-09-22,Mobile App,Northeast,Completed
O005565,C00886,2024-04-19,Mobile App,South,Completed
O005566,C01131,2024-07-30,Online,Northeast,Completed
O005567,C00242,2024-12-22,Mobile App,Northeast,Completed
O005568,C00507,2024-06-22,Online,Northeast,Completed
O005569,C00539,2025-08-04,Marketplace,Northeast,Completed
O005570,C01339,2023-07-16,Mobile App,Northeast,Completed
O005571,C01235,2023-05-02,Marketplace,Midwest,Completed
O005572,C00445,2024-06-03,Retail Store,South,Completed
O005573,C00732,2024-03-01,Retail Store,West,Completed
O005574,C00497,2024-09-06,Marketplace,West,Completed
O005575,C00499,2024-10-26,Online,Northeast,Completed
O005576,C00280,2025-07-07,Online,West,Completed
O005577,C00325,2023-06-02,Retail Store,West,Completed
O005578,C00909,2023-11-20,Mobile App,West,Completed
O005579,C01416,2024-09-17,Marketplace,South,Returned
O005580,C01207,2025-08-02,Mobile App,West,Completed
O005581,C01218,2025-12-14,Online,Midwest,Completed
O005582,C00340,2025-06-12,Marketplace,West,Completed
O005583,C00107,2025-02-24,Retail Store,Northeast,Completed
O005584,C01271,2023-12-05,Marketplace,West,Completed
O005585,C00649,2024-07-30,Marketplace,Northeast,Completed
O005586,C00038,2023-04-13,Retail Store,South,Completed
O005587,C00210,2023-01-17,Online,West,Completed
O005588,C01410,2024-07-27,Mobile App,South,Cancelled
O005589,C00747,2024-01-04,Marketplace,West,Completed
O005590,C00733,2025-03-21,Retail Store,South,Completed
O005591,C01356,2024-03-04,Online,Northeast,Completed
O005592,C00757,2025-11-12,Marketplace,Midwest,Completed
O005593,C00978,2023-07-07,Online,South,Completed
O005594,C00564,2023-05-15,Mobile App,West,Completed
O005595,C00478,2023-02-26,Online,West,Completed
O005596,C00929,2025-06-30,Mobile App,South,Completed
O005597,C00012,2023-04-01,Online,Northeast,Returned
O005598,C00321,2023-12-18,Online,West,Cancelled
O005599,C01487,2023-11-20,Retail Store,South,Completed
O005600,C00686,2024-03-03,Retail Store,West,Completed
O005601,C00351,2025-04-05,Retail Store,Northeast,Cancelled
O005602,C00700,2024-07-08,Online,South,Completed
O005603,C01141,2023-06-20,Online,Northeast,Completed
O005604,C00108,2024-09-12,Online,Midwest,Completed
O005605,C01172,2023-05-24,Retail Store,Northeast,Returned
O005606,C00310,2025-04-12,Marketplace,Northeast,Completed
O005607,C00993,2024-07-15,Marketplace,West,Completed
O005608,C00771,2024-06-09,Mobile App,Midwest,Completed
O005609,C00368,2024-07-13,Retail Store,South,Completed
O005610,C01210,2023-04-27,Retail Store,West,Completed
O005611,C01493,2025-04-29,Marketplace,Northeast,Completed
O005612,C01022,2023-08-05,Marketplace,South,Completed
O005613,C00114,2023-07-18,Retail Store,West,Completed
O005614,C01375,2023-06-04,Retail Store,West,Completed
O005615,C01008,2023-12-15,Marketplace,West,Completed
O005616,C00555,2023-04-06,Retail Store,Midwest,Returned
O005617,C01279,2024-07-25,Retail Store,South,Completed
O005618,C01086,2025-10-08,Online,Northeast,Completed
O005619,C00254,2023-05-13,Mobile App,Midwest,Completed
O005620,C00842,2025-04-30,Retail Store,South,Returned
O005621,C00601,2025-06-28,Mobile App,Northeast,Completed
O005622,C00604,2025-10-31,Mobile App,Northeast,Returned
O005623,C01351,2025-06-30,Online,West,Completed
O005624,C00543,2025-05-28,Mobile App,Northeast,Completed
O005625,C01221,2023-11-12,Marketplace,South,Completed
O005626,C00516,2023-04-08,Online,Midwest,Completed
O005627,C00060,2024-10-22,Marketplace,Northeast,Completed
O005628,C00228,2025-07-25,Online,Midwest,Returned
O005629,C01039,2024-05-27,Retail Store,South,Completed
O005630,C01085,2025-06-13,Marketplace,Northeast,Completed
O005631,C00877,2023-04-04,Marketplace,West,Completed
O005632,C01134,2023-11-23,Mobile App,South,Completed
O005633,C00022,2024-06-14,Mobile App,South,Completed
O005634,C01275,2023-12-28,Marketplace,Midwest,Completed
O005635,C01410,2025-08-07,Online,Midwest,Completed
O005636,C01407,2023-07-29,Online,South,Completed
O005637,C01410,2024-07-02,Marketplace,Midwest,Completed
O005638,C00186,2025-12-28,Mobile App,Northeast,Completed
O005639,C00125,2025-04-09,Mobile App,South,Completed
O005640,C00733,2023-03-20,Marketplace,South,Completed
O005641,C01330,2023-05-24,Mobile App,West,Completed
O005642,C00938,2025-03-26,Online,South,Completed
O005643,C01276,2024-11-21,Online,Midwest,Completed
O005644,C00893,2025-02-14,Marketplace,Northeast,Completed
O005645,C00395,2024-12-12,Marketplace,West,Completed
O005646,C00770,2025-01-06,Marketplace,South,Completed
O005647,C00365,2023-05-05,Retail Store,South,Completed
O005648,C01259,2023-02-10,Retail Store,West,Completed
O005649,C01331,2025-08-06,Marketplace,South,Completed
O005650,C00241,2024-02-14,Online,Midwest,Completed
O005651,C00661,2025-06-14,Retail Store,West,Cancelled
O005652,C00056,2024-05-08,Online,South,Completed
O005653,C00003,2024-10-03,Marketplace,West,Completed
O005654,C00764,2024-05-16,Online,West,Completed
O005655,C01136,2023-04-15,Mobile App,Midwest,Completed
O005656,C00328,2025-09-27,Marketplace,Northeast,Completed
O005657,C01405,2024-01-21,Online,Northeast,Completed
O005658,C01277,2023-04-13,Retail Store,Northeast,Completed
O005659,C01111,2025-09-14,Online,South,Completed
O005660,C00784,2024-09-21,Mobile App,Northeast,Completed
O005661,C00336,2023-01-06,Retail Store,West,Completed
O005662,C01099,2025-01-28,Retail Store,South,Completed
O005663,C00675,2023-08-28,Mobile App,South,Completed
O005664,C01378,2025-06-15,Retail Store,West,Completed
O005665,C00180,2023-09-04,Online,Midwest,Completed
O005666,C00261,2024-08-15,Online,Northeast,Returned
O005667,C00529,2023-01-07,Online,West,Completed
O005668,C00679,2025-02-04,Marketplace,Northeast,Returned
O005669,C00316,2024-03-11,Marketplace,South,Completed
O005670,C00918,2025-02-22,Mobile App,Midwest,Completed
O005671,C01162,2024-02-20,Mobile App,Northeast,Completed
O005672,C00769,2024-02-22,Online,Northeast,Completed
O005673,C00166,2023-04-03,Mobile App,West,Completed
O005674,C00978,2023-09-10,Mobile App,South,Completed
O005675,C01322,2023-06-27,Retail Store,South,Completed
O005676,C00798,2024-03-30,Retail Store,West,Completed
O005677,C00717,2024-03-01,Mobile App,West,Returned
O005678,C00764,2024-10-07,Marketplace,Midwest,Completed
O005679,C00223,2023-03-06,Retail Store,Midwest,Completed
O005680,C01265,2023-08-09,Marketplace,West,Completed
O005681,C00264,2024-05-06,Mobile App,Northeast,Completed
O005682,C00455,2024-03-06,Mobile App,South,Completed
O005683,C00665,2023-01-09,Online,South,Completed
O005684,C00034,2023-11-11,Retail Store,West,Completed
O005685,C00879,2025-06-10,Retail Store,West,Completed
O005686,C00088,2023-11-09,Mobile App,West,Completed
O005687,C00874,2025-11-02,Mobile App,West,Completed
O005688,C00397,2024-02-25,Online,West,Completed
O005689,C00389,2023-10-29,Online,South,Completed
O005690,C00951,2023-12-14,Marketplace,Midwest,Completed
O005691,C00284,2023-07-23,Online,West,Completed
O005692,C00827,2025-04-27,Marketplace,South,Cancelled
O005693,C00868,2023-12-23,Marketplace,Northeast,Completed
O005694,C00327,2025-03-28,Marketplace,Northeast,Completed
O005695,C00352,2023-12-01,Retail Store,Midwest,Completed
O005696,C01119,2023-02-17,Online,West,Completed
O005697,C00207,2023-11-18,Marketplace,Midwest,Completed
O005698,C00085,2024-03-20,Online,Northeast,Completed
O005699,C01486,2023-01-09,Retail Store,Midwest,Completed
O005700,C00557,2025-07-22,Mobile App,Northeast,Completed
O005701,C01418,2024-10-13,Marketplace,West,Completed
O005702,C00375,2025-03-03,Online,Northeast,Completed
O005703,C00865,2025-10-29,Marketplace,Northeast,Completed
O005704,C01311,2023-04-25,Marketplace,Midwest,Completed
O005705,C01485,2023-02-19,Online,West,Completed
O005706,C01316,2025-12-09,Retail Store,South,Completed
O005707,C00260,2025-06-17,Marketplace,Northeast,Completed
O005708,C00048,2025-12-16,Retail Store,West,Completed
O005709,C01107,2024-10-17,Online,West,Completed
O005710,C00582,2024-02-15,Mobile App,Northeast,Completed
O005711,C00795,2025-09-05,Mobile App,Midwest,Completed
O005712,C00505,2024-07-18,Mobile App,Midwest,Completed
O005713,C00463,2023-11-22,Online,West,Completed
O005714,C00891,2025-09-05,Mobile App,West,Completed
O005715,C01465,2025-06-21,Marketplace,Midwest,Completed
O005716,C00906,2023-08-24,Marketplace,Midwest,Cancelled
O005717,C01229,2023-10-12,Marketplace,Northeast,Completed
O005718,C01293,2025-05-25,Mobile App,Midwest,Completed
O005719,C00539,2024-09-07,Retail Store,South,Completed
O005720,C01250,2025-07-19,Mobile App,South,Completed
O005721,C00278,2025-08-06,Marketplace,South,Completed
O005722,C00203,2025-06-06,Retail Store,Northeast,Completed
O005723,C00898,2024-04-11,Mobile App,South,Completed
O005724,C00485,2025-12-12,Mobile App,South,Completed
O005725,C00283,2025-12-10,Mobile App,West,Completed
O005726,C00383,2025-05-16,Marketplace,West,Cancelled
O005727,C00739,2023-05-04,Marketplace,South,Completed
O005728,C00412,2023-04-17,Marketplace,Midwest,Completed
O005729,C00841,2024-09-17,Mobile App,South,Completed
O005730,C00065,2023-01-09,Online,West,Completed
O005731,C00585,2025-05-26,Marketplace,West,Completed
O005732,C00584,2025-06-07,Online,Northeast,Completed
O005733,C01224,2023-01-14,Online,Northeast,Completed
O005734,C00696,2024-10-23,Retail Store,Midwest,Completed
O005735,C00972,2023-04-22,Retail Store,Northeast,Completed
O005736,C01333,2025-10-02,Mobile App,Midwest,Completed
O005737,C01463,2024-10-06,Mobile App,South,Completed
O005738,C01406,2025-11-03,Mobile App,West,Completed
O005739,C00765,2025-04-23,Marketplace,West,Completed
O005740,C01285,2025-07-05,Marketplace,Northeast,Completed
O005741,C00191,2023-08-30,Mobile App,West,Completed
O005742,C00069,2023-10-28,Online,Midwest,Completed
O005743,C00527,2025-07-27,Mobile App,West,Completed
O005744,C00694,2024-09-19,Mobile App,West,Completed
O005745,C00656,2024-12-30,Mobile App,Northeast,Completed
O005746,C00168,2024-06-23,Marketplace,Northeast,Completed
O005747,C01469,2024-12-22,Marketplace,South,Completed
O005748,C01155,2025-10-07,Mobile App,Midwest,Completed
O005749,C00336,2024-12-06,Mobile App,Midwest,Completed
O005750,C00561,2023-07-22,Mobile App,West,Completed
O005751,C00938,2023-10-02,Retail Store,West,Completed
O005752,C01470,2024-04-10,Mobile App,South,Completed
O005753,C01022,2025-07-24,Retail Store,West,Completed
O005754,C00266,2025-08-25,Retail Store,West,Completed
O005755,C00308,2024-07-15,Mobile App,West,Completed
O005756,C00923,2023-01-21,Online,West,Completed
O005757,C00356,2024-08-20,Mobile App,Midwest,Completed
O005758,C00269,2025-02-15,Online,Midwest,Completed
O005759,C01238,2024-12-29,Marketplace,Midwest,Completed
O005760,C01057,2024-01-04,Online,Midwest,Completed
O005761,C01083,2023-07-01,Retail Store,Midwest,Completed
O005762,C00718,2024-12-19,Online,West,Cancelled
O005763,C00419,2024-04-01,Retail Store,Midwest,Completed
O005764,C01053,2025-08-15,Online,Northeast,Completed
O005765,C01211,2023-05-26,Retail Store,South,Completed
O005766,C01106,2024-10-22,Retail Store,West,Completed
O005767,C01416,2025-08-25,Online,South,Completed
O005768,C00374,2023-07-26,Marketplace,Northeast,Completed
O005769,C00655,2025-11-12,Retail Store,Northeast,Completed
O005770,C00952,2025-10-31,Marketplace,South,Completed
O005771,C00052,2023-02-27,Retail Store,West,Completed
O005772,C00789,2025-04-03,Mobile App,South,Completed
O005773,C00267,2024-06-06,Marketplace,South,Completed
O005774,C00523,2025-10-12,Marketplace,Northeast,Completed
O005775,C01014,2025-11-25,Retail Store,West,Cancelled
O005776,C00400,2024-01-26,Marketplace,West,Completed
O005777,C00742,2025-11-29,Retail Store,Midwest,Completed
O005778,C00927,2024-04-04,Mobile App,Midwest,Completed
O005779,C00207,2023-10-28,Marketplace,Northeast,Completed
O005780,C00340,2024-10-08,Marketplace,Midwest,Completed
O005781,C00740,2025-10-08,Retail Store,Northeast,Completed
O005782,C01327,2024-02-24,Marketplace,Northeast,Completed
O005783,C01314,2023-05-26,Retail Store,South,Completed
O005784,C01263,2025-02-23,Marketplace,Northeast,Completed
O005785,C01292,2025-02-16,Online,Midwest,Completed
O005786,C00352,2023-02-11,Marketplace,Northeast,Completed
O005787,C00116,2024-12-31,Online,West,Completed
O005788,C01051,2024-10-28,Online,South,Completed
O005789,C01258,2024-01-31,Online,Northeast,Completed
O005790,C01225,2025-10-12,Mobile App,West,Completed
O005791,C00588,2023-12-10,Marketplace,West,Completed
O005792,C00650,2025-11-21,Mobile App,West,Completed
O005793,C00423,2023-12-01,Marketplace,Midwest,Completed
O005794,C00914,2025-06-29,Mobile App,Midwest,Completed
O005795,C01340,2024-09-05,Retail Store,Midwest,Completed
O005796,C00647,2025-02-08,Marketplace,Midwest,Completed
O005797,C00013,2024-02-19,Mobile App,Midwest,Completed
O005798,C00923,2023-06-02,Mobile App,Midwest,Completed
O005799,C01326,2024-11-09,Marketplace,Northeast,Completed
O005800,C00182,2023-11-16,Online,Midwest,Returned
O005801,C00928,2023-07-03,Mobile App,West,Completed
O005802,C00569,2023-08-04,Retail Store,Midwest,Returned
O005803,C00825,2023-06-08,Marketplace,West,Completed
O005804,C00112,2023-07-08,Retail Store,Midwest,Cancelled
O005805,C00380,2023-06-16,Marketplace,Northeast,Completed
O005806,C00946,2025-02-14,Retail Store,Midwest,Completed
O005807,C00938,2025-03-19,Mobile App,Midwest,Completed
O005808,C00617,2025-09-03,Online,West,Completed
O005809,C01259,2025-06-06,Online,Midwest,Completed
O005810,C00500,2023-11-08,Online,South,Completed
O005811,C00241,2025-05-22,Retail Store,South,Completed
O005812,C00769,2025-05-06,Retail Store,Northeast,Completed
O005813,C00026,2025-08-05,Retail Store,South,Completed
O005814,C01113,2024-08-29,Online,South,Completed
O005815,C00306,2023-05-24,Mobile App,West,Completed
O005816,C00721,2025-02-12,Online,Northeast,Completed
O005817,C00816,2023-04-14,Online,West,Completed
O005818,C00119,2025-06-06,Retail Store,West,Completed
O005819,C01346,2023-09-02,Marketplace,West,Completed
O005820,C01218,2024-02-20,Retail Store,Northeast,Completed
O005821,C01126,2025-03-04,Marketplace,Northeast,Completed
O005822,C00307,2023-05-22,Mobile App,South,Completed
O005823,C01459,2025-11-24,Marketplace,Midwest,Completed
O005824,C00525,2025-11-07,Mobile App,South,Completed
O005825,C01102,2025-12-23,Marketplace,West,Completed
O005826,C01426,2024-06-03,Mobile App,South,Completed
O005827,C00665,2025-06-20,Retail Store,Northeast,Completed
O005828,C00237,2024-12-27,Mobile App,Northeast,Completed
O005829,C00927,2024-03-18,Mobile App,West,Completed
O005830,C00914,2024-11-01,Online,West,Completed
O005831,C00602,2025-12-31,Marketplace,South,Completed
O005832,C00921,2023-09-01,Online,South,Completed
O005833,C01360,2024-07-24,Mobile App,South,Completed
O005834,C00961,2025-04-16,Online,South,Completed
O005835,C00218,2023-05-09,Online,Midwest,Completed
O005836,C00565,2023-02-17,Marketplace,Northeast,Completed
O005837,C01226,2024-09-17,Retail Store,Midwest,Completed
O005838,C00202,2023-05-13,Mobile App,Midwest,Returned
O005839,C01441,2025-10-09,Online,Northeast,Completed
O005840,C00044,2025-06-07,Marketplace,Northeast,Completed
O005841,C00597,2025-05-15,Retail Store,Northeast,Completed
O005842,C00197,2025-05-23,Online,West,Completed
O005843,C00335,2023-11-08,Online,Midwest,Completed
O005844,C00702,2023-04-13,Retail Store,Northeast,Completed
O005845,C01277,2023-01-24,Marketplace,Midwest,Completed
O005846,C00362,2024-10-22,Retail Store,West,Completed
O005847,C00172,2023-05-01,Retail Store,South,Completed
O005848,C00712,2023-07-09,Marketplace,West,Completed
O005849,C01298,2024-09-27,Marketplace,Midwest,Completed
O005850,C01208,2023-07-25,Retail Store,Midwest,Returned
O005851,C00155,2024-01-06,Online,Midwest,Completed
O005852,C00435,2025-04-06,Retail Store,South,Completed
O005853,C00996,2023-10-24,Marketplace,West,Completed
O005854,C01037,2023-12-05,Mobile App,West,Completed
O005855,C00541,2025-01-08,Mobile App,Midwest,Completed
O005856,C00494,2024-01-08,Online,Northeast,Completed
O005857,C00831,2024-11-25,Retail Store,West,Completed
O005858,C00432,2025-01-29,Retail Store,Northeast,Completed
O005859,C00420,2024-05-23,Marketplace,South,Completed
O005860,C00497,2024-03-17,Online,West,Completed
O005861,C01396,2024-10-16,Mobile App,South,Completed
O005862,C00419,2023-10-24,Retail Store,Northeast,Completed
O005863,C00896,2025-06-04,Mobile App,Midwest,Completed
O005864,C00039,2024-04-01,Online,Midwest,Completed
O005865,C01476,2024-10-29,Online,Midwest,Completed
O005866,C01256,2025-11-27,Retail Store,South,Completed
O005867,C00384,2025-11-29,Retail Store,West,Completed
O005868,C00926,2024-01-04,Online,South,Completed
O005869,C01038,2023-11-19,Marketplace,Midwest,Completed
O005870,C00753,2025-12-08,Retail Store,Northeast,Completed
O005871,C00295,2023-10-06,Mobile App,West,Completed
O005872,C00765,2025-04-17,Online,West,Completed
O005873,C00051,2023-10-05,Mobile App,West,Completed
O005874,C00977,2024-08-07,Retail Store,West,Completed
O005875,C00434,2025-11-09,Marketplace,West,Cancelled
O005876,C01076,2025-08-25,Online,Northeast,Completed
O005877,C01037,2024-11-12,Mobile App,South,Completed
O005878,C01443,2023-06-04,Mobile App,South,Completed
O005879,C00928,2025-03-10,Retail Store,Midwest,Completed
O005880,C00553,2025-09-23,Retail Store,West,Completed
O005881,C00317,2024-11-02,Mobile App,West,Completed
O005882,C00836,2024-02-25,Retail Store,Midwest,Completed
O005883,C00250,2023-09-27,Mobile App,West,Completed
O005884,C01493,2025-02-09,Marketplace,Northeast,Completed
O005885,C00697,2024-02-19,Online,Midwest,Completed
O005886,C01063,2025-12-19,Mobile App,South,Completed
O005887,C00031,2023-10-26,Retail Store,West,Completed
O005888,C00217,2025-02-03,Online,West,Completed
O005889,C00772,2023-01-26,Retail Store,Midwest,Completed
O005890,C00648,2025-04-30,Online,South,Completed
O005891,C00288,2024-09-06,Mobile App,Northeast,Completed
O005892,C00064,2023-01-04,Online,West,Completed
O005893,C00419,2024-08-01,Marketplace,South,Completed
O005894,C01144,2025-11-05,Retail Store,Midwest,Completed
O005895,C00276,2024-03-04,Online,West,Completed
O005896,C00854,2025-10-09,Mobile App,West,Completed
O005897,C01465,2024-04-03,Online,Northeast,Completed
O005898,C01050,2024-09-15,Retail Store,South,Completed
O005899,C00675,2025-08-18,Marketplace,West,Completed
O005900,C01138,2023-12-28,Online,Northeast,Returned
O005901,C00572,2023-05-15,Marketplace,West,Completed
O005902,C00252,2024-04-12,Mobile App,Northeast,Completed
O005903,C00794,2025-06-21,Online,Midwest,Completed
O005904,C00273,2024-03-11,Online,Northeast,Completed
O005905,C00364,2023-02-04,Mobile App,Midwest,Completed
O005906,C00163,2024-10-06,Retail Store,Northeast,Completed
O005907,C00050,2025-04-28,Retail Store,South,Completed
O005908,C00812,2025-07-17,Online,South,Completed
O005909,C00462,2023-01-20,Online,Midwest,Completed
O005910,C01233,2023-05-23,Mobile App,West,Completed
O005911,C00320,2025-03-23,Mobile App,South,Completed
O005912,C00066,2024-03-16,Mobile App,West,Completed
O005913,C00011,2023-07-06,Online,Midwest,Completed
O005914,C00169,2025-03-05,Mobile App,West,Completed
O005915,C00293,2025-08-11,Marketplace,West,Completed
O005916,C00100,2024-08-01,Online,Midwest,Completed
O005917,C00469,2024-02-24,Mobile App,Midwest,Completed
O005918,C01455,2023-08-18,Mobile App,West,Completed
O005919,C00640,2023-05-20,Retail Store,Northeast,Completed
O005920,C00744,2024-05-15,Online,Northeast,Returned
O005921,C00454,2023-07-25,Mobile App,South,Completed
O005922,C00601,2023-04-23,Online,South,Completed
O005923,C01162,2024-02-17,Marketplace,Midwest,Completed
O005924,C00787,2023-04-13,Mobile App,South,Completed
O005925,C00570,2025-01-11,Mobile App,West,Completed
O005926,C01439,2024-10-17,Online,Northeast,Completed
O005927,C01000,2023-10-18,Retail Store,West,Completed
O005928,C01328,2025-11-29,Online,South,Completed
O005929,C01183,2023-02-06,Retail Store,South,Returned
O005930,C01047,2025-01-28,Retail Store,Midwest,Completed
O005931,C00201,2023-11-27,Online,Northeast,Returned
O005932,C00438,2023-02-13,Mobile App,South,Cancelled
O005933,C00832,2023-08-04,Online,Northeast,Completed
O005934,C00067,2025-09-23,Marketplace,Midwest,Completed
O005935,C00946,2023-11-27,Marketplace,West,Completed
O005936,C00193,2024-07-28,Marketplace,West,Completed
O005937,C00402,2025-11-21,Marketplace,Midwest,Completed
O005938,C00021,2025-10-19,Mobile App,South,Completed
O005939,C00062,2025-09-22,Mobile App,Northeast,Completed
O005940,C01000,2024-04-10,Marketplace,Midwest,Completed
O005941,C01480,2024-08-19,Marketplace,South,Returned
O005942,C00691,2025-06-15,Mobile App,Midwest,Completed
O005943,C00032,2025-01-24,Online,Midwest,Completed
O005944,C01473,2023-02-07,Retail Store,West,Completed
O005945,C00521,2024-10-07,Mobile App,West,Completed
O005946,C00846,2024-06-04,Online,South,Completed
O005947,C00535,2025-12-02,Retail Store,South,Completed
O005948,C00906,2025-05-31,Online,Midwest,Completed
O005949,C00606,2023-01-13,Online,West,Completed
O005950,C00356,2023-01-27,Retail Store,South,Completed
O005951,C00386,2024-02-19,Retail Store,Northeast,Completed
O005952,C01119,2024-01-17,Online,South,Completed
O005953,C00758,2023-05-22,Retail Store,West,Completed
O005954,C01258,2024-05-21,Online,West,Completed
O005955,C00913,2023-12-04,Mobile App,Northeast,Completed
O005956,C00054,2025-04-11,Mobile App,Northeast,Completed
O005957,C00224,2024-12-25,Mobile App,West,Completed
O005958,C00792,2025-02-22,Retail Store,Midwest,Completed
O005959,C00532,2025-09-09,Marketplace,West,Completed
O005960,C00098,2023-12-14,Retail Store,Midwest,Completed
O005961,C00508,2023-06-09,Mobile App,Midwest,Completed
O005962,C00246,2023-12-16,Online,West,Completed
O005963,C00514,2024-11-16,Mobile App,Northeast,Completed
O005964,C00289,2024-10-22,Online,Midwest,Returned
O005965,C01156,2025-04-18,Online,Midwest,Returned
O005966,C00715,2025-12-19,Mobile App,Northeast,Completed
O005967,C00399,2023-03-29,Online,Midwest,Completed
O005968,C00109,2023-01-31,Mobile App,South,Completed
O005969,C00883,2023-02-08,Marketplace,Northeast,Completed
O005970,C01192,2023-10-19,Online,Northeast,Completed
O005971,C01186,2025-09-29,Marketplace,Northeast,Cancelled
O005972,C00714,2024-08-23,Retail Store,Midwest,Completed
O005973,C00507,2023-08-27,Marketplace,Midwest,Completed
O005974,C00239,2024-09-17,Retail Store,South,Completed
O005975,C01246,2025-10-11,Retail Store,West,Completed
O005976,C00369,2023-12-01,Marketplace,West,Completed
O005977,C00542,2024-03-23,Mobile App,South,Completed
O005978,C00669,2023-06-11,Marketplace,Northeast,Completed
O005979,C00129,2023-08-12,Mobile App,Midwest,Completed
O005980,C01062,2025-07-07,Mobile App,West,Completed
O005981,C00788,2025-11-04,Online,West,Completed
O005982,C01477,2023-03-10,Online,Midwest,Completed
O005983,C01395,2023-01-16,Retail Store,South,Completed
O005984,C00513,2024-05-07,Mobile App,West,Completed
O005985,C00155,2023-05-18,Retail Store,South,Completed
O005986,C01466,2024-12-06,Online,West,Completed
O005987,C00255,2023-10-20,Online,West,Cancelled
O005988,C00350,2025-08-02,Online,West,Completed
O005989,C00705,2025-09-13,Retail Store,South,Completed
O005990,C00856,2024-10-24,Retail Store,Midwest,Returned
O005991,C01336,2024-02-02,Online,Northeast,Completed
O005992,C00829,2024-10-31,Marketplace,South,Completed
O005993,C01118,2023-02-08,Retail Store,Northeast,Completed
O005994,C01121,2023-09-13,Retail Store,Midwest,Completed
O005995,C00765,2023-08-02,Marketplace,West,Returned
O005996,C01041,2024-06-25,Online,Northeast,Completed
O005997,C00824,2024-07-30,Mobile App,Midwest,Completed
O005998,C00958,2025-06-04,Mobile App,Northeast,Completed
O005999,C00889,2025-07-25,Mobile App,South,Completed
O006000,C00390,2023-07-11,Marketplace,Northeast,Completed
O006001,C00626,2024-02-17,Retail Store,Northeast,Completed
O006002,C00568,2025-12-10,Online,South,Completed
O006003,C00523,2025-09-30,Mobile App,West,Completed
O006004,C00417,2025-04-13,Mobile App,Northeast,Completed
O006005,C01302,2023-09-27,Marketplace,South,Completed
O006006,C00746,2023-07-31,Retail Store,Northeast,Completed
O006007,C01410,2024-01-15,Mobile App,Midwest,Completed
O006008,C00130,2025-03-25,Marketplace,West,Completed
O006009,C01487,2024-09-28,Marketplace,Northeast,Completed
O006010,C01047,2023-01-28,Marketplace,South,Cancelled
O006011,C00848,2025-08-24,Retail Store,South,Completed
O006012,C00509,2024-11-24,Online,Northeast,Completed
O006013,C00910,2023-12-22,Mobile App,South,Completed
O006014,C01140,2024-04-02,Mobile App,Northeast,Completed
O006015,C00561,2025-07-06,Marketplace,Northeast,Completed
O006016,C00864,2024-10-10,Mobile App,South,Returned
O006017,C00899,2023-12-24,Mobile App,Northeast,Completed
O006018,C01391,2025-04-28,Online,Northeast,Completed
O006019,C00107,2023-11-23,Marketplace,South,Completed
O006020,C01007,2024-07-26,Online,West,Completed
O006021,C01150,2023-06-08,Online,South,Completed
O006022,C01151,2023-11-21,Mobile App,Northeast,Completed
O006023,C01032,2025-07-03,Retail Store,Midwest,Completed
O006024,C01439,2025-07-07,Online,West,Completed
O006025,C00941,2023-09-24,Marketplace,West,Cancelled
O006026,C01312,2024-01-21,Online,Midwest,Completed
O006027,C00737,2023-04-11,Marketplace,West,Completed
O006028,C00851,2024-05-29,Marketplace,South,Completed
O006029,C00761,2024-05-20,Marketplace,West,Returned
O006030,C00725,2025-11-04,Mobile App,Midwest,Completed
O006031,C01153,2025-10-12,Mobile App,Midwest,Completed
O006032,C00848,2024-11-25,Online,South,Completed
O006033,C00901,2025-11-16,Retail Store,South,Completed
O006034,C01269,2023-12-07,Marketplace,South,Completed
O006035,C00374,2024-10-26,Retail Store,Northeast,Completed
O006036,C00247,2023-05-08,Marketplace,South,Completed
O006037,C00816,2024-11-12,Online,Northeast,Returned
O006038,C00427,2025-06-16,Mobile App,West,Completed
O006039,C00623,2025-11-06,Mobile App,Northeast,Completed
O006040,C01252,2023-11-18,Online,West,Completed
O006041,C00032,2024-10-15,Marketplace,Northeast,Completed
O006042,C01016,2025-08-05,Mobile App,Northeast,Completed
O006043,C00262,2023-06-13,Retail Store,South,Completed
O006044,C00372,2025-01-21,Retail Store,Midwest,Completed
O006045,C00919,2025-04-06,Retail Store,Midwest,Completed
O006046,C00435,2025-12-03,Mobile App,West,Cancelled
O006047,C00699,2025-10-11,Marketplace,Northeast,Cancelled
O006048,C01072,2025-09-07,Retail Store,South,Completed
O006049,C00884,2023-01-14,Marketplace,Northeast,Completed
O006050,C00397,2023-05-17,Online,Midwest,Completed
O006051,C00598,2023-12-03,Retail Store,Midwest,Completed
O006052,C00601,2023-07-07,Mobile App,Northeast,Completed
O006053,C00673,2025-03-03,Marketplace,West,Completed
O006054,C00035,2024-06-22,Marketplace,West,Completed
O006055,C00044,2024-01-05,Retail Store,West,Completed
O006056,C01246,2023-11-19,Marketplace,Midwest,Completed
O006057,C01053,2023-04-13,Marketplace,Northeast,Completed
O006058,C00222,2023-03-16,Retail Store,Midwest,Completed
O006059,C01079,2024-04-01,Marketplace,Midwest,Completed
O006060,C01155,2025-03-10,Mobile App,Northeast,Completed
O006061,C01342,2023-12-04,Mobile App,South,Completed
O006062,C00442,2024-08-19,Online,Midwest,Completed
O006063,C01461,2024-02-09,Retail Store,Midwest,Completed
O006064,C00974,2023-03-04,Mobile App,Northeast,Completed
O006065,C00512,2025-09-20,Online,South,Completed
O006066,C00915,2025-05-08,Mobile App,Midwest,Completed
O006067,C00108,2025-01-28,Retail Store,Northeast,Completed
O006068,C00997,2025-09-16,Retail Store,West,Completed
O006069,C01474,2024-02-18,Mobile App,South,Completed
O006070,C00959,2025-09-08,Online,South,Completed
O006071,C01194,2024-11-03,Online,West,Completed
O006072,C00541,2024-09-18,Online,Midwest,Completed
O006073,C00417,2024-07-22,Mobile App,Midwest,Completed
O006074,C00248,2025-04-06,Mobile App,Midwest,Completed
O006075,C01037,2024-07-06,Marketplace,West,Completed
O006076,C00476,2025-09-07,Online,West,Completed
O006077,C01197,2024-05-05,Online,Midwest,Completed
O006078,C01407,2024-08-07,Retail Store,Northeast,Completed
O006079,C00939,2024-07-25,Online,South,Completed
O006080,C01488,2024-07-12,Mobile App,Midwest,Completed
O006081,C00518,2023-05-05,Marketplace,Midwest,Completed
O006082,C00113,2025-08-31,Marketplace,Midwest,Completed
O006083,C00518,2024-05-18,Marketplace,Northeast,Completed
O006084,C00468,2023-12-11,Retail Store,Northeast,Returned
O006085,C01147,2023-08-24,Retail Store,Northeast,Completed
O006086,C00734,2023-01-01,Online,West,Completed
O006087,C00661,2024-03-17,Marketplace,South,Completed
O006088,C01386,2025-09-06,Marketplace,Midwest,Completed
O006089,C00138,2025-09-08,Marketplace,West,Completed
O006090,C00144,2025-06-19,Marketplace,West,Completed
O006091,C01094,2025-03-14,Online,South,Returned
O006092,C00266,2023-10-19,Retail Store,West,Completed
O006093,C00056,2025-05-12,Retail Store,Midwest,Completed
O006094,C00927,2024-07-20,Online,West,Completed
O006095,C00509,2024-08-31,Retail Store,Midwest,Completed
O006096,C00271,2024-08-11,Online,Northeast,Completed
O006097,C00157,2023-04-10,Mobile App,Northeast,Completed
O006098,C01091,2024-06-05,Online,South,Completed
O006099,C00728,2023-11-30,Mobile App,Northeast,Completed
O006100,C00818,2024-08-14,Marketplace,Midwest,Completed
O006101,C01232,2023-03-20,Mobile App,Northeast,Completed
O006102,C00616,2024-10-09,Online,South,Completed
O006103,C01306,2023-09-09,Marketplace,Midwest,Completed
O006104,C00867,2023-10-25,Marketplace,West,Completed
O006105,C00920,2023-12-24,Mobile App,West,Completed
O006106,C01261,2024-11-04,Retail Store,West,Completed
O006107,C00657,2024-07-02,Marketplace,Midwest,Completed
O006108,C01179,2025-04-28,Retail Store,South,Completed
O006109,C00160,2023-01-29,Retail Store,South,Returned
O006110,C01369,2025-09-24,Mobile App,South,Completed
O006111,C00524,2023-10-15,Marketplace,South,Completed
O006112,C00880,2025-01-11,Online,Midwest,Completed
O006113,C01110,2023-05-07,Retail Store,South,Completed
O006114,C00534,2023-12-22,Retail Store,West,Completed
O006115,C01445,2025-11-16,Online,South,Completed
O006116,C00696,2024-11-14,Retail Store,South,Completed
O006117,C01092,2025-05-30,Marketplace,South,Completed
O006118,C00509,2025-10-13,Retail Store,Northeast,Completed
O006119,C00502,2024-11-13,Retail Store,Northeast,Completed
O006120,C01031,2024-07-13,Retail Store,Northeast,Completed
O006121,C01376,2023-04-17,Retail Store,Midwest,Completed
O006122,C00269,2024-12-20,Online,Northeast,Completed
O006123,C00197,2025-06-01,Retail Store,Northeast,Completed
O006124,C00673,2025-06-19,Mobile App,South,Completed
O006125,C00776,2024-10-08,Retail Store,Midwest,Completed
O006126,C00262,2024-05-27,Online,Midwest,Completed
O006127,C01197,2023-02-04,Mobile App,Northeast,Completed
O006128,C01178,2024-03-07,Retail Store,Northeast,Completed
O006129,C00498,2025-08-25,Online,West,Completed
O006130,C00078,2024-01-22,Mobile App,Northeast,Completed
O006131,C01276,2024-03-04,Mobile App,South,Completed
O006132,C01453,2024-11-08,Retail Store,Midwest,Returned
O006133,C01035,2025-02-22,Retail Store,South,Completed
O006134,C01119,2024-12-07,Mobile App,West,Completed
O006135,C00426,2024-05-12,Online,Midwest,Completed
O006136,C00912,2025-10-30,Marketplace,Midwest,Completed
O006137,C01391,2025-12-20,Retail Store,Northeast,Completed
O006138,C01237,2025-11-09,Marketplace,South,Completed
O006139,C00741,2023-05-26,Retail Store,West,Completed
O006140,C00599,2023-02-06,Retail Store,West,Completed
O006141,C01312,2024-10-16,Marketplace,West,Returned
O006142,C01095,2025-07-05,Marketplace,Northeast,Completed
O006143,C01188,2024-11-03,Online,Northeast,Completed
O006144,C00094,2024-11-30,Retail Store,South,Completed
O006145,C00589,2023-04-07,Mobile App,West,Completed
O006146,C00984,2024-06-15,Marketplace,Midwest,Completed
O006147,C01289,2023-11-02,Retail Store,Midwest,Completed
O006148,C00483,2023-01-27,Online,West,Completed
O006149,C00139,2023-01-01,Mobile App,Northeast,Completed
O006150,C01251,2025-09-27,Online,South,Completed
O006151,C00888,2024-06-01,Online,South,Completed
O006152,C01357,2025-03-14,Marketplace,West,Completed
O006153,C01423,2023-03-01,Mobile App,West,Completed
O006154,C00277,2025-05-10,Online,Midwest,Completed
O006155,C01335,2024-01-30,Online,Northeast,Completed
O006156,C00366,2025-12-10,Online,South,Cancelled
O006157,C01009,2023-04-06,Retail Store,Northeast,Completed
O006158,C00078,2024-07-02,Marketplace,South,Completed
O006159,C00815,2024-04-26,Marketplace,Northeast,Completed
O006160,C00517,2024-09-07,Retail Store,West,Completed
O006161,C00126,2023-04-09,Marketplace,West,Completed
O006162,C01083,2025-10-03,Mobile App,West,Completed
O006163,C00941,2023-03-22,Mobile App,Northeast,Completed
O006164,C01272,2024-06-10,Online,West,Completed
O006165,C00707,2025-07-23,Marketplace,Northeast,Completed
O006166,C01105,2025-05-27,Retail Store,Midwest,Completed
O006167,C01499,2023-02-13,Mobile App,South,Completed
O006168,C01002,2024-10-17,Online,Midwest,Completed
O006169,C01084,2024-03-21,Retail Store,West,Completed
O006170,C00445,2024-10-06,Online,South,Completed
O006171,C00542,2024-03-14,Mobile App,South,Completed
O006172,C00949,2023-12-23,Online,Northeast,Completed
O006173,C00692,2025-08-17,Retail Store,Midwest,Completed
O006174,C01457,2025-06-08,Online,Midwest,Completed
O006175,C00166,2023-10-13,Online,Midwest,Completed
O006176,C00395,2024-02-19,Retail Store,Northeast,Completed
O006177,C00462,2023-12-25,Mobile App,West,Completed
O006178,C01134,2023-04-19,Online,Midwest,Completed
O006179,C00220,2025-05-29,Mobile App,Northeast,Completed
O006180,C01438,2024-09-11,Mobile App,Midwest,Completed
O006181,C00260,2025-08-09,Online,West,Completed
O006182,C00002,2025-04-08,Online,Northeast,Completed
O006183,C00879,2025-07-18,Mobile App,West,Completed
O006184,C00857,2024-11-14,Marketplace,South,Completed
O006185,C00026,2023-08-23,Marketplace,Northeast,Returned
O006186,C01078,2025-12-29,Marketplace,West,Cancelled
O006187,C00596,2024-09-21,Marketplace,Northeast,Completed
O006188,C01125,2024-09-28,Retail Store,West,Completed
O006189,C00354,2024-01-16,Retail Store,Midwest,Returned
O006190,C00453,2025-10-03,Retail Store,West,Returned
O006191,C01486,2023-03-11,Mobile App,South,Completed
O006192,C00205,2025-09-10,Retail Store,Northeast,Completed
O006193,C01391,2024-12-23,Marketplace,Northeast,Completed
O006194,C01272,2024-12-20,Marketplace,Northeast,Completed
O006195,C00458,2024-03-31,Online,South,Completed
O006196,C00690,2025-10-03,Marketplace,South,Completed
O006197,C00472,2024-12-06,Retail Store,South,Returned
O006198,C00380,2023-02-05,Online,West,Completed
O006199,C00110,2025-04-16,Mobile App,West,Completed
O006200,C01309,2024-12-20,Mobile App,Northeast,Completed
O006201,C00512,2024-02-24,Retail Store,West,Completed
O006202,C00908,2025-12-05,Mobile App,West,Completed
O006203,C01442,2024-06-17,Marketplace,Northeast,Completed
O006204,C00495,2025-10-02,Online,Midwest,Completed
O006205,C01235,2024-09-09,Mobile App,South,Completed
O006206,C00050,2024-09-10,Mobile App,West,Completed
O006207,C01148,2025-05-11,Online,South,Completed
O006208,C00774,2025-12-13,Mobile App,South,Returned
O006209,C00384,2024-04-02,Retail Store,Northeast,Completed
O006210,C00825,2025-08-10,Mobile App,West,Completed
O006211,C00517,2023-08-02,Retail Store,West,Completed
O006212,C00265,2024-11-29,Retail Store,South,Completed
O006213,C00236,2025-11-22,Marketplace,Midwest,Completed
O006214,C00945,2025-01-29,Online,Northeast,Completed
O006215,C00672,2023-10-22,Retail Store,Midwest,Completed
O006216,C01282,2024-10-31,Online,Northeast,Completed
O006217,C01453,2024-06-16,Online,Midwest,Completed
O006218,C01061,2025-12-31,Retail Store,West,Completed
O006219,C00367,2024-05-26,Marketplace,Northeast,Completed
O006220,C00718,2024-04-26,Retail Store,South,Completed
O006221,C00743,2023-09-19,Mobile App,Midwest,Returned
O006222,C00032,2023-09-01,Mobile App,West,Completed
O006223,C00998,2024-09-25,Marketplace,Northeast,Completed
O006224,C00537,2025-04-14,Online,Northeast,Completed
O006225,C01340,2023-08-12,Online,Northeast,Completed
O006226,C01289,2024-03-31,Mobile App,Northeast,Completed
O006227,C01065,2024-04-26,Retail Store,Midwest,Cancelled
O006228,C00276,2023-01-17,Marketplace,Northeast,Completed
O006229,C01429,2025-06-25,Online,West,Completed
O006230,C00399,2025-10-24,Online,Midwest,Completed
O006231,C00556,2025-07-12,Marketplace,Midwest,Returned
O006232,C01346,2023-01-29,Mobile App,Northeast,Completed
O006233,C00536,2023-04-02,Online,West,Completed
O006234,C00068,2024-10-29,Mobile App,Midwest,Completed
O006235,C00660,2025-05-11,Mobile App,Midwest,Completed
O006236,C01075,2025-07-16,Online,South,Completed
O006237,C00860,2025-02-27,Mobile App,Midwest,Completed
O006238,C00748,2023-01-28,Online,Northeast,Completed
O006239,C00015,2025-12-12,Mobile App,Northeast,Returned
O006240,C01119,2025-07-23,Marketplace,South,Completed
O006241,C00105,2023-11-25,Mobile App,South,Completed
O006242,C01170,2023-05-09,Mobile App,West,Completed
O006243,C01327,2025-08-15,Marketplace,West,Completed
O006244,C01428,2023-05-22,Online,Midwest,Cancelled
O006245,C00006,2023-05-02,Mobile App,West,Completed
O006246,C00317,2023-12-08,Marketplace,Midwest,Completed
O006247,C01196,2024-05-01,Mobile App,Midwest,Completed
O006248,C01262,2025-09-25,Retail Store,Midwest,Completed
O006249,C00492,2023-10-16,Retail Store,South,Completed
O006250,C00305,2024-12-14,Mobile App,West,Completed
O006251,C00891,2025-11-22,Online,Northeast,Completed
O006252,C00749,2024-10-19,Mobile App,West,Completed
O006253,C00557,2025-04-18,Online,Northeast,Completed
O006254,C00878,2024-09-01,Marketplace,Northeast,Completed
O006255,C00384,2023-11-18,Marketplace,Northeast,Returned
O006256,C00673,2023-07-16,Retail Store,Midwest,Completed
O006257,C00970,2023-05-26,Mobile App,Northeast,Completed
O006258,C01098,2025-11-22,Marketplace,Midwest,Completed
O006259,C00862,2023-04-01,Mobile App,South,Completed
O006260,C01107,2025-03-25,Online,Midwest,Completed
O006261,C00115,2024-01-15,Online,Northeast,Completed
O006262,C00585,2023-06-14,Mobile App,West,Completed
O006263,C00659,2024-10-21,Mobile App,West,Completed
O006264,C01429,2024-11-07,Retail Store,Midwest,Completed
O006265,C00870,2023-02-20,Online,Midwest,Completed
O006266,C00433,2023-08-16,Marketplace,South,Completed
O006267,C01272,2024-01-19,Retail Store,Midwest,Completed
O006268,C00707,2023-01-10,Online,South,Completed
O006269,C00632,2025-07-07,Retail Store,South,Completed
O006270,C01412,2025-01-06,Marketplace,West,Completed
O006271,C00993,2025-12-26,Retail Store,West,Completed
O006272,C00683,2023-04-22,Marketplace,South,Completed
O006273,C01382,2023-03-02,Online,Northeast,Completed
O006274,C01286,2025-07-31,Online,Midwest,Completed
O006275,C01389,2023-10-03,Mobile App,Northeast,Completed
O006276,C00936,2025-09-03,Mobile App,Midwest,Completed
O006277,C01027,2025-06-05,Marketplace,South,Returned
O006278,C00711,2025-01-07,Mobile App,Midwest,Completed
O006279,C01108,2024-10-25,Retail Store,West,Completed
O006280,C01076,2024-07-01,Mobile App,West,Completed
O006281,C00229,2025-11-10,Mobile App,West,Completed
O006282,C00830,2024-12-22,Retail Store,Midwest,Completed
O006283,C01274,2024-08-08,Retail Store,West,Completed
O006284,C00590,2025-11-07,Marketplace,Midwest,Completed
O006285,C00073,2024-09-29,Retail Store,Midwest,Completed
O006286,C00083,2024-02-06,Marketplace,West,Completed
O006287,C01071,2023-08-05,Online,Northeast,Completed
O006288,C00746,2024-02-10,Retail Store,West,Completed
O006289,C01363,2023-12-31,Mobile App,Northeast,Returned
O006290,C00157,2023-11-07,Marketplace,Midwest,Completed
O006291,C01065,2023-06-28,Online,Northeast,Completed
O006292,C01428,2025-02-11,Marketplace,West,Completed
O006293,C00541,2025-02-15,Online,Northeast,Completed
O006294,C00204,2023-11-14,Retail Store,West,Completed
O006295,C00518,2024-07-09,Mobile App,West,Completed
O006296,C01428,2025-09-09,Mobile App,West,Completed
O006297,C01435,2025-03-11,Marketplace,Northeast,Completed
O006298,C01106,2024-10-09,Retail Store,Northeast,Completed
O006299,C00333,2025-04-28,Online,Midwest,Completed
O006300,C00658,2023-03-16,Mobile App,Northeast,Completed
O006301,C00759,2025-05-09,Retail Store,Northeast,Completed
O006302,C01287,2023-05-08,Retail Store,South,Completed
O006303,C01174,2025-06-23,Retail Store,West,Completed
O006304,C00852,2023-07-12,Online,South,Completed
O006305,C00430,2024-05-10,Online,West,Completed
O006306,C01191,2024-05-10,Retail Store,Midwest,Completed
O006307,C01194,2024-06-19,Mobile App,Midwest,Completed
O006308,C00371,2025-11-23,Retail Store,Northeast,Completed
O006309,C00785,2023-06-08,Mobile App,Northeast,Completed
O006310,C00211,2024-03-01,Retail Store,Midwest,Completed
O006311,C00275,2025-04-23,Marketplace,South,Completed
O006312,C00526,2023-07-24,Online,West,Completed
O006313,C00006,2023-04-02,Marketplace,West,Completed
O006314,C00426,2024-07-14,Retail Store,South,Completed
O006315,C00504,2025-02-07,Retail Store,South,Completed
O006316,C01214,2025-04-06,Marketplace,South,Completed
O006317,C01477,2023-07-13,Online,Midwest,Completed
O006318,C00196,2024-04-11,Marketplace,Midwest,Completed
O006319,C00090,2025-02-19,Retail Store,Midwest,Completed
O006320,C00348,2024-09-30,Marketplace,Midwest,Completed
O006321,C00589,2024-05-18,Marketplace,Midwest,Completed
O006322,C01484,2023-03-14,Retail Store,Midwest,Completed
O006323,C00158,2023-04-04,Online,West,Completed
O006324,C00749,2023-01-09,Mobile App,Midwest,Completed
O006325,C00549,2023-12-05,Online,South,Completed
O006326,C01152,2025-02-05,Mobile App,West,Completed
O006327,C00492,2025-01-02,Retail Store,West,Completed
O006328,C00430,2023-11-12,Marketplace,Midwest,Completed
O006329,C00708,2023-03-28,Retail Store,Northeast,Returned
O006330,C00944,2024-02-19,Mobile App,Northeast,Completed
O006331,C00623,2024-08-14,Retail Store,Northeast,Returned
O006332,C00932,2023-02-23,Retail Store,Northeast,Completed
O006333,C00662,2025-03-13,Online,Midwest,Completed
O006334,C01458,2025-03-23,Mobile App,West,Completed
O006335,C00517,2024-01-08,Mobile App,Northeast,Completed
O006336,C00077,2023-05-12,Marketplace,Northeast,Completed
O006337,C00782,2023-07-26,Mobile App,South,Completed
O006338,C01472,2023-07-06,Mobile App,Midwest,Cancelled
O006339,C00223,2023-11-12,Mobile App,West,Completed
O006340,C00553,2025-04-22,Online,Northeast,Completed
O006341,C00611,2024-08-11,Mobile App,Midwest,Completed
O006342,C00589,2023-11-16,Mobile App,South,Completed
O006343,C00056,2023-04-25,Online,Northeast,Completed
O006344,C00543,2023-12-17,Mobile App,South,Completed
O006345,C01463,2025-09-27,Mobile App,Northeast,Completed
O006346,C00239,2024-10-22,Marketplace,West,Completed
O006347,C00836,2024-07-28,Marketplace,Midwest,Completed
O006348,C01188,2025-07-19,Retail Store,West,Completed
O006349,C01131,2024-07-17,Mobile App,Northeast,Completed
O006350,C00504,2023-04-21,Mobile App,West,Completed
O006351,C01478,2024-01-20,Retail Store,Northeast,Completed
O006352,C00142,2023-12-02,Marketplace,West,Returned
O006353,C00384,2024-02-10,Mobile App,West,Completed
O006354,C00932,2025-08-21,Mobile App,West,Completed
O006355,C01030,2024-09-07,Mobile App,South,Completed
O006356,C00382,2023-11-24,Mobile App,South,Completed
O006357,C00404,2024-02-08,Retail Store,Northeast,Completed
O006358,C00789,2024-11-22,Mobile App,Northeast,Completed
O006359,C01473,2024-08-19,Online,Northeast,Completed
O006360,C00694,2023-12-18,Mobile App,Midwest,Cancelled
O006361,C00795,2024-05-30,Marketplace,Midwest,Completed
O006362,C01429,2024-03-27,Retail Store,South,Returned
O006363,C01317,2024-01-23,Marketplace,South,Completed
O006364,C01133,2024-02-07,Mobile App,Midwest,Completed
O006365,C01279,2025-11-07,Online,Midwest,Completed
O006366,C00497,2023-02-14,Online,Midwest,Completed
O006367,C00741,2024-11-27,Retail Store,West,Cancelled
O006368,C00265,2024-12-08,Mobile App,West,Completed
O006369,C00012,2024-01-27,Marketplace,Northeast,Completed
O006370,C01235,2023-05-24,Retail Store,West,Completed
O006371,C00956,2025-07-23,Retail Store,Midwest,Completed
O006372,C00752,2024-07-04,Marketplace,South,Completed
O006373,C01362,2025-02-19,Mobile App,South,Returned
O006374,C00682,2023-01-02,Mobile App,South,Completed
O006375,C00227,2024-06-25,Online,Northeast,Completed
O006376,C00365,2024-12-28,Retail Store,West,Completed
O006377,C00862,2025-04-15,Online,West,Returned
O006378,C00642,2024-06-27,Marketplace,Northeast,Completed
O006379,C00547,2024-02-15,Mobile App,West,Completed
O006380,C01465,2024-10-27,Mobile App,South,Completed
O006381,C00836,2024-04-05,Online,South,Completed
O006382,C00980,2023-05-01,Online,South,Completed
O006383,C00246,2024-06-29,Online,South,Completed
O006384,C01333,2025-04-22,Online,South,Completed
O006385,C01489,2025-01-17,Online,South,Completed
O006386,C00823,2025-01-14,Retail Store,South,Completed
O006387,C00891,2025-08-07,Marketplace,Northeast,Completed
O006388,C00335,2024-08-17,Marketplace,Midwest,Completed
O006389,C01350,2023-03-17,Online,West,Completed
O006390,C00076,2023-03-23,Online,Northeast,Cancelled
O006391,C00762,2024-08-16,Marketplace,Northeast,Completed
O006392,C00231,2023-09-21,Marketplace,Northeast,Completed
O006393,C00573,2023-02-10,Retail Store,Northeast,Completed
O006394,C00348,2023-05-07,Mobile App,West,Completed
O006395,C00064,2024-08-23,Retail Store,South,Completed
O006396,C00116,2025-04-28,Retail Store,Midwest,Completed
O006397,C01403,2023-03-24,Mobile App,Midwest,Completed
O006398,C00181,2023-01-20,Retail Store,South,Completed
O006399,C00793,2024-10-10,Marketplace,Northeast,Completed
O006400,C00548,2025-01-02,Online,Northeast,Completed
O006401,C00826,2023-05-28,Online,Midwest,Completed
O006402,C00972,2023-09-27,Online,West,Completed
O006403,C00236,2024-04-16,Online,West,Completed
O006404,C00357,2023-06-12,Marketplace,West,Completed
O006405,C00540,2025-01-27,Online,South,Completed
O006406,C00022,2025-05-13,Retail Store,Midwest,Completed
O006407,C00713,2024-01-18,Mobile App,Midwest,Completed
O006408,C01023,2025-10-14,Online,South,Completed
O006409,C00066,2023-10-25,Retail Store,Midwest,Completed
O006410,C00041,2023-12-29,Marketplace,Midwest,Completed
O006411,C00651,2025-05-27,Mobile App,South,Completed
O006412,C01193,2023-07-23,Mobile App,Northeast,Completed
O006413,C00121,2023-07-21,Online,Midwest,Completed
O006414,C00338,2025-10-31,Marketplace,Northeast,Completed
O006415,C01058,2023-10-05,Marketplace,South,Completed
O006416,C01455,2023-06-07,Retail Store,Midwest,Completed
O006417,C00611,2024-06-26,Retail Store,South,Completed
O006418,C01321,2025-05-23,Mobile App,Midwest,Completed
O006419,C00896,2025-06-06,Retail Store,West,Completed
O006420,C00144,2023-03-18,Mobile App,Midwest,Completed
O006421,C00556,2025-08-17,Mobile App,South,Completed
O006422,C01359,2025-10-16,Marketplace,South,Completed
O006423,C00007,2023-01-24,Mobile App,West,Completed
O006424,C00171,2024-04-01,Mobile App,Midwest,Completed
O006425,C01181,2024-12-28,Mobile App,West,Completed
O006426,C00172,2025-06-04,Marketplace,West,Completed
O006427,C01208,2025-07-02,Retail Store,South,Completed
O006428,C00119,2025-02-20,Marketplace,West,Completed
O006429,C00041,2023-08-15,Retail Store,Northeast,Completed
O006430,C00801,2024-01-05,Marketplace,West,Completed
O006431,C00469,2025-12-18,Mobile App,West,Completed
O006432,C00802,2024-12-10,Marketplace,Northeast,Completed
O006433,C00018,2025-10-07,Retail Store,West,Completed
O006434,C00696,2023-02-24,Online,Northeast,Completed
O006435,C00853,2024-03-22,Mobile App,Northeast,Completed
O006436,C00720,2025-10-31,Retail Store,Northeast,Returned
O006437,C01199,2024-09-30,Retail Store,Northeast,Completed
O006438,C00856,2024-06-19,Online,South,Completed
O006439,C00902,2024-01-04,Marketplace,Northeast,Completed
O006440,C00636,2025-10-30,Mobile App,Northeast,Completed
O006441,C00275,2023-01-30,Online,South,Completed
O006442,C00980,2023-07-11,Marketplace,Northeast,Completed
O006443,C00386,2023-03-25,Marketplace,Midwest,Completed
O006444,C00913,2023-08-04,Retail Store,Midwest,Completed
O006445,C01272,2023-09-28,Retail Store,South,Completed
O006446,C00406,2025-03-17,Online,Northeast,Completed
O006447,C00738,2025-05-29,Marketplace,West,Completed
O006448,C00154,2024-02-21,Retail Store,Midwest,Completed
O006449,C00414,2025-10-08,Mobile App,Midwest,Completed
O006450,C00939,2023-12-16,Online,Northeast,Completed
O006451,C01106,2024-02-29,Online,West,Completed
O006452,C00012,2024-05-25,Mobile App,South,Completed
O006453,C00020,2023-07-18,Online,West,Completed
O006454,C00234,2025-12-01,Marketplace,Midwest,Completed
O006455,C00534,2025-10-18,Retail Store,West,Completed
O006456,C01209,2024-07-28,Retail Store,South,Completed
O006457,C00890,2025-03-27,Mobile App,Northeast,Completed
O006458,C00271,2025-08-12,Marketplace,West,Completed
O006459,C01484,2023-03-19,Marketplace,South,Completed
O006460,C00729,2024-09-11,Retail Store,West,Returned
O006461,C00785,2025-12-22,Marketplace,Midwest,Completed
O006462,C01370,2024-03-20,Marketplace,South,Completed
O006463,C00361,2023-05-10,Mobile App,Northeast,Completed
O006464,C01309,2025-04-20,Retail Store,Northeast,Completed
O006465,C00475,2024-04-04,Marketplace,West,Completed
O006466,C00898,2023-05-07,Retail Store,Midwest,Completed
O006467,C00804,2024-09-18,Mobile App,West,Completed
O006468,C01456,2024-06-06,Online,South,Returned
O006469,C01101,2023-12-06,Retail Store,West,Completed
O006470,C00650,2025-03-29,Online,Northeast,Completed
O006471,C00874,2023-11-23,Marketplace,Northeast,Completed
O006472,C00091,2025-12-07,Online,West,Completed
O006473,C01029,2025-11-01,Mobile App,West,Completed
O006474,C00739,2025-01-26,Mobile App,West,Completed
O006475,C01439,2024-11-06,Online,Midwest,Completed
O006476,C00037,2024-08-26,Mobile App,Midwest,Completed
O006477,C00520,2024-02-01,Marketplace,South,Cancelled
O006478,C00528,2023-02-16,Retail Store,Northeast,Completed
O006479,C01240,2023-03-31,Marketplace,South,Cancelled
O006480,C00158,2024-01-11,Retail Store,South,Completed
O006481,C00955,2025-09-08,Online,Northeast,Completed
O006482,C01058,2025-12-15,Marketplace,West,Completed
O006483,C00489,2023-05-08,Retail Store,South,Completed
O006484,C01235,2025-12-16,Retail Store,South,Completed
O006485,C00409,2025-11-06,Marketplace,South,Completed
O006486,C00297,2025-10-03,Retail Store,Midwest,Completed
O006487,C00410,2023-09-30,Retail Store,Northeast,Completed
O006488,C01042,2023-04-24,Marketplace,West,Completed
O006489,C00071,2024-11-15,Retail Store,Northeast,Completed
O006490,C01461,2025-09-18,Online,West,Completed
O006491,C00445,2025-07-15,Marketplace,South,Cancelled
O006492,C00174,2025-08-24,Retail Store,Midwest,Completed
O006493,C00307,2025-06-08,Retail Store,South,Completed
O006494,C01433,2024-07-17,Retail Store,South,Completed
O006495,C00909,2024-12-01,Mobile App,Northeast,Completed
O006496,C00416,2025-10-11,Online,West,Completed
O006497,C00164,2025-03-11,Marketplace,Northeast,Completed
O006498,C00053,2025-02-12,Online,Midwest,Completed
O006499,C01386,2024-11-01,Mobile App,West,Completed
O006500,C00914,2025-05-23,Mobile App,South,Returned
O006501,C00981,2025-08-28,Marketplace,West,Completed
O006502,C00965,2024-04-04,Online,Midwest,Completed
O006503,C00559,2024-01-31,Online,West,Completed
O006504,C00730,2023-12-01,Marketplace,West,Completed
O006505,C00981,2024-04-01,Retail Store,West,Completed
O006506,C01381,2024-05-30,Retail Store,Midwest,Completed
O006507,C01240,2025-11-10,Marketplace,South,Completed
O006508,C01345,2024-04-30,Retail Store,West,Completed
O006509,C00898,2023-04-11,Online,Midwest,Completed
O006510,C00734,2025-10-10,Mobile App,West,Cancelled
O006511,C01152,2023-01-23,Marketplace,Northeast,Completed
O006512,C00128,2023-12-03,Retail Store,West,Completed
O006513,C01064,2024-11-09,Marketplace,South,Completed
O006514,C00556,2025-11-26,Retail Store,South,Completed
O006515,C01125,2025-08-12,Retail Store,South,Completed
O006516,C00125,2023-12-28,Mobile App,Midwest,Cancelled
O006517,C00618,2024-06-15,Marketplace,Northeast,Completed
O006518,C00821,2023-04-06,Mobile App,West,Completed
O006519,C00340,2023-12-23,Retail Store,West,Completed
O006520,C00913,2023-08-17,Marketplace,Midwest,Completed
O006521,C00833,2023-06-24,Online,Midwest,Completed
O006522,C00434,2023-05-14,Marketplace,West,Completed
O006523,C00405,2024-04-25,Online,West,Completed
O006524,C01166,2024-03-17,Online,Northeast,Completed
O006525,C00348,2023-09-04,Retail Store,West,Completed
O006526,C00983,2025-12-06,Marketplace,West,Completed
O006527,C00369,2025-10-25,Retail Store,South,Cancelled
O006528,C00528,2024-01-07,Marketplace,South,Cancelled
O006529,C00087,2025-05-17,Marketplace,West,Completed
O006530,C01063,2023-07-08,Retail Store,Midwest,Completed
O006531,C01417,2025-07-23,Mobile App,Midwest,Completed
O006532,C00054,2023-11-06,Mobile App,Northeast,Completed
O006533,C00515,2025-06-23,Retail Store,South,Cancelled
O006534,C00135,2025-09-06,Retail Store,Northeast,Completed
O006535,C00136,2024-01-16,Online,South,Completed
O006536,C01237,2025-06-29,Online,Northeast,Completed
O006537,C01338,2025-07-23,Marketplace,West,Completed
O006538,C00200,2023-08-28,Marketplace,South,Completed
O006539,C00396,2024-05-14,Marketplace,South,Completed
O006540,C00457,2024-10-22,Retail Store,Northeast,Completed
O006541,C00068,2023-12-25,Online,Northeast,Returned
O006542,C00671,2025-04-06,Online,West,Completed
O006543,C00966,2025-01-03,Online,West,Completed
O006544,C00739,2025-09-10,Marketplace,Northeast,Completed
O006545,C00383,2025-01-27,Online,South,Completed
O006546,C00628,2024-03-19,Retail Store,Midwest,Returned
O006547,C00965,2024-01-31,Mobile App,West,Completed
O006548,C01371,2025-05-08,Retail Store,Midwest,Completed
O006549,C00063,2025-11-05,Marketplace,Northeast,Completed
O006550,C00919,2023-09-28,Mobile App,West,Completed
O006551,C00563,2025-02-11,Mobile App,Northeast,Completed
O006552,C00157,2023-10-28,Online,South,Completed
O006553,C00436,2025-07-04,Retail Store,Midwest,Completed
O006554,C01180,2023-12-14,Mobile App,Northeast,Completed
O006555,C00284,2023-09-01,Online,Northeast,Completed
O006556,C01204,2025-10-31,Online,South,Completed
O006557,C00611,2025-01-22,Marketplace,Midwest,Completed
O006558,C01051,2023-05-05,Online,West,Completed
O006559,C00670,2023-03-05,Retail Store,Northeast,Completed
O006560,C00243,2023-06-12,Retail Store,South,Completed
O006561,C01011,2023-01-02,Retail Store,Midwest,Completed
O006562,C00705,2023-08-09,Retail Store,Northeast,Completed
O006563,C01400,2023-09-24,Marketplace,Northeast,Returned
O006564,C01234,2025-02-15,Online,Northeast,Completed
O006565,C00650,2025-09-30,Mobile App,West,Cancelled
O006566,C00815,2024-09-11,Online,South,Cancelled
O006567,C01065,2023-06-02,Online,West,Completed
O006568,C00037,2024-03-19,Marketplace,West,Completed
O006569,C01342,2025-01-15,Retail Store,South,Completed
O006570,C00007,2023-09-16,Marketplace,Northeast,Completed
O006571,C01292,2024-11-16,Online,South,Completed
O006572,C00354,2024-12-05,Retail Store,West,Cancelled
O006573,C01221,2023-02-05,Marketplace,Midwest,Completed
O006574,C00730,2024-11-07,Online,Midwest,Completed
O006575,C01470,2024-03-06,Retail Store,South,Completed
O006576,C00205,2025-07-11,Online,Midwest,Completed
O006577,C01161,2025-01-26,Online,South,Completed
O006578,C00820,2023-05-31,Marketplace,West,Completed
O006579,C00149,2025-01-07,Retail Store,South,Completed
O006580,C00535,2025-02-14,Mobile App,Northeast,Completed
O006581,C01055,2023-01-29,Mobile App,Northeast,Returned
O006582,C01053,2024-10-26,Mobile App,West,Completed
O006583,C00980,2023-04-03,Online,South,Completed
O006584,C00106,2023-06-19,Retail Store,South,Completed
O006585,C01064,2025-04-18,Retail Store,Midwest,Completed
O006586,C01129,2024-05-31,Online,West,Completed
O006587,C01416,2023-02-15,Online,Midwest,Completed
O006588,C01134,2023-04-28,Online,Northeast,Completed
O006589,C01013,2025-03-02,Online,Northeast,Completed
O006590,C01492,2025-01-02,Online,Midwest,Completed
O006591,C01363,2023-10-04,Retail Store,South,Completed
O006592,C00339,2024-08-05,Retail Store,Midwest,Completed
O006593,C00662,2025-02-27,Retail Store,South,Completed
O006594,C01359,2023-07-27,Marketplace,South,Completed
O006595,C00683,2023-09-22,Mobile App,Northeast,Completed
O006596,C00227,2025-06-02,Online,Northeast,Completed
O006597,C00514,2024-04-24,Online,South,Completed
O006598,C00157,2023-10-05,Mobile App,West,Completed
O006599,C01058,2025-04-25,Online,Midwest,Completed
O006600,C00158,2023-05-04,Online,Northeast,Completed
O006601,C00860,2023-02-16,Marketplace,Northeast,Completed
O006602,C01333,2025-01-25,Marketplace,West,Completed
O006603,C01035,2024-01-29,Retail Store,West,Completed
O006604,C00359,2025-03-16,Online,South,Completed
O006605,C00410,2023-04-25,Online,Midwest,Completed
O006606,C00332,2023-01-16,Online,Midwest,Completed
O006607,C00913,2023-11-09,Marketplace,Midwest,Completed
O006608,C00379,2025-10-24,Marketplace,West,Returned
O006609,C01194,2023-04-14,Online,Midwest,Returned
O006610,C00765,2025-08-01,Retail Store,Northeast,Completed
O006611,C00343,2025-01-01,Marketplace,Midwest,Completed
O006612,C00197,2023-10-15,Marketplace,South,Completed
O006613,C01075,2023-10-17,Marketplace,Midwest,Completed
O006614,C01359,2025-12-31,Mobile App,Northeast,Completed
O006615,C00787,2025-07-28,Retail Store,South,Completed
O006616,C00299,2024-05-14,Online,Midwest,Completed
O006617,C00501,2025-10-01,Online,Northeast,Returned
O006618,C01478,2025-02-16,Retail Store,South,Completed
O006619,C00134,2023-10-11,Mobile App,Midwest,Completed
O006620,C00869,2023-05-15,Retail Store,Midwest,Completed
O006621,C00953,2024-07-31,Marketplace,South,Completed
O006622,C00688,2023-02-26,Mobile App,Midwest,Completed
O006623,C01353,2025-08-29,Mobile App,Northeast,Completed
O006624,C01276,2025-08-13,Marketplace,West,Completed
O006625,C01426,2025-11-27,Mobile App,West,Completed
O006626,C00160,2025-06-12,Online,Midwest,Completed
O006627,C00594,2025-07-06,Marketplace,West,Completed
O006628,C00446,2025-04-05,Marketplace,South,Returned
O006629,C00218,2025-06-26,Retail Store,Northeast,Completed
O006630,C00263,2024-12-30,Online,South,Completed
O006631,C01500,2025-09-17,Retail Store,Northeast,Returned
O006632,C00483,2025-01-26,Mobile App,South,Completed
O006633,C00435,2024-09-15,Online,South,Cancelled
O006634,C00832,2023-06-02,Marketplace,West,Completed
O006635,C00082,2025-04-26,Marketplace,West,Completed
O006636,C00140,2025-12-15,Online,Midwest,Completed
O006637,C00492,2025-07-18,Online,South,Completed
O006638,C01057,2024-10-21,Marketplace,Midwest,Completed
O006639,C00365,2024-03-06,Retail Store,West,Completed
O006640,C01190,2024-08-07,Mobile App,West,Completed
O006641,C00710,2025-08-03,Online,West,Completed
O006642,C00139,2025-07-30,Marketplace,Northeast,Completed
O006643,C00124,2024-07-25,Mobile App,Northeast,Completed
O006644,C00349,2025-11-08,Retail Store,Midwest,Completed
O006645,C00799,2024-02-24,Marketplace,West,Completed
O006646,C00240,2025-03-24,Online,West,Completed
O006647,C01004,2023-05-19,Marketplace,South,Completed
O006648,C00591,2025-07-01,Marketplace,West,Completed
O006649,C01435,2024-08-20,Mobile App,Midwest,Completed
O006650,C01312,2024-05-11,Online,Northeast,Completed
O006651,C00438,2024-08-06,Retail Store,Northeast,Completed
O006652,C01356,2024-12-21,Marketplace,Midwest,Completed
O006653,C01232,2023-03-03,Online,West,Completed
O006654,C01293,2023-04-24,Retail Store,Midwest,Completed
O006655,C00994,2023-02-10,Mobile App,Northeast,Returned
O006656,C00965,2023-08-02,Mobile App,South,Completed
O006657,C01177,2023-08-11,Retail Store,South,Completed
O006658,C00752,2024-06-13,Retail Store,Northeast,Completed
O006659,C00215,2023-11-29,Marketplace,Midwest,Completed
O006660,C00657,2024-12-28,Mobile App,West,Completed
O006661,C00443,2023-11-15,Marketplace,Midwest,Completed
O006662,C00049,2023-10-04,Mobile App,South,Completed
O006663,C00600,2023-01-08,Marketplace,West,Completed
O006664,C01407,2023-11-17,Online,Northeast,Completed
O006665,C01276,2025-05-08,Marketplace,Northeast,Completed
O006666,C00069,2023-12-15,Online,Midwest,Cancelled
O006667,C00799,2023-08-29,Mobile App,Midwest,Completed
O006668,C01492,2023-01-03,Retail Store,West,Completed
O006669,C01108,2023-08-21,Retail Store,Midwest,Completed
O006670,C00513,2024-03-21,Retail Store,West,Completed
O006671,C00068,2023-03-10,Marketplace,South,Completed
O006672,C00844,2024-09-01,Mobile App,Northeast,Completed
O006673,C01427,2025-01-12,Marketplace,Northeast,Completed
O006674,C01181,2025-08-26,Marketplace,South,Completed
O006675,C00555,2024-04-24,Mobile App,Northeast,Completed
O006676,C00096,2023-03-09,Retail Store,West,Completed
O006677,C00937,2023-04-03,Mobile App,West,Completed
O006678,C01038,2024-06-03,Mobile App,Midwest,Completed
O006679,C01108,2024-08-23,Marketplace,South,Completed
O006680,C00438,2025-08-22,Online,West,Completed
O006681,C01338,2024-02-28,Retail Store,Northeast,Returned
O006682,C01085,2023-11-05,Mobile App,South,Returned
O006683,C00954,2023-10-30,Marketplace,South,Completed
O006684,C00815,2025-12-09,Mobile App,Northeast,Completed
O006685,C00840,2025-03-28,Online,Midwest,Completed
O006686,C00215,2023-12-13,Marketplace,West,Completed
O006687,C00957,2024-09-28,Mobile App,South,Completed
O006688,C00271,2025-08-18,Online,Northeast,Completed
O006689,C00790,2025-02-19,Online,Northeast,Completed
O006690,C00305,2023-05-30,Marketplace,Northeast,Completed
O006691,C00602,2025-01-21,Online,Midwest,Completed
O006692,C01003,2024-06-27,Marketplace,South,Completed
O006693,C00068,2025-04-28,Retail Store,West,Completed
O006694,C00924,2023-12-11,Mobile App,South,Completed
O006695,C00814,2024-07-03,Online,Midwest,Completed
O006696,C00175,2025-01-01,Online,Northeast,Completed
O006697,C00361,2025-03-15,Mobile App,South,Completed
O006698,C00158,2023-05-26,Marketplace,Northeast,Completed
O006699,C01396,2024-12-12,Marketplace,South,Returned
O006700,C01223,2023-06-08,Retail Store,West,Completed
O006701,C00714,2023-09-25,Mobile App,South,Completed
O006702,C00980,2025-06-26,Marketplace,Midwest,Completed
O006703,C00328,2025-09-19,Retail Store,South,Returned
O006704,C00893,2025-12-02,Marketplace,South,Completed
O006705,C00098,2024-04-26,Mobile App,Midwest,Completed
O006706,C00804,2025-08-24,Online,South,Completed
O006707,C00850,2024-01-09,Marketplace,West,Completed
O006708,C01206,2023-02-15,Retail Store,West,Completed
O006709,C00382,2023-02-21,Mobile App,Northeast,Completed
O006710,C01350,2024-02-18,Online,West,Completed
O006711,C00481,2023-11-15,Mobile App,Northeast,Completed
O006712,C00443,2023-10-18,Marketplace,Northeast,Completed
O006713,C01186,2025-10-18,Mobile App,South,Completed
O006714,C01169,2025-10-27,Retail Store,Midwest,Completed
O006715,C01251,2025-05-03,Mobile App,South,Completed
O006716,C00290,2025-03-20,Retail Store,South,Completed
O006717,C01264,2025-11-20,Retail Store,Northeast,Completed
O006718,C01362,2025-05-02,Online,Northeast,Completed
O006719,C00539,2023-03-05,Online,Northeast,Completed
O006720,C00301,2023-12-29,Retail Store,West,Completed
O006721,C00992,2023-09-18,Retail Store,South,Completed
O006722,C00275,2025-09-27,Marketplace,South,Completed
O006723,C00714,2023-07-28,Mobile App,Midwest,Completed
O006724,C01267,2023-07-17,Mobile App,West,Completed
O006725,C00741,2025-06-25,Online,Midwest,Completed
O006726,C00009,2023-05-21,Marketplace,West,Returned
O006727,C00461,2024-10-27,Mobile App,Northeast,Completed
O006728,C00951,2023-01-10,Retail Store,Midwest,Completed
O006729,C00625,2025-04-11,Marketplace,West,Completed
O006730,C00276,2023-06-25,Online,South,Completed
O006731,C01101,2023-09-01,Retail Store,Northeast,Completed
O006732,C00842,2025-01-17,Mobile App,Northeast,Completed
O006733,C00130,2025-11-07,Marketplace,Midwest,Completed
O006734,C00728,2025-05-11,Online,Midwest,Completed
O006735,C00832,2025-04-24,Online,West,Completed
O006736,C00628,2025-02-13,Retail Store,Midwest,Completed
O006737,C01366,2024-04-25,Online,West,Completed
O006738,C00608,2024-05-30,Online,South,Completed
O006739,C01019,2024-02-09,Marketplace,Northeast,Completed
O006740,C00371,2024-07-13,Mobile App,South,Completed
O006741,C01468,2023-09-26,Marketplace,Northeast,Completed
O006742,C00528,2023-02-27,Marketplace,South,Completed
O006743,C01356,2023-07-26,Mobile App,Northeast,Completed
O006744,C00031,2024-04-29,Mobile App,Midwest,Completed
O006745,C00644,2023-02-19,Mobile App,Midwest,Completed
O006746,C01332,2024-03-21,Marketplace,Midwest,Cancelled
O006747,C00135,2024-08-26,Marketplace,South,Completed
O006748,C00472,2023-05-13,Mobile App,West,Completed
O006749,C00534,2023-06-24,Mobile App,Midwest,Completed
O006750,C00663,2025-11-02,Retail Store,South,Completed
O006751,C00067,2023-10-16,Marketplace,South,Completed
O006752,C01129,2024-06-05,Online,Midwest,Completed
O006753,C00944,2024-09-13,Online,Midwest,Completed
O006754,C00875,2023-07-24,Mobile App,Northeast,Completed
O006755,C00620,2024-02-05,Retail Store,Northeast,Completed
O006756,C00445,2023-07-24,Marketplace,South,Completed
O006757,C00791,2025-08-12,Online,Midwest,Completed
O006758,C00559,2023-01-23,Mobile App,Midwest,Completed
O006759,C00784,2025-09-18,Marketplace,South,Completed
O006760,C00856,2025-09-17,Retail Store,Northeast,Completed
O006761,C00929,2023-12-23,Retail Store,Northeast,Completed
O006762,C00288,2025-03-05,Marketplace,West,Completed
O006763,C00183,2023-04-18,Marketplace,Midwest,Completed
O006764,C00909,2023-08-05,Marketplace,West,Completed
O006765,C01007,2025-02-27,Retail Store,Midwest,Completed
O006766,C00706,2023-10-22,Mobile App,Midwest,Completed
O006767,C00003,2024-11-16,Retail Store,Midwest,Completed
O006768,C01446,2023-08-18,Mobile App,Midwest,Completed
O006769,C00465,2024-07-10,Marketplace,Northeast,Completed
O006770,C00708,2024-11-19,Marketplace,Midwest,Completed
O006771,C00183,2023-04-28,Retail Store,Midwest,Returned
O006772,C00804,2023-05-07,Mobile App,Midwest,Completed
O006773,C01324,2024-03-22,Retail Store,Midwest,Completed
O006774,C00238,2024-01-17,Mobile App,South,Completed
O006775,C01049,2025-05-25,Mobile App,West,Completed
O006776,C01098,2024-02-20,Retail Store,Midwest,Completed
O006777,C00839,2025-08-06,Mobile App,West,Completed
O006778,C00291,2025-03-13,Retail Store,South,Completed
O006779,C00999,2024-07-06,Marketplace,South,Completed
O006780,C00199,2025-10-26,Online,West,Completed
O006781,C00435,2025-06-14,Retail Store,Midwest,Completed
O006782,C00757,2024-02-04,Online,Midwest,Completed
O006783,C01243,2024-11-20,Retail Store,South,Completed
O006784,C01442,2023-05-06,Mobile App,West,Completed
O006785,C00915,2024-07-20,Mobile App,Northeast,Completed
O006786,C00175,2024-09-04,Retail Store,South,Completed
O006787,C00146,2024-06-23,Retail Store,South,Completed
O006788,C00948,2023-03-09,Marketplace,West,Returned
O006789,C00536,2025-01-08,Online,West,Returned
O006790,C01372,2025-01-27,Marketplace,South,Completed
O006791,C00755,2023-02-10,Retail Store,South,Completed
O006792,C00928,2024-04-19,Marketplace,Northeast,Completed
O006793,C01367,2024-10-18,Online,Northeast,Completed
O006794,C01273,2024-12-25,Retail Store,Northeast,Completed
O006795,C00836,2024-04-12,Online,Midwest,Completed
O006796,C01023,2023-08-31,Online,Northeast,Completed
O006797,C01204,2023-10-12,Mobile App,Northeast,Completed
O006798,C00009,2024-03-07,Mobile App,Northeast,Completed
O006799,C00623,2023-05-12,Marketplace,Northeast,Completed
O006800,C01264,2025-07-01,Online,South,Cancelled
O006801,C00493,2024-10-21,Marketplace,South,Completed
O006802,C01256,2023-02-27,Marketplace,Midwest,Completed
O006803,C00772,2024-08-22,Retail Store,Midwest,Completed
O006804,C00432,2024-04-19,Mobile App,South,Completed
O006805,C00702,2024-09-21,Online,West,Completed
O006806,C00109,2024-08-18,Mobile App,South,Completed
O006807,C00101,2023-08-29,Marketplace,West,Completed
O006808,C00413,2024-06-22,Retail Store,Northeast,Completed
O006809,C00994,2024-08-18,Marketplace,Northeast,Completed
O006810,C00584,2024-02-03,Mobile App,South,Completed
O006811,C00228,2023-03-28,Mobile App,West,Completed
O006812,C00189,2025-12-24,Marketplace,South,Completed
O006813,C00451,2024-01-21,Online,South,Completed
O006814,C01383,2025-12-03,Online,Northeast,Completed
O006815,C00483,2023-05-05,Mobile App,South,Cancelled
O006816,C01384,2025-09-09,Mobile App,Northeast,Completed
O006817,C01246,2024-12-29,Retail Store,West,Completed
O006818,C01351,2024-09-26,Online,Midwest,Completed
O006819,C00598,2024-01-23,Marketplace,Midwest,Completed
O006820,C00333,2024-05-24,Retail Store,West,Completed
O006821,C01276,2024-04-19,Mobile App,Midwest,Completed
O006822,C00536,2024-12-07,Retail Store,Northeast,Completed
O006823,C01275,2023-02-18,Retail Store,South,Completed
O006824,C01260,2025-02-09,Retail Store,South,Returned
O006825,C00785,2023-07-03,Marketplace,Northeast,Completed
O006826,C00911,2025-11-30,Marketplace,South,Completed
O006827,C01107,2024-03-19,Online,Midwest,Completed
O006828,C01068,2025-03-08,Mobile App,West,Completed
O006829,C00374,2024-12-07,Online,Midwest,Returned
O006830,C00621,2025-01-15,Retail Store,Midwest,Completed
O006831,C00915,2023-10-17,Retail Store,Northeast,Completed
O006832,C00387,2025-08-12,Mobile App,Northeast,Completed
O006833,C00673,2025-07-14,Online,West,Completed
O006834,C01176,2025-12-20,Online,South,Completed
O006835,C01481,2024-07-15,Online,Northeast,Completed
O006836,C00113,2025-11-06,Mobile App,Northeast,Completed
O006837,C01220,2025-07-18,Retail Store,South,Completed
O006838,C00319,2025-01-01,Marketplace,Northeast,Completed
O006839,C01244,2023-04-25,Marketplace,West,Returned
O006840,C01438,2024-03-09,Online,South,Completed
O006841,C00793,2023-07-31,Marketplace,West,Completed
O006842,C00337,2023-12-23,Marketplace,Northeast,Completed
O006843,C00621,2024-03-01,Retail Store,South,Completed
O006844,C00815,2023-12-29,Retail Store,Midwest,Completed
O006845,C01226,2023-12-17,Online,Midwest,Completed
O006846,C00154,2024-09-14,Retail Store,Midwest,Returned
O006847,C00402,2025-06-18,Marketplace,West,Returned
O006848,C00855,2023-12-26,Retail Store,Midwest,Completed
O006849,C01020,2025-05-27,Marketplace,Midwest,Completed
O006850,C00996,2024-10-24,Online,West,Completed
O006851,C00812,2025-01-18,Marketplace,Northeast,Completed
O006852,C00691,2025-04-26,Online,Midwest,Completed
O006853,C00679,2024-10-03,Marketplace,South,Completed
O006854,C00538,2023-12-06,Marketplace,West,Completed
O006855,C01494,2025-01-01,Online,Northeast,Completed
O006856,C00014,2025-03-24,Marketplace,West,Completed
O006857,C00065,2024-01-11,Retail Store,Midwest,Completed
O006858,C00001,2025-08-09,Mobile App,Midwest,Completed
O006859,C00226,2024-11-16,Mobile App,South,Completed
O006860,C01190,2023-01-26,Retail Store,South,Completed
O006861,C00775,2023-10-03,Mobile App,West,Completed
O006862,C00540,2024-08-24,Marketplace,West,Completed
O006863,C01379,2023-07-19,Retail Store,South,Completed
O006864,C00458,2024-05-07,Mobile App,Midwest,Completed
O006865,C00888,2024-08-23,Retail Store,Northeast,Completed
O006866,C00274,2024-11-26,Marketplace,South,Completed
O006867,C01171,2023-09-23,Online,Northeast,Completed
O006868,C00511,2024-09-10,Online,West,Completed
O006869,C00430,2025-05-16,Marketplace,South,Completed
O006870,C00645,2023-07-17,Online,Northeast,Cancelled
O006871,C01301,2024-10-21,Online,West,Completed
O006872,C00058,2024-07-05,Retail Store,Northeast,Completed
O006873,C00537,2025-11-30,Retail Store,South,Completed
O006874,C00034,2023-12-11,Retail Store,Northeast,Completed
O006875,C01053,2024-08-25,Mobile App,Northeast,Returned
O006876,C00556,2025-04-13,Online,Midwest,Completed
O006877,C00674,2023-12-23,Online,Midwest,Completed
O006878,C01242,2024-11-16,Online,Northeast,Completed
O006879,C00005,2025-07-05,Marketplace,West,Completed
O006880,C01397,2025-02-15,Marketplace,Northeast,Completed
O006881,C00748,2023-08-19,Online,South,Completed
O006882,C01231,2024-02-24,Retail Store,West,Completed
O006883,C00993,2025-01-16,Marketplace,South,Completed
O006884,C00852,2023-09-27,Online,South,Completed
O006885,C00891,2024-05-30,Online,Northeast,Completed
O006886,C00255,2025-10-15,Online,West,Completed
O006887,C00056,2023-06-07,Retail Store,South,Completed
O006888,C00685,2025-02-24,Marketplace,Northeast,Completed
O006889,C01152,2024-06-19,Retail Store,South,Completed
O006890,C00977,2024-02-15,Retail Store,South,Completed
O006891,C00498,2024-07-04,Marketplace,Northeast,Completed
O006892,C01150,2023-01-06,Online,Northeast,Completed
O006893,C01477,2023-06-29,Mobile App,Northeast,Completed
O006894,C00427,2024-10-29,Mobile App,South,Completed
O006895,C00026,2023-06-16,Marketplace,West,Completed
O006896,C01031,2023-10-24,Marketplace,West,Completed
O006897,C01263,2024-05-18,Online,West,Completed
O006898,C00354,2024-01-29,Online,South,Returned
O006899,C00626,2024-01-06,Retail Store,Northeast,Completed
O006900,C00230,2024-05-04,Marketplace,Midwest,Completed
O006901,C00524,2023-07-20,Retail Store,West,Completed
O006902,C00290,2023-03-12,Retail Store,Midwest,Completed
O006903,C01047,2023-01-31,Retail Store,South,Completed
O006904,C00090,2023-07-19,Online,West,Completed
O006905,C00489,2024-04-02,Marketplace,Northeast,Completed
O006906,C00460,2024-06-11,Online,Northeast,Completed
O006907,C00681,2025-08-26,Online,South,Completed
O006908,C00477,2024-12-12,Marketplace,Northeast,Completed
O006909,C01287,2023-04-07,Retail Store,Northeast,Completed
O006910,C01133,2025-09-23,Retail Store,West,Completed
O006911,C00790,2023-06-16,Marketplace,Northeast,Completed
O006912,C00217,2023-03-31,Mobile App,South,Completed
O006913,C00583,2025-02-12,Retail Store,West,Completed
O006914,C00239,2023-11-09,Mobile App,South,Completed
O006915,C00492,2023-07-25,Retail Store,Northeast,Completed
O006916,C01209,2024-10-30,Mobile App,Northeast,Completed
O006917,C01042,2025-12-14,Retail Store,Midwest,Completed
O006918,C00289,2024-07-23,Retail Store,West,Completed
O006919,C01003,2023-04-23,Retail Store,Midwest,Completed
O006920,C00918,2023-09-15,Retail Store,Northeast,Completed
O006921,C00787,2023-01-04,Retail Store,Midwest,Completed
O006922,C00862,2024-06-13,Retail Store,Midwest,Completed
O006923,C00328,2024-08-21,Retail Store,Midwest,Completed
O006924,C00611,2025-11-12,Marketplace,West,Completed
O006925,C00513,2024-04-14,Mobile App,Northeast,Completed
O006926,C00157,2024-08-24,Mobile App,South,Completed
O006927,C00697,2025-06-13,Retail Store,West,Completed
O006928,C00991,2025-09-25,Mobile App,West,Cancelled
O006929,C00515,2023-09-07,Mobile App,Midwest,Completed
O006930,C01468,2024-10-11,Mobile App,Northeast,Completed
O006931,C00382,2024-07-17,Retail Store,Northeast,Completed
O006932,C00090,2025-07-21,Marketplace,South,Completed
O006933,C00444,2025-09-16,Marketplace,Midwest,Completed
O006934,C00331,2025-05-29,Mobile App,South,Returned
O006935,C00430,2025-09-29,Mobile App,West,Completed
O006936,C01085,2023-01-02,Mobile App,Midwest,Completed
O006937,C00851,2024-12-30,Mobile App,South,Completed
O006938,C00205,2024-07-29,Online,Midwest,Completed
O006939,C01081,2025-11-05,Online,Northeast,Completed
O006940,C01150,2024-07-07,Online,South,Completed
O006941,C00277,2024-04-26,Online,Midwest,Completed
O006942,C00386,2024-10-15,Retail Store,Midwest,Completed
O006943,C01221,2025-07-18,Marketplace,Northeast,Completed
O006944,C00380,2023-04-14,Retail Store,South,Completed
O006945,C01256,2023-03-07,Online,Northeast,Returned
O006946,C00229,2025-07-30,Marketplace,South,Completed
O006947,C01347,2024-04-10,Marketplace,Northeast,Completed
O006948,C01030,2024-06-05,Mobile App,West,Completed
O006949,C00278,2025-09-22,Online,Northeast,Completed
O006950,C01230,2025-10-12,Online,West,Completed
O006951,C00965,2025-10-27,Mobile App,South,Completed
O006952,C00077,2025-01-07,Marketplace,South,Completed
O006953,C00294,2023-06-07,Mobile App,Midwest,Completed
O006954,C00219,2025-11-03,Marketplace,Midwest,Completed
O006955,C01096,2023-04-26,Online,Northeast,Completed
O006956,C00956,2023-02-12,Marketplace,South,Completed
O006957,C00200,2023-09-16,Marketplace,South,Completed
O006958,C00051,2025-01-23,Online,Northeast,Completed
O006959,C00640,2024-12-15,Mobile App,West,Returned
O006960,C01124,2025-08-30,Retail Store,South,Completed
O006961,C00750,2023-07-06,Online,Midwest,Completed
O006962,C00220,2023-04-08,Mobile App,South,Completed
O006963,C00834,2023-11-22,Mobile App,South,Completed
O006964,C00232,2023-10-02,Online,Midwest,Completed
O006965,C01475,2023-03-06,Online,South,Completed
O006966,C00744,2025-06-21,Online,Northeast,Completed
O006967,C01386,2024-08-26,Retail Store,South,Cancelled
O006968,C00577,2023-11-24,Marketplace,Midwest,Completed
O006969,C00771,2024-07-24,Mobile App,West,Completed
O006970,C00759,2023-07-08,Retail Store,Midwest,Returned
O006971,C00789,2023-04-20,Retail Store,South,Cancelled
O006972,C00418,2024-07-31,Marketplace,South,Cancelled
O006973,C00926,2025-06-13,Marketplace,West,Completed
O006974,C00799,2025-04-18,Online,West,Completed
O006975,C00729,2023-01-25,Retail Store,Midwest,Completed
O006976,C01418,2024-08-25,Online,South,Completed
O006977,C00751,2024-06-17,Retail Store,South,Completed
O006978,C00470,2025-02-07,Marketplace,Midwest,Returned
O006979,C00595,2023-03-23,Marketplace,South,Completed
O006980,C00096,2023-08-11,Online,West,Completed
O006981,C00380,2024-04-25,Online,Midwest,Completed
O006982,C00376,2024-10-13,Retail Store,Midwest,Completed
O006983,C01310,2024-06-18,Marketplace,South,Completed
O006984,C01123,2025-12-10,Online,West,Completed
O006985,C00722,2024-11-24,Mobile App,Midwest,Completed
O006986,C01256,2025-07-07,Marketplace,Midwest,Completed
O006987,C00273,2025-09-16,Retail Store,Midwest,Returned
O006988,C00437,2023-04-29,Marketplace,Midwest,Completed
O006989,C01055,2024-10-30,Retail Store,West,Completed
O006990,C00127,2025-12-17,Marketplace,Midwest,Completed
O006991,C00372,2025-06-01,Retail Store,West,Completed
O006992,C01086,2023-08-08,Online,Midwest,Completed
O006993,C00765,2025-06-18,Online,Midwest,Returned
O006994,C00581,2024-03-31,Marketplace,South,Completed
O006995,C00689,2023-11-13,Mobile App,West,Completed
O006996,C01483,2023-02-11,Mobile App,Northeast,Completed
O006997,C00391,2025-01-23,Retail Store,West,Completed
O006998,C00114,2024-12-19,Retail Store,West,Completed
O006999,C00157,2024-05-18,Mobile App,West,Completed
O007000,C00835,2024-08-13,Retail Store,Midwest,Completed
O007001,C01455,2025-09-14,Retail Store,South,Completed
O007002,C01087,2025-10-06,Online,Midwest,Completed
O007003,C01453,2024-03-30,Retail Store,South,Completed
O007004,C00509,2024-01-24,Marketplace,Northeast,Completed
O007005,C00940,2024-06-25,Online,West,Completed
O007006,C00443,2024-04-24,Online,West,Completed
O007007,C00707,2023-10-21,Mobile App,West,Completed
O007008,C00089,2023-04-07,Online,Northeast,Completed
O007009,C00599,2025-06-25,Online,West,Completed
O007010,C00271,2023-05-10,Retail Store,South,Completed
O007011,C00147,2025-03-26,Online,West,Completed
O007012,C00930,2024-11-24,Online,South,Completed
O007013,C00307,2023-07-25,Mobile App,Northeast,Completed
O007014,C01258,2025-03-21,Online,South,Completed
O007015,C00157,2023-03-15,Online,Northeast,Completed
O007016,C00011,2024-07-04,Marketplace,Northeast,Completed
O007017,C00133,2025-11-27,Online,West,Completed
O007018,C00168,2024-09-16,Marketplace,Northeast,Completed
O007019,C00744,2023-11-03,Online,South,Completed
O007020,C01039,2023-10-04,Marketplace,Midwest,Completed
O007021,C00993,2023-08-11,Online,Northeast,Completed
O007022,C00618,2024-10-31,Marketplace,Midwest,Completed
O007023,C00321,2023-11-18,Online,Midwest,Completed
O007024,C00540,2023-10-18,Online,Midwest,Completed
O007025,C00005,2024-12-08,Mobile App,Midwest,Returned
O007026,C00441,2023-10-11,Mobile App,West,Completed
O007027,C01289,2023-08-25,Retail Store,West,Completed
O007028,C00315,2023-09-13,Online,South,Completed
O007029,C00030,2024-02-27,Mobile App,South,Completed
O007030,C01500,2025-07-09,Marketplace,West,Completed
O007031,C01046,2023-12-09,Marketplace,South,Completed
O007032,C00090,2024-02-04,Retail Store,Northeast,Completed
O007033,C00802,2025-03-02,Marketplace,West,Completed
O007034,C01296,2025-02-13,Mobile App,Northeast,Completed
O007035,C01250,2025-06-08,Online,Midwest,Completed
O007036,C00252,2024-06-10,Marketplace,West,Cancelled
O007037,C00657,2024-11-02,Retail Store,Midwest,Returned
O007038,C00946,2024-12-05,Online,West,Completed
O007039,C00706,2025-07-11,Mobile App,Northeast,Completed
O007040,C01068,2024-03-09,Marketplace,South,Completed
O007041,C00774,2023-12-22,Marketplace,West,Completed
O007042,C00263,2025-12-30,Marketplace,Midwest,Completed
O007043,C01411,2024-08-16,Retail Store,West,Completed
O007044,C01495,2023-05-01,Online,South,Completed
O007045,C00479,2023-07-25,Marketplace,Midwest,Completed
O007046,C00413,2024-08-24,Mobile App,Midwest,Completed
O007047,C00682,2024-05-24,Mobile App,Midwest,Completed
O007048,C00272,2025-11-20,Marketplace,South,Completed
O007049,C01239,2025-01-24,Mobile App,Midwest,Cancelled
O007050,C00232,2024-03-28,Mobile App,Northeast,Completed
O007051,C01253,2025-03-23,Online,Northeast,Completed
O007052,C00204,2025-09-13,Retail Store,Northeast,Completed
O007053,C01083,2023-06-11,Online,Midwest,Completed
O007054,C00725,2024-03-09,Mobile App,Northeast,Completed
O007055,C00734,2023-05-31,Marketplace,Northeast,Returned
O007056,C01182,2024-11-22,Online,Northeast,Completed
O007057,C00047,2025-07-07,Retail Store,Midwest,Completed
O007058,C00760,2023-10-08,Online,Northeast,Completed
O007059,C00453,2024-06-26,Online,Midwest,Completed
O007060,C01388,2023-10-11,Marketplace,Northeast,Completed
O007061,C01318,2023-10-27,Marketplace,West,Completed
O007062,C00784,2025-12-13,Mobile App,South,Completed
O007063,C00464,2025-06-30,Online,West,Completed
O007064,C00696,2023-05-06,Mobile App,West,Completed
O007065,C00566,2025-09-01,Online,Northeast,Cancelled
O007066,C01478,2024-01-16,Retail Store,West,Completed
O007067,C01497,2025-02-09,Marketplace,Midwest,Completed
O007068,C01491,2024-02-12,Online,South,Completed
O007069,C00637,2023-10-03,Online,Midwest,Completed
O007070,C00505,2025-08-29,Retail Store,Midwest,Completed
O007071,C00332,2025-11-06,Retail Store,West,Completed
O007072,C00590,2024-01-01,Retail Store,South,Completed
O007073,C00251,2024-07-26,Online,South,Completed
O007074,C00225,2025-03-29,Marketplace,Northeast,Completed
O007075,C00428,2024-07-26,Online,Midwest,Completed
O007076,C00263,2025-02-17,Marketplace,West,Completed
O007077,C01161,2024-03-16,Retail Store,South,Returned
O007078,C01376,2023-01-18,Mobile App,Northeast,Completed
O007079,C01350,2024-02-05,Mobile App,Midwest,Completed
O007080,C00999,2024-02-27,Mobile App,West,Completed
O007081,C00742,2023-11-20,Marketplace,Midwest,Completed
O007082,C00129,2023-07-14,Marketplace,Northeast,Completed
O007083,C01142,2024-02-27,Mobile App,Midwest,Completed
O007084,C00690,2023-12-28,Online,Northeast,Completed
O007085,C01133,2024-09-29,Marketplace,South,Completed
O007086,C00474,2025-07-26,Retail Store,Northeast,Completed
O007087,C01427,2024-03-17,Online,Midwest,Returned
O007088,C00678,2024-07-24,Marketplace,South,Returned
O007089,C00575,2024-03-12,Mobile App,West,Completed
O007090,C00169,2023-09-13,Mobile App,West,Completed
O007091,C01144,2025-05-11,Retail Store,West,Completed
O007092,C00211,2025-09-12,Retail Store,Midwest,Completed
O007093,C01420,2023-10-08,Marketplace,Northeast,Completed
O007094,C00787,2024-12-25,Marketplace,Northeast,Completed
O007095,C00811,2023-09-21,Retail Store,Midwest,Completed
O007096,C00585,2023-06-11,Mobile App,West,Completed
O007097,C00656,2023-06-21,Marketplace,Northeast,Completed
O007098,C00059,2024-10-12,Mobile App,Midwest,Completed
O007099,C00806,2023-07-23,Online,Northeast,Completed
O007100,C00348,2025-04-17,Mobile App,South,Completed
O007101,C00297,2024-10-28,Online,South,Completed
O007102,C01424,2023-07-11,Online,South,Completed
O007103,C00161,2024-05-07,Retail Store,West,Completed
O007104,C00408,2024-07-08,Online,Midwest,Completed
O007105,C01001,2024-11-21,Marketplace,West,Completed
O007106,C00710,2024-08-24,Online,West,Completed
O007107,C00359,2024-05-15,Retail Store,South,Completed
O007108,C00404,2024-05-11,Online,West,Completed
O007109,C00828,2025-08-06,Online,West,Completed
O007110,C00935,2024-11-20,Marketplace,Northeast,Completed
O007111,C00040,2025-03-02,Retail Store,Midwest,Completed
O007112,C01051,2023-04-07,Marketplace,West,Completed
O007113,C00790,2024-03-04,Retail Store,South,Completed
O007114,C00370,2024-06-15,Retail Store,Northeast,Completed
O007115,C01055,2025-06-11,Mobile App,Midwest,Completed
O007116,C00015,2025-03-05,Online,Northeast,Completed
O007117,C01052,2023-11-15,Marketplace,Northeast,Completed
O007118,C01214,2025-12-23,Mobile App,Northeast,Completed
O007119,C00167,2023-10-25,Online,West,Completed
O007120,C01251,2024-03-27,Marketplace,Northeast,Completed
O007121,C00006,2025-04-26,Online,Midwest,Returned
O007122,C00936,2025-08-11,Marketplace,Midwest,Completed
O007123,C01460,2023-03-07,Marketplace,West,Completed
O007124,C00843,2023-09-14,Mobile App,South,Completed
O007125,C01406,2024-11-14,Mobile App,South,Completed
O007126,C00691,2025-04-06,Online,West,Completed
O007127,C00171,2023-06-09,Marketplace,South,Completed
O007128,C00668,2023-08-25,Mobile App,South,Completed
O007129,C00374,2025-09-28,Retail Store,West,Completed
O007130,C01351,2025-10-04,Retail Store,West,Completed
O007131,C00869,2024-10-18,Retail Store,West,Completed
O007132,C00348,2023-08-13,Marketplace,West,Completed
O007133,C00353,2024-02-02,Online,West,Cancelled
O007134,C00249,2024-02-04,Mobile App,Midwest,Completed
O007135,C00824,2024-02-18,Online,Midwest,Completed
O007136,C00668,2025-05-01,Marketplace,West,Completed
O007137,C00624,2025-05-26,Retail Store,Midwest,Completed
O007138,C01260,2025-09-27,Mobile App,South,Completed
O007139,C01045,2024-11-06,Marketplace,Midwest,Completed
O007140,C00119,2023-03-23,Mobile App,Midwest,Completed
O007141,C01363,2024-03-01,Marketplace,Midwest,Completed
O007142,C01420,2025-05-01,Marketplace,Midwest,Returned
O007143,C00546,2024-03-24,Retail Store,West,Completed
O007144,C00178,2024-04-12,Mobile App,Midwest,Completed
O007145,C00540,2025-11-28,Online,South,Completed
O007146,C00864,2023-10-05,Marketplace,West,Completed
O007147,C01022,2023-03-29,Online,West,Completed
O007148,C00770,2024-04-22,Marketplace,South,Completed
O007149,C00195,2024-06-08,Online,Midwest,Completed
O007150,C01199,2024-05-30,Marketplace,South,Completed
O007151,C01444,2023-08-18,Online,South,Completed
O007152,C01275,2024-07-17,Mobile App,Northeast,Completed
O007153,C01402,2024-01-11,Online,West,Completed
O007154,C00433,2023-10-04,Online,Northeast,Completed
O007155,C00893,2025-03-19,Retail Store,Midwest,Returned
O007156,C01467,2025-08-30,Marketplace,West,Completed
O007157,C01026,2024-09-15,Marketplace,Midwest,Completed
O007158,C00175,2025-08-10,Online,West,Completed
O007159,C00854,2025-07-27,Online,Midwest,Completed
O007160,C00462,2025-02-08,Retail Store,South,Completed
O007161,C01011,2024-02-23,Marketplace,South,Completed
O007162,C00300,2025-12-11,Online,Midwest,Returned
O007163,C01314,2024-11-08,Mobile App,Northeast,Completed
O007164,C00193,2023-10-14,Online,Midwest,Completed
O007165,C00766,2025-06-26,Online,West,Completed
O007166,C01153,2024-11-21,Retail Store,South,Completed
O007167,C01459,2023-04-19,Marketplace,South,Completed
O007168,C01296,2023-03-04,Mobile App,Midwest,Completed
O007169,C00650,2023-04-21,Mobile App,Midwest,Completed
O007170,C00144,2025-06-28,Mobile App,West,Completed
O007171,C00772,2025-04-22,Mobile App,West,Completed
O007172,C00615,2024-02-06,Retail Store,Midwest,Completed
O007173,C00247,2024-07-28,Retail Store,South,Returned
O007174,C01401,2025-11-14,Retail Store,South,Completed
O007175,C00136,2025-01-12,Mobile App,South,Returned
O007176,C01182,2023-03-07,Online,Midwest,Cancelled
O007177,C00573,2023-03-02,Online,South,Completed
O007178,C01468,2024-03-16,Retail Store,West,Completed
O007179,C00446,2025-10-02,Online,South,Completed
O007180,C00129,2023-11-02,Retail Store,Midwest,Completed
O007181,C00806,2025-11-15,Mobile App,West,Completed
O007182,C01491,2025-08-18,Mobile App,Midwest,Completed
O007183,C00072,2023-12-30,Online,Northeast,Completed
O007184,C00166,2024-07-01,Retail Store,South,Returned
O007185,C01500,2024-11-21,Marketplace,Northeast,Completed
O007186,C00295,2023-06-14,Retail Store,South,Completed
O007187,C00165,2024-07-16,Marketplace,West,Cancelled
O007188,C01250,2024-10-15,Marketplace,Northeast,Completed
O007189,C00992,2024-07-19,Online,Midwest,Completed
O007190,C01040,2025-12-24,Marketplace,West,Completed
O007191,C01048,2024-03-14,Retail Store,West,Completed
O007192,C00252,2023-07-17,Mobile App,West,Completed
O007193,C01009,2024-02-04,Marketplace,Northeast,Completed
O007194,C00003,2025-09-29,Mobile App,Northeast,Completed
O007195,C00567,2025-05-18,Retail Store,South,Completed
O007196,C00001,2024-08-17,Online,South,Completed
O007197,C00861,2025-10-22,Retail Store,Northeast,Returned
O007198,C01349,2024-09-21,Marketplace,Northeast,Completed
O007199,C01428,2024-09-14,Retail Store,West,Completed
O007200,C00430,2024-01-01,Mobile App,Northeast,Completed
O007201,C00053,2025-04-04,Mobile App,West,Completed
O007202,C00588,2025-10-02,Retail Store,Midwest,Completed
O007203,C00440,2025-03-02,Online,Midwest,Completed
O007204,C00421,2025-05-07,Online,Midwest,Completed
O007205,C00355,2023-09-22,Retail Store,South,Completed
O007206,C00283,2024-06-13,Mobile App,Northeast,Completed
O007207,C01497,2024-05-03,Online,Midwest,Completed
O007208,C01325,2024-10-07,Marketplace,Midwest,Completed
O007209,C00865,2023-11-05,Mobile App,West,Completed
O007210,C00878,2025-10-03,Online,West,Completed
O007211,C00986,2025-10-25,Online,Northeast,Completed
O007212,C00559,2025-12-12,Online,West,Completed
O007213,C01255,2024-05-05,Marketplace,West,Completed
O007214,C00504,2024-04-03,Mobile App,South,Completed
O007215,C01130,2025-05-29,Marketplace,South,Completed
O007216,C01051,2023-11-03,Online,Midwest,Completed
O007217,C00776,2025-06-07,Retail Store,Northeast,Completed
O007218,C01006,2024-11-12,Mobile App,Northeast,Cancelled
O007219,C00273,2024-04-21,Online,Midwest,Completed
O007220,C01223,2025-02-10,Marketplace,Midwest,Returned
O007221,C01218,2024-08-15,Retail Store,South,Completed
O007222,C01358,2023-11-12,Marketplace,West,Completed
O007223,C00828,2023-04-26,Marketplace,West,Cancelled
O007224,C01374,2025-04-26,Mobile App,West,Completed
O007225,C01247,2025-12-27,Online,Northeast,Completed
O007226,C01027,2024-06-26,Mobile App,West,Completed
O007227,C00088,2025-09-22,Marketplace,Midwest,Completed
O007228,C00114,2025-03-05,Mobile App,Northeast,Completed
O007229,C00385,2025-08-25,Marketplace,West,Completed
O007230,C01258,2024-07-14,Marketplace,Northeast,Completed
O007231,C00044,2023-10-17,Marketplace,Midwest,Completed
O007232,C00542,2025-08-25,Marketplace,South,Completed
O007233,C00302,2024-12-14,Marketplace,West,Completed
O007234,C00953,2023-03-12,Mobile App,Northeast,Completed
O007235,C01041,2024-09-04,Retail Store,South,Completed
O007236,C01186,2023-01-17,Marketplace,Northeast,Completed
O007237,C01321,2023-11-26,Retail Store,Midwest,Returned
O007238,C01263,2023-05-13,Online,Midwest,Completed
O007239,C01477,2024-04-02,Marketplace,Midwest,Completed
O007240,C00481,2024-08-10,Marketplace,Midwest,Completed
O007241,C01466,2025-03-13,Online,Northeast,Completed
O007242,C00292,2025-06-29,Mobile App,West,Completed
O007243,C01496,2024-09-21,Online,West,Completed
O007244,C00070,2024-05-10,Online,South,Completed
O007245,C00123,2025-07-31,Marketplace,Midwest,Completed
O007246,C01421,2025-08-21,Mobile App,West,Completed
O007247,C00517,2024-10-15,Retail Store,Northeast,Completed
O007248,C00891,2023-01-21,Online,Northeast,Returned
O007249,C00701,2023-03-18,Online,West,Completed
O007250,C00750,2023-06-15,Retail Store,Midwest,Completed
O007251,C00530,2023-11-18,Retail Store,South,Returned
O007252,C00435,2024-11-24,Mobile App,South,Completed
O007253,C00172,2024-09-25,Mobile App,Midwest,Completed
O007254,C00916,2025-02-04,Marketplace,Northeast,Completed
O007255,C01130,2023-04-17,Online,South,Completed
O007256,C00028,2023-03-27,Retail Store,West,Completed
O007257,C01451,2025-06-10,Online,Midwest,Completed
O007258,C00230,2024-03-03,Online,West,Completed
O007259,C00085,2025-09-19,Online,Midwest,Cancelled
O007260,C01087,2025-02-08,Mobile App,South,Completed
O007261,C00277,2025-06-21,Mobile App,West,Completed
O007262,C00739,2024-08-10,Mobile App,Northeast,Completed
O007263,C01147,2025-02-24,Mobile App,Northeast,Completed
O007264,C00110,2023-11-03,Retail Store,West,Completed
O007265,C00668,2025-12-17,Retail Store,West,Completed
O007266,C00032,2024-07-10,Mobile App,Midwest,Returned
O007267,C00631,2025-05-26,Marketplace,Midwest,Returned
O007268,C00520,2023-04-16,Marketplace,Midwest,Completed
O007269,C00780,2024-11-19,Mobile App,West,Completed
O007270,C00804,2023-04-07,Online,Midwest,Cancelled
O007271,C00222,2024-07-11,Retail Store,West,Completed
O007272,C00108,2024-03-28,Marketplace,Midwest,Completed
O007273,C00114,2025-02-09,Retail Store,West,Completed
O007274,C01319,2025-11-13,Retail Store,Midwest,Completed
O007275,C00976,2025-09-19,Mobile App,South,Returned
O007276,C00546,2024-09-23,Mobile App,West,Completed
O007277,C00667,2023-03-27,Mobile App,South,Completed
O007278,C01214,2025-03-04,Online,Northeast,Completed
O007279,C00146,2024-07-11,Retail Store,West,Completed
O007280,C00166,2024-04-11,Online,South,Completed
O007281,C01328,2023-09-25,Marketplace,West,Completed
O007282,C00394,2025-09-20,Online,West,Returned
O007283,C01254,2024-05-25,Mobile App,Northeast,Completed
O007284,C01006,2023-11-29,Online,South,Completed
O007285,C01055,2024-02-06,Marketplace,South,Completed
O007286,C00656,2025-01-16,Marketplace,West,Returned
O007287,C01089,2025-03-15,Online,West,Returned
O007288,C00102,2023-03-25,Retail Store,Northeast,Completed
O007289,C01116,2024-12-17,Online,South,Completed
O007290,C00644,2023-04-19,Retail Store,Northeast,Completed
O007291,C01107,2024-11-13,Online,West,Completed
O007292,C01272,2025-09-11,Retail Store,West,Completed
O007293,C01087,2023-08-07,Online,Midwest,Completed
O007294,C00556,2023-08-22,Marketplace,Midwest,Completed
O007295,C00227,2024-11-29,Marketplace,Midwest,Completed
O007296,C00850,2025-04-12,Mobile App,Midwest,Completed
O007297,C00643,2025-01-11,Retail Store,Midwest,Completed
O007298,C01020,2025-03-28,Marketplace,South,Completed
O007299,C00346,2024-12-22,Mobile App,Northeast,Returned
O007300,C01150,2023-09-29,Online,South,Completed
O007301,C00552,2025-02-19,Retail Store,West,Completed
O007302,C00640,2025-03-13,Marketplace,Northeast,Completed
O007303,C00447,2024-04-23,Retail Store,West,Completed
O007304,C00412,2025-02-05,Online,South,Completed
O007305,C01388,2024-02-13,Mobile App,Northeast,Completed
O007306,C00010,2023-08-12,Mobile App,West,Completed
O007307,C00629,2024-01-20,Marketplace,Midwest,Completed
O007308,C00350,2024-01-28,Mobile App,West,Completed
O007309,C00779,2023-08-14,Online,West,Cancelled
O007310,C00349,2025-04-14,Retail Store,South,Completed
O007311,C01355,2025-12-06,Mobile App,Midwest,Completed
O007312,C00624,2024-10-05,Online,West,Completed
O007313,C00925,2024-07-14,Mobile App,Northeast,Completed
O007314,C00998,2025-05-09,Retail Store,Northeast,Completed
O007315,C00256,2023-04-24,Mobile App,West,Completed
O007316,C00177,2024-11-04,Online,Northeast,Completed
O007317,C01199,2024-10-03,Mobile App,Northeast,Completed
O007318,C00486,2023-09-22,Retail Store,West,Completed
O007319,C01374,2025-05-22,Marketplace,Northeast,Completed
O007320,C00627,2023-08-29,Retail Store,Midwest,Completed
O007321,C00042,2024-12-16,Online,South,Completed
O007322,C00892,2023-07-15,Online,Midwest,Returned
O007323,C00971,2023-06-06,Mobile App,Midwest,Completed
O007324,C00015,2025-11-26,Online,Midwest,Completed
O007325,C00032,2025-10-03,Online,Northeast,Completed
O007326,C01346,2025-09-13,Retail Store,Northeast,Completed
O007327,C00573,2025-01-04,Retail Store,Northeast,Completed
O007328,C00786,2025-09-23,Online,South,Completed
O007329,C01488,2025-03-18,Online,West,Completed
O007330,C00495,2025-12-31,Online,Midwest,Completed
O007331,C00960,2025-12-20,Mobile App,South,Completed
O007332,C00934,2023-02-17,Online,Northeast,Completed
O007333,C00514,2025-02-27,Retail Store,Midwest,Completed
O007334,C00536,2025-02-12,Retail Store,Northeast,Completed
O007335,C01052,2023-04-08,Marketplace,Northeast,Completed
O007336,C01307,2023-12-30,Marketplace,West,Cancelled
O007337,C00341,2025-07-24,Mobile App,South,Completed
O007338,C00122,2025-05-23,Retail Store,Midwest,Completed
O007339,C00680,2025-03-01,Online,Northeast,Completed
O007340,C00289,2024-03-07,Mobile App,Midwest,Completed
O007341,C01208,2025-01-19,Mobile App,Midwest,Completed
O007342,C00626,2025-08-16,Retail Store,South,Completed
O007343,C00298,2025-06-08,Marketplace,Midwest,Completed
O007344,C00321,2023-02-22,Marketplace,West,Completed
O007345,C00530,2024-10-05,Mobile App,Northeast,Completed
O007346,C00142,2024-08-18,Online,Northeast,Completed
O007347,C01469,2025-05-09,Online,Midwest,Cancelled
O007348,C00591,2023-11-17,Mobile App,Midwest,Completed
O007349,C00343,2023-09-18,Mobile App,South,Completed
O007350,C01102,2025-08-05,Retail Store,South,Completed
O007351,C00668,2023-12-09,Online,South,Completed
O007352,C00361,2025-09-22,Retail Store,Midwest,Completed
O007353,C00645,2025-03-26,Online,Midwest,Completed
O007354,C00893,2025-11-16,Mobile App,Midwest,Completed
O007355,C00711,2025-04-15,Marketplace,West,Completed
O007356,C00262,2023-06-10,Online,South,Completed
O007357,C00730,2025-11-22,Mobile App,West,Completed
O007358,C00151,2024-06-20,Retail Store,South,Completed
O007359,C01385,2024-11-18,Retail Store,Midwest,Completed
O007360,C01267,2025-11-03,Marketplace,South,Cancelled
O007361,C00309,2023-09-18,Retail Store,Midwest,Completed
O007362,C01412,2024-01-29,Mobile App,Midwest,Completed
O007363,C00130,2023-05-12,Marketplace,Midwest,Cancelled
O007364,C00044,2025-02-16,Marketplace,West,Completed
O007365,C00964,2023-11-07,Online,Midwest,Completed
O007366,C00216,2024-10-19,Online,West,Completed
O007367,C00437,2023-06-07,Online,Northeast,Completed
O007368,C01193,2023-10-14,Retail Store,South,Completed
O007369,C01222,2023-07-17,Mobile App,West,Completed
O007370,C00203,2024-12-28,Retail Store,Midwest,Returned
O007371,C01286,2025-04-18,Mobile App,South,Cancelled
O007372,C00605,2023-09-19,Retail Store,Northeast,Returned
O007373,C01324,2023-08-06,Online,Midwest,Completed
O007374,C01114,2025-03-15,Marketplace,West,Completed
O007375,C01391,2023-03-08,Online,Northeast,Completed
O007376,C00366,2023-07-25,Marketplace,South,Completed
O007377,C00390,2023-12-25,Retail Store,West,Completed
O007378,C00394,2023-03-25,Marketplace,South,Completed
O007379,C00072,2024-01-21,Retail Store,Northeast,Completed
O007380,C00411,2024-05-21,Online,South,Completed
O007381,C01146,2023-10-09,Marketplace,West,Completed
O007382,C00374,2025-02-19,Mobile App,Northeast,Completed
O007383,C01275,2024-04-21,Marketplace,Northeast,Cancelled
O007384,C00987,2025-02-03,Marketplace,Northeast,Completed
O007385,C01368,2025-03-13,Online,South,Cancelled
O007386,C01151,2023-09-10,Marketplace,Midwest,Completed
O007387,C01226,2024-04-25,Online,Northeast,Completed
O007388,C01013,2024-11-20,Retail Store,Northeast,Completed
O007389,C00432,2024-03-21,Retail Store,West,Completed
O007390,C00268,2025-08-27,Marketplace,Northeast,Completed
O007391,C01105,2025-06-05,Retail Store,Midwest,Completed
O007392,C00122,2023-11-27,Marketplace,Northeast,Completed
O007393,C01436,2023-06-22,Retail Store,Midwest,Completed
O007394,C01402,2025-04-04,Retail Store,Midwest,Completed
O007395,C00899,2024-11-27,Marketplace,Midwest,Returned
O007396,C00945,2023-04-23,Retail Store,South,Completed
O007397,C01249,2024-11-08,Marketplace,West,Cancelled
O007398,C00418,2025-12-03,Retail Store,Midwest,Completed
O007399,C00683,2024-06-20,Mobile App,Midwest,Completed
O007400,C00869,2025-06-06,Mobile App,Northeast,Completed
O007401,C01130,2025-11-14,Online,Northeast,Completed
O007402,C00255,2023-08-25,Retail Store,Midwest,Completed
O007403,C01144,2025-01-03,Retail Store,Northeast,Completed
O007404,C01289,2024-06-29,Retail Store,West,Cancelled
O007405,C00850,2025-04-02,Retail Store,South,Completed
O007406,C00927,2025-04-23,Mobile App,Midwest,Completed
O007407,C00585,2024-03-24,Retail Store,South,Returned
O007408,C00593,2025-03-25,Mobile App,Northeast,Completed
O007409,C00580,2023-06-21,Retail Store,West,Completed
O007410,C01282,2025-03-30,Mobile App,Midwest,Completed
O007411,C00040,2025-06-04,Online,South,Completed
O007412,C00629,2023-12-05,Marketplace,South,Returned
O007413,C01240,2023-11-23,Marketplace,Northeast,Completed
O007414,C01244,2025-08-16,Marketplace,Northeast,Completed
O007415,C01276,2023-07-27,Online,Midwest,Completed
O007416,C00901,2024-04-27,Online,Northeast,Completed
O007417,C01022,2024-02-22,Marketplace,South,Completed
O007418,C00981,2024-04-27,Retail Store,West,Completed
O007419,C00957,2025-01-23,Online,South,Completed
O007420,C00472,2023-08-24,Mobile App,Midwest,Completed
O007421,C00784,2024-01-17,Marketplace,Midwest,Completed
O007422,C00484,2023-05-18,Online,South,Completed
O007423,C01250,2025-04-29,Retail Store,South,Completed
O007424,C00289,2024-09-08,Marketplace,South,Completed
O007425,C00435,2025-01-23,Online,Midwest,Completed
O007426,C01315,2023-03-02,Retail Store,South,Completed
O007427,C00781,2023-06-05,Retail Store,Midwest,Completed
O007428,C01017,2025-02-15,Online,West,Completed
O007429,C00171,2024-02-05,Retail Store,Midwest,Completed
O007430,C00286,2023-10-05,Retail Store,South,Completed
O007431,C01486,2025-11-13,Mobile App,Midwest,Completed
O007432,C01221,2024-03-09,Marketplace,Midwest,Completed
O007433,C01314,2024-10-07,Mobile App,South,Completed
O007434,C01400,2025-10-13,Marketplace,Northeast,Returned
O007435,C00295,2024-08-13,Mobile App,Northeast,Returned
O007436,C00576,2023-06-06,Online,Midwest,Completed
O007437,C00018,2025-07-31,Marketplace,South,Completed
O007438,C00291,2025-03-29,Marketplace,South,Returned
O007439,C00518,2024-07-05,Online,Northeast,Completed
O007440,C01240,2023-09-14,Marketplace,West,Returned
O007441,C00952,2024-09-01,Mobile App,South,Completed
O007442,C01402,2025-04-11,Retail Store,Midwest,Completed
O007443,C01044,2025-09-23,Marketplace,West,Completed
O007444,C00982,2024-09-18,Mobile App,West,Completed
O007445,C00183,2024-02-03,Mobile App,Northeast,Completed
O007446,C00927,2023-10-04,Online,Northeast,Returned
O007447,C01235,2025-09-18,Marketplace,Northeast,Completed
O007448,C00632,2024-12-21,Marketplace,Northeast,Returned
O007449,C00428,2025-05-01,Retail Store,Northeast,Completed
O007450,C00060,2023-11-04,Marketplace,West,Completed
O007451,C01160,2023-11-19,Retail Store,West,Completed
O007452,C01159,2023-06-23,Marketplace,Northeast,Completed
O007453,C01272,2025-01-24,Mobile App,South,Completed
O007454,C01121,2025-07-14,Retail Store,Northeast,Completed
O007455,C00113,2023-01-31,Mobile App,South,Completed
O007456,C00161,2025-09-15,Mobile App,Northeast,Completed
O007457,C01082,2023-10-12,Retail Store,South,Completed
O007458,C01214,2023-07-19,Mobile App,South,Completed
O007459,C00404,2023-11-09,Online,South,Completed
O007460,C00460,2023-11-04,Retail Store,South,Completed
O007461,C00962,2024-05-08,Mobile App,West,Completed
O007462,C01130,2023-11-19,Marketplace,West,Completed
O007463,C00504,2025-12-28,Marketplace,South,Completed
O007464,C01215,2024-01-09,Marketplace,South,Completed
O007465,C00214,2025-04-15,Retail Store,Midwest,Completed
O007466,C00694,2025-11-08,Marketplace,West,Completed
O007467,C00048,2025-04-05,Marketplace,South,Completed
O007468,C01204,2024-09-03,Marketplace,Northeast,Completed
O007469,C00129,2025-11-18,Mobile App,Northeast,Completed
O007470,C01199,2024-05-01,Online,South,Completed
O007471,C01436,2023-08-26,Marketplace,Northeast,Completed
O007472,C01282,2024-02-04,Retail Store,Northeast,Cancelled
O007473,C00109,2024-07-26,Retail Store,Midwest,Completed
O007474,C00199,2023-12-16,Mobile App,West,Completed
O007475,C01447,2023-01-13,Retail Store,South,Completed
O007476,C00178,2023-08-17,Marketplace,West,Cancelled
O007477,C00560,2025-04-16,Online,South,Completed
O007478,C01341,2024-11-07,Marketplace,Northeast,Completed
O007479,C01004,2023-08-01,Online,South,Completed
O007480,C00157,2025-09-15,Online,Midwest,Completed
O007481,C00849,2023-11-22,Retail Store,South,Completed
O007482,C00738,2024-10-30,Mobile App,South,Completed
O007483,C00645,2025-06-02,Marketplace,South,Cancelled
O007484,C00580,2023-08-31,Retail Store,West,Completed
O007485,C00981,2025-10-21,Online,Midwest,Completed
O007486,C00121,2023-05-01,Mobile App,Northeast,Completed
O007487,C01404,2024-11-24,Online,Midwest,Completed
O007488,C00248,2025-12-12,Online,Northeast,Completed
O007489,C00512,2024-01-27,Retail Store,Midwest,Completed
O007490,C01045,2025-03-24,Online,South,Returned
O007491,C01420,2023-08-21,Mobile App,South,Completed
O007492,C01015,2023-06-17,Marketplace,West,Completed
O007493,C01149,2023-07-14,Mobile App,West,Completed
O007494,C01050,2024-07-16,Marketplace,West,Completed
O007495,C00630,2024-02-12,Marketplace,South,Completed
O007496,C00182,2023-04-04,Online,Midwest,Completed
O007497,C00477,2024-06-07,Online,West,Completed
O007498,C00194,2024-01-14,Mobile App,South,Completed
O007499,C00638,2024-09-02,Online,South,Completed
O007500,C00562,2024-04-24,Retail Store,Northeast,Completed
O007501,C00301,2025-12-26,Retail Store,Midwest,Completed
O007502,C00188,2023-02-02,Marketplace,Northeast,Completed
O007503,C00567,2024-04-08,Retail Store,South,Completed
O007504,C01366,2025-01-15,Online,Northeast,Completed
O007505,C00797,2023-02-23,Marketplace,West,Completed
O007506,C01404,2023-08-06,Marketplace,West,Completed
O007507,C01414,2025-04-27,Mobile App,Midwest,Cancelled
O007508,C00260,2025-12-05,Retail Store,West,Returned
O007509,C01095,2023-05-26,Marketplace,Northeast,Completed
O007510,C00522,2024-04-08,Retail Store,Midwest,Completed
O007511,C00945,2024-09-25,Mobile App,West,Completed
O007512,C01332,2025-04-19,Marketplace,South,Completed
O007513,C00016,2023-06-02,Retail Store,West,Returned
O007514,C01436,2023-08-13,Mobile App,West,Completed
O007515,C00899,2023-02-28,Online,Northeast,Completed
O007516,C00498,2025-12-15,Marketplace,West,Completed
O007517,C00709,2025-01-13,Retail Store,South,Returned
O007518,C00986,2023-04-15,Online,Midwest,Returned
O007519,C00326,2025-07-24,Marketplace,Northeast,Returned
O007520,C00207,2025-02-25,Marketplace,Midwest,Completed
O007521,C00687,2025-07-26,Marketplace,Northeast,Returned
O007522,C00288,2023-06-20,Online,Northeast,Completed
O007523,C01419,2025-12-05,Retail Store,Northeast,Completed
O007524,C01167,2024-01-28,Marketplace,Midwest,Completed
O007525,C00374,2024-01-16,Retail Store,West,Completed
O007526,C00863,2024-12-07,Online,West,Completed
O007527,C00712,2024-05-01,Retail Store,South,Completed
O007528,C01033,2025-05-05,Marketplace,Northeast,Completed
O007529,C00021,2025-11-23,Retail Store,South,Returned
O007530,C01107,2023-11-26,Retail Store,West,Completed
O007531,C00133,2023-09-11,Mobile App,Northeast,Completed
O007532,C01158,2024-03-20,Online,Northeast,Completed
O007533,C00706,2025-09-30,Retail Store,West,Returned
O007534,C00623,2023-02-02,Online,Northeast,Completed
O007535,C00721,2023-01-01,Marketplace,South,Completed
O007536,C01251,2023-04-06,Online,Midwest,Returned
O007537,C00801,2023-01-15,Mobile App,Midwest,Completed
O007538,C01069,2023-08-17,Marketplace,South,Completed
O007539,C00273,2024-01-20,Marketplace,West,Returned
O007540,C01435,2023-06-12,Mobile App,West,Completed
O007541,C00933,2025-08-30,Marketplace,Northeast,Completed
O007542,C01411,2024-09-04,Marketplace,South,Completed
O007543,C01106,2024-07-11,Online,West,Completed
O007544,C00672,2023-10-11,Mobile App,Midwest,Completed
O007545,C00741,2025-08-25,Online,Northeast,Completed
O007546,C00693,2025-08-25,Online,Midwest,Completed
O007547,C01114,2024-08-27,Marketplace,Northeast,Returned
O007548,C00208,2025-01-23,Mobile App,Northeast,Completed
O007549,C00128,2024-02-16,Marketplace,West,Completed
O007550,C00345,2023-06-15,Online,Midwest,Completed
O007551,C01131,2024-09-26,Mobile App,South,Completed
O007552,C00035,2023-06-03,Retail Store,Midwest,Completed
O007553,C01408,2025-12-27,Mobile App,West,Completed
O007554,C00841,2024-01-14,Mobile App,South,Completed
O007555,C00496,2023-04-08,Retail Store,Northeast,Completed
O007556,C00510,2025-03-23,Mobile App,Midwest,Cancelled
O007557,C00607,2023-03-28,Marketplace,Midwest,Completed
O007558,C00118,2025-08-01,Marketplace,South,Completed
O007559,C00813,2023-06-05,Marketplace,Midwest,Completed
O007560,C00190,2025-02-01,Online,Northeast,Completed
O007561,C00653,2025-04-07,Marketplace,South,Completed
O007562,C00292,2023-04-27,Online,Northeast,Completed
O007563,C00048,2024-12-04,Online,Midwest,Completed
O007564,C00151,2024-09-01,Retail Store,Midwest,Completed
O007565,C00085,2025-02-21,Retail Store,South,Completed
O007566,C00889,2025-10-14,Mobile App,Midwest,Returned
O007567,C00336,2024-01-19,Online,Northeast,Completed
O007568,C01156,2024-01-02,Online,South,Completed
O007569,C01315,2023-08-29,Marketplace,South,Completed
O007570,C00379,2023-03-01,Online,West,Completed
O007571,C00289,2024-07-25,Mobile App,South,Completed
O007572,C00862,2025-09-13,Marketplace,Midwest,Returned
O007573,C01117,2025-02-08,Retail Store,West,Completed
O007574,C01035,2023-08-28,Retail Store,Midwest,Completed
O007575,C00997,2025-11-06,Marketplace,Northeast,Completed
O007576,C00706,2024-08-08,Retail Store,West,Completed
O007577,C00613,2025-01-31,Retail Store,West,Completed
O007578,C00919,2024-07-21,Mobile App,South,Completed
O007579,C00187,2023-09-18,Marketplace,Midwest,Completed
O007580,C00426,2025-12-03,Retail Store,West,Completed
O007581,C00493,2025-09-11,Retail Store,West,Completed
O007582,C01363,2024-08-05,Marketplace,West,Completed
O007583,C01197,2025-04-14,Marketplace,South,Completed
O007584,C00138,2023-02-07,Marketplace,South,Cancelled
O007585,C00997,2024-01-02,Marketplace,West,Completed
O007586,C00898,2025-11-01,Retail Store,West,Completed
O007587,C01406,2023-01-19,Online,Midwest,Completed
O007588,C00827,2025-08-21,Mobile App,Midwest,Completed
O007589,C00834,2024-03-04,Retail Store,Midwest,Completed
O007590,C00709,2024-10-13,Mobile App,Northeast,Completed
O007591,C01459,2023-05-27,Mobile App,South,Completed
O007592,C01089,2025-09-18,Marketplace,Northeast,Completed
O007593,C00895,2023-08-10,Marketplace,Midwest,Completed
O007594,C00029,2023-07-29,Retail Store,West,Completed
O007595,C00220,2025-08-06,Retail Store,Northeast,Completed
O007596,C00632,2024-01-12,Online,West,Completed
O007597,C00686,2025-03-01,Mobile App,Midwest,Returned
O007598,C01150,2025-01-09,Marketplace,West,Returned
O007599,C00235,2024-02-05,Marketplace,Midwest,Completed
O007600,C00949,2024-01-04,Online,South,Completed
O007601,C00294,2023-04-13,Online,Northeast,Completed
O007602,C01475,2023-04-16,Retail Store,Northeast,Completed
O007603,C00915,2024-11-12,Marketplace,Midwest,Completed
O007604,C01148,2024-03-19,Mobile App,South,Completed
O007605,C01357,2024-01-21,Online,South,Completed
O007606,C00800,2024-05-08,Retail Store,West,Completed
O007607,C01074,2025-11-16,Retail Store,Northeast,Completed
O007608,C00284,2025-10-15,Marketplace,South,Completed
O007609,C00291,2024-11-16,Marketplace,West,Completed
O007610,C01281,2025-08-12,Mobile App,Northeast,Completed
O007611,C00713,2025-12-11,Online,Midwest,Completed
O007612,C00958,2023-02-27,Mobile App,Midwest,Completed
O007613,C00596,2023-10-29,Marketplace,West,Completed
O007614,C00364,2025-12-25,Retail Store,West,Completed
O007615,C00292,2024-05-11,Retail Store,Northeast,Completed
O007616,C00940,2023-03-29,Retail Store,South,Completed
O007617,C01404,2023-04-01,Online,Northeast,Completed
O007618,C01344,2023-06-01,Online,Midwest,Completed
O007619,C00161,2025-11-05,Mobile App,Midwest,Completed
O007620,C00222,2024-10-26,Marketplace,Midwest,Completed
O007621,C00017,2024-04-15,Online,West,Completed
O007622,C00976,2025-07-14,Retail Store,West,Completed
O007623,C00325,2024-02-26,Marketplace,South,Completed
O007624,C00492,2025-08-08,Mobile App,Midwest,Returned
O007625,C00865,2025-12-25,Retail Store,Midwest,Completed
O007626,C00288,2023-05-07,Mobile App,South,Completed
O007627,C00498,2024-12-25,Marketplace,Midwest,Returned
O007628,C00113,2025-09-12,Retail Store,South,Completed
O007629,C00569,2023-06-08,Retail Store,West,Completed
O007630,C00556,2023-11-01,Mobile App,South,Completed
O007631,C00729,2023-06-13,Retail Store,South,Completed
O007632,C01264,2025-11-30,Mobile App,South,Completed
O007633,C00228,2023-09-02,Mobile App,Midwest,Completed
O007634,C01358,2025-08-15,Marketplace,Northeast,Completed
O007635,C00615,2025-10-17,Retail Store,South,Completed
O007636,C00668,2024-09-07,Marketplace,West,Completed
O007637,C01079,2025-02-04,Marketplace,West,Completed
O007638,C00323,2023-09-25,Marketplace,Midwest,Completed
O007639,C01172,2025-05-29,Retail Store,South,Completed
O007640,C01452,2025-01-30,Online,South,Completed
O007641,C00710,2023-01-30,Retail Store,South,Completed
O007642,C01396,2025-02-13,Mobile App,South,Completed
O007643,C01006,2023-03-12,Online,South,Completed
O007644,C00014,2024-01-13,Mobile App,Northeast,Completed
O007645,C01001,2023-11-29,Mobile App,Northeast,Completed
O007646,C00086,2024-09-21,Marketplace,West,Completed
O007647,C01154,2023-01-06,Marketplace,Northeast,Completed
O007648,C00708,2024-03-27,Marketplace,South,Completed
O007649,C00150,2023-02-24,Online,South,Completed
O007650,C00011,2025-11-07,Online,West,Completed
O007651,C00262,2023-10-14,Online,South,Completed
O007652,C01110,2023-12-08,Mobile App,Northeast,Completed
O007653,C00597,2023-04-11,Marketplace,Northeast,Completed
O007654,C00189,2023-08-27,Retail Store,Northeast,Completed
O007655,C00722,2024-06-23,Online,West,Returned
O007656,C00804,2024-01-28,Marketplace,Northeast,Completed
O007657,C00947,2025-11-20,Marketplace,Midwest,Completed
O007658,C00870,2024-02-08,Online,Northeast,Cancelled
O007659,C01411,2023-04-19,Retail Store,South,Completed
O007660,C00260,2025-03-17,Marketplace,South,Returned
O007661,C00564,2024-12-16,Online,South,Returned
O007662,C00884,2024-06-10,Retail Store,Midwest,Completed
O007663,C01302,2025-08-14,Retail Store,West,Completed
O007664,C00340,2023-09-03,Retail Store,Midwest,Returned
O007665,C00434,2023-01-28,Marketplace,Northeast,Completed
O007666,C01499,2024-07-09,Online,West,Completed
O007667,C00370,2024-01-01,Mobile App,South,Completed
O007668,C00985,2024-04-01,Marketplace,South,Returned
O007669,C01476,2023-10-17,Mobile App,South,Completed
O007670,C00243,2024-12-02,Marketplace,Midwest,Completed
O007671,C00161,2025-05-13,Online,West,Completed
O007672,C01226,2023-02-08,Online,Midwest,Completed
O007673,C01320,2025-02-19,Retail Store,South,Completed
O007674,C00618,2024-03-16,Online,South,Completed
O007675,C00177,2025-03-07,Retail Store,South,Completed
O007676,C01329,2024-12-19,Online,Northeast,Completed
O007677,C00673,2024-11-24,Online,West,Completed
O007678,C01484,2025-11-08,Mobile App,South,Completed
O007679,C00525,2024-07-29,Marketplace,Midwest,Completed
O007680,C01368,2023-02-03,Mobile App,Northeast,Completed
O007681,C01465,2025-11-03,Retail Store,Midwest,Completed
O007682,C01262,2024-09-24,Mobile App,South,Completed
O007683,C00929,2024-07-27,Online,Midwest,Completed
O007684,C00137,2025-09-24,Online,Northeast,Completed
O007685,C00604,2023-04-01,Marketplace,Midwest,Completed
O007686,C01094,2023-06-11,Mobile App,Northeast,Completed
O007687,C00643,2025-09-11,Marketplace,West,Returned
O007688,C01424,2023-01-01,Online,West,Completed
O007689,C01251,2025-03-06,Retail Store,Northeast,Completed
O007690,C01139,2023-07-25,Mobile App,Northeast,Completed
O007691,C00985,2023-06-28,Retail Store,Northeast,Completed
O007692,C00046,2025-01-09,Marketplace,South,Cancelled
O007693,C00232,2025-02-11,Retail Store,South,Cancelled
O007694,C01186,2023-10-03,Online,West,Completed
O007695,C01325,2025-08-30,Marketplace,Midwest,Completed
O007696,C01212,2024-10-11,Marketplace,Midwest,Completed
O007697,C00059,2023-12-14,Marketplace,South,Completed
O007698,C00703,2023-11-10,Mobile App,Midwest,Completed
O007699,C01360,2024-12-17,Marketplace,Northeast,Completed
O007700,C00594,2024-05-18,Online,Midwest,Completed
O007701,C00477,2025-11-04,Retail Store,Midwest,Returned
O007702,C01246,2024-05-06,Mobile App,Northeast,Cancelled
O007703,C01037,2025-07-16,Mobile App,West,Completed
O007704,C01028,2024-01-20,Online,South,Completed
O007705,C01006,2025-08-28,Marketplace,Northeast,Completed
O007706,C00090,2024-04-07,Mobile App,Midwest,Completed
O007707,C01021,2025-06-13,Retail Store,Northeast,Completed
O007708,C00971,2024-06-19,Online,Northeast,Completed
O007709,C00128,2023-01-12,Online,Northeast,Completed
O007710,C00490,2023-07-04,Online,South,Completed
O007711,C00566,2023-12-12,Online,Northeast,Completed
O007712,C01316,2023-07-11,Mobile App,South,Completed
O007713,C00955,2023-06-09,Marketplace,South,Completed
O007714,C01456,2024-05-26,Marketplace,West,Completed
O007715,C00874,2023-06-04,Online,Midwest,Completed
O007716,C00814,2024-02-06,Retail Store,South,Completed
O007717,C01290,2025-09-25,Online,Northeast,Completed
O007718,C01429,2023-09-01,Online,South,Completed
O007719,C00770,2024-04-01,Retail Store,South,Completed
O007720,C01113,2025-12-31,Online,West,Completed
O007721,C01495,2023-08-31,Mobile App,West,Cancelled
O007722,C01383,2025-07-16,Marketplace,Northeast,Completed
O007723,C01104,2025-07-22,Marketplace,Midwest,Completed
O007724,C01230,2025-06-24,Marketplace,Midwest,Completed
O007725,C00081,2025-11-04,Marketplace,Northeast,Completed
O007726,C00394,2025-04-22,Mobile App,South,Completed
O007727,C00572,2024-04-03,Marketplace,South,Completed
O007728,C01022,2023-12-26,Marketplace,West,Completed
O007729,C01321,2025-07-03,Retail Store,South,Completed
O007730,C00167,2025-01-06,Marketplace,South,Returned
O007731,C00510,2023-10-05,Mobile App,Northeast,Completed
O007732,C01288,2025-06-17,Online,South,Cancelled
O007733,C00684,2023-11-17,Marketplace,Midwest,Completed
O007734,C01021,2023-04-23,Online,South,Completed
O007735,C00855,2023-05-21,Mobile App,Northeast,Completed
O007736,C00578,2023-06-20,Mobile App,Midwest,Completed
O007737,C00636,2023-06-11,Marketplace,West,Cancelled
O007738,C01000,2024-08-07,Online,West,Completed
O007739,C01249,2023-11-21,Retail Store,Midwest,Completed
O007740,C00866,2024-06-08,Retail Store,South,Cancelled
O007741,C00214,2023-04-07,Marketplace,Midwest,Completed
O007742,C00366,2025-03-13,Retail Store,West,Completed
O007743,C00171,2025-10-05,Mobile App,Northeast,Completed
O007744,C00920,2025-03-26,Online,West,Completed
O007745,C00952,2025-08-10,Online,Northeast,Completed
O007746,C00976,2023-11-22,Online,Northeast,Completed
O007747,C00354,2023-02-15,Online,South,Cancelled
O007748,C00642,2025-03-25,Online,Northeast,Completed
O007749,C00971,2023-08-12,Mobile App,Northeast,Returned
O007750,C00181,2025-09-15,Retail Store,Midwest,Returned
O007751,C00672,2025-01-15,Online,Midwest,Completed
O007752,C00697,2024-05-21,Retail Store,South,Completed
O007753,C00715,2024-09-09,Marketplace,Northeast,Completed
O007754,C00410,2024-02-07,Mobile App,West,Completed
O007755,C00682,2025-11-08,Online,West,Completed
O007756,C00650,2024-10-28,Online,South,Completed
O007757,C00815,2025-01-19,Retail Store,South,Completed
O007758,C01281,2025-06-10,Marketplace,West,Completed
O007759,C00133,2024-03-01,Retail Store,Midwest,Completed
O007760,C00563,2024-07-18,Online,West,Completed
O007761,C01169,2024-12-09,Online,Northeast,Completed
O007762,C01067,2024-12-20,Retail Store,Northeast,Returned
O007763,C01305,2023-11-11,Marketplace,Midwest,Completed
O007764,C00934,2024-02-23,Online,South,Completed
O007765,C00880,2023-08-01,Retail Store,South,Completed
O007766,C00967,2025-11-23,Online,Midwest,Completed
O007767,C00743,2023-11-21,Online,Northeast,Completed
O007768,C00490,2025-02-23,Mobile App,South,Completed
O007769,C00651,2025-03-11,Mobile App,South,Completed
O007770,C00246,2025-01-09,Online,West,Completed
O007771,C01176,2023-12-12,Online,Midwest,Completed
O007772,C00055,2024-03-09,Marketplace,Northeast,Completed
O007773,C01050,2025-12-25,Mobile App,Northeast,Cancelled
O007774,C00746,2023-12-15,Online,Midwest,Completed
O007775,C00820,2025-10-07,Online,West,Completed
O007776,C01271,2023-01-17,Online,West,Completed
O007777,C00468,2023-11-02,Retail Store,South,Completed
O007778,C00423,2024-03-05,Online,Midwest,Completed
O007779,C01458,2025-06-03,Marketplace,South,Completed
O007780,C00559,2024-12-26,Online,Northeast,Completed
O007781,C00185,2025-07-03,Marketplace,West,Completed
O007782,C01099,2023-12-21,Mobile App,Northeast,Completed
O007783,C00820,2023-11-26,Mobile App,Northeast,Completed
O007784,C01072,2023-01-09,Marketplace,South,Completed
O007785,C00290,2025-06-18,Mobile App,South,Completed
O007786,C00326,2023-10-10,Marketplace,Midwest,Cancelled
O007787,C01050,2024-03-15,Online,West,Completed
O007788,C00280,2024-08-24,Marketplace,Midwest,Completed
O007789,C01252,2025-09-03,Online,Midwest,Completed
O007790,C00869,2023-07-04,Retail Store,West,Completed
O007791,C00939,2023-01-08,Retail Store,Midwest,Completed
O007792,C00717,2024-10-20,Mobile App,South,Completed
O007793,C00613,2023-09-20,Retail Store,Midwest,Completed
O007794,C00244,2024-07-22,Retail Store,Midwest,Completed
O007795,C00652,2025-07-09,Retail Store,West,Completed
O007796,C01370,2023-09-05,Marketplace,Midwest,Completed
O007797,C00213,2024-12-10,Marketplace,Northeast,Completed
O007798,C01351,2024-09-07,Marketplace,South,Completed
O007799,C00338,2024-08-07,Retail Store,West,Completed
O007800,C00240,2023-09-22,Retail Store,West,Completed
O007801,C00661,2024-05-01,Marketplace,Northeast,Completed
O007802,C00044,2023-04-07,Marketplace,South,Completed
O007803,C00351,2025-10-24,Online,South,Completed
O007804,C00009,2023-12-29,Retail Store,Northeast,Completed
O007805,C01006,2024-12-08,Online,Midwest,Completed
O007806,C01204,2025-09-30,Online,South,Completed
O007807,C00347,2023-02-01,Marketplace,South,Returned
O007808,C00950,2023-10-06,Mobile App,Midwest,Completed
O007809,C00346,2024-05-28,Marketplace,South,Completed
O007810,C00101,2023-12-16,Online,Midwest,Completed
O007811,C00478,2023-03-07,Marketplace,Northeast,Completed
O007812,C00101,2023-08-05,Marketplace,Midwest,Completed
O007813,C01037,2025-02-19,Retail Store,Northeast,Completed
O007814,C00240,2023-04-13,Retail Store,Midwest,Completed
O007815,C00785,2025-11-10,Online,West,Completed
O007816,C01184,2025-07-24,Retail Store,Midwest,Completed
O007817,C00765,2025-06-24,Online,Northeast,Completed
O007818,C00509,2025-10-22,Marketplace,West,Completed
O007819,C00299,2023-02-13,Retail Store,Northeast,Completed
O007820,C00552,2024-07-25,Mobile App,South,Cancelled
O007821,C01288,2025-06-23,Marketplace,West,Cancelled
O007822,C01379,2024-01-13,Retail Store,Midwest,Completed
O007823,C01376,2024-09-10,Marketplace,West,Cancelled
O007824,C00476,2023-06-20,Retail Store,Northeast,Completed
O007825,C01279,2024-04-01,Mobile App,Midwest,Returned
O007826,C00545,2024-01-03,Online,South,Completed
O007827,C00657,2023-06-27,Marketplace,Midwest,Completed
O007828,C01366,2023-08-14,Mobile App,Midwest,Completed
O007829,C00703,2023-08-14,Retail Store,Northeast,Returned
O007830,C01428,2023-08-26,Retail Store,Northeast,Completed
O007831,C01486,2023-08-23,Marketplace,South,Completed
O007832,C00421,2023-08-29,Mobile App,West,Completed
O007833,C00571,2024-09-17,Mobile App,Northeast,Returned
O007834,C01434,2023-02-17,Online,Northeast,Completed
O007835,C00010,2023-08-28,Marketplace,Northeast,Completed
O007836,C00482,2024-07-14,Mobile App,Midwest,Completed
O007837,C01365,2024-10-05,Online,Northeast,Completed
O007838,C00134,2024-11-07,Marketplace,Midwest,Completed
O007839,C01187,2024-05-03,Online,West,Completed
O007840,C01234,2024-07-06,Retail Store,Midwest,Completed
O007841,C01264,2023-02-28,Retail Store,Midwest,Completed
O007842,C00012,2023-05-23,Marketplace,Northeast,Completed
O007843,C00386,2023-07-11,Mobile App,South,Completed
O007844,C00789,2023-12-11,Retail Store,West,Completed
O007845,C00711,2023-04-09,Online,West,Completed
O007846,C00570,2023-02-25,Online,West,Completed
O007847,C00118,2025-07-05,Online,Northeast,Completed
O007848,C00668,2023-07-20,Mobile App,Northeast,Completed
O007849,C00441,2025-02-22,Marketplace,Midwest,Completed
O007850,C01217,2025-01-01,Mobile App,South,Completed
O007851,C01469,2025-06-09,Retail Store,West,Completed
O007852,C00947,2024-05-18,Online,Midwest,Completed
O007853,C00015,2025-04-20,Marketplace,Northeast,Completed
O007854,C00361,2025-02-08,Online,South,Completed
O007855,C01005,2024-03-22,Online,Northeast,Completed
O007856,C00670,2024-05-26,Retail Store,South,Completed
O007857,C00339,2023-06-23,Marketplace,Northeast,Completed
O007858,C01118,2025-01-12,Online,Northeast,Completed
O007859,C00260,2024-06-28,Retail Store,Midwest,Completed
O007860,C00521,2023-02-09,Mobile App,Northeast,Completed
O007861,C00647,2025-06-27,Marketplace,West,Completed
O007862,C00903,2024-12-17,Retail Store,Midwest,Completed
O007863,C01351,2023-02-06,Retail Store,Northeast,Completed
O007864,C01171,2024-09-07,Marketplace,Midwest,Completed
O007865,C00225,2025-02-05,Marketplace,South,Completed
O007866,C01193,2025-07-24,Online,South,Completed
O007867,C00731,2025-04-03,Mobile App,West,Completed
O007868,C00493,2024-01-08,Online,Northeast,Completed
O007869,C00019,2025-09-11,Marketplace,West,Completed
O007870,C00269,2023-05-15,Retail Store,Northeast,Completed
O007871,C01128,2025-08-26,Mobile App,West,Completed
O007872,C00211,2025-05-13,Mobile App,Northeast,Completed
O007873,C00351,2025-05-06,Mobile App,West,Completed
O007874,C00370,2024-04-13,Marketplace,Midwest,Cancelled
O007875,C00854,2025-07-05,Retail Store,South,Completed
O007876,C00891,2024-02-22,Online,South,Completed
O007877,C00927,2024-06-16,Online,South,Completed
O007878,C01319,2024-02-19,Online,South,Completed
O007879,C00565,2024-04-01,Marketplace,Northeast,Completed
O007880,C01116,2025-07-17,Retail Store,Northeast,Completed
O007881,C00827,2023-06-08,Retail Store,Midwest,Completed
O007882,C01138,2025-04-29,Marketplace,South,Completed
O007883,C01112,2025-11-08,Mobile App,Midwest,Completed
O007884,C00706,2023-11-05,Mobile App,Northeast,Completed
O007885,C00746,2025-04-29,Marketplace,Midwest,Completed
O007886,C01472,2024-02-02,Online,South,Completed
O007887,C01131,2023-07-16,Online,West,Completed
O007888,C01436,2023-11-16,Retail Store,Northeast,Completed
O007889,C00754,2023-06-29,Online,South,Completed
O007890,C00595,2024-01-26,Online,South,Completed
O007891,C00546,2023-05-29,Retail Store,Midwest,Completed
O007892,C01192,2025-06-13,Marketplace,West,Completed
O007893,C00210,2025-07-13,Marketplace,Northeast,Completed
O007894,C00752,2024-04-12,Marketplace,Midwest,Completed
O007895,C00780,2025-06-29,Retail Store,Midwest,Completed
O007896,C00012,2023-12-20,Online,South,Completed
O007897,C00474,2024-01-01,Marketplace,South,Completed
O007898,C01421,2024-03-20,Retail Store,South,Completed
O007899,C00135,2025-07-13,Online,South,Returned
O007900,C00018,2023-11-28,Mobile App,West,Completed
O007901,C01292,2025-08-22,Retail Store,West,Completed
O007902,C01022,2023-08-27,Mobile App,Northeast,Completed
O007903,C01395,2023-08-23,Retail Store,Northeast,Completed
O007904,C01328,2024-11-10,Online,South,Completed
O007905,C01096,2025-03-03,Marketplace,West,Completed
O007906,C00432,2024-02-15,Marketplace,Midwest,Completed
O007907,C01175,2025-07-29,Mobile App,South,Completed
O007908,C00372,2024-11-28,Retail Store,South,Completed
O007909,C00839,2023-02-15,Marketplace,West,Completed
O007910,C00639,2025-03-27,Mobile App,Midwest,Returned
O007911,C00525,2023-12-03,Marketplace,Northeast,Completed
O007912,C01401,2024-08-28,Mobile App,Midwest,Completed
O007913,C00832,2023-05-15,Online,Northeast,Completed
O007914,C01143,2025-08-11,Mobile App,Northeast,Completed
O007915,C01300,2024-06-29,Retail Store,Midwest,Completed
O007916,C01076,2024-09-10,Retail Store,Midwest,Completed
O007917,C00673,2024-09-27,Online,Midwest,Completed
O007918,C00288,2025-01-23,Online,West,Completed
O007919,C00132,2023-04-24,Mobile App,West,Completed
O007920,C01096,2024-07-06,Mobile App,South,Completed
O007921,C00271,2025-03-23,Mobile App,Northeast,Completed
O007922,C01306,2024-06-24,Mobile App,Midwest,Completed
O007923,C00905,2023-08-17,Mobile App,South,Completed
O007924,C00904,2025-04-26,Mobile App,West,Returned
O007925,C00494,2025-08-01,Mobile App,Northeast,Completed
O007926,C01464,2023-11-26,Marketplace,Northeast,Returned
O007927,C01228,2024-03-10,Online,Northeast,Completed
O007928,C01059,2024-01-25,Online,South,Completed
O007929,C00907,2024-10-18,Mobile App,Northeast,Completed
O007930,C00023,2024-10-21,Retail Store,Midwest,Completed
O007931,C00543,2023-07-12,Marketplace,Northeast,Returned
O007932,C01300,2024-11-14,Marketplace,West,Completed
O007933,C01383,2025-03-15,Marketplace,South,Completed
O007934,C00625,2024-04-16,Retail Store,Northeast,Completed
O007935,C01453,2024-12-19,Retail Store,Northeast,Completed
O007936,C00143,2024-02-21,Retail Store,Northeast,Completed
O007937,C00659,2024-05-14,Retail Store,Midwest,Completed
O007938,C01343,2023-07-02,Mobile App,South,Returned
O007939,C01147,2025-12-03,Online,Midwest,Completed
O007940,C01243,2023-04-20,Mobile App,Midwest,Completed
O007941,C01159,2024-04-24,Mobile App,Northeast,Completed
O007942,C01470,2023-03-23,Retail Store,South,Completed
O007943,C01213,2025-05-23,Marketplace,West,Completed
O007944,C01427,2025-12-22,Mobile App,South,Completed
O007945,C00593,2025-04-17,Online,West,Completed
O007946,C00999,2023-01-15,Mobile App,West,Completed
O007947,C00749,2025-04-18,Retail Store,South,Completed
O007948,C00446,2023-10-17,Retail Store,Northeast,Completed
O007949,C00693,2023-08-31,Mobile App,South,Cancelled
O007950,C00797,2025-06-03,Marketplace,Midwest,Completed
O007951,C01300,2025-05-22,Retail Store,West,Completed
O007952,C01290,2023-02-16,Online,South,Completed
O007953,C01269,2023-09-02,Retail Store,Northeast,Completed
O007954,C00039,2025-10-08,Retail Store,South,Cancelled
O007955,C00813,2023-11-30,Retail Store,Northeast,Completed
O007956,C00794,2023-01-02,Retail Store,South,Completed
O007957,C01490,2025-12-06,Marketplace,South,Completed
O007958,C01185,2025-10-26,Mobile App,Midwest,Completed
O007959,C00795,2025-12-25,Online,West,Completed
O007960,C01086,2024-11-28,Retail Store,South,Completed
O007961,C00644,2024-02-05,Mobile App,Northeast,Completed
O007962,C00522,2025-05-20,Online,Northeast,Completed
O007963,C00037,2024-04-23,Marketplace,West,Completed
O007964,C00060,2024-06-17,Online,South,Completed
O007965,C00376,2024-12-16,Retail Store,Northeast,Completed
O007966,C01234,2025-06-25,Marketplace,South,Completed
O007967,C00538,2023-06-20,Retail Store,Northeast,Returned
O007968,C00544,2023-02-20,Mobile App,Midwest,Completed
O007969,C01297,2025-07-04,Online,Midwest,Completed
O007970,C00534,2025-10-19,Online,Northeast,Completed
O007971,C01000,2025-11-27,Retail Store,West,Completed
O007972,C00275,2025-03-31,Online,South,Completed
O007973,C00816,2023-03-11,Retail Store,Northeast,Completed
O007974,C01413,2025-09-05,Mobile App,West,Completed
O007975,C01314,2024-09-26,Online,West,Returned
O007976,C00284,2024-01-16,Marketplace,Midwest,Cancelled
O007977,C00570,2025-10-01,Online,West,Completed
O007978,C00836,2025-06-29,Marketplace,Midwest,Completed
O007979,C00422,2024-12-04,Marketplace,West,Completed
O007980,C01338,2025-03-24,Online,Northeast,Completed
O007981,C00284,2025-01-25,Retail Store,Midwest,Completed
O007982,C00617,2025-12-05,Marketplace,West,Completed
O007983,C01500,2024-05-22,Mobile App,Midwest,Completed
O007984,C00056,2023-09-09,Mobile App,Northeast,Completed
O007985,C01421,2025-12-07,Online,South,Completed
O007986,C00157,2023-05-19,Online,Midwest,Completed
O007987,C00626,2023-06-17,Marketplace,West,Completed
O007988,C01165,2024-10-03,Marketplace,West,Completed
O007989,C00387,2024-07-15,Online,South,Completed
O007990,C01421,2024-06-11,Mobile App,Midwest,Completed
O007991,C01021,2023-01-18,Online,Northeast,Completed
O007992,C00552,2025-01-13,Mobile App,West,Completed
O007993,C00366,2024-11-06,Retail Store,Midwest,Completed
O007994,C01280,2023-12-19,Online,West,Completed
O007995,C00831,2024-08-21,Marketplace,West,Completed
O007996,C01432,2023-01-04,Mobile App,West,Completed
O007997,C01475,2024-04-27,Marketplace,Northeast,Completed
O007998,C00427,2025-04-20,Retail Store,South,Completed
O007999,C00738,2024-04-17,Online,West,Completed
O008000,C01052,2023-02-11,Retail Store,South,Completed
