order_item_id,order_id,product_id,quantity,unit_price,unit_cost,discount_percent
OI0000001,O000001,P0018,2,281.84,146.67,0
OI0000002,O000002,P0058,1,224.02,143.13,0
OI0000003,O000002,P0017,2,30.38,15.75,5
OI0000004,O000003,P0080,3,392.84,163.94,0
OI0000005,O000003,P0113,2,152.02,79.85,0
OI0000006,O000003,P0059,2,310.18,133.96,0
OI0000007,O000004,P0042,1,79.85,35.8,0
OI0000008,O000004,P0063,2,8.2,5.54,0
OI0000009,O000004,P0115,2,66.66,49.6,15
OI0000010,O000004,P0056,1,385.75,167.31,5
OI0000011,O000005,P0032,2,148.44,75.4,0
OI0000012,O000005,P0088,1,236.31,102.24,10
OI0000013,O000006,P0077,1,9.56,6.81,0
OI0000014,O000006,P0082,1,64.05,28.14,15
OI0000015,O000007,P0081,1,96.93,49.39,0
OI0000016,O000007,P0041,1,46.27,32.89,10
OI0000017,O000008,P0024,4,169.87,104.81,0
OI0000018,O000008,P0066,1,103.29,50.62,0
OI0000019,O000009,P0027,2,283.79,152.07,0
OI0000020,O000010,P0100,4,280.83,119.83,0
OI0000021,O000010,P0115,1,66.66,49.6,0
OI0000022,O000011,P0029,1,35.33,21.58,0
OI0000023,O000011,P0010,3,236.09,100.66,20
OI0000024,O000012,P0067,1,33.07,19.77,5
OI0000025,O000013,P0033,2,211.78,114.87,5
OI0000026,O000014,P0070,4,131.06,75.18,0
OI0000027,O000014,P0086,1,263.23,167.09,10
OI0000028,O000014,P0025,1,187.19,125.9,5
OI0000029,O000015,P0055,2,150.07,98.61,25
OI0000030,O000015,P0016,2,182.65,108.43,5
OI0000031,O000015,P0011,1,116.27,72.14,10
OI0000032,O000016,P0026,1,187.78,112.59,20
OI0000033,O000016,P0015,1,147.82,103.39,0
OI0000034,O000016,P0120,2,123.81,98.52,0
OI0000035,O000016,P0088,3,236.31,102.24,0
OI0000036,O000017,P0045,2,354.19,170.05,15
OI0000037,O000017,P0033,1,211.78,114.87,0
OI0000038,O000017,P0004,2,114.79,53.81,15
OI0000039,O000018,P0103,1,100.44,47.01,0
OI0000040,O000018,P0117,1,252.27,158.43,0
OI0000041,O000018,P0088,3,236.31,102.24,0
OI0000042,O000018,P0028,1,307.09,179.34,5
OI0000043,O000019,P0083,1,63.1,34.73,0
OI0000044,O000019,P0057,3,95.09,41.82,15
OI0000045,O000019,P0019,2,36.3,22.04,10
OI0000046,O000020,P0052,2,142.04,68.52,15
OI0000047,O000021,P0001,2,58.62,26.48,5
OI0000048,O000021,P0032,4,148.44,75.4,10
OI0000049,O000022,P0062,2,274.98,138.35,20
OI0000050,O000022,P0046,2,310.17,133.53,5
OI0000051,O000022,P0063,4,8.2,5.54,10
OI0000052,O000022,P0117,2,252.27,158.43,5
OI0000053,O000023,P0029,1,35.33,21.58,110
OI0000054,O000023,P0065,1,270.21,125.01,15
OI0000055,O000024,P0024,1,169.87,104.81,10
OI0000056,O000025,P0101,2,338.95,156.07,0
OI0000057,O000025,P0077,2,9.56,6.81,10
OI0000058,O000025,P0059,1,310.18,133.96,0
OI0000059,O000026,P0060,4,306.49,149.27,20
OI0000060,O000026,P0016,1,182.65,108.43,10
OI0000061,O000027,P0060,2,306.49,149.27,0
OI0000062,O000028,P0070,1,131.06,75.18,5
OI0000063,O000028,P0079,1,28.55,21.67,0
OI0000064,O000028,P0085,1,142.09,59.82,5
OI0000065,O000029,P0015,3,147.82,103.39,10
OI0000066,O000029,P0115,4,66.66,49.6,0
OI0000067,O000029,P0011,1,116.27,72.14,10
OI0000068,O000029,P0107,4,140.71,82.95,0
OI0000069,O000030,P0042,2,79.85,35.8,0
OI0000070,O000030,P0051,1,104.92,60.39,15
OI0000071,O000030,P0062,1,274.98,138.35,0
OI0000072,O000030,P0114,1,41.45,23.84,10
OI0000073,O000031,P0034,2,265.11,120.64,15
OI0000074,O000031,P0102,1,195.72,100.75,25
OI0000075,O000031,P0101,2,338.95,156.07,20
OI0000076,O000032,P0063,2,8.2,5.54,5
OI0000077,O000032,P0108,2,299.87,137.39,5
OI0000078,O000032,P0031,1,254.7,145.72,0
OI0000079,O000032,P0037,-1,171.97,76.8,5
OI0000080,O000033,P0029,2,35.33,21.58,10
OI0000081,O000033,P0118,1,177.52,114.17,0
OI0000082,O000034,P0016,3,182.65,108.43,5
OI0000083,O000034,P0016,2,182.65,108.43,10
OI0000084,O000034,P0102,2,195.72,100.75,110
OI0000085,O000035,P0079,2,28.55,21.67,0
OI0000086,O000035,P0108,1,299.87,137.39,20
OI0000087,O000036,P0025,2,187.19,125.9,0
OI0000088,O000037,P0106,4,56.39,27.98,5
OI0000089,O000038,P0014,1,189.67,104.55,10
OI0000090,O000038,P0048,2,316.06,150.66,0
OI0000091,O000039,P0071,3,66.14,34.77,10
OI0000092,O000039,P0117,2,252.27,158.43,0
OI0000093,O000039,P0079,1,28.55,21.67,10
OI0000094,O000040,P0030,1,90.28,41.7,0
OI0000095,O000040,P0075,1,134.51,78.21,15
OI0000096,O000040,P0068,1,103.65,44.29,5
OI0000097,O000040,P0117,1,252.27,158.43,20
OI0000098,O000041,P0027,3,283.79,152.07,0
OI0000099,O000041,P0005,1,181.52,92.02,0
OI0000100,O000041,P0055,3,150.07,98.61,5
OI0000101,O000041,P0117,1,252.27,158.43,0
OI0000102,O000042,P0070,1,131.06,75.18,0
OI0000103,O000042,P0009,3,102.74,56.37,10
OI0000104,O000043,P0062,1,274.98,138.35,10
OI0000105,O000043,P0090,2,60.09,33.62,5
OI0000106,O000043,P0053,3,23.29,11.09,15
OI0000107,O000043,P0035,3,326.93,146.56,5
OI0000108,O000044,P0070,1,131.06,75.18,0
OI0000109,O000045,P0034,2,265.11,120.64,5
OI0000110,O000045,P0023,1,15.34,8.57,20
OI0000111,O000045,P0030,1,90.28,41.7,0
OI0000112,O000046,P0068,1,103.65,44.29,0
OI0000113,O000047,P0023,3,15.34,8.57,0
OI0000114,O000047,P0021,2,217.0,157.06,5
OI0000115,O000047,P0119,3,78.86,37.39,5
OI0000116,O000048,P0021,1,217.0,157.06,0
OI0000117,O000048,P0022,1,192.12,85.66,20
OI0000118,O000048,P0120,3,123.81,98.52,0
OI0000119,O000049,P0111,1,116.59,86.94,0
OI0000120,O000050,P0009,2,102.74,56.37,0
OI0000121,O000050,P0111,1,116.59,86.94,0
OI0000122,O000050,P0060,1,306.49,149.27,0
OI0000123,O000051,P0017,1,30.38,15.75,5
OI0000124,O000051,P0084,2,42.76,20.69,10
OI0000125,O000051,P0053,1,23.29,11.09,0
OI0000126,O000051,P0119,1,78.86,37.39,0
OI0000127,O000052,P0082,3,64.05,28.14,0
OI0000128,O000052,P0098,2,17.88,10.05,10
OI0000129,O000052,P0102,1,195.72,100.75,0
OI0000130,O000053,P0101,2,338.95,156.07,5
OI0000131,O000053,P0013,1,127.84,91.01,0
OI0000132,O000053,P0052,2,142.04,68.52,10
OI0000133,O000053,P0073,1,372.75,170.56,5
OI0000134,O000054,P0050,2,171.47,76.47,0
OI0000135,O000054,P0097,3,163.15,70.37,0
OI0000136,O000055,P0011,2,116.27,72.14,0
OI0000137,O000056,P0109,2,39.14,21.27,5
OI0000138,O000056,P0113,1,152.02,79.85,15
OI0000139,O000056,P0107,-1,140.71,82.95,10
OI0000140,O000056,P0027,1,283.79,152.07,0
OI0000141,O000057,P0087,2,136.09,59.78,0
OI0000142,O000057,P0024,1,169.87,104.81,0
OI0000143,O000057,P0066,1,103.29,50.62,0
OI0000144,O000057,P0080,2,392.84,163.94,0
OI0000145,O000058,P0084,1,42.76,20.69,0
OI0000146,O000058,P0085,2,142.09,59.82,10
OI0000147,O000058,P0037,2,171.97,76.8,20
OI0000148,O000059,P0057,1,95.09,41.82,5
OI0000149,O000059,P0077,3,9.56,6.81,0
OI0000150,O000060,P0105,2,124.3,57.25,10
OI0000151,O000060,P0119,3,78.86,37.39,5
OI0000152,O000060,P0004,1,114.79,53.81,0
OI0000153,O000060,P0050,1,171.47,76.47,15
OI0000154,O000061,P0017,3,30.38,15.75,10
OI0000155,O000061,P0049,1,59.24,43.15,5
OI0000156,O000061,P0078,4,268.06,129.83,15
OI0000157,O000062,P0058,1,224.02,143.13,15
OI0000158,O000062,P0017,1,30.38,15.75,10
OI0000159,O000063,P0117,1,252.27,158.43,5
OI0000160,O000063,P0111,2,116.59,86.94,5
OI0000161,O000064,P0023,1,15.34,8.57,0
OI0000162,O000065,P0021,3,217.0,157.06,0
OI0000163,O000066,P0047,1,243.5,159.8,0
OI0000164,O000067,P0116,1,53.16,36.42,0
OI0000165,O000067,P0042,2,79.85,35.8,10
OI0000166,O000068,P0025,1,187.19,125.9,0
OI0000167,O000068,P0099,1,179.3,114.96,0
OI0000168,O000069,P0063,2,8.2,5.54,15
OI0000169,O000069,P0024,3,169.87,104.81,5
OI0000170,O000070,P0093,3,64.09,40.65,15
OI0000171,O000071,P0114,2,41.45,23.84,0
OI0000172,O000071,P0034,1,265.11,120.64,0
OI0000173,O000071,P0009,1,102.74,56.37,5
OI0000174,O000072,P0020,1,185.28,120.72,20
OI0000175,O000073,P0085,1,142.09,59.82,20
OI0000176,O000073,P0085,1,142.09,59.82,0
OI0000177,O000073,P0025,4,187.19,125.9,5
OI0000178,O000073,P0077,2,9.56,6.81,0
OI0000179,O000074,P0113,-1,152.02,79.85,0
OI0000180,O000074,P0028,1,307.09,179.34,20
OI0000181,O000075,P0068,1,103.65,44.29,10
OI0000182,O000075,P0014,2,189.67,104.55,10
OI0000183,O000075,P0064,2,60.15,32.62,15
OI0000184,O000076,P0072,1,272.32,149.77,0
OI0000185,O000077,P0001,1,58.62,26.48,25
OI0000186,O000077,P0080,2,392.84,163.94,0
OI0000187,O000078,P0012,3,20.32,10.75,0
OI0000188,O000078,P0048,4,316.06,150.66,5
OI0000189,O000078,P0097,2,163.15,70.37,10
OI0000190,O000079,P0089,1,49.96,38.06,20
OI0000191,O000079,P0013,1,127.84,91.01,5
OI0000192,O000080,P0071,1,66.14,34.77,15
OI0000193,O000080,P0078,2,268.06,129.83,0
OI0000194,O000081,P0061,2,241.21,110.37,10
OI0000195,O000081,P0042,1,79.85,35.8,20
OI0000196,O000081,P0044,2,279.36,162.6,20
OI0000197,O000082,P0085,1,142.09,59.82,15
OI0000198,O000083,P0022,1,192.12,85.66,20
OI0000199,O000083,P0087,2,136.09,59.78,15
OI0000200,O000083,P0119,1,78.86,37.39,0
OI0000201,O000083,P0088,1,236.31,102.24,5
OI0000202,O000084,P0043,1,33.48,14.68,5
OI0000203,O000084,P0057,1,95.09,41.82,10
OI0000204,O000085,P0086,1,263.23,167.09,0
OI0000205,O000085,P0002,4,230.82,108.89,0
OI0000206,O000085,P0011,1,116.27,72.14,5
OI0000207,O000085,P0052,1,142.04,68.52,0
OI0000208,O000086,P0080,4,392.84,163.94,0
OI0000209,O000086,P0089,2,49.96,38.06,15
OI0000210,O000086,P0005,1,181.52,92.02,5
OI0000211,O000086,P0018,1,281.84,146.67,25
OI0000212,O000087,P0064,1,60.15,32.62,5
OI0000213,O000088,P0052,1,142.04,68.52,10
OI0000214,O000088,P0099,1,179.3,114.96,0
OI0000215,O000089,P0077,1,9.56,6.81,20
OI0000216,O000089,P0047,1,243.5,159.8,0
OI0000217,O000090,P0096,1,280.31,123.46,5
OI0000218,O000090,P0010,-1,236.09,100.66,0
OI0000219,O000090,P0023,3,15.34,8.57,5
OI0000220,O000091,P0092,1,51.3,24.69,10
OI0000221,O000091,P0018,3,281.84,146.67,0
OI0000222,O000091,P0046,3,310.17,133.53,0
OI0000223,O000092,P0099,1,179.3,114.96,20
OI0000224,O000092,P0066,2,103.29,50.62,0
OI0000225,O000092,P0080,1,392.84,163.94,5
OI0000226,O000092,P0006,1,273.98,150.3,0
OI0000227,O000093,P0061,1,241.21,110.37,20
OI0000228,O000094,P0030,1,90.28,41.7,10
OI0000229,O000094,P0063,1,8.2,5.54,0
OI0000230,O000094,P0057,1,95.09,41.82,20
OI0000231,O000095,P0113,4,152.02,79.85,5
OI0000232,O000096,P0042,1,79.85,35.8,20
OI0000233,O000096,P0010,2,236.09,100.66,0
OI0000234,O000096,P0088,2,236.31,102.24,0
OI0000235,O000097,P0054,1,83.38,49.27,5
OI0000236,O000097,P0092,2,51.3,24.69,5
OI0000237,O000098,P0065,3,270.21,125.01,0
OI0000238,O000098,P0061,2,241.21,110.37,10
OI0000239,O000098,P0069,4,259.35,175.47,15
OI0000240,O000099,P0092,1,51.3,24.69,10
OI0000241,O000099,P0080,1,392.84,163.94,0
OI0000242,O000099,P0074,1,62.08,27.78,10
OI0000243,O000099,P0065,2,270.21,125.01,0
OI0000244,O000100,P0091,1,196.39,82.27,15
OI0000245,O000100,P0011,1,116.27,72.14,5
OI0000246,O000100,P0066,2,103.29,50.62,0
OI0000247,O000101,P0037,3,171.97,76.8,20
OI0000248,O000101,P0060,1,306.49,149.27,0
OI0000249,O000101,P0099,2,179.3,114.96,0
OI0000250,O000101,P0044,2,279.36,162.6,5
OI0000251,O000102,P0040,1,214.96,89.94,0
OI0000252,O000102,P0054,1,83.38,49.27,20
OI0000253,O000103,P0119,1,78.86,37.39,5
OI0000254,O000103,P0047,1,243.5,159.8,25
OI0000255,O000104,P0093,3,64.09,40.65,5
OI0000256,O000105,P0061,1,241.21,110.37,20
OI0000257,O000105,P0120,2,123.81,98.52,15
OI0000258,O000106,P0021,1,217.0,157.06,20
OI0000259,O000106,P0080,2,392.84,163.94,0
OI0000260,O000106,P0008,3,223.03,120.69,0
OI0000261,O000106,P0104,2,71.93,33.51,0
OI0000262,O000107,P0033,1,211.78,114.87,15
OI0000263,O000107,P0055,2,150.07,98.61,15
OI0000264,O000107,P0120,2,123.81,98.52,0
OI0000265,O000108,P0088,1,236.31,102.24,0
OI0000266,O000108,P0100,1,280.83,119.83,0
OI0000267,O000108,P0063,1,8.2,5.54,10
OI0000268,O000108,P0069,1,259.35,175.47,5
OI0000269,O000109,P0030,2,90.28,41.7,0
OI0000270,O000109,P0032,2,148.44,75.4,0
OI0000271,O000110,P0066,1,103.29,50.62,5
OI0000272,O000110,P0022,1,192.12,85.66,20
OI0000273,O000110,P0081,1,96.93,49.39,0
OI0000274,O000111,P0055,1,150.07,98.61,0
OI0000275,O000111,P0064,2,60.15,32.62,20
OI0000276,O000111,P0099,1,179.3,114.96,5
OI0000277,O000111,P0003,1,171.57,88.27,5
OI0000278,O000112,P0001,1,58.62,26.48,0
OI0000279,O000113,P0096,1,280.31,123.46,0
OI0000280,O000113,P0012,1,20.32,10.75,0
OI0000281,O000114,P0102,1,195.72,100.75,10
OI0000282,O000114,P0118,2,177.52,114.17,20
OI0000283,O000114,P0051,4,104.92,60.39,0
OI0000284,O000114,P0064,2,60.15,32.62,15
OI0000285,O000115,P0001,1,58.62,26.48,10
OI0000286,O000115,P0098,1,17.88,10.05,15
OI0000287,O000115,P0046,1,310.17,133.53,0
OI0000288,O000116,P0105,3,124.3,57.25,0
OI0000289,O000116,P0026,1,187.78,112.59,5
OI0000290,O000117,P0062,1,274.98,138.35,5
OI0000291,O000117,P0111,1,116.59,86.94,0
OI0000292,O000118,P0049,1,59.24,43.15,0
OI0000293,O000119,P0028,1,307.09,179.34,0
OI0000294,O000119,P0086,1,263.23,167.09,10
OI0000295,O000120,P0015,1,147.82,103.39,10
OI0000296,O000121,P0040,1,214.96,89.94,5
OI0000297,O000121,P0038,-1,81.71,51.71,20
OI0000298,O000121,P0034,2,265.11,120.64,5
OI0000299,O000122,P0002,1,230.82,108.89,10
OI0000300,O000122,P0118,1,177.52,114.17,20
OI0000301,O000122,P0027,1,283.79,152.07,15
OI0000302,O000123,P0035,2,326.93,146.56,0
OI0000303,O000123,P0014,3,189.67,104.55,0
OI0000304,O000124,P0108,2,299.87,137.39,10
OI0000305,O000125,P0045,1,354.19,170.05,0
OI0000306,O000125,P0036,2,71.47,40.11,10
OI0000307,O000125,P0089,1,49.96,38.06,10
OI0000308,O000125,P0072,1,272.32,149.77,20
OI0000309,O000126,P0087,3,136.09,59.78,0
OI0000310,O000126,P0083,1,63.1,34.73,5
OI0000311,O000126,P0005,1,181.52,92.02,5
OI0000312,O000126,P0090,2,60.09,33.62,15
OI0000313,O000127,P0028,3,307.09,179.34,0
OI0000314,O000127,P0046,2,310.17,133.53,25
OI0000315,O000127,P0009,1,102.74,56.37,10
OI0000316,O000127,P0086,3,263.23,167.09,15
OI0000317,O000128,P0119,2,78.86,37.39,10
OI0000318,O000128,P0045,1,354.19,170.05,0
OI0000319,O000128,P0116,1,53.16,36.42,0
OI0000320,O000129,P0011,2,116.27,72.14,0
OI0000321,O000130,P0073,2,372.75,170.56,0
OI0000322,O000130,P0102,4,195.72,100.75,15
OI0000323,O000130,P0033,1,211.78,114.87,10
OI0000324,O000131,P0034,1,265.11,120.64,15
OI0000325,O000132,P0001,1,58.62,26.48,10
OI0000326,O000133,P0065,1,270.21,125.01,5
OI0000327,O000133,P0081,1,96.93,49.39,0
OI0000328,O000134,P0003,3,171.57,88.27,20
OI0000329,O000134,P0009,1,102.74,56.37,20
OI0000330,O000134,P0103,3,100.44,47.01,0
OI0000331,O000134,P0053,1,23.29,11.09,10
OI0000332,O000135,P0019,1,36.3,22.04,20
OI0000333,O000135,P0068,1,103.65,44.29,5
OI0000334,O000135,P0039,1,66.47,46.73,10
OI0000335,O000136,P0091,1,196.39,82.27,10
OI0000336,O000136,P0050,3,171.47,76.47,0
OI0000337,O000136,P0080,1,392.84,163.94,10
OI0000338,O000137,P0104,1,71.93,33.51,15
OI0000339,O000137,P0059,1,310.18,133.96,0
OI0000340,O000137,P0111,1,116.59,86.94,0
OI0000341,O000138,P0080,1,392.84,163.94,15
OI0000342,O000138,P0083,1,63.1,34.73,5
OI0000343,O000139,P0060,-1,306.49,149.27,15
OI0000344,O000140,P0087,1,136.09,59.78,5
OI0000345,O000140,P0092,1,51.3,24.69,10
OI0000346,O000140,P0100,-1,280.83,119.83,10
OI0000347,O000141,P0072,2,272.32,149.77,5
OI0000348,O000141,P0114,2,41.45,23.84,0
OI0000349,O000142,P0113,1,152.02,79.85,0
OI0000350,O000142,P0039,1,66.47,46.73,0
OI0000351,O000142,P0040,1,214.96,89.94,10
OI0000352,O000142,P0088,4,236.31,102.24,0
OI0000353,O000143,P0113,1,152.02,79.85,0
OI0000354,O000143,P0044,1,279.36,162.6,0
OI0000355,O000143,P0108,2,299.87,137.39,0
OI0000356,O000143,P0030,1,90.28,41.7,15
OI0000357,O000144,P0111,1,116.59,86.94,0
OI0000358,O000144,P0112,2,361.01,177.23,0
OI0000359,O000145,P0059,1,310.18,133.96,10
OI0000360,O000145,P0095,1,202.91,139.2,20
OI0000361,O000146,P0010,1,236.09,100.66,20
OI0000362,O000147,P0055,1,150.07,98.61,20
OI0000363,O000147,P0004,1,114.79,53.81,0
OI0000364,O000147,P0078,4,268.06,129.83,10
OI0000365,O000148,P0070,1,131.06,75.18,0
OI0000366,O000149,P0075,1,134.51,78.21,15
OI0000367,O000149,P0105,3,124.3,57.25,10
OI0000368,O000150,P0036,2,71.47,40.11,0
OI0000369,O000151,P0047,2,243.5,159.8,5
OI0000370,O000152,P0105,2,124.3,57.25,20
OI0000371,O000153,P0105,1,124.3,57.25,10
OI0000372,O000153,P0108,1,299.87,137.39,0
OI0000373,O000154,P0113,4,152.02,79.85,5
OI0000374,O000154,P0086,1,263.23,167.09,0
OI0000375,O000154,P0067,2,33.07,19.77,0
OI0000376,O000154,P0045,1,354.19,170.05,5
OI0000377,O000155,P0067,1,33.07,19.77,0
OI0000378,O000155,P0089,1,49.96,38.06,15
OI0000379,O000155,P0038,1,81.71,51.71,0
OI0000380,O000155,P0023,1,15.34,8.57,0
OI0000381,O000156,P0078,1,268.06,129.83,15
OI0000382,O000157,P0091,1,196.39,82.27,5
OI0000383,O000157,P0079,1,28.55,21.67,15
OI0000384,O000158,P0012,1,20.32,10.75,0
OI0000385,O000158,P0115,1,66.66,49.6,0
OI0000386,O000159,P0036,2,71.47,40.11,5
OI0000387,O000160,P0024,2,169.87,104.81,10
OI0000388,O000160,P0090,1,60.09,33.62,0
OI0000389,O000160,P0113,1,152.02,79.85,10
OI0000390,O000161,P0023,1,15.34,8.57,0
OI0000391,O000162,P0067,1,33.07,19.77,25
OI0000392,O000162,P0049,1,59.24,43.15,0
OI0000393,O000163,P0118,1,177.52,114.17,10
OI0000394,O000164,P0028,2,307.09,179.34,0
OI0000395,O000164,P0039,3,66.47,46.73,25
OI0000396,O000165,P0028,1,307.09,179.34,15
OI0000397,O000165,P0056,1,385.75,167.31,5
OI0000398,O000165,P0066,1,103.29,50.62,20
OI0000399,O000165,P0056,-1,385.75,167.31,0
OI0000400,O000166,P0110,4,311.63,167.87,10
OI0000401,O000166,P0009,1,102.74,56.37,10
OI0000402,O000166,P0071,2,66.14,34.77,0
OI0000403,O000166,P0004,2,114.79,53.81,10
OI0000404,O000167,P0068,4,103.65,44.29,20
OI0000405,O000167,P0086,2,263.23,167.09,10
OI0000406,O000167,P0083,1,63.1,34.73,15
OI0000407,O000168,P0053,1,23.29,11.09,0
OI0000408,O000168,P0080,1,392.84,163.94,0
OI0000409,O000169,P0051,1,104.92,60.39,20
OI0000410,O000169,P0045,4,354.19,170.05,0
OI0000411,O000169,P0103,1,100.44,47.01,5
OI0000412,O000170,P0104,2,71.93,33.51,5
OI0000413,O000170,P0072,1,272.32,149.77,15
OI0000414,O000170,P0078,3,268.06,129.83,20
OI0000415,O000171,P0048,2,316.06,150.66,10
OI0000416,O000172,P0063,1,8.2,5.54,5
OI0000417,O000173,P0076,1,81.73,46.21,0
OI0000418,O000173,P0011,2,116.27,72.14,20
OI0000419,O000174,P0083,1,63.1,34.73,10
OI0000420,O000174,P0022,2,192.12,85.66,0
OI0000421,O000175,P0050,1,171.47,76.47,10
OI0000422,O000176,P0100,1,280.83,119.83,10
OI0000423,O000177,P0054,2,83.38,49.27,0
OI0000424,O000177,P0032,1,148.44,75.4,0
OI0000425,O000177,P0052,3,142.04,68.52,15
OI0000426,O000177,P0095,4,202.91,139.2,0
OI0000427,O000178,P0091,1,196.39,82.27,5
OI0000428,O000178,P0001,2,58.62,26.48,10
OI0000429,O000178,P0023,1,15.34,8.57,0
OI0000430,O000179,P0101,1,338.95,156.07,0
OI0000431,O000179,P0058,1,224.02,143.13,15
OI0000432,O000179,P0016,4,182.65,108.43,0
OI0000433,O000179,P0005,3,181.52,92.02,0
OI0000434,O000180,P0066,2,103.29,50.62,15
OI0000435,O000180,P0082,1,64.05,28.14,0
OI0000436,O000180,P0033,4,211.78,114.87,0
OI0000437,O000181,P0057,1,95.09,41.82,20
OI0000438,O000182,P0083,2,63.1,34.73,15
OI0000439,O000183,P0027,2,283.79,152.07,0
OI0000440,O000183,P0010,1,236.09,100.66,0
OI0000441,O000183,P0114,2,41.45,23.84,15
OI0000442,O000183,P0084,1,42.76,20.69,5
OI0000443,O000184,P0045,1,354.19,170.05,0
OI0000444,O000184,P0119,1,78.86,37.39,10
OI0000445,O000185,P0071,1,66.14,34.77,25
OI0000446,O000186,P0046,1,310.17,133.53,5
OI0000447,O000186,P0120,2,123.81,98.52,5
OI0000448,O000187,P0106,1,56.39,27.98,0
OI0000449,O000187,P0109,3,39.14,21.27,20
OI0000450,O000187,P0036,2,71.47,40.11,5
OI0000451,O000188,P0033,2,211.78,114.87,5
OI0000452,O000188,P0084,2,42.76,20.69,10
OI0000453,O000188,P0089,1,49.96,38.06,5
OI0000454,O000188,P0025,1,187.19,125.9,10
OI0000455,O000189,P0012,1,20.32,10.75,0
OI0000456,O000189,P0120,4,123.81,98.52,10
OI0000457,O000190,P0071,2,66.14,34.77,15
OI0000458,O000190,P0107,1,140.71,82.95,0
OI0000459,O000190,P0106,1,56.39,27.98,5
OI0000460,O000191,P0094,3,309.52,160.91,10
OI0000461,O000191,P0067,1,33.07,19.77,5
OI0000462,O000191,P0007,1,180.16,110.8,0
OI0000463,O000192,P0049,2,59.24,43.15,0
OI0000464,O000192,P0071,-1,66.14,34.77,5
OI0000465,O000192,P0056,3,385.75,167.31,0
OI0000466,O000192,P0023,1,15.34,8.57,0
OI0000467,O000193,P0033,3,211.78,114.87,0
OI0000468,O000193,P0016,2,182.65,108.43,5
OI0000469,O000193,P0052,1,142.04,68.52,0
OI0000470,O000194,P0009,2,102.74,56.37,0
OI0000471,O000194,P0098,4,17.88,10.05,0
OI0000472,O000195,P0027,2,283.79,152.07,0
OI0000473,O000195,P0107,2,140.71,82.95,0
OI0000474,O000195,P0088,2,236.31,102.24,0
OI0000475,O000195,P0043,1,33.48,14.68,10
OI0000476,O000196,P0035,1,326.93,146.56,0
OI0000477,O000196,P0031,1,254.7,145.72,10
OI0000478,O000196,P0073,3,372.75,170.56,0
OI0000479,O000197,P0067,1,33.07,19.77,10
OI0000480,O000197,P0066,3,103.29,50.62,10
OI0000481,O000197,P0096,4,280.31,123.46,0
OI0000482,O000198,P0115,1,66.66,49.6,15
OI0000483,O000198,P0100,1,280.83,119.83,0
OI0000484,O000199,P0058,4,224.02,143.13,0
OI0000485,O000199,P0051,2,104.92,60.39,0
OI0000486,O000200,P0067,1,33.07,19.77,15
OI0000487,O000200,P0029,4,35.33,21.58,20
OI0000488,O000201,P0068,3,103.65,44.29,15
OI0000489,O000201,P0092,1,51.3,24.69,0
OI0000490,O000201,P0021,1,217.0,157.06,0
OI0000491,O000202,P0093,3,64.09,40.65,0
OI0000492,O000202,P0040,1,214.96,89.94,0
OI0000493,O000203,P0018,4,281.84,146.67,110
OI0000494,O000203,P0025,1,187.19,125.9,15
OI0000495,O000203,P0062,2,274.98,138.35,5
OI0000496,O000204,P0118,2,177.52,114.17,0
OI0000497,O000204,P0107,1,140.71,82.95,0
OI0000498,O000204,P0013,1,127.84,91.01,10
OI0000499,O000205,P0070,1,131.06,75.18,0
OI0000500,O000205,P0073,1,372.75,170.56,10
OI0000501,O000206,P0112,1,361.01,177.23,0
OI0000502,O000206,P0080,4,392.84,163.94,10
OI0000503,O000206,P0078,2,268.06,129.83,5
OI0000504,O000206,P0113,1,152.02,79.85,10
OI0000505,O000207,P0091,2,196.39,82.27,0
OI0000506,O000207,P0103,1,100.44,47.01,0
OI0000507,O000208,P0077,1,9.56,6.81,5
OI0000508,O000208,P0063,3,8.2,5.54,5
OI0000509,O000209,P0070,1,131.06,75.18,5
OI0000510,O000209,P0070,1,131.06,75.18,0
OI0000511,O000210,P0054,1,83.38,49.27,0
OI0000512,O000210,P0039,1,66.47,46.73,5
OI0000513,O000210,P0005,2,181.52,92.02,0
OI0000514,O000210,P0034,2,265.11,120.64,0
OI0000515,O000211,P0038,2,81.71,51.71,5
OI0000516,O000211,P0001,2,58.62,26.48,10
OI0000517,O000212,P0086,2,263.23,167.09,0
OI0000518,O000212,P0087,4,136.09,59.78,0
OI0000519,O000212,P0005,4,181.52,92.02,5
OI0000520,O000213,P0064,1,60.15,32.62,0
OI0000521,O000213,P0024,4,169.87,104.81,5
OI0000522,O000213,P0088,2,236.31,102.24,10
OI0000523,O000214,P0077,3,9.56,6.81,5
OI0000524,O000214,P0103,1,100.44,47.01,0
OI0000525,O000214,P0066,1,103.29,50.62,20
OI0000526,O000215,P0022,3,192.12,85.66,0
OI0000527,O000215,P0039,2,66.47,46.73,0
OI0000528,O000215,P0109,1,39.14,21.27,0
OI0000529,O000215,P0069,1,259.35,175.47,10
OI0000530,O000216,P0109,1,39.14,21.27,15
OI0000531,O000216,P0039,1,66.47,46.73,0
OI0000532,O000217,P0058,1,224.02,143.13,10
OI0000533,O000217,P0047,2,243.5,159.8,5
OI0000534,O000217,P0022,1,192.12,85.66,20
OI0000535,O000217,P0088,1,236.31,102.24,15
OI0000536,O000218,P0034,1,265.11,120.64,0
OI0000537,O000218,P0103,2,100.44,47.01,0
OI0000538,O000218,P0094,2,309.52,160.91,0
OI0000539,O000219,P0048,2,316.06,150.66,15
OI0000540,O000219,P0013,3,127.84,91.01,10
OI0000541,O000220,P0119,1,78.86,37.39,0
OI0000542,O000220,P0044,2,279.36,162.6,10
OI0000543,O000221,P0067,4,33.07,19.77,0
OI0000544,O000222,P0090,1,60.09,33.62,10
OI0000545,O000223,P0058,2,224.02,143.13,20
OI0000546,O000223,P0034,2,265.11,120.64,5
OI0000547,O000223,P0056,3,385.75,167.31,20
OI0000548,O000223,P0026,1,187.78,112.59,5
OI0000549,O000224,P0013,1,127.84,91.01,0
OI0000550,O000225,P0085,1,142.09,59.82,0
OI0000551,O000226,P0086,1,263.23,167.09,10
OI0000552,O000226,P0060,2,306.49,149.27,10
OI0000553,O000226,P0044,1,279.36,162.6,5
OI0000554,O000226,P0087,1,136.09,59.78,20
OI0000555,O000227,P0045,2,354.19,170.05,0
OI0000556,O000228,P0075,3,134.51,78.21,15
OI0000557,O000229,P0092,3,51.3,24.69,10
OI0000558,O000229,P0082,1,64.05,28.14,15
OI0000559,O000229,P0109,1,39.14,21.27,5
OI0000560,O000230,P0050,1,171.47,76.47,0
OI0000561,O000230,P0115,1,66.66,49.6,0
OI0000562,O000231,P0011,-1,116.27,72.14,15
OI0000563,O000231,P0068,2,103.65,44.29,15
OI0000564,O000231,P0109,3,39.14,21.27,5
OI0000565,O000232,P0084,1,42.76,20.69,5
OI0000566,O000232,P0007,2,180.16,110.8,0
OI0000567,O000233,P0029,3,35.33,21.58,5
OI0000568,O000233,P0015,1,147.82,103.39,0
OI0000569,O000233,P0112,2,361.01,177.23,0
OI0000570,O000234,P0005,3,181.52,92.02,0
OI0000571,O000234,P0111,4,116.59,86.94,5
OI0000572,O000234,P0046,1,310.17,133.53,10
OI0000573,O000234,P0074,2,62.08,27.78,20
OI0000574,O000235,P0116,1,53.16,36.42,15
OI0000575,O000235,P0030,1,90.28,41.7,0
OI0000576,O000235,P0066,1,103.29,50.62,5
OI0000577,O000235,P0056,1,385.75,167.31,0
OI0000578,O000236,P0095,2,202.91,139.2,15
OI0000579,O000236,P0058,2,224.02,143.13,25
OI0000580,O000237,P0036,2,71.47,40.11,15
OI0000581,O000237,P0050,1,171.47,76.47,10
OI0000582,O000237,P0068,1,103.65,44.29,15
OI0000583,O000238,P0104,1,71.93,33.51,20
OI0000584,O000238,P0051,4,104.92,60.39,10
OI0000585,O000238,P0069,2,259.35,175.47,0
OI0000586,O000239,P0010,-1,236.09,100.66,0
OI0000587,O000239,P0031,1,254.7,145.72,0
OI0000588,O000239,P0045,2,354.19,170.05,10
OI0000589,O000240,P0006,2,273.98,150.3,0
OI0000590,O000240,P0019,1,36.3,22.04,0
OI0000591,O000240,P0035,2,326.93,146.56,15
OI0000592,O000240,P0049,1,59.24,43.15,0
OI0000593,O000241,P0008,2,223.03,120.69,5
OI0000594,O000241,P0115,3,66.66,49.6,0
OI0000595,O000241,P0080,1,392.84,163.94,5
OI0000596,O000241,P0048,3,316.06,150.66,5
OI0000597,O000242,P0095,3,202.91,139.2,5
OI0000598,O000243,P0053,1,23.29,11.09,0
OI0000599,O000243,P0079,1,28.55,21.67,0
OI0000600,O000243,P0104,2,71.93,33.51,15
OI0000601,O000244,P0052,2,142.04,68.52,0
OI0000602,O000244,P0104,1,71.93,33.51,0
OI0000603,O000244,P0118,2,177.52,114.17,5
OI0000604,O000245,P0068,2,103.65,44.29,0
OI0000605,O000245,P0018,1,281.84,146.67,5
OI0000606,O000245,P0044,2,279.36,162.6,10
OI0000607,O000245,P0006,1,273.98,150.3,0
OI0000608,O000246,P0112,2,361.01,177.23,5
OI0000609,O000247,P0049,2,59.24,43.15,0
OI0000610,O000247,P0070,4,131.06,75.18,10
OI0000611,O000248,P0015,2,147.82,103.39,10
OI0000612,O000248,P0113,2,152.02,79.85,110
OI0000613,O000248,P0017,3,30.38,15.75,15
OI0000614,O000248,P0095,1,202.91,139.2,0
OI0000615,O000249,P0058,2,224.02,143.13,0
OI0000616,O000249,P0028,1,307.09,179.34,5
OI0000617,O000250,P0042,1,79.85,35.8,5
OI0000618,O000250,P0059,1,310.18,133.96,0
OI0000619,O000250,P0015,2,147.82,103.39,0
OI0000620,O000250,P0108,1,299.87,137.39,0
OI0000621,O000251,P0041,1,46.27,32.89,0
OI0000622,O000251,P0050,2,171.47,76.47,0
OI0000623,O000251,P0025,4,187.19,125.9,5
OI0000624,O000251,P0097,1,163.15,70.37,20
OI0000625,O000252,P0102,2,195.72,100.75,0
OI0000626,O000252,P0023,1,15.34,8.57,0
OI0000627,O000253,P0097,1,163.15,70.37,0
OI0000628,O000253,P0063,2,8.2,5.54,25
OI0000629,O000253,P0074,1,62.08,27.78,0
OI0000630,O000254,P0039,2,66.47,46.73,5
OI0000631,O000255,P0064,2,60.15,32.62,20
OI0000632,O000255,P0012,1,20.32,10.75,0
OI0000633,O000256,P0107,2,140.71,82.95,15
OI0000634,O000256,P0096,1,280.31,123.46,5
OI0000635,O000256,P0061,2,241.21,110.37,0
OI0000636,O000256,P0001,1,58.62,26.48,10
OI0000637,O000257,P0080,1,392.84,163.94,0
OI0000638,O000257,P0030,1,90.28,41.7,0
OI0000639,O000258,P0042,3,79.85,35.8,20
OI0000640,O000258,P0092,1,51.3,24.69,5
OI0000641,O000258,P0042,1,79.85,35.8,10
OI0000642,O000259,P0091,1,196.39,82.27,10
OI0000643,O000259,P0119,4,78.86,37.39,25
OI0000644,O000259,P0078,1,268.06,129.83,0
OI0000645,O000259,P0112,-1,361.01,177.23,5
OI0000646,O000260,P0080,1,392.84,163.94,15
OI0000647,O000260,P0099,1,179.3,114.96,0
OI0000648,O000260,P0031,1,254.7,145.72,10
OI0000649,O000261,P0032,2,148.44,75.4,15
OI0000650,O000261,P0118,1,177.52,114.17,5
OI0000651,O000262,P0090,1,60.09,33.62,0
OI0000652,O000262,P0008,1,223.03,120.69,10
OI0000653,O000263,P0078,1,268.06,129.83,0
OI0000654,O000264,P0012,3,20.32,10.75,10
OI0000655,O000264,P0069,1,259.35,175.47,0
OI0000656,O000264,P0010,1,236.09,100.66,10
OI0000657,O000264,P0079,2,28.55,21.67,10
OI0000658,O000265,P0103,4,100.44,47.01,15
OI0000659,O000265,P0024,1,169.87,104.81,0
OI0000660,O000266,P0096,1,280.31,123.46,10
OI0000661,O000266,P0112,1,361.01,177.23,10
OI0000662,O000266,P0075,1,134.51,78.21,10
OI0000663,O000266,P0006,1,273.98,150.3,15
OI0000664,O000267,P0118,1,177.52,114.17,0
OI0000665,O000268,P0094,2,309.52,160.91,10
OI0000666,O000268,P0113,3,152.02,79.85,20
OI0000667,O000269,P0039,-1,66.47,46.73,5
OI0000668,O000269,P0031,3,254.7,145.72,0
OI0000669,O000269,P0114,2,41.45,23.84,0
OI0000670,O000269,P0001,1,58.62,26.48,5
OI0000671,O000270,P0098,4,17.88,10.05,0
OI0000672,O000270,P0044,1,279.36,162.6,0
OI0000673,O000270,P0035,2,326.93,146.56,0
OI0000674,O000271,P0065,1,270.21,125.01,0
OI0000675,O000271,P0096,1,280.31,123.46,0
OI0000676,O000271,P0075,1,134.51,78.21,10
OI0000677,O000271,P0025,1,187.19,125.9,10
OI0000678,O000272,P0057,3,95.09,41.82,5
OI0000679,O000272,P0012,1,20.32,10.75,10
OI0000680,O000272,P0095,2,202.91,139.2,15
OI0000681,O000273,P0119,4,78.86,37.39,25
OI0000682,O000273,P0116,1,53.16,36.42,10
OI0000683,O000274,P0109,1,39.14,21.27,0
OI0000684,O000274,P0042,2,79.85,35.8,0
OI0000685,O000275,P0008,3,223.03,120.69,15
OI0000686,O000276,P0108,2,299.87,137.39,0
OI0000687,O000276,P0009,4,102.74,56.37,5
OI0000688,O000276,P0101,1,338.95,156.07,5
OI0000689,O000276,P0087,4,136.09,59.78,10
OI0000690,O000277,P0089,1,49.96,38.06,5
OI0000691,O000278,P0090,1,60.09,33.62,20
OI0000692,O000278,P0017,2,30.38,15.75,0
OI0000693,O000278,P0022,2,192.12,85.66,5
OI0000694,O000278,P0102,2,195.72,100.75,10
OI0000695,O000279,P0012,2,20.32,10.75,20
OI0000696,O000280,P0007,2,180.16,110.8,5
OI0000697,O000281,P0045,4,354.19,170.05,10
OI0000698,O000281,P0028,1,307.09,179.34,0
OI0000699,O000282,P0062,1,274.98,138.35,0
OI0000700,O000283,P0115,1,66.66,49.6,20
OI0000701,O000283,P0115,2,66.66,49.6,5
OI0000702,O000283,P0004,-1,114.79,53.81,0
OI0000703,O000284,P0004,3,114.79,53.81,0
OI0000704,O000284,P0073,1,372.75,170.56,15
OI0000705,O000284,P0065,1,270.21,125.01,10
OI0000706,O000284,P0095,1,202.91,139.2,110
OI0000707,O000285,P0096,3,280.31,123.46,20
OI0000708,O000285,P0017,3,30.38,15.75,10
OI0000709,O000285,P0062,1,274.98,138.35,0
OI0000710,O000285,P0068,3,103.65,44.29,5
OI0000711,O000286,P0043,4,33.48,14.68,0
OI0000712,O000286,P0021,1,217.0,157.06,10
OI0000713,O000286,P0112,1,361.01,177.23,0
OI0000714,O000286,P0030,2,90.28,41.7,0
OI0000715,O000287,P0111,1,116.59,86.94,20
OI0000716,O000288,P0028,1,307.09,179.34,5
OI0000717,O000289,P0019,1,36.3,22.04,0
OI0000718,O000290,P0026,1,187.78,112.59,15
OI0000719,O000290,P0004,1,114.79,53.81,5
OI0000720,O000291,P0095,3,202.91,139.2,15
OI0000721,O000292,P0115,1,66.66,49.6,5
OI0000722,O000292,P0110,3,311.63,167.87,5
OI0000723,O000292,P0022,1,192.12,85.66,0
OI0000724,O000292,P0005,1,181.52,92.02,0
OI0000725,O000293,P0029,1,35.33,21.58,0
OI0000726,O000293,P0104,2,71.93,33.51,5
OI0000727,O000293,P0015,2,147.82,103.39,10
OI0000728,O000294,P0108,1,299.87,137.39,0
OI0000729,O000294,P0041,1,46.27,32.89,0
OI0000730,O000295,P0081,1,96.93,49.39,0
OI0000731,O000295,P0030,1,90.28,41.7,15
OI0000732,O000295,P0028,3,307.09,179.34,0
OI0000733,O000295,P0086,3,263.23,167.09,10
OI0000734,O000296,P0065,1,270.21,125.01,10
OI0000735,O000297,P0031,1,254.7,145.72,15
OI0000736,O000297,P0056,1,385.75,167.31,0
OI0000737,O000297,P0108,1,299.87,137.39,0
OI0000738,O000298,P0079,1,28.55,21.67,5
OI0000739,O000298,P0110,2,311.63,167.87,15
OI0000740,O000298,P0057,4,95.09,41.82,0
OI0000741,O000299,P0023,3,15.34,8.57,15
OI0000742,O000300,P0090,1,60.09,33.62,10
OI0000743,O000300,P0110,1,311.63,167.87,0
OI0000744,O000301,P0112,2,361.01,177.23,15
OI0000745,O000301,P0115,1,66.66,49.6,10
OI0000746,O000301,P0003,1,171.57,88.27,5
OI0000747,O000302,P0097,1,163.15,70.37,15
OI0000748,O000302,P0087,2,136.09,59.78,10
OI0000749,O000302,P0058,2,224.02,143.13,0
OI0000750,O000303,P0100,2,280.83,119.83,0
OI0000751,O000303,P0010,1,236.09,100.66,10
OI0000752,O000304,P0033,1,211.78,114.87,10
OI0000753,O000305,P0015,2,147.82,103.39,0
OI0000754,O000306,P0076,3,81.73,46.21,20
OI0000755,O000306,P0036,1,71.47,40.11,5
OI0000756,O000306,P0057,2,95.09,41.82,15
OI0000757,O000306,P0084,1,42.76,20.69,0
OI0000758,O000307,P0072,2,272.32,149.77,10
OI0000759,O000308,P0110,4,311.63,167.87,15
OI0000760,O000309,P0107,2,140.71,82.95,5
OI0000761,O000309,P0026,1,187.78,112.59,0
OI0000762,O000309,P0029,2,35.33,21.58,0
OI0000763,O000310,P0111,4,116.59,86.94,0
OI0000764,O000310,P0064,-1,60.15,32.62,0
OI0000765,O000310,P0120,3,123.81,98.52,0
OI0000766,O000310,P0102,1,195.72,100.75,10
OI0000767,O000311,P0003,3,171.57,88.27,10
OI0000768,O000311,P0007,1,180.16,110.8,0
OI0000769,O000311,P0026,1,187.78,112.59,10
OI0000770,O000312,P0069,1,259.35,175.47,0
OI0000771,O000313,P0024,1,169.87,104.81,5
OI0000772,O000314,P0002,4,230.82,108.89,5
OI0000773,O000314,P0063,1,8.2,5.54,10
OI0000774,O000314,P0091,1,196.39,82.27,0
OI0000775,O000315,P0118,1,177.52,114.17,0
OI0000776,O000315,P0072,4,272.32,149.77,0
OI0000777,O000316,P0103,1,100.44,47.01,0
OI0000778,O000316,P0082,1,64.05,28.14,0
OI0000779,O000317,P0010,1,236.09,100.66,0
OI0000780,O000317,P0115,2,66.66,49.6,15
OI0000781,O000317,P0063,1,8.2,5.54,5
OI0000782,O000318,P0063,2,8.2,5.54,0
OI0000783,O000318,P0101,3,338.95,156.07,10
OI0000784,O000319,P0080,2,392.84,163.94,15
OI0000785,O000319,P0001,1,58.62,26.48,15
OI0000786,O000320,P0095,2,202.91,139.2,0
OI0000787,O000320,P0033,3,211.78,114.87,15
OI0000788,O000320,P0025,2,187.19,125.9,0
OI0000789,O000321,P0029,1,35.33,21.58,0
OI0000790,O000321,P0015,1,147.82,103.39,5
OI0000791,O000321,P0118,1,177.52,114.17,0
OI0000792,O000322,P0067,1,33.07,19.77,0
OI0000793,O000322,P0031,2,254.7,145.72,20
OI0000794,O000322,P0027,1,283.79,152.07,0
OI0000795,O000322,P0119,1,78.86,37.39,10
OI0000796,O000323,P0003,1,171.57,88.27,0
OI0000797,O000323,P0088,2,236.31,102.24,0
OI0000798,O000324,P0009,1,102.74,56.37,0
OI0000799,O000325,P0045,1,354.19,170.05,5
OI0000800,O000325,P0069,2,259.35,175.47,0
OI0000801,O000325,P0110,1,311.63,167.87,0
OI0000802,O000325,P0065,1,270.21,125.01,10
OI0000803,O000326,P0030,4,90.28,41.7,0
OI0000804,O000326,P0039,4,66.47,46.73,20
OI0000805,O000326,P0082,3,64.05,28.14,25
OI0000806,O000327,P0003,2,171.57,88.27,0
OI0000807,O000327,P0030,2,90.28,41.7,5
OI0000808,O000327,P0069,2,259.35,175.47,20
OI0000809,O000328,P0030,4,90.28,41.7,10
OI0000810,O000329,P0088,1,236.31,102.24,15
OI0000811,O000329,P0004,1,114.79,53.81,15
OI0000812,O000329,P0105,1,124.3,57.25,5
OI0000813,O000330,P0049,1,59.24,43.15,0
OI0000814,O000330,P0019,1,36.3,22.04,5
OI0000815,O000330,P0067,3,33.07,19.77,0
OI0000816,O000331,P0023,1,15.34,8.57,20
OI0000817,O000331,P0022,1,192.12,85.66,0
OI0000818,O000331,P0020,2,185.28,120.72,5
OI0000819,O000331,P0040,2,214.96,89.94,0
OI0000820,O000332,P0062,4,274.98,138.35,0
OI0000821,O000332,P0021,1,217.0,157.06,0
OI0000822,O000333,P0079,1,28.55,21.67,0
OI0000823,O000333,P0119,1,78.86,37.39,0
OI0000824,O000333,P0094,1,309.52,160.91,0
OI0000825,O000334,P0065,1,270.21,125.01,0
OI0000826,O000335,P0105,1,124.3,57.25,10
OI0000827,O000336,P0033,1,211.78,114.87,5
OI0000828,O000337,P0061,1,241.21,110.37,10
OI0000829,O000337,P0108,1,299.87,137.39,5
OI0000830,O000338,P0085,1,142.09,59.82,110
OI0000831,O000338,P0069,3,259.35,175.47,20
OI0000832,O000338,P0100,3,280.83,119.83,15
OI0000833,O000339,P0106,3,56.39,27.98,0
OI0000834,O000339,P0005,1,181.52,92.02,20
OI0000835,O000340,P0053,1,23.29,11.09,0
OI0000836,O000340,P0034,1,265.11,120.64,15
OI0000837,O000340,P0032,1,148.44,75.4,0
OI0000838,O000341,P0042,1,79.85,35.8,15
OI0000839,O000341,P0089,1,49.96,38.06,0
OI0000840,O000341,P0071,1,66.14,34.77,0
OI0000841,O000342,P0060,4,306.49,149.27,10
OI0000842,O000342,P0072,1,272.32,149.77,5
OI0000843,O000342,P0033,2,211.78,114.87,0
OI0000844,O000343,P0080,3,392.84,163.94,0
OI0000845,O000343,P0018,1,281.84,146.67,0
OI0000846,O000344,P0082,1,64.05,28.14,5
OI0000847,O000345,P0099,4,179.3,114.96,0
OI0000848,O000345,P0085,1,142.09,59.82,0
OI0000849,O000346,P0110,3,311.63,167.87,10
OI0000850,O000346,P0078,1,268.06,129.83,0
OI0000851,O000346,P0063,1,8.2,5.54,0
OI0000852,O000347,P0061,3,241.21,110.37,15
OI0000853,O000347,P0054,1,83.38,49.27,15
OI0000854,O000348,P0097,4,163.15,70.37,5
OI0000855,O000348,P0024,1,169.87,104.81,0
OI0000856,O000348,P0007,1,180.16,110.8,10
OI0000857,O000349,P0078,-1,268.06,129.83,5
OI0000858,O000350,P0033,1,211.78,114.87,10
OI0000859,O000351,P0028,1,307.09,179.34,0
OI0000860,O000351,P0023,1,15.34,8.57,10
OI0000861,O000351,P0064,1,60.15,32.62,0
OI0000862,O000351,P0038,2,81.71,51.71,0
OI0000863,O000352,P0030,1,90.28,41.7,0
OI0000864,O000352,P0052,1,142.04,68.52,0
OI0000865,O000352,P0006,1,273.98,150.3,15
OI0000866,O000352,P0076,1,81.73,46.21,0
OI0000867,O000353,P0080,1,392.84,163.94,15
OI0000868,O000354,P0035,3,326.93,146.56,10
OI0000869,O000354,P0113,2,152.02,79.85,0
OI0000870,O000355,P0047,1,243.5,159.8,10
OI0000871,O000355,P0111,1,116.59,86.94,0
OI0000872,O000356,P0095,1,202.91,139.2,0
OI0000873,O000357,P0018,3,281.84,146.67,5
OI0000874,O000357,P0011,4,116.27,72.14,5
OI0000875,O000357,P0106,2,56.39,27.98,0
OI0000876,O000357,P0053,2,23.29,11.09,0
OI0000877,O000358,P0056,1,385.75,167.31,0
OI0000878,O000358,P0050,1,171.47,76.47,0
OI0000879,O000359,P0016,2,182.65,108.43,10
OI0000880,O000359,P0084,2,42.76,20.69,5
OI0000881,O000360,P0076,1,81.73,46.21,0
OI0000882,O000360,P0034,1,265.11,120.64,10
OI0000883,O000360,P0004,2,114.79,53.81,0
OI0000884,O000361,P0057,2,95.09,41.82,0
OI0000885,O000361,P0101,4,338.95,156.07,5
OI0000886,O000362,P0018,1,281.84,146.67,0
OI0000887,O000362,P0105,1,124.3,57.25,5
OI0000888,O000362,P0085,3,142.09,59.82,10
OI0000889,O000362,P0029,1,35.33,21.58,25
OI0000890,O000363,P0027,2,283.79,152.07,10
OI0000891,O000363,P0106,2,56.39,27.98,5
OI0000892,O000364,P0061,1,241.21,110.37,10
OI0000893,O000365,P0111,1,116.59,86.94,10
OI0000894,O000365,P0010,1,236.09,100.66,20
OI0000895,O000365,P0071,3,66.14,34.77,0
OI0000896,O000366,P0019,1,36.3,22.04,25
OI0000897,O000366,P0074,1,62.08,27.78,5
OI0000898,O000366,P0043,2,33.48,14.68,0
OI0000899,O000366,P0007,1,180.16,110.8,10
OI0000900,O000367,P0028,1,307.09,179.34,15
OI0000901,O000367,P0053,1,23.29,11.09,15
OI0000902,O000367,P0001,1,58.62,26.48,0
OI0000903,O000367,P0079,2,28.55,21.67,5
OI0000904,O000368,P0075,1,134.51,78.21,10
OI0000905,O000368,P0100,-1,280.83,119.83,15
OI0000906,O000369,P0050,3,171.47,76.47,15
OI0000907,O000370,P0070,1,131.06,75.18,20
OI0000908,O000371,P0073,1,372.75,170.56,110
OI0000909,O000371,P0050,1,171.47,76.47,15
OI0000910,O000372,P0094,2,309.52,160.91,5
OI0000911,O000372,P0055,1,150.07,98.61,0
OI0000912,O000372,P0030,3,90.28,41.7,0
OI0000913,O000372,P0031,1,254.7,145.72,0
OI0000914,O000373,P0047,1,243.5,159.8,0
OI0000915,O000373,P0084,2,42.76,20.69,0
OI0000916,O000373,P0026,4,187.78,112.59,0
OI0000917,O000373,P0065,2,270.21,125.01,0
OI0000918,O000374,P0041,3,46.27,32.89,15
OI0000919,O000374,P0083,1,63.1,34.73,15
OI0000920,O000374,P0115,2,66.66,49.6,5
OI0000921,O000374,P0064,1,60.15,32.62,10
OI0000922,O000375,P0016,3,182.65,108.43,0
OI0000923,O000375,P0054,2,83.38,49.27,0
OI0000924,O000375,P0034,1,265.11,120.64,0
OI0000925,O000375,P0083,1,63.1,34.73,20
OI0000926,O000376,P0019,1,36.3,22.04,25
OI0000927,O000377,P0038,3,81.71,51.71,5
OI0000928,O000377,P0090,1,60.09,33.62,0
OI0000929,O000377,P0090,3,60.09,33.62,5
OI0000930,O000378,P0053,-1,23.29,11.09,15
OI0000931,O000378,P0046,4,310.17,133.53,15
OI0000932,O000378,P0039,3,66.47,46.73,5
OI0000933,O000378,P0068,1,103.65,44.29,10
OI0000934,O000379,P0026,-1,187.78,112.59,10
OI0000935,O000379,P0067,1,33.07,19.77,10
OI0000936,O000380,P0024,2,169.87,104.81,20
OI0000937,O000381,P0059,1,310.18,133.96,0
OI0000938,O000382,P0058,1,224.02,143.13,20
OI0000939,O000382,P0022,1,192.12,85.66,15
OI0000940,O000382,P0073,2,372.75,170.56,0
OI0000941,O000383,P0087,2,136.09,59.78,20
OI0000942,O000384,P0004,2,114.79,53.81,20
OI0000943,O000384,P0039,1,66.47,46.73,0
OI0000944,O000384,P0080,1,392.84,163.94,0
OI0000945,O000384,P0112,1,361.01,177.23,0
OI0000946,O000385,P0076,4,81.73,46.21,5
OI0000947,O000385,P0077,3,9.56,6.81,20
OI0000948,O000386,P0065,2,270.21,125.01,20
OI0000949,O000387,P0053,1,23.29,11.09,5
OI0000950,O000387,P0113,2,152.02,79.85,10
OI0000951,O000387,P0006,1,273.98,150.3,0
OI0000952,O000387,P0058,2,224.02,143.13,5
OI0000953,O000388,P0086,1,263.23,167.09,0
OI0000954,O000388,P0002,1,230.82,108.89,20
OI0000955,O000388,P0089,2,49.96,38.06,0
OI0000956,O000388,P0017,1,30.38,15.75,0
OI0000957,O000389,P0044,1,279.36,162.6,0
OI0000958,O000389,P0078,1,268.06,129.83,0
OI0000959,O000390,P0044,2,279.36,162.6,0
OI0000960,O000390,P0082,2,64.05,28.14,0
OI0000961,O000390,P0113,3,152.02,79.85,0
OI0000962,O000391,P0105,2,124.3,57.25,0
OI0000963,O000391,P0033,1,211.78,114.87,20
OI0000964,O000391,P0073,2,372.75,170.56,0
OI0000965,O000392,P0021,1,217.0,157.06,0
OI0000966,O000392,P0057,2,95.09,41.82,0
OI0000967,O000392,P0092,2,51.3,24.69,0
OI0000968,O000393,P0109,2,39.14,21.27,0
OI0000969,O000393,P0107,2,140.71,82.95,15
OI0000970,O000393,P0053,1,23.29,11.09,20
OI0000971,O000394,P0048,2,316.06,150.66,5
OI0000972,O000394,P0008,4,223.03,120.69,10
OI0000973,O000394,P0025,2,187.19,125.9,0
OI0000974,O000394,P0089,1,49.96,38.06,0
OI0000975,O000395,P0039,1,66.47,46.73,0
OI0000976,O000396,P0068,2,103.65,44.29,0
OI0000977,O000396,P0006,2,273.98,150.3,5
OI0000978,O000396,P0003,1,171.57,88.27,5
OI0000979,O000397,P0071,2,66.14,34.77,0
OI0000980,O000398,P0010,1,236.09,100.66,0
OI0000981,O000398,P0008,1,223.03,120.69,10
OI0000982,O000398,P0029,2,35.33,21.58,0
OI0000983,O000398,P0070,4,131.06,75.18,0
OI0000984,O000399,P0091,1,196.39,82.27,5
OI0000985,O000399,P0066,1,103.29,50.62,20
OI0000986,O000399,P0025,2,187.19,125.9,0
OI0000987,O000399,P0103,1,100.44,47.01,15
OI0000988,O000400,P0044,1,279.36,162.6,10
OI0000989,O000401,P0043,1,33.48,14.68,10
OI0000990,O000401,P0089,3,49.96,38.06,0
OI0000991,O000401,P0094,2,309.52,160.91,25
OI0000992,O000401,P0108,2,299.87,137.39,10
OI0000993,O000402,P0030,2,90.28,41.7,20
OI0000994,O000403,P0026,1,187.78,112.59,5
OI0000995,O000403,P0111,1,116.59,86.94,20
OI0000996,O000403,P0033,2,211.78,114.87,15
OI0000997,O000403,P0022,2,192.12,85.66,20
OI0000998,O000404,P0094,2,309.52,160.91,20
OI0000999,O000404,P0114,1,41.45,23.84,0
OI0001000,O000404,P0101,1,338.95,156.07,0
OI0001001,O000404,P0018,4,281.84,146.67,15
OI0001002,O000405,P0005,3,181.52,92.02,10
OI0001003,O000406,P0047,1,243.5,159.8,0
OI0001004,O000406,P0117,2,252.27,158.43,20
OI0001005,O000406,P0034,2,265.11,120.64,5
OI0001006,O000406,P0079,1,28.55,21.67,15
OI0001007,O000407,P0009,3,102.74,56.37,5
OI0001008,O000408,P0051,1,104.92,60.39,15
OI0001009,O000408,P0063,1,8.2,5.54,10
OI0001010,O000408,P0011,2,116.27,72.14,0
OI0001011,O000409,P0113,1,152.02,79.85,5
OI0001012,O000409,P0025,3,187.19,125.9,0
OI0001013,O000409,P0029,1,35.33,21.58,10
OI0001014,O000410,P0074,4,62.08,27.78,0
OI0001015,O000410,P0061,3,241.21,110.37,10
OI0001016,O000410,P0015,1,147.82,103.39,0
OI0001017,O000410,P0042,2,79.85,35.8,0
OI0001018,O000411,P0006,2,273.98,150.3,20
OI0001019,O000412,P0016,3,182.65,108.43,0
OI0001020,O000412,P0027,1,283.79,152.07,0
OI0001021,O000412,P0108,3,299.87,137.39,15
OI0001022,O000413,P0015,1,147.82,103.39,15
OI0001023,O000413,P0050,1,171.47,76.47,10
OI0001024,O000413,P0117,3,252.27,158.43,10
OI0001025,O000414,P0103,2,100.44,47.01,0
OI0001026,O000415,P0117,-1,252.27,158.43,20
OI0001027,O000416,P0017,2,30.38,15.75,0
OI0001028,O000416,P0076,1,81.73,46.21,0
OI0001029,O000417,P0027,3,283.79,152.07,0
OI0001030,O000417,P0086,1,263.23,167.09,10
OI0001031,O000418,P0083,-1,63.1,34.73,0
OI0001032,O000418,P0003,1,171.57,88.27,10
OI0001033,O000419,P0005,1,181.52,92.02,5
OI0001034,O000419,P0025,2,187.19,125.9,0
OI0001035,O000420,P0074,1,62.08,27.78,0
OI0001036,O000420,P0057,2,95.09,41.82,110
OI0001037,O000421,P0043,1,33.48,14.68,5
OI0001038,O000421,P0093,1,64.09,40.65,0
OI0001039,O000421,P0112,1,361.01,177.23,20
OI0001040,O000422,P0066,1,103.29,50.62,25
OI0001041,O000422,P0092,1,51.3,24.69,20
OI0001042,O000422,P0105,1,124.3,57.25,15
OI0001043,O000422,P0093,1,64.09,40.65,20
OI0001044,O000423,P0018,1,281.84,146.67,0
OI0001045,O000424,P0078,3,268.06,129.83,0
OI0001046,O000424,P0041,2,46.27,32.89,0
OI0001047,O000424,P0016,1,182.65,108.43,10
OI0001048,O000424,P0077,2,9.56,6.81,0
OI0001049,O000425,P0110,1,311.63,167.87,0
OI0001050,O000425,P0051,1,104.92,60.39,5
OI0001051,O000425,P0044,2,279.36,162.6,10
OI0001052,O000425,P0028,1,307.09,179.34,0
OI0001053,O000426,P0078,1,268.06,129.83,5
OI0001054,O000426,P0108,1,299.87,137.39,0
OI0001055,O000427,P0109,1,39.14,21.27,10
OI0001056,O000427,P0042,2,79.85,35.8,0
OI0001057,O000428,P0041,2,46.27,32.89,0
OI0001058,O000428,P0046,1,310.17,133.53,5
OI0001059,O000428,P0042,1,79.85,35.8,5
OI0001060,O000428,P0043,2,33.48,14.68,15
OI0001061,O000429,P0050,2,171.47,76.47,0
OI0001062,O000430,P0066,1,103.29,50.62,25
OI0001063,O000430,P0075,2,134.51,78.21,10
OI0001064,O000430,P0107,1,140.71,82.95,20
OI0001065,O000430,P0099,1,179.3,114.96,0
OI0001066,O000431,P0019,2,36.3,22.04,5
OI0001067,O000432,P0074,2,62.08,27.78,5
OI0001068,O000433,P0045,2,354.19,170.05,0
OI0001069,O000434,P0024,3,169.87,104.81,15
OI0001070,O000435,P0060,1,306.49,149.27,0
OI0001071,O000435,P0115,1,66.66,49.6,0
OI0001072,O000435,P0030,1,90.28,41.7,25
OI0001073,O000435,P0029,1,35.33,21.58,20
OI0001074,O000436,P0058,1,224.02,143.13,0
OI0001075,O000436,P0064,2,60.15,32.62,0
OI0001076,O000436,P0070,1,131.06,75.18,10
OI0001077,O000436,P0019,4,36.3,22.04,10
OI0001078,O000437,P0101,1,338.95,156.07,0
OI0001079,O000438,P0018,2,281.84,146.67,5
OI0001080,O000438,P0072,1,272.32,149.77,0
OI0001081,O000439,P0039,2,66.47,46.73,5
OI0001082,O000440,P0036,1,71.47,40.11,0
OI0001083,O000440,P0086,3,263.23,167.09,0
OI0001084,O000440,P0108,2,299.87,137.39,20
OI0001085,O000440,P0039,2,66.47,46.73,0
OI0001086,O000441,P0002,1,230.82,108.89,0
OI0001087,O000441,P0053,2,23.29,11.09,0
OI0001088,O000441,P0089,1,49.96,38.06,15
OI0001089,O000442,P0113,1,152.02,79.85,0
OI0001090,O000443,P0063,2,8.2,5.54,15
OI0001091,O000443,P0063,1,8.2,5.54,20
OI0001092,O000443,P0082,2,64.05,28.14,20
OI0001093,O000443,P0091,1,196.39,82.27,20
OI0001094,O000444,P0002,1,230.82,108.89,15
OI0001095,O000444,P0023,1,15.34,8.57,0
OI0001096,O000444,P0082,1,64.05,28.14,10
OI0001097,O000444,P0039,1,66.47,46.73,0
OI0001098,O000445,P0014,1,189.67,104.55,5
OI0001099,O000446,P0055,4,150.07,98.61,110
OI0001100,O000446,P0114,3,41.45,23.84,20
OI0001101,O000446,P0097,1,163.15,70.37,0
OI0001102,O000447,P0044,1,279.36,162.6,0
OI0001103,O000447,P0021,2,217.0,157.06,0
OI0001104,O000447,P0011,3,116.27,72.14,5
OI0001105,O000448,P0069,3,259.35,175.47,5
OI0001106,O000448,P0057,1,95.09,41.82,0
OI0001107,O000448,P0115,2,66.66,49.6,15
OI0001108,O000448,P0065,2,270.21,125.01,0
OI0001109,O000449,P0027,2,283.79,152.07,0
OI0001110,O000449,P0073,1,372.75,170.56,10
OI0001111,O000450,P0065,3,270.21,125.01,0
OI0001112,O000450,P0114,2,41.45,23.84,5
OI0001113,O000450,P0077,1,9.56,6.81,5
OI0001114,O000450,P0105,1,124.3,57.25,10
OI0001115,O000451,P0015,4,147.82,103.39,5
OI0001116,O000451,P0008,2,223.03,120.69,10
OI0001117,O000451,P0061,2,241.21,110.37,0
OI0001118,O000451,P0080,1,392.84,163.94,15
OI0001119,O000452,P0069,2,259.35,175.47,0
OI0001120,O000452,P0089,2,49.96,38.06,0
OI0001121,O000452,P0043,2,33.48,14.68,5
OI0001122,O000452,P0067,2,33.07,19.77,0
OI0001123,O000453,P0081,1,96.93,49.39,0
OI0001124,O000453,P0074,1,62.08,27.78,10
OI0001125,O000453,P0040,4,214.96,89.94,10
OI0001126,O000454,P0028,4,307.09,179.34,0
OI0001127,O000454,P0021,1,217.0,157.06,20
OI0001128,O000454,P0092,2,51.3,24.69,10
OI0001129,O000454,P0084,1,42.76,20.69,0
OI0001130,O000455,P0001,4,58.62,26.48,0
OI0001131,O000455,P0052,2,142.04,68.52,10
OI0001132,O000455,P0052,1,142.04,68.52,0
OI0001133,O000456,P0117,1,252.27,158.43,20
OI0001134,O000456,P0004,4,114.79,53.81,10
OI0001135,O000457,P0080,1,392.84,163.94,5
OI0001136,O000457,P0049,1,59.24,43.15,15
OI0001137,O000457,P0055,2,150.07,98.61,0
OI0001138,O000457,P0036,4,71.47,40.11,10
OI0001139,O000458,P0020,2,185.28,120.72,5
OI0001140,O000459,P0024,1,169.87,104.81,0
OI0001141,O000460,P0077,1,9.56,6.81,5
OI0001142,O000461,P0039,2,66.47,46.73,0
OI0001143,O000462,P0035,1,326.93,146.56,0
OI0001144,O000462,P0087,1,136.09,59.78,0
OI0001145,O000463,P0010,3,236.09,100.66,0
OI0001146,O000463,P0052,1,142.04,68.52,0
OI0001147,O000463,P0093,1,64.09,40.65,0
OI0001148,O000463,P0060,3,306.49,149.27,20
OI0001149,O000464,P0118,1,177.52,114.17,10
OI0001150,O000465,P0108,1,299.87,137.39,10
OI0001151,O000466,P0060,1,306.49,149.27,0
OI0001152,O000466,P0102,2,195.72,100.75,15
OI0001153,O000467,P0061,2,241.21,110.37,20
OI0001154,O000467,P0024,1,169.87,104.81,10
OI0001155,O000467,P0115,1,66.66,49.6,5
OI0001156,O000467,P0040,2,214.96,89.94,0
OI0001157,O000468,P0082,1,64.05,28.14,20
OI0001158,O000468,P0101,1,338.95,156.07,10
OI0001159,O000468,P0065,1,270.21,125.01,25
OI0001160,O000468,P0021,1,217.0,157.06,10
OI0001161,O000469,P0058,2,224.02,143.13,10
OI0001162,O000469,P0037,2,171.97,76.8,15
OI0001163,O000469,P0065,1,270.21,125.01,0
OI0001164,O000469,P0110,1,311.63,167.87,10
OI0001165,O000470,P0023,3,15.34,8.57,0
OI0001166,O000471,P0093,1,64.09,40.65,20
OI0001167,O000472,P0061,3,241.21,110.37,0
OI0001168,O000472,P0042,2,79.85,35.8,20
OI0001169,O000472,P0065,4,270.21,125.01,5
OI0001170,O000472,P0004,1,114.79,53.81,0
OI0001171,O000473,P0010,4,236.09,100.66,0
OI0001172,O000473,P0118,1,177.52,114.17,0
OI0001173,O000473,P0110,2,311.63,167.87,15
OI0001174,O000473,P0069,2,259.35,175.47,20
OI0001175,O000474,P0120,1,123.81,98.52,0
OI0001176,O000475,P0046,2,310.17,133.53,5
OI0001177,O000476,P0065,1,270.21,125.01,10
OI0001178,O000476,P0060,2,306.49,149.27,0
OI0001179,O000476,P0054,4,83.38,49.27,0
OI0001180,O000476,P0018,3,281.84,146.67,20
OI0001181,O000477,P0085,1,142.09,59.82,0
OI0001182,O000477,P0063,-1,8.2,5.54,0
OI0001183,O000478,P0087,2,136.09,59.78,0
OI0001184,O000478,P0061,1,241.21,110.37,0
OI0001185,O000479,P0089,1,49.96,38.06,0
OI0001186,O000479,P0038,3,81.71,51.71,0
OI0001187,O000479,P0120,1,123.81,98.52,5
OI0001188,O000479,P0003,1,171.57,88.27,5
OI0001189,O000480,P0029,2,35.33,21.58,0
OI0001190,O000480,P0078,4,268.06,129.83,0
OI0001191,O000480,P0105,3,124.3,57.25,0
OI0001192,O000480,P0006,1,273.98,150.3,15
OI0001193,O000481,P0096,2,280.31,123.46,0
OI0001194,O000482,P0083,1,63.1,34.73,0
OI0001195,O000482,P0048,2,316.06,150.66,0
OI0001196,O000482,P0041,2,46.27,32.89,10
OI0001197,O000482,P0028,2,307.09,179.34,20
OI0001198,O000483,P0044,-1,279.36,162.6,10
OI0001199,O000484,P0021,1,217.0,157.06,0
OI0001200,O000484,P0063,1,8.2,5.54,0
OI0001201,O000485,P0070,2,131.06,75.18,0
OI0001202,O000485,P0086,3,263.23,167.09,0
OI0001203,O000485,P0069,2,259.35,175.47,20
OI0001204,O000485,P0024,1,169.87,104.81,15
OI0001205,O000486,P0079,1,28.55,21.67,0
OI0001206,O000486,P0045,3,354.19,170.05,15
OI0001207,O000486,P0076,2,81.73,46.21,0
OI0001208,O000487,P0071,1,66.14,34.77,15
OI0001209,O000487,P0116,4,53.16,36.42,110
OI0001210,O000487,P0087,2,136.09,59.78,10
OI0001211,O000487,P0050,3,171.47,76.47,10
OI0001212,O000488,P0041,1,46.27,32.89,0
OI0001213,O000489,P0050,2,171.47,76.47,15
OI0001214,O000489,P0040,1,214.96,89.94,0
OI0001215,O000489,P0060,2,306.49,149.27,0
OI0001216,O000489,P0030,1,90.28,41.7,0
OI0001217,O000490,P0071,2,66.14,34.77,0
OI0001218,O000490,P0044,3,279.36,162.6,5
OI0001219,O000490,P0111,1,116.59,86.94,15
OI0001220,O000490,P0120,1,123.81,98.52,5
OI0001221,O000491,P0115,1,66.66,49.6,0
OI0001222,O000492,P0040,2,214.96,89.94,0
OI0001223,O000492,P0066,1,103.29,50.62,5
OI0001224,O000492,P0004,2,114.79,53.81,10
OI0001225,O000492,P0010,1,236.09,100.66,5
OI0001226,O000493,P0110,1,311.63,167.87,15
OI0001227,O000493,P0096,2,280.31,123.46,0
OI0001228,O000493,P0058,1,224.02,143.13,5
OI0001229,O000493,P0004,1,114.79,53.81,5
OI0001230,O000494,P0116,1,53.16,36.42,0
OI0001231,O000494,P0106,2,56.39,27.98,10
OI0001232,O000495,P0051,3,104.92,60.39,15
OI0001233,O000495,P0104,1,71.93,33.51,5
OI0001234,O000495,P0112,1,361.01,177.23,0
OI0001235,O000496,P0026,3,187.78,112.59,5
OI0001236,O000496,P0038,3,81.71,51.71,15
OI0001237,O000496,P0089,2,49.96,38.06,10
OI0001238,O000497,P0014,3,189.67,104.55,0
OI0001239,O000497,P0115,2,66.66,49.6,110
OI0001240,O000497,P0095,3,202.91,139.2,10
OI0001241,O000498,P0026,2,187.78,112.59,0
OI0001242,O000498,P0082,1,64.05,28.14,5
OI0001243,O000498,P0077,-1,9.56,6.81,10
OI0001244,O000498,P0068,1,103.65,44.29,20
OI0001245,O000499,P0025,2,187.19,125.9,0
OI0001246,O000500,P0110,1,311.63,167.87,5
OI0001247,O000500,P0052,1,142.04,68.52,20
OI0001248,O000501,P0092,2,51.3,24.69,10
OI0001249,O000501,P0100,2,280.83,119.83,0
OI0001250,O000501,P0099,3,179.3,114.96,5
OI0001251,O000501,P0067,1,33.07,19.77,10
OI0001252,O000502,P0075,3,134.51,78.21,0
OI0001253,O000502,P0110,1,311.63,167.87,5
OI0001254,O000502,P0108,1,299.87,137.39,20
OI0001255,O000503,P0030,1,90.28,41.7,5
OI0001256,O000503,P0014,-1,189.67,104.55,5
OI0001257,O000503,P0082,2,64.05,28.14,15
OI0001258,O000504,P0015,1,147.82,103.39,5
OI0001259,O000504,P0054,4,83.38,49.27,15
OI0001260,O000504,P0037,3,171.97,76.8,0
OI0001261,O000505,P0020,1,185.28,120.72,5
OI0001262,O000506,P0105,2,124.3,57.25,0
OI0001263,O000506,P0079,1,28.55,21.67,25
OI0001264,O000506,P0119,1,78.86,37.39,15
OI0001265,O000506,P0059,2,310.18,133.96,5
OI0001266,O000507,P0028,1,307.09,179.34,15
OI0001267,O000507,P0049,4,59.24,43.15,25
OI0001268,O000508,P0009,2,102.74,56.37,15
OI0001269,O000508,P0023,1,15.34,8.57,5
OI0001270,O000509,P0097,1,163.15,70.37,0
OI0001271,O000510,P0061,2,241.21,110.37,10
OI0001272,O000510,P0021,1,217.0,157.06,0
OI0001273,O000510,P0048,4,316.06,150.66,5
OI0001274,O000510,P0082,1,64.05,28.14,10
OI0001275,O000511,P0010,1,236.09,100.66,15
OI0001276,O000512,P0087,2,136.09,59.78,10
OI0001277,O000512,P0033,2,211.78,114.87,0
OI0001278,O000513,P0036,1,71.47,40.11,5
OI0001279,O000513,P0014,1,189.67,104.55,0
OI0001280,O000513,P0082,2,64.05,28.14,0
OI0001281,O000513,P0117,1,252.27,158.43,0
OI0001282,O000514,P0007,1,180.16,110.8,0
OI0001283,O000514,P0061,2,241.21,110.37,5
OI0001284,O000515,P0069,3,259.35,175.47,0
OI0001285,O000515,P0024,1,169.87,104.81,15
OI0001286,O000515,P0111,2,116.59,86.94,0
OI0001287,O000515,P0099,1,179.3,114.96,15
OI0001288,O000516,P0083,1,63.1,34.73,10
OI0001289,O000516,P0039,1,66.47,46.73,10
OI0001290,O000516,P0011,1,116.27,72.14,20
OI0001291,O000516,P0027,3,283.79,152.07,20
OI0001292,O000517,P0092,1,51.3,24.69,10
OI0001293,O000518,P0109,4,39.14,21.27,0
OI0001294,O000518,P0064,1,60.15,32.62,15
OI0001295,O000518,P0055,1,150.07,98.61,110
OI0001296,O000518,P0083,2,63.1,34.73,20
OI0001297,O000519,P0103,1,100.44,47.01,0
OI0001298,O000520,P0011,4,116.27,72.14,5
OI0001299,O000521,P0031,1,254.7,145.72,0
OI0001300,O000521,P0044,1,279.36,162.6,25
OI0001301,O000522,P0104,1,71.93,33.51,10
OI0001302,O000522,P0001,2,58.62,26.48,10
OI0001303,O000522,P0093,1,64.09,40.65,10
OI0001304,O000522,P0046,1,310.17,133.53,10
OI0001305,O000523,P0055,2,150.07,98.61,10
OI0001306,O000523,P0022,2,192.12,85.66,0
OI0001307,O000524,P0070,1,131.06,75.18,0
OI0001308,O000525,P0018,1,281.84,146.67,15
OI0001309,O000526,P0004,3,114.79,53.81,20
OI0001310,O000526,P0107,1,140.71,82.95,5
OI0001311,O000526,P0063,2,8.2,5.54,20
OI0001312,O000527,P0089,1,49.96,38.06,0
OI0001313,O000528,P0034,2,265.11,120.64,0
OI0001314,O000528,P0095,1,202.91,139.2,10
OI0001315,O000529,P0119,1,78.86,37.39,0
OI0001316,O000529,P0103,1,100.44,47.01,25
OI0001317,O000529,P0106,1,56.39,27.98,5
OI0001318,O000530,P0012,3,20.32,10.75,10
OI0001319,O000530,P0024,1,169.87,104.81,0
OI0001320,O000530,P0031,2,254.7,145.72,0
OI0001321,O000530,P0048,1,316.06,150.66,20
OI0001322,O000531,P0104,1,71.93,33.51,0
OI0001323,O000531,P0025,1,187.19,125.9,0
OI0001324,O000531,P0044,3,279.36,162.6,5
OI0001325,O000531,P0001,4,58.62,26.48,5
OI0001326,O000532,P0086,1,263.23,167.09,0
OI0001327,O000532,P0089,1,49.96,38.06,0
OI0001328,O000532,P0015,2,147.82,103.39,15
OI0001329,O000532,P0069,1,259.35,175.47,10
OI0001330,O000533,P0035,1,326.93,146.56,5
OI0001331,O000534,P0086,3,263.23,167.09,15
OI0001332,O000534,P0077,3,9.56,6.81,10
OI0001333,O000534,P0032,1,148.44,75.4,0
OI0001334,O000534,P0005,1,181.52,92.02,5
OI0001335,O000535,P0099,1,179.3,114.96,5
OI0001336,O000536,P0011,2,116.27,72.14,5
OI0001337,O000537,P0045,3,354.19,170.05,5
OI0001338,O000537,P0024,1,169.87,104.81,0
OI0001339,O000537,P0066,1,103.29,50.62,0
OI0001340,O000537,P0004,2,114.79,53.81,25
OI0001341,O000538,P0016,1,182.65,108.43,20
OI0001342,O000538,P0073,1,372.75,170.56,20
OI0001343,O000538,P0078,2,268.06,129.83,0
OI0001344,O000539,P0034,2,265.11,120.64,10
OI0001345,O000539,P0035,1,326.93,146.56,15
OI0001346,O000540,P0092,2,51.3,24.69,5
OI0001347,O000541,P0110,1,311.63,167.87,10
OI0001348,O000542,P0018,1,281.84,146.67,5
OI0001349,O000542,P0106,1,56.39,27.98,10
OI0001350,O000543,P0009,2,102.74,56.37,10
OI0001351,O000543,P0072,1,272.32,149.77,15
OI0001352,O000543,P0044,2,279.36,162.6,0
OI0001353,O000543,P0029,1,35.33,21.58,0
OI0001354,O000544,P0091,1,196.39,82.27,0
OI0001355,O000545,P0095,1,202.91,139.2,0
OI0001356,O000545,P0066,1,103.29,50.62,5
OI0001357,O000545,P0005,2,181.52,92.02,0
OI0001358,O000545,P0058,4,224.02,143.13,0
OI0001359,O000546,P0118,1,177.52,114.17,0
OI0001360,O000546,P0067,2,33.07,19.77,5
OI0001361,O000546,P0026,1,187.78,112.59,0
OI0001362,O000546,P0116,1,53.16,36.42,20
OI0001363,O000547,P0060,1,306.49,149.27,0
OI0001364,O000547,P0047,2,243.5,159.8,0
OI0001365,O000547,P0024,1,169.87,104.81,0
OI0001366,O000548,P0102,3,195.72,100.75,15
OI0001367,O000548,P0096,2,280.31,123.46,10
OI0001368,O000549,P0091,1,196.39,82.27,5
OI0001369,O000549,P0096,2,280.31,123.46,10
OI0001370,O000549,P0104,3,71.93,33.51,20
OI0001371,O000550,P0094,1,309.52,160.91,20
OI0001372,O000551,P0062,1,274.98,138.35,10
OI0001373,O000551,P0093,1,64.09,40.65,5
OI0001374,O000552,P0117,2,252.27,158.43,0
OI0001375,O000552,P0064,1,60.15,32.62,0
OI0001376,O000552,P0038,1,81.71,51.71,15
OI0001377,O000552,P0054,1,83.38,49.27,0
OI0001378,O000553,P0002,1,230.82,108.89,15
OI0001379,O000553,P0003,2,171.57,88.27,25
OI0001380,O000554,P0039,2,66.47,46.73,10
OI0001381,O000555,P0069,3,259.35,175.47,20
OI0001382,O000555,P0108,1,299.87,137.39,0
OI0001383,O000556,P0012,2,20.32,10.75,10
OI0001384,O000556,P0067,2,33.07,19.77,0
OI0001385,O000557,P0106,1,56.39,27.98,0
OI0001386,O000557,P0060,1,306.49,149.27,5
OI0001387,O000557,P0061,3,241.21,110.37,5
OI0001388,O000557,P0120,1,123.81,98.52,0
OI0001389,O000558,P0039,1,66.47,46.73,0
OI0001390,O000559,P0086,1,263.23,167.09,20
OI0001391,O000559,P0095,2,202.91,139.2,0
OI0001392,O000559,P0062,3,274.98,138.35,10
OI0001393,O000559,P0079,1,28.55,21.67,0
OI0001394,O000560,P0113,1,152.02,79.85,0
OI0001395,O000560,P0114,1,41.45,23.84,15
OI0001396,O000560,P0020,1,185.28,120.72,15
OI0001397,O000560,P0099,2,179.3,114.96,25
OI0001398,O000561,P0118,1,177.52,114.17,15
OI0001399,O000561,P0009,1,102.74,56.37,15
OI0001400,O000562,P0081,2,96.93,49.39,0
OI0001401,O000562,P0087,2,136.09,59.78,15
OI0001402,O000562,P0016,2,182.65,108.43,0
OI0001403,O000562,P0036,4,71.47,40.11,10
OI0001404,O000563,P0034,1,265.11,120.64,0
OI0001405,O000563,P0092,2,51.3,24.69,5
OI0001406,O000564,P0102,1,195.72,100.75,0
OI0001407,O000564,P0068,1,103.65,44.29,0
OI0001408,O000564,P0105,1,124.3,57.25,0
OI0001409,O000565,P0115,1,66.66,49.6,5
OI0001410,O000566,P0032,1,148.44,75.4,10
OI0001411,O000566,P0081,2,96.93,49.39,15
OI0001412,O000566,P0077,1,9.56,6.81,10
OI0001413,O000567,P0090,1,60.09,33.62,10
OI0001414,O000567,P0088,1,236.31,102.24,15
OI0001415,O000567,P0033,1,211.78,114.87,5
OI0001416,O000567,P0064,1,60.15,32.62,20
OI0001417,O000568,P0096,1,280.31,123.46,5
OI0001418,O000569,P0048,1,316.06,150.66,0
OI0001419,O000569,P0068,1,103.65,44.29,15
OI0001420,O000570,P0002,3,230.82,108.89,10
OI0001421,O000571,P0102,1,195.72,100.75,0
OI0001422,O000572,P0033,2,211.78,114.87,0
OI0001423,O000572,P0075,2,134.51,78.21,0
OI0001424,O000572,P0054,2,83.38,49.27,0
OI0001425,O000572,P0112,3,361.01,177.23,10
OI0001426,O000573,P0050,1,171.47,76.47,0
OI0001427,O000574,P0064,1,60.15,32.62,0
OI0001428,O000575,P0044,1,279.36,162.6,10
OI0001429,O000575,P0037,3,171.97,76.8,15
OI0001430,O000575,P0031,2,254.7,145.72,0
OI0001431,O000576,P0009,3,102.74,56.37,20
OI0001432,O000576,P0002,1,230.82,108.89,10
OI0001433,O000576,P0101,1,338.95,156.07,25
OI0001434,O000576,P0038,1,81.71,51.71,0
OI0001435,O000577,P0110,1,311.63,167.87,20
OI0001436,O000577,P0060,1,306.49,149.27,0
OI0001437,O000577,P0049,2,59.24,43.15,25
OI0001438,O000578,P0106,-1,56.39,27.98,20
OI0001439,O000578,P0089,2,49.96,38.06,15
OI0001440,O000578,P0062,1,274.98,138.35,0
OI0001441,O000579,P0021,2,217.0,157.06,25
OI0001442,O000579,P0043,2,33.48,14.68,20
OI0001443,O000580,P0118,4,177.52,114.17,25
OI0001444,O000580,P0031,1,254.7,145.72,0
OI0001445,O000580,P0092,4,51.3,24.69,10
OI0001446,O000581,P0117,1,252.27,158.43,0
OI0001447,O000581,P0024,1,169.87,104.81,5
OI0001448,O000581,P0045,1,354.19,170.05,0
OI0001449,O000582,P0071,1,66.14,34.77,0
OI0001450,O000582,P0119,1,78.86,37.39,15
OI0001451,O000582,P0062,2,274.98,138.35,15
OI0001452,O000582,P0040,1,214.96,89.94,5
OI0001453,O000583,P0110,1,311.63,167.87,5
OI0001454,O000583,P0087,1,136.09,59.78,5
OI0001455,O000583,P0015,2,147.82,103.39,10
OI0001456,O000583,P0055,1,150.07,98.61,0
OI0001457,O000584,P0047,2,243.5,159.8,15
OI0001458,O000584,P0110,-1,311.63,167.87,5
OI0001459,O000584,P0003,3,171.57,88.27,20
OI0001460,O000585,P0056,4,385.75,167.31,0
OI0001461,O000585,P0095,1,202.91,139.2,0
OI0001462,O000585,P0108,1,299.87,137.39,0
OI0001463,O000585,P0067,4,33.07,19.77,5
OI0001464,O000586,P0020,1,185.28,120.72,0
OI0001465,O000586,P0025,1,187.19,125.9,0
OI0001466,O000586,P0112,2,361.01,177.23,5
OI0001467,O000587,P0013,2,127.84,91.01,15
OI0001468,O000588,P0023,1,15.34,8.57,0
OI0001469,O000588,P0070,2,131.06,75.18,10
OI0001470,O000588,P0118,1,177.52,114.17,10
OI0001471,O000588,P0104,1,71.93,33.51,5
OI0001472,O000589,P0058,3,224.02,143.13,0
OI0001473,O000589,P0026,1,187.78,112.59,10
OI0001474,O000589,P0053,2,23.29,11.09,0
OI0001475,O000590,P0009,2,102.74,56.37,20
OI0001476,O000590,P0032,4,148.44,75.4,15
OI0001477,O000590,P0119,3,78.86,37.39,20
OI0001478,O000590,P0109,1,39.14,21.27,0
OI0001479,O000591,P0089,1,49.96,38.06,0
OI0001480,O000592,P0101,4,338.95,156.07,10
OI0001481,O000593,P0066,3,103.29,50.62,0
OI0001482,O000594,P0117,1,252.27,158.43,0
OI0001483,O000594,P0031,3,254.7,145.72,5
OI0001484,O000594,P0068,1,103.65,44.29,5
OI0001485,O000594,P0038,1,81.71,51.71,0
OI0001486,O000595,P0068,1,103.65,44.29,0
OI0001487,O000595,P0119,3,78.86,37.39,15
OI0001488,O000596,P0055,1,150.07,98.61,15
OI0001489,O000596,P0085,1,142.09,59.82,15
OI0001490,O000597,P0029,1,35.33,21.58,15
OI0001491,O000597,P0094,2,309.52,160.91,5
OI0001492,O000598,P0114,1,41.45,23.84,15
OI0001493,O000598,P0023,4,15.34,8.57,5
OI0001494,O000599,P0004,3,114.79,53.81,0
OI0001495,O000599,P0003,1,171.57,88.27,0
OI0001496,O000600,P0046,3,310.17,133.53,5
OI0001497,O000601,P0059,-1,310.18,133.96,10
OI0001498,O000601,P0054,2,83.38,49.27,10
OI0001499,O000601,P0049,1,59.24,43.15,25
OI0001500,O000602,P0005,2,181.52,92.02,5
OI0001501,O000602,P0095,3,202.91,139.2,25
OI0001502,O000603,P0066,1,103.29,50.62,10
OI0001503,O000603,P0026,1,187.78,112.59,10
OI0001504,O000603,P0103,3,100.44,47.01,0
OI0001505,O000603,P0065,1,270.21,125.01,0
OI0001506,O000604,P0108,1,299.87,137.39,15
OI0001507,O000604,P0062,1,274.98,138.35,0
OI0001508,O000604,P0002,1,230.82,108.89,10
OI0001509,O000604,P0035,1,326.93,146.56,0
OI0001510,O000605,P0104,3,71.93,33.51,0
OI0001511,O000605,P0084,1,42.76,20.69,0
OI0001512,O000605,P0083,3,63.1,34.73,25
OI0001513,O000605,P0117,1,252.27,158.43,5
OI0001514,O000606,P0076,1,81.73,46.21,10
OI0001515,O000607,P0012,1,20.32,10.75,0
OI0001516,O000608,P0063,2,8.2,5.54,5
OI0001517,O000609,P0094,2,309.52,160.91,0
OI0001518,O000609,P0050,1,171.47,76.47,15
OI0001519,O000609,P0084,1,42.76,20.69,0
OI0001520,O000609,P0005,2,181.52,92.02,15
OI0001521,O000610,P0082,2,64.05,28.14,0
OI0001522,O000610,P0119,1,78.86,37.39,0
OI0001523,O000611,P0031,1,254.7,145.72,0
OI0001524,O000611,P0042,1,79.85,35.8,0
OI0001525,O000611,P0095,1,202.91,139.2,0
OI0001526,O000612,P0059,2,310.18,133.96,0
OI0001527,O000612,P0005,1,181.52,92.02,5
OI0001528,O000612,P0101,3,338.95,156.07,15
OI0001529,O000613,P0074,4,62.08,27.78,20
OI0001530,O000614,P0049,1,59.24,43.15,0
OI0001531,O000614,P0072,1,272.32,149.77,0
OI0001532,O000615,P0070,2,131.06,75.18,0
OI0001533,O000616,P0008,1,223.03,120.69,20
OI0001534,O000616,P0078,3,268.06,129.83,0
OI0001535,O000616,P0001,2,58.62,26.48,0
OI0001536,O000617,P0035,2,326.93,146.56,5
OI0001537,O000617,P0041,3,46.27,32.89,10
OI0001538,O000617,P0116,2,53.16,36.42,5
OI0001539,O000618,P0047,1,243.5,159.8,20
OI0001540,O000618,P0098,1,17.88,10.05,0
OI0001541,O000618,P0003,1,171.57,88.27,0
OI0001542,O000618,P0090,1,60.09,33.62,0
OI0001543,O000619,P0113,1,152.02,79.85,10
OI0001544,O000620,P0004,1,114.79,53.81,0
OI0001545,O000620,P0092,3,51.3,24.69,0
OI0001546,O000620,P0013,1,127.84,91.01,0
OI0001547,O000621,P0100,1,280.83,119.83,5
OI0001548,O000621,P0029,1,35.33,21.58,0
OI0001549,O000622,P0039,4,66.47,46.73,110
OI0001550,O000622,P0087,2,136.09,59.78,10
OI0001551,O000623,P0059,2,310.18,133.96,5
OI0001552,O000623,P0037,1,171.97,76.8,10
OI0001553,O000623,P0058,1,224.02,143.13,0
OI0001554,O000623,P0090,1,60.09,33.62,0
OI0001555,O000624,P0082,1,64.05,28.14,10
OI0001556,O000625,P0060,1,306.49,149.27,5
OI0001557,O000625,P0117,3,252.27,158.43,0
OI0001558,O000625,P0096,3,280.31,123.46,10
OI0001559,O000625,P0117,4,252.27,158.43,0
OI0001560,O000626,P0112,1,361.01,177.23,0
OI0001561,O000626,P0082,2,64.05,28.14,5
OI0001562,O000626,P0016,1,182.65,108.43,0
OI0001563,O000627,P0032,1,148.44,75.4,0
OI0001564,O000627,P0031,1,254.7,145.72,0
OI0001565,O000627,P0037,1,171.97,76.8,25
OI0001566,O000628,P0072,2,272.32,149.77,10
OI0001567,O000628,P0055,3,150.07,98.61,10
OI0001568,O000628,P0119,4,78.86,37.39,0
OI0001569,O000629,P0047,2,243.5,159.8,20
OI0001570,O000629,P0007,2,180.16,110.8,10
OI0001571,O000630,P0032,2,148.44,75.4,0
OI0001572,O000630,P0063,2,8.2,5.54,0
OI0001573,O000631,P0046,4,310.17,133.53,5
OI0001574,O000631,P0001,3,58.62,26.48,0
OI0001575,O000631,P0044,1,279.36,162.6,0
OI0001576,O000632,P0001,2,58.62,26.48,20
OI0001577,O000632,P0085,2,142.09,59.82,25
OI0001578,O000632,P0078,1,268.06,129.83,0
OI0001579,O000633,P0109,3,39.14,21.27,0
OI0001580,O000634,P0093,1,64.09,40.65,0
OI0001581,O000634,P0071,1,66.14,34.77,15
OI0001582,O000634,P0071,1,66.14,34.77,0
OI0001583,O000634,P0046,1,310.17,133.53,5
OI0001584,O000635,P0040,-1,214.96,89.94,0
OI0001585,O000635,P0047,1,243.5,159.8,10
OI0001586,O000635,P0087,1,136.09,59.78,20
OI0001587,O000636,P0114,3,41.45,23.84,0
OI0001588,O000636,P0031,2,254.7,145.72,5
OI0001589,O000637,P0049,1,59.24,43.15,0
OI0001590,O000637,P0020,3,185.28,120.72,0
OI0001591,O000638,P0045,1,354.19,170.05,5
OI0001592,O000638,P0006,2,273.98,150.3,15
OI0001593,O000638,P0100,2,280.83,119.83,0
OI0001594,O000639,P0047,1,243.5,159.8,0
OI0001595,O000639,P0075,1,134.51,78.21,10
OI0001596,O000639,P0053,3,23.29,11.09,20
OI0001597,O000639,P0026,1,187.78,112.59,0
OI0001598,O000640,P0111,1,116.59,86.94,10
OI0001599,O000640,P0064,1,60.15,32.62,0
OI0001600,O000640,P0093,2,64.09,40.65,0
OI0001601,O000640,P0044,2,279.36,162.6,0
OI0001602,O000641,P0104,1,71.93,33.51,0
OI0001603,O000641,P0081,-1,96.93,49.39,0
OI0001604,O000642,P0088,1,236.31,102.24,0
OI0001605,O000642,P0016,1,182.65,108.43,25
OI0001606,O000643,P0028,1,307.09,179.34,5
OI0001607,O000644,P0114,1,41.45,23.84,5
OI0001608,O000645,P0101,4,338.95,156.07,10
OI0001609,O000645,P0106,1,56.39,27.98,15
OI0001610,O000645,P0089,1,49.96,38.06,15
OI0001611,O000645,P0058,3,224.02,143.13,10
OI0001612,O000646,P0111,1,116.59,86.94,5
OI0001613,O000646,P0085,1,142.09,59.82,20
OI0001614,O000646,P0106,1,56.39,27.98,0
OI0001615,O000646,P0042,1,79.85,35.8,5
OI0001616,O000647,P0116,1,53.16,36.42,10
OI0001617,O000647,P0063,1,8.2,5.54,0
OI0001618,O000648,P0014,3,189.67,104.55,0
OI0001619,O000649,P0040,1,214.96,89.94,5
OI0001620,O000649,P0036,1,71.47,40.11,10
OI0001621,O000649,P0077,1,9.56,6.81,5
OI0001622,O000650,P0066,3,103.29,50.62,0
OI0001623,O000650,P0041,3,46.27,32.89,15
OI0001624,O000651,P0048,2,316.06,150.66,0
OI0001625,O000651,P0105,3,124.3,57.25,15
OI0001626,O000652,P0067,1,33.07,19.77,0
OI0001627,O000652,P0111,1,116.59,86.94,0
OI0001628,O000652,P0108,1,299.87,137.39,0
OI0001629,O000653,P0117,2,252.27,158.43,0
OI0001630,O000654,P0008,3,223.03,120.69,5
OI0001631,O000654,P0065,1,270.21,125.01,10
OI0001632,O000654,P0047,1,243.5,159.8,0
OI0001633,O000654,P0081,1,96.93,49.39,15
OI0001634,O000655,P0109,2,39.14,21.27,0
OI0001635,O000655,P0112,1,361.01,177.23,0
OI0001636,O000655,P0102,1,195.72,100.75,0
OI0001637,O000655,P0030,1,90.28,41.7,5
OI0001638,O000656,P0106,1,56.39,27.98,15
OI0001639,O000657,P0012,1,20.32,10.75,0
OI0001640,O000658,P0083,3,63.1,34.73,20
OI0001641,O000658,P0080,1,392.84,163.94,20
OI0001642,O000659,P0034,3,265.11,120.64,110
OI0001643,O000659,P0076,1,81.73,46.21,0
OI0001644,O000659,P0018,1,281.84,146.67,5
OI0001645,O000659,P0096,1,280.31,123.46,5
OI0001646,O000660,P0001,1,58.62,26.48,0
OI0001647,O000661,P0046,1,310.17,133.53,0
OI0001648,O000661,P0115,1,66.66,49.6,0
OI0001649,O000662,P0025,3,187.19,125.9,5
OI0001650,O000662,P0078,1,268.06,129.83,0
OI0001651,O000662,P0098,3,17.88,10.05,10
OI0001652,O000663,P0022,1,192.12,85.66,0
OI0001653,O000664,P0103,1,100.44,47.01,5
OI0001654,O000665,P0050,4,171.47,76.47,110
OI0001655,O000666,P0048,2,316.06,150.66,0
OI0001656,O000666,P0098,1,17.88,10.05,5
OI0001657,O000667,P0015,1,147.82,103.39,10
OI0001658,O000667,P0040,1,214.96,89.94,0
OI0001659,O000667,P0062,4,274.98,138.35,0
OI0001660,O000668,P0033,2,211.78,114.87,110
OI0001661,O000668,P0020,1,185.28,120.72,10
OI0001662,O000668,P0033,1,211.78,114.87,10
OI0001663,O000668,P0037,-1,171.97,76.8,5
OI0001664,O000669,P0026,1,187.78,112.59,0
OI0001665,O000670,P0081,1,96.93,49.39,25
OI0001666,O000671,P0082,1,64.05,28.14,15
OI0001667,O000672,P0058,3,224.02,143.13,0
OI0001668,O000672,P0040,1,214.96,89.94,20
OI0001669,O000673,P0001,2,58.62,26.48,0
OI0001670,O000673,P0098,1,17.88,10.05,20
OI0001671,O000673,P0078,4,268.06,129.83,5
OI0001672,O000674,P0110,4,311.63,167.87,0
OI0001673,O000674,P0036,3,71.47,40.11,20
OI0001674,O000675,P0096,1,280.31,123.46,0
OI0001675,O000675,P0079,1,28.55,21.67,10
OI0001676,O000675,P0036,1,71.47,40.11,0
OI0001677,O000676,P0113,1,152.02,79.85,10
OI0001678,O000676,P0050,1,171.47,76.47,0
OI0001679,O000676,P0056,3,385.75,167.31,5
OI0001680,O000676,P0032,1,148.44,75.4,0
OI0001681,O000677,P0017,3,30.38,15.75,10
OI0001682,O000677,P0111,2,116.59,86.94,0
OI0001683,O000677,P0114,2,41.45,23.84,0
OI0001684,O000678,P0021,1,217.0,157.06,15
OI0001685,O000679,P0050,1,171.47,76.47,10
OI0001686,O000679,P0023,1,15.34,8.57,0
OI0001687,O000679,P0048,1,316.06,150.66,0
OI0001688,O000679,P0075,1,134.51,78.21,0
OI0001689,O000680,P0093,1,64.09,40.65,10
OI0001690,O000680,P0037,1,171.97,76.8,0
OI0001691,O000680,P0011,1,116.27,72.14,5
OI0001692,O000681,P0008,3,223.03,120.69,15
OI0001693,O000682,P0107,1,140.71,82.95,5
OI0001694,O000682,P0109,1,39.14,21.27,0
OI0001695,O000683,P0038,1,81.71,51.71,0
OI0001696,O000684,P0057,1,95.09,41.82,20
OI0001697,O000684,P0091,1,196.39,82.27,0
OI0001698,O000685,P0111,2,116.59,86.94,110
OI0001699,O000685,P0057,2,95.09,41.82,0
OI0001700,O000685,P0083,1,63.1,34.73,0
OI0001701,O000686,P0090,-1,60.09,33.62,15
OI0001702,O000686,P0059,1,310.18,133.96,5
OI0001703,O000686,P0012,4,20.32,10.75,0
OI0001704,O000687,P0054,1,83.38,49.27,25
OI0001705,O000688,P0043,2,33.48,14.68,20
OI0001706,O000688,P0102,1,195.72,100.75,15
OI0001707,O000688,P0050,1,171.47,76.47,0
OI0001708,O000689,P0056,1,385.75,167.31,0
OI0001709,O000689,P0112,1,361.01,177.23,20
OI0001710,O000690,P0113,4,152.02,79.85,15
OI0001711,O000690,P0017,2,30.38,15.75,25
OI0001712,O000691,P0043,1,33.48,14.68,0
OI0001713,O000691,P0052,2,142.04,68.52,0
OI0001714,O000691,P0050,1,171.47,76.47,0
OI0001715,O000692,P0071,2,66.14,34.77,15
OI0001716,O000693,P0110,1,311.63,167.87,5
OI0001717,O000693,P0093,1,64.09,40.65,10
OI0001718,O000693,P0103,1,100.44,47.01,10
OI0001719,O000694,P0099,1,179.3,114.96,15
OI0001720,O000694,P0113,1,152.02,79.85,10
OI0001721,O000694,P0089,1,49.96,38.06,10
OI0001722,O000695,P0111,2,116.59,86.94,5
OI0001723,O000696,P0043,2,33.48,14.68,10
OI0001724,O000696,P0029,1,35.33,21.58,5
OI0001725,O000696,P0064,1,60.15,32.62,15
OI0001726,O000696,P0119,1,78.86,37.39,5
OI0001727,O000697,P0043,1,33.48,14.68,0
OI0001728,O000698,P0055,3,150.07,98.61,0
OI0001729,O000699,P0056,1,385.75,167.31,10
OI0001730,O000699,P0068,3,103.65,44.29,5
OI0001731,O000699,P0104,3,71.93,33.51,5
OI0001732,O000700,P0094,1,309.52,160.91,0
OI0001733,O000701,P0072,-1,272.32,149.77,15
OI0001734,O000701,P0019,2,36.3,22.04,0
OI0001735,O000702,P0104,1,71.93,33.51,15
OI0001736,O000702,P0044,4,279.36,162.6,0
OI0001737,O000702,P0090,1,60.09,33.62,0
OI0001738,O000703,P0052,1,142.04,68.52,5
OI0001739,O000704,P0012,1,20.32,10.75,5
OI0001740,O000704,P0012,1,20.32,10.75,10
OI0001741,O000704,P0099,3,179.3,114.96,25
OI0001742,O000705,P0026,1,187.78,112.59,25
OI0001743,O000705,P0072,2,272.32,149.77,0
OI0001744,O000705,P0033,2,211.78,114.87,0
OI0001745,O000705,P0053,1,23.29,11.09,5
OI0001746,O000706,P0090,4,60.09,33.62,5
OI0001747,O000707,P0004,1,114.79,53.81,0
OI0001748,O000707,P0101,4,338.95,156.07,15
OI0001749,O000707,P0037,4,171.97,76.8,10
OI0001750,O000708,P0079,2,28.55,21.67,10
OI0001751,O000708,P0076,2,81.73,46.21,5
OI0001752,O000709,P0105,3,124.3,57.25,10
OI0001753,O000709,P0105,1,124.3,57.25,0
OI0001754,O000710,P0055,1,150.07,98.61,0
OI0001755,O000711,P0081,1,96.93,49.39,10
OI0001756,O000712,P0023,1,15.34,8.57,15
OI0001757,O000713,P0006,1,273.98,150.3,0
OI0001758,O000713,P0038,2,81.71,51.71,0
OI0001759,O000714,P0036,1,71.47,40.11,0
OI0001760,O000715,P0095,3,202.91,139.2,0
OI0001761,O000715,P0073,4,372.75,170.56,0
OI0001762,O000716,P0026,1,187.78,112.59,0
OI0001763,O000716,P0110,1,311.63,167.87,5
OI0001764,O000716,P0110,1,311.63,167.87,0
OI0001765,O000717,P0017,1,30.38,15.75,0
OI0001766,O000717,P0006,1,273.98,150.3,5
OI0001767,O000717,P0036,3,71.47,40.11,10
OI0001768,O000717,P0047,4,243.5,159.8,5
OI0001769,O000718,P0031,1,254.7,145.72,10
OI0001770,O000719,P0100,1,280.83,119.83,25
OI0001771,O000719,P0106,2,56.39,27.98,0
OI0001772,O000719,P0065,2,270.21,125.01,5
OI0001773,O000719,P0001,2,58.62,26.48,5
OI0001774,O000720,P0073,1,372.75,170.56,0
OI0001775,O000720,P0057,4,95.09,41.82,0
OI0001776,O000721,P0063,1,8.2,5.54,0
OI0001777,O000721,P0058,2,224.02,143.13,15
OI0001778,O000721,P0117,2,252.27,158.43,0
OI0001779,O000721,P0117,4,252.27,158.43,25
OI0001780,O000722,P0089,2,49.96,38.06,15
OI0001781,O000722,P0004,1,114.79,53.81,10
OI0001782,O000722,P0058,1,224.02,143.13,0
OI0001783,O000722,P0094,1,309.52,160.91,5
OI0001784,O000723,P0028,2,307.09,179.34,5
OI0001785,O000723,P0111,2,116.59,86.94,0
OI0001786,O000724,P0061,1,241.21,110.37,0
OI0001787,O000724,P0086,1,263.23,167.09,10
OI0001788,O000724,P0088,1,236.31,102.24,0
OI0001789,O000724,P0032,1,148.44,75.4,20
OI0001790,O000725,P0080,2,392.84,163.94,15
OI0001791,O000725,P0013,1,127.84,91.01,0
OI0001792,O000726,P0061,2,241.21,110.37,0
OI0001793,O000726,P0005,1,181.52,92.02,0
OI0001794,O000726,P0094,1,309.52,160.91,15
OI0001795,O000726,P0094,1,309.52,160.91,5
OI0001796,O000727,P0014,2,189.67,104.55,5
OI0001797,O000727,P0016,4,182.65,108.43,0
OI0001798,O000728,P0025,1,187.19,125.9,5
OI0001799,O000728,P0039,3,66.47,46.73,15
OI0001800,O000728,P0083,1,63.1,34.73,0
OI0001801,O000729,P0096,-1,280.31,123.46,0
OI0001802,O000729,P0102,3,195.72,100.75,5
OI0001803,O000729,P0119,1,78.86,37.39,0
OI0001804,O000730,P0067,1,33.07,19.77,5
OI0001805,O000730,P0077,4,9.56,6.81,0
OI0001806,O000730,P0071,2,66.14,34.77,15
OI0001807,O000730,P0054,2,83.38,49.27,0
OI0001808,O000731,P0022,1,192.12,85.66,15
OI0001809,O000731,P0052,4,142.04,68.52,0
OI0001810,O000732,P0002,1,230.82,108.89,0
OI0001811,O000732,P0060,1,306.49,149.27,10
OI0001812,O000732,P0108,2,299.87,137.39,15
OI0001813,O000733,P0018,1,281.84,146.67,15
OI0001814,O000733,P0070,1,131.06,75.18,15
OI0001815,O000733,P0118,1,177.52,114.17,25
OI0001816,O000734,P0102,1,195.72,100.75,0
OI0001817,O000734,P0045,1,354.19,170.05,0
OI0001818,O000734,P0086,1,263.23,167.09,0
OI0001819,O000734,P0103,2,100.44,47.01,10
OI0001820,O000735,P0107,2,140.71,82.95,0
OI0001821,O000736,P0007,1,180.16,110.8,0
OI0001822,O000736,P0013,1,127.84,91.01,20
OI0001823,O000736,P0052,2,142.04,68.52,20
OI0001824,O000736,P0021,1,217.0,157.06,0
OI0001825,O000737,P0072,1,272.32,149.77,0
OI0001826,O000737,P0003,1,171.57,88.27,0
OI0001827,O000737,P0009,2,102.74,56.37,0
OI0001828,O000737,P0005,3,181.52,92.02,0
OI0001829,O000738,P0028,1,307.09,179.34,0
OI0001830,O000738,P0116,-1,53.16,36.42,0
OI0001831,O000738,P0045,2,354.19,170.05,15
OI0001832,O000739,P0037,1,171.97,76.8,5
OI0001833,O000739,P0051,2,104.92,60.39,10
OI0001834,O000739,P0063,1,8.2,5.54,0
OI0001835,O000739,P0098,1,17.88,10.05,15
OI0001836,O000740,P0087,1,136.09,59.78,5
OI0001837,O000740,P0072,2,272.32,149.77,0
OI0001838,O000740,P0118,1,177.52,114.17,0
OI0001839,O000740,P0019,1,36.3,22.04,5
OI0001840,O000741,P0094,1,309.52,160.91,0
OI0001841,O000741,P0080,1,392.84,163.94,5
OI0001842,O000741,P0062,1,274.98,138.35,10
OI0001843,O000742,P0033,1,211.78,114.87,0
OI0001844,O000743,P0004,1,114.79,53.81,5
OI0001845,O000743,P0010,3,236.09,100.66,25
OI0001846,O000743,P0085,1,142.09,59.82,0
OI0001847,O000744,P0106,2,56.39,27.98,5
OI0001848,O000744,P0025,1,187.19,125.9,0
OI0001849,O000745,P0023,1,15.34,8.57,15
OI0001850,O000745,P0029,2,35.33,21.58,0
OI0001851,O000745,P0063,1,8.2,5.54,10
OI0001852,O000746,P0086,2,263.23,167.09,0
OI0001853,O000746,P0107,1,140.71,82.95,10
OI0001854,O000746,P0103,3,100.44,47.01,0
OI0001855,O000747,P0007,2,180.16,110.8,0
OI0001856,O000747,P0065,3,270.21,125.01,10
OI0001857,O000747,P0047,3,243.5,159.8,0
OI0001858,O000748,P0029,2,35.33,21.58,15
OI0001859,O000748,P0115,2,66.66,49.6,10
OI0001860,O000748,P0055,1,150.07,98.61,20
OI0001861,O000749,P0078,1,268.06,129.83,15
OI0001862,O000749,P0006,3,273.98,150.3,0
OI0001863,O000750,P0050,1,171.47,76.47,0
OI0001864,O000751,P0046,2,310.17,133.53,10
OI0001865,O000751,P0062,2,274.98,138.35,5
OI0001866,O000751,P0041,3,46.27,32.89,5
OI0001867,O000751,P0054,1,83.38,49.27,10
OI0001868,O000752,P0049,1,59.24,43.15,5
OI0001869,O000752,P0033,4,211.78,114.87,10
OI0001870,O000752,P0029,1,35.33,21.58,5
OI0001871,O000752,P0051,3,104.92,60.39,15
OI0001872,O000753,P0117,1,252.27,158.43,0
OI0001873,O000753,P0100,1,280.83,119.83,0
OI0001874,O000753,P0090,1,60.09,33.62,0
OI0001875,O000754,P0112,2,361.01,177.23,10
OI0001876,O000754,P0037,2,171.97,76.8,0
OI0001877,O000755,P0052,1,142.04,68.52,0
OI0001878,O000755,P0074,1,62.08,27.78,0
OI0001879,O000755,P0080,1,392.84,163.94,0
OI0001880,O000756,P0098,2,17.88,10.05,5
OI0001881,O000757,P0047,1,243.5,159.8,0
OI0001882,O000757,P0075,1,134.51,78.21,5
OI0001883,O000757,P0011,1,116.27,72.14,0
OI0001884,O000757,P0053,1,23.29,11.09,10
OI0001885,O000758,P0005,1,181.52,92.02,110
OI0001886,O000759,P0098,1,17.88,10.05,0
OI0001887,O000759,P0007,1,180.16,110.8,0
OI0001888,O000760,P0008,2,223.03,120.69,20
OI0001889,O000760,P0042,1,79.85,35.8,25
OI0001890,O000760,P0015,1,147.82,103.39,5
OI0001891,O000761,P0005,1,181.52,92.02,10
OI0001892,O000761,P0114,1,41.45,23.84,25
OI0001893,O000761,P0020,2,185.28,120.72,0
OI0001894,O000762,P0075,1,134.51,78.21,20
OI0001895,O000762,P0102,1,195.72,100.75,15
OI0001896,O000762,P0090,3,60.09,33.62,0
OI0001897,O000763,P0074,2,62.08,27.78,20
OI0001898,O000763,P0048,2,316.06,150.66,0
OI0001899,O000763,P0035,1,326.93,146.56,10
OI0001900,O000764,P0056,1,385.75,167.31,0
OI0001901,O000765,P0049,3,59.24,43.15,0
OI0001902,O000765,P0012,1,20.32,10.75,5
OI0001903,O000766,P0027,1,283.79,152.07,0
OI0001904,O000767,P0020,2,185.28,120.72,0
OI0001905,O000767,P0026,1,187.78,112.59,15
OI0001906,O000768,P0106,2,56.39,27.98,10
OI0001907,O000768,P0061,2,241.21,110.37,15
OI0001908,O000768,P0084,1,42.76,20.69,0
OI0001909,O000769,P0112,1,361.01,177.23,15
OI0001910,O000770,P0115,-1,66.66,49.6,5
OI0001911,O000770,P0023,1,15.34,8.57,0
OI0001912,O000770,P0031,1,254.7,145.72,0
OI0001913,O000771,P0027,1,283.79,152.07,15
OI0001914,O000771,P0033,1,211.78,114.87,15
OI0001915,O000771,P0047,1,243.5,159.8,5
OI0001916,O000772,P0119,1,78.86,37.39,0
OI0001917,O000772,P0086,1,263.23,167.09,0
OI0001918,O000772,P0103,3,100.44,47.01,15
OI0001919,O000772,P0093,3,64.09,40.65,0
OI0001920,O000773,P0033,2,211.78,114.87,0
OI0001921,O000773,P0090,1,60.09,33.62,15
OI0001922,O000774,P0026,4,187.78,112.59,15
OI0001923,O000775,P0011,1,116.27,72.14,5
OI0001924,O000775,P0111,1,116.59,86.94,15
OI0001925,O000776,P0010,3,236.09,100.66,0
OI0001926,O000777,P0090,1,60.09,33.62,0
OI0001927,O000778,P0077,2,9.56,6.81,0
OI0001928,O000778,P0058,1,224.02,143.13,10
OI0001929,O000778,P0055,3,150.07,98.61,0
OI0001930,O000779,P0067,1,33.07,19.77,0
OI0001931,O000779,P0088,1,236.31,102.24,0
OI0001932,O000779,P0089,1,49.96,38.06,5
OI0001933,O000780,P0009,3,102.74,56.37,0
OI0001934,O000780,P0065,1,270.21,125.01,0
OI0001935,O000780,P0085,1,142.09,59.82,0
OI0001936,O000781,P0044,4,279.36,162.6,0
OI0001937,O000781,P0095,1,202.91,139.2,5
OI0001938,O000782,P0012,1,20.32,10.75,20
OI0001939,O000782,P0088,1,236.31,102.24,5
OI0001940,O000782,P0079,1,28.55,21.67,0
OI0001941,O000782,P0062,3,274.98,138.35,0
OI0001942,O000783,P0062,3,274.98,138.35,5
OI0001943,O000784,P0050,4,171.47,76.47,0
OI0001944,O000784,P0055,1,150.07,98.61,0
OI0001945,O000784,P0117,4,252.27,158.43,10
OI0001946,O000785,P0096,1,280.31,123.46,5
OI0001947,O000785,P0032,1,148.44,75.4,5
OI0001948,O000785,P0043,1,33.48,14.68,0
OI0001949,O000785,P0086,1,263.23,167.09,0
OI0001950,O000786,P0109,2,39.14,21.27,10
OI0001951,O000786,P0103,2,100.44,47.01,20
OI0001952,O000787,P0073,1,372.75,170.56,20
OI0001953,O000787,P0022,1,192.12,85.66,10
OI0001954,O000788,P0117,2,252.27,158.43,20
OI0001955,O000788,P0016,2,182.65,108.43,20
OI0001956,O000789,P0096,2,280.31,123.46,15
OI0001957,O000789,P0002,1,230.82,108.89,0
OI0001958,O000789,P0085,1,142.09,59.82,0
OI0001959,O000790,P0118,1,177.52,114.17,0
OI0001960,O000790,P0011,1,116.27,72.14,0
OI0001961,O000790,P0067,4,33.07,19.77,0
OI0001962,O000790,P0109,2,39.14,21.27,0
OI0001963,O000791,P0119,1,78.86,37.39,20
OI0001964,O000791,P0100,1,280.83,119.83,5
OI0001965,O000791,P0040,1,214.96,89.94,5
OI0001966,O000792,P0086,3,263.23,167.09,20
OI0001967,O000792,P0080,1,392.84,163.94,0
OI0001968,O000793,P0112,1,361.01,177.23,5
OI0001969,O000793,P0019,1,36.3,22.04,0
OI0001970,O000794,P0075,1,134.51,78.21,20
OI0001971,O000794,P0096,1,280.31,123.46,10
OI0001972,O000795,P0046,2,310.17,133.53,15
OI0001973,O000795,P0054,2,83.38,49.27,10
OI0001974,O000795,P0002,3,230.82,108.89,10
OI0001975,O000796,P0065,3,270.21,125.01,0
OI0001976,O000796,P0075,1,134.51,78.21,5
OI0001977,O000796,P0077,3,9.56,6.81,20
OI0001978,O000796,P0015,3,147.82,103.39,0
OI0001979,O000797,P0038,1,81.71,51.71,20
OI0001980,O000797,P0067,3,33.07,19.77,20
OI0001981,O000797,P0059,1,310.18,133.96,5
OI0001982,O000797,P0094,1,309.52,160.91,0
OI0001983,O000798,P0080,2,392.84,163.94,0
OI0001984,O000799,P0052,1,142.04,68.52,10
OI0001985,O000799,P0061,1,241.21,110.37,0
OI0001986,O000800,P0111,1,116.59,86.94,10
OI0001987,O000800,P0015,2,147.82,103.39,5
OI0001988,O000800,P0090,1,60.09,33.62,0
OI0001989,O000801,P0012,2,20.32,10.75,15
OI0001990,O000801,P0015,1,147.82,103.39,0
OI0001991,O000802,P0088,2,236.31,102.24,0
OI0001992,O000802,P0034,3,265.11,120.64,0
OI0001993,O000803,P0016,2,182.65,108.43,5
OI0001994,O000803,P0004,1,114.79,53.81,0
OI0001995,O000803,P0120,1,123.81,98.52,0
OI0001996,O000803,P0070,3,131.06,75.18,10
OI0001997,O000804,P0015,1,147.82,103.39,10
OI0001998,O000804,P0087,-1,136.09,59.78,20
OI0001999,O000804,P0097,3,163.15,70.37,20
OI0002000,O000805,P0120,1,123.81,98.52,5
OI0002001,O000805,P0093,2,64.09,40.65,0
OI0002002,O000805,P0016,3,182.65,108.43,0
OI0002003,O000805,P0100,1,280.83,119.83,0
OI0002004,O000806,P0091,1,196.39,82.27,15
OI0002005,O000807,P0084,2,42.76,20.69,0
OI0002006,O000808,P0101,1,338.95,156.07,0
OI0002007,O000808,P0018,1,281.84,146.67,20
OI0002008,O000808,P0110,-1,311.63,167.87,5
OI0002009,O000808,P0100,1,280.83,119.83,15
OI0002010,O000809,P0080,2,392.84,163.94,0
OI0002011,O000809,P0102,3,195.72,100.75,20
OI0002012,O000809,P0056,2,385.75,167.31,10
OI0002013,O000809,P0048,1,316.06,150.66,0
OI0002014,O000810,P0065,2,270.21,125.01,0
OI0002015,O000810,P0106,2,56.39,27.98,5
OI0002016,O000810,P0102,4,195.72,100.75,25
OI0002017,O000811,P0100,4,280.83,119.83,0
OI0002018,O000811,P0022,2,192.12,85.66,10
OI0002019,O000811,P0062,2,274.98,138.35,0
OI0002020,O000812,P0046,2,310.17,133.53,0
OI0002021,O000812,P0041,3,46.27,32.89,0
OI0002022,O000812,P0108,1,299.87,137.39,0
OI0002023,O000813,P0120,1,123.81,98.52,15
OI0002024,O000813,P0102,2,195.72,100.75,0
OI0002025,O000813,P0065,2,270.21,125.01,20
OI0002026,O000813,P0073,1,372.75,170.56,0
OI0002027,O000814,P0087,3,136.09,59.78,0
OI0002028,O000814,P0004,3,114.79,53.81,5
OI0002029,O000814,P0028,1,307.09,179.34,0
OI0002030,O000815,P0057,1,95.09,41.82,25
OI0002031,O000816,P0046,3,310.17,133.53,5
OI0002032,O000816,P0056,1,385.75,167.31,5
OI0002033,O000816,P0048,2,316.06,150.66,0
OI0002034,O000817,P0017,1,30.38,15.75,0
OI0002035,O000817,P0055,2,150.07,98.61,15
OI0002036,O000817,P0035,2,326.93,146.56,10
OI0002037,O000817,P0027,1,283.79,152.07,15
OI0002038,O000818,P0031,2,254.7,145.72,0
OI0002039,O000819,P0032,4,148.44,75.4,5
OI0002040,O000819,P0086,2,263.23,167.09,0
OI0002041,O000819,P0081,1,96.93,49.39,15
OI0002042,O000819,P0088,1,236.31,102.24,20
OI0002043,O000820,P0117,4,252.27,158.43,0
OI0002044,O000820,P0098,1,17.88,10.05,10
OI0002045,O000820,P0053,1,23.29,11.09,0
OI0002046,O000821,P0065,1,270.21,125.01,5
OI0002047,O000821,P0094,1,309.52,160.91,0
OI0002048,O000822,P0114,1,41.45,23.84,0
OI0002049,O000822,P0113,1,152.02,79.85,0
OI0002050,O000822,P0048,3,316.06,150.66,20
OI0002051,O000823,P0103,1,100.44,47.01,0
OI0002052,O000823,P0031,1,254.7,145.72,5
OI0002053,O000824,P0086,2,263.23,167.09,5
OI0002054,O000824,P0034,1,265.11,120.64,15
OI0002055,O000824,P0003,2,171.57,88.27,0
OI0002056,O000825,P0085,-1,142.09,59.82,0
OI0002057,O000825,P0089,1,49.96,38.06,110
OI0002058,O000825,P0082,1,64.05,28.14,0
OI0002059,O000826,P0054,1,83.38,49.27,0
OI0002060,O000826,P0109,1,39.14,21.27,0
OI0002061,O000826,P0107,3,140.71,82.95,10
OI0002062,O000827,P0057,2,95.09,41.82,10
OI0002063,O000827,P0024,1,169.87,104.81,0
OI0002064,O000828,P0015,1,147.82,103.39,0
OI0002065,O000829,P0077,1,9.56,6.81,0
OI0002066,O000829,P0099,1,179.3,114.96,10
OI0002067,O000830,P0046,3,310.17,133.53,0
OI0002068,O000831,P0034,1,265.11,120.64,15
OI0002069,O000831,P0107,3,140.71,82.95,5
OI0002070,O000832,P0088,2,236.31,102.24,5
OI0002071,O000833,P0116,2,53.16,36.42,0
OI0002072,O000834,P0050,3,171.47,76.47,0
OI0002073,O000834,P0112,2,361.01,177.23,0
OI0002074,O000834,P0098,1,17.88,10.05,0
OI0002075,O000834,P0044,2,279.36,162.6,0
OI0002076,O000835,P0038,1,81.71,51.71,0
OI0002077,O000835,P0070,1,131.06,75.18,5
OI0002078,O000835,P0036,1,71.47,40.11,10
OI0002079,O000835,P0013,2,127.84,91.01,10
OI0002080,O000836,P0059,2,310.18,133.96,0
OI0002081,O000837,P0042,1,79.85,35.8,5
OI0002082,O000837,P0095,1,202.91,139.2,0
OI0002083,O000838,P0045,3,354.19,170.05,0
OI0002084,O000839,P0038,2,81.71,51.71,0
OI0002085,O000839,P0032,4,148.44,75.4,0
OI0002086,O000840,P0018,1,281.84,146.67,5
OI0002087,O000841,P0112,3,361.01,177.23,0
OI0002088,O000841,P0090,1,60.09,33.62,20
OI0002089,O000842,P0061,1,241.21,110.37,0
OI0002090,O000842,P0093,2,64.09,40.65,10
OI0002091,O000843,P0053,1,23.29,11.09,20
OI0002092,O000843,P0117,-1,252.27,158.43,0
OI0002093,O000843,P0097,1,163.15,70.37,10
OI0002094,O000844,P0057,1,95.09,41.82,10
OI0002095,O000844,P0028,3,307.09,179.34,10
OI0002096,O000844,P0063,2,8.2,5.54,5
OI0002097,O000845,P0073,1,372.75,170.56,25
OI0002098,O000845,P0032,2,148.44,75.4,0
OI0002099,O000845,P0033,3,211.78,114.87,25
OI0002100,O000846,P0079,1,28.55,21.67,5
OI0002101,O000846,P0089,2,49.96,38.06,0
OI0002102,O000846,P0110,3,311.63,167.87,0
OI0002103,O000847,P0095,3,202.91,139.2,15
OI0002104,O000848,P0008,1,223.03,120.69,15
OI0002105,O000848,P0015,3,147.82,103.39,15
OI0002106,O000849,P0106,1,56.39,27.98,10
OI0002107,O000849,P0084,-1,42.76,20.69,20
OI0002108,O000849,P0072,1,272.32,149.77,15
OI0002109,O000849,P0010,1,236.09,100.66,5
OI0002110,O000850,P0005,1,181.52,92.02,15
OI0002111,O000851,P0089,2,49.96,38.06,0
OI0002112,O000852,P0015,1,147.82,103.39,0
OI0002113,O000853,P0066,2,103.29,50.62,0
OI0002114,O000854,P0033,1,211.78,114.87,15
OI0002115,O000854,P0100,-1,280.83,119.83,10
OI0002116,O000854,P0045,1,354.19,170.05,0
OI0002117,O000855,P0073,2,372.75,170.56,0
OI0002118,O000856,P0001,2,58.62,26.48,0
OI0002119,O000857,P0052,1,142.04,68.52,10
OI0002120,O000857,P0082,4,64.05,28.14,0
OI0002121,O000858,P0046,1,310.17,133.53,15
OI0002122,O000858,P0023,2,15.34,8.57,15
OI0002123,O000858,P0109,1,39.14,21.27,5
OI0002124,O000859,P0083,1,63.1,34.73,10
OI0002125,O000859,P0014,1,189.67,104.55,5
OI0002126,O000859,P0057,1,95.09,41.82,0
OI0002127,O000859,P0048,1,316.06,150.66,20
OI0002128,O000860,P0011,3,116.27,72.14,0
OI0002129,O000860,P0030,1,90.28,41.7,5
OI0002130,O000861,P0093,1,64.09,40.65,20
OI0002131,O000862,P0019,1,36.3,22.04,15
OI0002132,O000862,P0092,3,51.3,24.69,5
OI0002133,O000863,P0031,1,254.7,145.72,5
OI0002134,O000864,P0012,1,20.32,10.75,15
OI0002135,O000864,P0105,3,124.3,57.25,10
OI0002136,O000865,P0101,1,338.95,156.07,10
OI0002137,O000865,P0110,3,311.63,167.87,0
OI0002138,O000866,P0070,1,131.06,75.18,10
OI0002139,O000866,P0045,2,354.19,170.05,10
OI0002140,O000866,P0074,1,62.08,27.78,10
OI0002141,O000867,P0034,4,265.11,120.64,5
OI0002142,O000867,P0109,1,39.14,21.27,0
OI0002143,O000867,P0059,2,310.18,133.96,15
OI0002144,O000867,P0120,4,123.81,98.52,5
OI0002145,O000868,P0014,1,189.67,104.55,5
OI0002146,O000869,P0097,4,163.15,70.37,10
OI0002147,O000870,P0049,3,59.24,43.15,15
OI0002148,O000870,P0005,1,181.52,92.02,25
OI0002149,O000870,P0074,4,62.08,27.78,20
OI0002150,O000870,P0069,2,259.35,175.47,10
OI0002151,O000871,P0099,1,179.3,114.96,0
OI0002152,O000871,P0029,2,35.33,21.58,20
OI0002153,O000871,P0053,2,23.29,11.09,110
OI0002154,O000871,P0062,2,274.98,138.35,0
OI0002155,O000872,P0114,1,41.45,23.84,0
OI0002156,O000872,P0004,3,114.79,53.81,20
OI0002157,O000872,P0101,1,338.95,156.07,5
OI0002158,O000873,P0028,4,307.09,179.34,15
OI0002159,O000873,P0108,1,299.87,137.39,5
OI0002160,O000873,P0047,1,243.5,159.8,25
OI0002161,O000873,P0015,1,147.82,103.39,15
OI0002162,O000874,P0024,2,169.87,104.81,10
OI0002163,O000874,P0050,1,171.47,76.47,15
OI0002164,O000874,P0024,1,169.87,104.81,0
OI0002165,O000874,P0068,2,103.65,44.29,0
OI0002166,O000875,P0022,1,192.12,85.66,0
OI0002167,O000875,P0088,1,236.31,102.24,0
OI0002168,O000875,P0001,2,58.62,26.48,10
OI0002169,O000876,P0065,1,270.21,125.01,0
OI0002170,O000876,P0065,4,270.21,125.01,10
OI0002171,O000876,P0112,1,361.01,177.23,0
OI0002172,O000876,P0080,1,392.84,163.94,15
OI0002173,O000877,P0025,2,187.19,125.9,20
OI0002174,O000877,P0039,1,66.47,46.73,5
OI0002175,O000878,P0027,1,283.79,152.07,10
OI0002176,O000878,P0100,1,280.83,119.83,0
OI0002177,O000878,P0045,2,354.19,170.05,0
OI0002178,O000879,P0022,1,192.12,85.66,15
OI0002179,O000879,P0040,2,214.96,89.94,10
OI0002180,O000879,P0084,1,42.76,20.69,20
OI0002181,O000879,P0052,4,142.04,68.52,0
OI0002182,O000880,P0099,2,179.3,114.96,15
OI0002183,O000880,P0063,1,8.2,5.54,0
OI0002184,O000880,P0029,1,35.33,21.58,0
OI0002185,O000880,P0108,3,299.87,137.39,0
OI0002186,O000881,P0015,1,147.82,103.39,20
OI0002187,O000881,P0055,3,150.07,98.61,10
OI0002188,O000882,P0048,3,316.06,150.66,10
OI0002189,O000883,P0089,3,49.96,38.06,15
OI0002190,O000884,P0076,4,81.73,46.21,10
OI0002191,O000884,P0093,2,64.09,40.65,5
OI0002192,O000884,P0081,1,96.93,49.39,5
OI0002193,O000884,P0065,1,270.21,125.01,5
OI0002194,O000885,P0036,1,71.47,40.11,0
OI0002195,O000885,P0043,1,33.48,14.68,25
OI0002196,O000886,P0112,1,361.01,177.23,0
OI0002197,O000886,P0107,2,140.71,82.95,15
OI0002198,O000886,P0118,1,177.52,114.17,5
OI0002199,O000886,P0036,2,71.47,40.11,20
OI0002200,O000887,P0008,1,223.03,120.69,0
OI0002201,O000887,P0005,1,181.52,92.02,0
OI0002202,O000887,P0072,1,272.32,149.77,0
OI0002203,O000887,P0009,2,102.74,56.37,10
OI0002204,O000888,P0009,1,102.74,56.37,5
OI0002205,O000888,P0109,2,39.14,21.27,20
OI0002206,O000888,P0019,1,36.3,22.04,10
OI0002207,O000889,P0019,1,36.3,22.04,5
OI0002208,O000889,P0066,1,103.29,50.62,0
OI0002209,O000889,P0075,1,134.51,78.21,0
OI0002210,O000890,P0018,3,281.84,146.67,110
OI0002211,O000890,P0099,1,179.3,114.96,5
OI0002212,O000890,P0113,1,152.02,79.85,0
OI0002213,O000890,P0011,1,116.27,72.14,0
OI0002214,O000891,P0071,1,66.14,34.77,5
OI0002215,O000891,P0053,1,23.29,11.09,5
OI0002216,O000891,P0012,1,20.32,10.75,15
OI0002217,O000892,P0088,4,236.31,102.24,0
OI0002218,O000892,P0050,3,171.47,76.47,25
OI0002219,O000892,P0083,4,63.1,34.73,5
OI0002220,O000893,P0032,4,148.44,75.4,10
OI0002221,O000893,P0078,3,268.06,129.83,0
OI0002222,O000893,P0044,2,279.36,162.6,20
OI0002223,O000894,P0089,1,49.96,38.06,20
OI0002224,O000894,P0001,1,58.62,26.48,5
OI0002225,O000894,P0012,1,20.32,10.75,0
OI0002226,O000894,P0056,4,385.75,167.31,20
OI0002227,O000895,P0074,1,62.08,27.78,5
OI0002228,O000896,P0102,1,195.72,100.75,5
OI0002229,O000897,P0092,1,51.3,24.69,10
OI0002230,O000897,P0056,1,385.75,167.31,110
OI0002231,O000898,P0100,1,280.83,119.83,0
OI0002232,O000898,P0086,1,263.23,167.09,0
OI0002233,O000898,P0062,2,274.98,138.35,15
OI0002234,O000898,P0030,3,90.28,41.7,0
OI0002235,O000899,P0050,2,171.47,76.47,0
OI0002236,O000899,P0009,1,102.74,56.37,10
OI0002237,O000900,P0113,1,152.02,79.85,20
OI0002238,O000900,P0068,4,103.65,44.29,10
OI0002239,O000900,P0017,1,30.38,15.75,0
OI0002240,O000900,P0092,1,51.3,24.69,0
OI0002241,O000901,P0102,3,195.72,100.75,5
OI0002242,O000901,P0027,1,283.79,152.07,10
OI0002243,O000902,P0102,1,195.72,100.75,0
OI0002244,O000903,P0078,2,268.06,129.83,10
OI0002245,O000903,P0060,1,306.49,149.27,10
OI0002246,O000903,P0060,1,306.49,149.27,20
OI0002247,O000903,P0096,2,280.31,123.46,10
OI0002248,O000904,P0083,1,63.1,34.73,5
OI0002249,O000904,P0110,1,311.63,167.87,0
OI0002250,O000904,P0062,1,274.98,138.35,15
OI0002251,O000905,P0096,1,280.31,123.46,5
OI0002252,O000905,P0034,2,265.11,120.64,10
OI0002253,O000905,P0025,4,187.19,125.9,20
OI0002254,O000906,P0094,1,309.52,160.91,0
OI0002255,O000906,P0118,1,177.52,114.17,0
OI0002256,O000906,P0038,4,81.71,51.71,10
OI0002257,O000907,P0104,1,71.93,33.51,5
OI0002258,O000907,P0111,4,116.59,86.94,0
OI0002259,O000907,P0115,1,66.66,49.6,0
OI0002260,O000908,P0019,1,36.3,22.04,0
OI0002261,O000908,P0100,1,280.83,119.83,0
OI0002262,O000909,P0095,1,202.91,139.2,10
OI0002263,O000909,P0002,1,230.82,108.89,0
OI0002264,O000910,P0014,1,189.67,104.55,10
OI0002265,O000910,P0090,1,60.09,33.62,0
OI0002266,O000911,P0090,-1,60.09,33.62,15
OI0002267,O000911,P0061,2,241.21,110.37,10
OI0002268,O000912,P0096,4,280.31,123.46,20
OI0002269,O000912,P0095,3,202.91,139.2,10
OI0002270,O000913,P0095,4,202.91,139.2,0
OI0002271,O000913,P0016,1,182.65,108.43,5
OI0002272,O000914,P0074,1,62.08,27.78,10
OI0002273,O000915,P0065,1,270.21,125.01,5
OI0002274,O000916,P0027,1,283.79,152.07,10
OI0002275,O000916,P0009,1,102.74,56.37,15
OI0002276,O000917,P0081,2,96.93,49.39,5
OI0002277,O000918,P0106,4,56.39,27.98,0
OI0002278,O000918,P0110,2,311.63,167.87,20
OI0002279,O000918,P0020,2,185.28,120.72,0
OI0002280,O000918,P0118,2,177.52,114.17,5
OI0002281,O000919,P0070,1,131.06,75.18,0
OI0002282,O000920,P0119,-1,78.86,37.39,15
OI0002283,O000920,P0117,1,252.27,158.43,0
OI0002284,O000920,P0070,1,131.06,75.18,20
OI0002285,O000921,P0047,4,243.5,159.8,5
OI0002286,O000922,P0063,2,8.2,5.54,15
OI0002287,O000922,P0056,1,385.75,167.31,5
OI0002288,O000922,P0072,1,272.32,149.77,0
OI0002289,O000922,P0036,1,71.47,40.11,0
OI0002290,O000923,P0119,1,78.86,37.39,0
OI0002291,O000923,P0074,1,62.08,27.78,25
OI0002292,O000924,P0035,1,326.93,146.56,0
OI0002293,O000924,P0093,4,64.09,40.65,5
OI0002294,O000924,P0088,2,236.31,102.24,0
OI0002295,O000924,P0019,2,36.3,22.04,15
OI0002296,O000925,P0033,-1,211.78,114.87,15
OI0002297,O000925,P0119,1,78.86,37.39,20
OI0002298,O000925,P0034,2,265.11,120.64,5
OI0002299,O000926,P0039,1,66.47,46.73,5
OI0002300,O000927,P0106,1,56.39,27.98,10
OI0002301,O000927,P0078,2,268.06,129.83,0
OI0002302,O000928,P0046,2,310.17,133.53,0
OI0002303,O000928,P0087,1,136.09,59.78,20
OI0002304,O000928,P0035,1,326.93,146.56,0
OI0002305,O000928,P0035,1,326.93,146.56,0
OI0002306,O000929,P0036,1,71.47,40.11,5
OI0002307,O000929,P0073,3,372.75,170.56,15
OI0002308,O000929,P0084,2,42.76,20.69,20
OI0002309,O000930,P0028,1,307.09,179.34,10
OI0002310,O000930,P0008,1,223.03,120.69,0
OI0002311,O000931,P0046,-1,310.17,133.53,20
OI0002312,O000931,P0049,1,59.24,43.15,0
OI0002313,O000931,P0091,1,196.39,82.27,10
OI0002314,O000931,P0050,1,171.47,76.47,10
OI0002315,O000932,P0068,2,103.65,44.29,15
OI0002316,O000933,P0061,1,241.21,110.37,5
OI0002317,O000933,P0050,1,171.47,76.47,0
OI0002318,O000933,P0002,4,230.82,108.89,0
OI0002319,O000934,P0106,2,56.39,27.98,20
OI0002320,O000934,P0118,2,177.52,114.17,0
OI0002321,O000935,P0067,1,33.07,19.77,0
OI0002322,O000935,P0023,3,15.34,8.57,5
OI0002323,O000935,P0103,4,100.44,47.01,0
OI0002324,O000936,P0037,1,171.97,76.8,0
OI0002325,O000936,P0095,1,202.91,139.2,5
OI0002326,O000936,P0037,1,171.97,76.8,10
OI0002327,O000937,P0093,2,64.09,40.65,5
OI0002328,O000937,P0064,1,60.15,32.62,5
OI0002329,O000937,P0041,1,46.27,32.89,5
OI0002330,O000937,P0017,1,30.38,15.75,0
OI0002331,O000938,P0077,2,9.56,6.81,0
OI0002332,O000938,P0005,3,181.52,92.02,5
OI0002333,O000938,P0061,4,241.21,110.37,20
OI0002334,O000938,P0083,2,63.1,34.73,0
OI0002335,O000939,P0079,2,28.55,21.67,15
OI0002336,O000939,P0060,1,306.49,149.27,5
OI0002337,O000939,P0104,4,71.93,33.51,0
OI0002338,O000940,P0120,1,123.81,98.52,10
OI0002339,O000940,P0059,1,310.18,133.96,0
OI0002340,O000940,P0102,1,195.72,100.75,10
OI0002341,O000941,P0027,1,283.79,152.07,25
OI0002342,O000941,P0100,1,280.83,119.83,20
OI0002343,O000942,P0096,1,280.31,123.46,15
OI0002344,O000942,P0093,1,64.09,40.65,10
OI0002345,O000943,P0080,4,392.84,163.94,10
OI0002346,O000943,P0013,1,127.84,91.01,5
OI0002347,O000943,P0031,2,254.7,145.72,0
OI0002348,O000944,P0051,3,104.92,60.39,15
OI0002349,O000944,P0007,1,180.16,110.8,10
OI0002350,O000945,P0112,1,361.01,177.23,0
OI0002351,O000945,P0022,1,192.12,85.66,0
OI0002352,O000945,P0057,2,95.09,41.82,15
OI0002353,O000946,P0061,1,241.21,110.37,10
OI0002354,O000946,P0037,1,171.97,76.8,25
OI0002355,O000946,P0048,3,316.06,150.66,0
OI0002356,O000947,P0012,1,20.32,10.75,0
OI0002357,O000948,P0061,1,241.21,110.37,0
OI0002358,O000948,P0039,1,66.47,46.73,15
OI0002359,O000949,P0037,2,171.97,76.8,15
OI0002360,O000950,P0093,1,64.09,40.65,5
OI0002361,O000950,P0010,3,236.09,100.66,10
OI0002362,O000950,P0017,1,30.38,15.75,10
OI0002363,O000950,P0116,2,53.16,36.42,20
OI0002364,O000951,P0097,1,163.15,70.37,0
OI0002365,O000951,P0022,2,192.12,85.66,5
OI0002366,O000952,P0060,1,306.49,149.27,0
OI0002367,O000952,P0027,2,283.79,152.07,0
OI0002368,O000953,P0048,1,316.06,150.66,0
OI0002369,O000953,P0103,2,100.44,47.01,5
OI0002370,O000954,P0041,-1,46.27,32.89,5
OI0002371,O000954,P0030,3,90.28,41.7,0
OI0002372,O000955,P0015,1,147.82,103.39,10
OI0002373,O000955,P0102,1,195.72,100.75,5
OI0002374,O000955,P0087,2,136.09,59.78,5
OI0002375,O000955,P0026,1,187.78,112.59,10
OI0002376,O000956,P0057,1,95.09,41.82,0
OI0002377,O000957,P0057,1,95.09,41.82,10
OI0002378,O000957,P0093,1,64.09,40.65,0
OI0002379,O000957,P0120,2,123.81,98.52,0
OI0002380,O000957,P0029,1,35.33,21.58,5
OI0002381,O000958,P0058,2,224.02,143.13,20
OI0002382,O000958,P0035,2,326.93,146.56,0
OI0002383,O000958,P0090,1,60.09,33.62,25
OI0002384,O000958,P0069,3,259.35,175.47,0
OI0002385,O000959,P0035,1,326.93,146.56,0
OI0002386,O000959,P0073,2,372.75,170.56,20
OI0002387,O000959,P0005,1,181.52,92.02,0
OI0002388,O000959,P0065,1,270.21,125.01,0
OI0002389,O000960,P0034,2,265.11,120.64,5
OI0002390,O000960,P0005,3,181.52,92.02,0
OI0002391,O000960,P0009,3,102.74,56.37,25
OI0002392,O000961,P0076,2,81.73,46.21,5
OI0002393,O000961,P0059,1,310.18,133.96,0
OI0002394,O000961,P0087,2,136.09,59.78,10
OI0002395,O000961,P0117,2,252.27,158.43,0
OI0002396,O000962,P0074,1,62.08,27.78,5
OI0002397,O000962,P0095,1,202.91,139.2,20
OI0002398,O000962,P0087,4,136.09,59.78,0
OI0002399,O000962,P0092,1,51.3,24.69,15
OI0002400,O000963,P0075,1,134.51,78.21,0
OI0002401,O000963,P0109,2,39.14,21.27,10
OI0002402,O000963,P0120,1,123.81,98.52,5
OI0002403,O000963,P0024,3,169.87,104.81,5
OI0002404,O000964,P0090,1,60.09,33.62,0
OI0002405,O000964,P0002,1,230.82,108.89,10
OI0002406,O000965,P0113,1,152.02,79.85,0
OI0002407,O000965,P0096,1,280.31,123.46,10
OI0002408,O000965,P0102,2,195.72,100.75,10
OI0002409,O000965,P0091,1,196.39,82.27,15
OI0002410,O000966,P0037,3,171.97,76.8,20
OI0002411,O000966,P0053,2,23.29,11.09,0
OI0002412,O000966,P0093,3,64.09,40.65,0
OI0002413,O000966,P0083,3,63.1,34.73,0
OI0002414,O000967,P0040,2,214.96,89.94,5
OI0002415,O000967,P0067,3,33.07,19.77,15
OI0002416,O000967,P0037,1,171.97,76.8,5
OI0002417,O000968,P0097,3,163.15,70.37,0
OI0002418,O000969,P0034,1,265.11,120.64,0
OI0002419,O000969,P0004,1,114.79,53.81,110
OI0002420,O000969,P0095,1,202.91,139.2,0
OI0002421,O000970,P0085,1,142.09,59.82,25
OI0002422,O000970,P0038,3,81.71,51.71,15
OI0002423,O000971,P0025,2,187.19,125.9,10
OI0002424,O000971,P0008,2,223.03,120.69,0
OI0002425,O000971,P0093,1,64.09,40.65,20
OI0002426,O000972,P0078,1,268.06,129.83,5
OI0002427,O000972,P0038,3,81.71,51.71,15
OI0002428,O000972,P0102,2,195.72,100.75,10
OI0002429,O000973,P0041,1,46.27,32.89,5
OI0002430,O000973,P0114,1,41.45,23.84,10
OI0002431,O000973,P0041,3,46.27,32.89,0
OI0002432,O000973,P0120,1,123.81,98.52,5
OI0002433,O000974,P0106,3,56.39,27.98,15
OI0002434,O000975,P0043,1,33.48,14.68,0
OI0002435,O000976,P0020,1,185.28,120.72,10
OI0002436,O000976,P0030,1,90.28,41.7,20
OI0002437,O000977,P0031,2,254.7,145.72,10
OI0002438,O000978,P0060,1,306.49,149.27,20
OI0002439,O000978,P0008,1,223.03,120.69,0
OI0002440,O000979,P0036,-1,71.47,40.11,0
OI0002441,O000979,P0106,1,56.39,27.98,20
OI0002442,O000979,P0047,1,243.5,159.8,0
OI0002443,O000979,P0081,2,96.93,49.39,0
OI0002444,O000980,P0005,2,181.52,92.02,10
OI0002445,O000981,P0085,1,142.09,59.82,20
OI0002446,O000981,P0035,2,326.93,146.56,10
OI0002447,O000982,P0029,1,35.33,21.58,0
OI0002448,O000983,P0001,1,58.62,26.48,0
OI0002449,O000984,P0008,1,223.03,120.69,5
OI0002450,O000984,P0053,1,23.29,11.09,15
OI0002451,O000984,P0113,1,152.02,79.85,25
OI0002452,O000984,P0048,3,316.06,150.66,25
OI0002453,O000985,P0066,1,103.29,50.62,0
OI0002454,O000986,P0029,2,35.33,21.58,15
OI0002455,O000987,P0008,1,223.03,120.69,0
OI0002456,O000987,P0023,1,15.34,8.57,10
OI0002457,O000987,P0093,4,64.09,40.65,15
OI0002458,O000988,P0073,2,372.75,170.56,10
OI0002459,O000988,P0119,2,78.86,37.39,0
OI0002460,O000989,P0037,-1,171.97,76.8,5
OI0002461,O000990,P0005,1,181.52,92.02,0
OI0002462,O000990,P0035,2,326.93,146.56,15
OI0002463,O000990,P0011,1,116.27,72.14,0
OI0002464,O000991,P0077,3,9.56,6.81,5
OI0002465,O000992,P0088,1,236.31,102.24,0
OI0002466,O000992,P0043,2,33.48,14.68,5
OI0002467,O000993,P0085,2,142.09,59.82,15
OI0002468,O000993,P0110,4,311.63,167.87,5
OI0002469,O000993,P0103,1,100.44,47.01,10
OI0002470,O000994,P0082,1,64.05,28.14,0
OI0002471,O000994,P0084,2,42.76,20.69,0
OI0002472,O000995,P0080,3,392.84,163.94,5
OI0002473,O000996,P0063,1,8.2,5.54,0
OI0002474,O000997,P0077,3,9.56,6.81,10
OI0002475,O000998,P0014,1,189.67,104.55,15
OI0002476,O000999,P0094,1,309.52,160.91,5
OI0002477,O000999,P0058,-1,224.02,143.13,0
OI0002478,O001000,P0015,4,147.82,103.39,0
OI0002479,O001000,P0119,4,78.86,37.39,10
OI0002480,O001000,P0116,3,53.16,36.42,5
OI0002481,O001001,P0053,1,23.29,11.09,0
OI0002482,O001002,P0083,2,63.1,34.73,10
OI0002483,O001002,P0079,1,28.55,21.67,10
OI0002484,O001003,P0025,1,187.19,125.9,0
OI0002485,O001003,P0083,2,63.1,34.73,5
OI0002486,O001003,P0027,2,283.79,152.07,0
OI0002487,O001003,P0082,2,64.05,28.14,0
OI0002488,O001004,P0049,1,59.24,43.15,10
OI0002489,O001004,P0060,2,306.49,149.27,0
OI0002490,O001004,P0098,1,17.88,10.05,20
OI0002491,O001005,P0115,-1,66.66,49.6,5
OI0002492,O001006,P0103,1,100.44,47.01,0
OI0002493,O001006,P0030,1,90.28,41.7,25
OI0002494,O001006,P0058,1,224.02,143.13,15
OI0002495,O001007,P0084,2,42.76,20.69,0
OI0002496,O001007,P0081,2,96.93,49.39,15
OI0002497,O001008,P0086,1,263.23,167.09,0
OI0002498,O001008,P0055,3,150.07,98.61,5
OI0002499,O001008,P0071,3,66.14,34.77,15
OI0002500,O001008,P0074,1,62.08,27.78,20
OI0002501,O001009,P0092,2,51.3,24.69,20
OI0002502,O001010,P0070,2,131.06,75.18,0
OI0002503,O001010,P0035,1,326.93,146.56,0
OI0002504,O001011,P0055,3,150.07,98.61,15
OI0002505,O001012,P0041,2,46.27,32.89,0
OI0002506,O001012,P0102,1,195.72,100.75,10
OI0002507,O001012,P0022,1,192.12,85.66,5
OI0002508,O001013,P0080,2,392.84,163.94,0
OI0002509,O001014,P0043,3,33.48,14.68,10
OI0002510,O001014,P0070,1,131.06,75.18,5
OI0002511,O001014,P0009,1,102.74,56.37,5
OI0002512,O001015,P0044,2,279.36,162.6,5
OI0002513,O001016,P0087,1,136.09,59.78,5
OI0002514,O001016,P0075,1,134.51,78.21,0
OI0002515,O001016,P0066,1,103.29,50.62,15
OI0002516,O001016,P0029,1,35.33,21.58,110
OI0002517,O001017,P0025,1,187.19,125.9,15
OI0002518,O001017,P0003,2,171.57,88.27,0
OI0002519,O001018,P0065,1,270.21,125.01,0
OI0002520,O001018,P0016,1,182.65,108.43,10
OI0002521,O001018,P0117,2,252.27,158.43,0
OI0002522,O001018,P0044,2,279.36,162.6,0
OI0002523,O001019,P0052,1,142.04,68.52,10
OI0002524,O001019,P0002,-1,230.82,108.89,0
OI0002525,O001019,P0007,1,180.16,110.8,15
OI0002526,O001020,P0046,2,310.17,133.53,15
OI0002527,O001020,P0011,2,116.27,72.14,5
OI0002528,O001020,P0033,2,211.78,114.87,15
OI0002529,O001020,P0099,1,179.3,114.96,0
OI0002530,O001021,P0097,2,163.15,70.37,10
OI0002531,O001021,P0086,1,263.23,167.09,15
OI0002532,O001021,P0090,2,60.09,33.62,20
OI0002533,O001022,P0097,2,163.15,70.37,5
OI0002534,O001022,P0036,1,71.47,40.11,0
OI0002535,O001023,P0024,2,169.87,104.81,0
OI0002536,O001024,P0104,1,71.93,33.51,10
OI0002537,O001025,P0119,3,78.86,37.39,0
OI0002538,O001025,P0035,3,326.93,146.56,0
OI0002539,O001025,P0066,1,103.29,50.62,10
OI0002540,O001026,P0086,1,263.23,167.09,5
OI0002541,O001026,P0112,1,361.01,177.23,5
OI0002542,O001026,P0117,3,252.27,158.43,5
OI0002543,O001027,P0095,1,202.91,139.2,15
OI0002544,O001027,P0079,3,28.55,21.67,15
OI0002545,O001027,P0044,1,279.36,162.6,25
OI0002546,O001027,P0112,1,361.01,177.23,5
OI0002547,O001028,P0091,1,196.39,82.27,20
OI0002548,O001028,P0026,1,187.78,112.59,15
OI0002549,O001028,P0065,2,270.21,125.01,0
OI0002550,O001028,P0093,-1,64.09,40.65,10
OI0002551,O001029,P0045,1,354.19,170.05,0
OI0002552,O001029,P0112,3,361.01,177.23,5
OI0002553,O001030,P0049,1,59.24,43.15,25
OI0002554,O001030,P0011,1,116.27,72.14,20
OI0002555,O001030,P0048,3,316.06,150.66,15
OI0002556,O001031,P0029,3,35.33,21.58,5
OI0002557,O001031,P0029,1,35.33,21.58,20
OI0002558,O001031,P0038,3,81.71,51.71,15
OI0002559,O001031,P0026,1,187.78,112.59,15
OI0002560,O001032,P0011,1,116.27,72.14,15
OI0002561,O001033,P0059,2,310.18,133.96,10
OI0002562,O001034,P0092,1,51.3,24.69,0
OI0002563,O001034,P0012,1,20.32,10.75,0
OI0002564,O001034,P0094,3,309.52,160.91,110
OI0002565,O001035,P0080,4,392.84,163.94,0
OI0002566,O001035,P0065,1,270.21,125.01,10
OI0002567,O001035,P0079,1,28.55,21.67,0
OI0002568,O001036,P0112,1,361.01,177.23,10
OI0002569,O001036,P0085,1,142.09,59.82,15
OI0002570,O001036,P0114,1,41.45,23.84,15
OI0002571,O001036,P0054,2,83.38,49.27,10
OI0002572,O001037,P0052,1,142.04,68.52,0
OI0002573,O001037,P0032,1,148.44,75.4,0
OI0002574,O001037,P0051,1,104.92,60.39,0
OI0002575,O001037,P0008,1,223.03,120.69,15
OI0002576,O001038,P0074,1,62.08,27.78,0
OI0002577,O001038,P0114,4,41.45,23.84,0
OI0002578,O001038,P0075,2,134.51,78.21,20
OI0002579,O001038,P0030,1,90.28,41.7,0
OI0002580,O001039,P0065,3,270.21,125.01,0
OI0002581,O001039,P0054,1,83.38,49.27,5
OI0002582,O001040,P0077,2,9.56,6.81,5
OI0002583,O001040,P0081,1,96.93,49.39,5
OI0002584,O001040,P0028,1,307.09,179.34,0
OI0002585,O001040,P0095,4,202.91,139.2,0
OI0002586,O001041,P0069,4,259.35,175.47,5
OI0002587,O001041,P0099,2,179.3,114.96,0
OI0002588,O001041,P0037,2,171.97,76.8,0
OI0002589,O001041,P0027,1,283.79,152.07,5
OI0002590,O001042,P0055,2,150.07,98.61,15
OI0002591,O001043,P0118,1,177.52,114.17,10
OI0002592,O001043,P0070,2,131.06,75.18,10
OI0002593,O001043,P0081,2,96.93,49.39,0
OI0002594,O001044,P0049,1,59.24,43.15,15
OI0002595,O001044,P0064,1,60.15,32.62,25
OI0002596,O001044,P0086,4,263.23,167.09,15
OI0002597,O001045,P0040,1,214.96,89.94,15
OI0002598,O001045,P0027,3,283.79,152.07,15
OI0002599,O001045,P0026,2,187.78,112.59,20
OI0002600,O001045,P0017,1,30.38,15.75,5
OI0002601,O001046,P0019,1,36.3,22.04,20
OI0002602,O001046,P0081,1,96.93,49.39,5
OI0002603,O001047,P0050,2,171.47,76.47,0
OI0002604,O001047,P0056,1,385.75,167.31,0
OI0002605,O001047,P0078,1,268.06,129.83,20
OI0002606,O001047,P0100,3,280.83,119.83,20
OI0002607,O001048,P0064,2,60.15,32.62,10
OI0002608,O001048,P0119,2,78.86,37.39,0
OI0002609,O001049,P0092,1,51.3,24.69,0
OI0002610,O001049,P0034,1,265.11,120.64,5
OI0002611,O001049,P0046,2,310.17,133.53,10
OI0002612,O001050,P0081,1,96.93,49.39,0
OI0002613,O001050,P0115,1,66.66,49.6,0
OI0002614,O001050,P0092,2,51.3,24.69,25
OI0002615,O001050,P0105,1,124.3,57.25,15
OI0002616,O001051,P0105,4,124.3,57.25,10
OI0002617,O001051,P0023,1,15.34,8.57,0
OI0002618,O001051,P0012,1,20.32,10.75,0
OI0002619,O001052,P0055,1,150.07,98.61,15
OI0002620,O001052,P0082,1,64.05,28.14,5
OI0002621,O001053,P0118,2,177.52,114.17,5
OI0002622,O001053,P0010,4,236.09,100.66,0
OI0002623,O001053,P0067,2,33.07,19.77,0
OI0002624,O001054,P0029,2,35.33,21.58,10
OI0002625,O001055,P0051,2,104.92,60.39,25
OI0002626,O001055,P0002,1,230.82,108.89,15
OI0002627,O001055,P0083,-1,63.1,34.73,10
OI0002628,O001056,P0012,2,20.32,10.75,0
OI0002629,O001056,P0087,1,136.09,59.78,0
OI0002630,O001056,P0052,2,142.04,68.52,0
OI0002631,O001057,P0054,2,83.38,49.27,0
OI0002632,O001057,P0006,3,273.98,150.3,0
OI0002633,O001057,P0070,3,131.06,75.18,5
OI0002634,O001058,P0068,1,103.65,44.29,5
OI0002635,O001058,P0084,2,42.76,20.69,20
OI0002636,O001058,P0008,3,223.03,120.69,15
OI0002637,O001059,P0120,1,123.81,98.52,0
OI0002638,O001060,P0026,2,187.78,112.59,0
OI0002639,O001061,P0037,1,171.97,76.8,0
OI0002640,O001061,P0120,1,123.81,98.52,10
OI0002641,O001061,P0097,2,163.15,70.37,20
OI0002642,O001062,P0101,1,338.95,156.07,0
OI0002643,O001062,P0072,3,272.32,149.77,0
OI0002644,O001062,P0084,1,42.76,20.69,0
OI0002645,O001063,P0047,1,243.5,159.8,110
OI0002646,O001063,P0101,2,338.95,156.07,0
OI0002647,O001063,P0039,2,66.47,46.73,0
OI0002648,O001063,P0059,1,310.18,133.96,0
OI0002649,O001064,P0059,2,310.18,133.96,0
OI0002650,O001064,P0086,1,263.23,167.09,15
OI0002651,O001065,P0088,1,236.31,102.24,15
OI0002652,O001065,P0070,3,131.06,75.18,15
OI0002653,O001065,P0080,1,392.84,163.94,15
OI0002654,O001066,P0117,3,252.27,158.43,10
OI0002655,O001066,P0016,2,182.65,108.43,10
OI0002656,O001066,P0017,1,30.38,15.75,15
OI0002657,O001066,P0090,1,60.09,33.62,10
OI0002658,O001067,P0107,1,140.71,82.95,10
OI0002659,O001067,P0052,1,142.04,68.52,5
OI0002660,O001068,P0046,1,310.17,133.53,5
OI0002661,O001069,P0053,1,23.29,11.09,5
OI0002662,O001070,P0030,3,90.28,41.7,25
OI0002663,O001070,P0032,1,148.44,75.4,20
OI0002664,O001070,P0112,2,361.01,177.23,0
OI0002665,O001070,P0071,2,66.14,34.77,0
OI0002666,O001071,P0058,1,224.02,143.13,10
OI0002667,O001071,P0116,1,53.16,36.42,0
OI0002668,O001071,P0087,1,136.09,59.78,10
OI0002669,O001072,P0027,1,283.79,152.07,15
OI0002670,O001072,P0020,2,185.28,120.72,0
OI0002671,O001072,P0042,1,79.85,35.8,0
OI0002672,O001073,P0034,3,265.11,120.64,0
OI0002673,O001073,P0058,1,224.02,143.13,15
OI0002674,O001074,P0114,-1,41.45,23.84,5
OI0002675,O001075,P0105,1,124.3,57.25,10
OI0002676,O001075,P0055,1,150.07,98.61,5
OI0002677,O001076,P0099,1,179.3,114.96,10
OI0002678,O001076,P0066,1,103.29,50.62,0
OI0002679,O001076,P0033,1,211.78,114.87,0
OI0002680,O001076,P0089,1,49.96,38.06,15
OI0002681,O001077,P0087,3,136.09,59.78,5
OI0002682,O001078,P0062,1,274.98,138.35,15
OI0002683,O001079,P0006,1,273.98,150.3,5
OI0002684,O001079,P0040,1,214.96,89.94,10
OI0002685,O001079,P0042,-1,79.85,35.8,5
OI0002686,O001079,P0029,1,35.33,21.58,20
OI0002687,O001080,P0118,1,177.52,114.17,10
OI0002688,O001080,P0015,4,147.82,103.39,0
OI0002689,O001080,P0084,2,42.76,20.69,5
OI0002690,O001080,P0032,1,148.44,75.4,0
OI0002691,O001081,P0003,2,171.57,88.27,10
OI0002692,O001082,P0088,1,236.31,102.24,0
OI0002693,O001082,P0025,1,187.19,125.9,20
OI0002694,O001083,P0021,1,217.0,157.06,0
OI0002695,O001083,P0030,-1,90.28,41.7,0
OI0002696,O001083,P0012,1,20.32,10.75,25
OI0002697,O001083,P0026,1,187.78,112.59,0
OI0002698,O001084,P0017,1,30.38,15.75,0
OI0002699,O001084,P0093,2,64.09,40.65,10
OI0002700,O001084,P0096,1,280.31,123.46,0
OI0002701,O001085,P0105,4,124.3,57.25,0
OI0002702,O001085,P0010,2,236.09,100.66,5
OI0002703,O001085,P0072,2,272.32,149.77,5
OI0002704,O001086,P0105,1,124.3,57.25,0
OI0002705,O001087,P0082,1,64.05,28.14,5
OI0002706,O001087,P0068,1,103.65,44.29,0
OI0002707,O001088,P0050,1,171.47,76.47,20
OI0002708,O001088,P0062,1,274.98,138.35,10
OI0002709,O001088,P0068,1,103.65,44.29,0
OI0002710,O001089,P0095,1,202.91,139.2,5
OI0002711,O001090,P0116,1,53.16,36.42,5
OI0002712,O001090,P0064,1,60.15,32.62,5
OI0002713,O001091,P0030,1,90.28,41.7,0
OI0002714,O001091,P0068,1,103.65,44.29,0
OI0002715,O001091,P0087,1,136.09,59.78,0
OI0002716,O001092,P0100,1,280.83,119.83,0
OI0002717,O001092,P0032,1,148.44,75.4,5
OI0002718,O001092,P0062,2,274.98,138.35,0
OI0002719,O001093,P0075,1,134.51,78.21,15
OI0002720,O001094,P0045,2,354.19,170.05,10
OI0002721,O001095,P0108,3,299.87,137.39,10
OI0002722,O001095,P0034,2,265.11,120.64,5
OI0002723,O001095,P0030,1,90.28,41.7,0
OI0002724,O001095,P0098,3,17.88,10.05,15
OI0002725,O001096,P0099,2,179.3,114.96,0
OI0002726,O001097,P0074,1,62.08,27.78,10
OI0002727,O001097,P0076,2,81.73,46.21,0
OI0002728,O001098,P0058,2,224.02,143.13,20
OI0002729,O001098,P0101,1,338.95,156.07,0
OI0002730,O001098,P0097,2,163.15,70.37,0
OI0002731,O001098,P0006,2,273.98,150.3,0
OI0002732,O001099,P0097,4,163.15,70.37,0
OI0002733,O001099,P0106,3,56.39,27.98,15
OI0002734,O001099,P0075,3,134.51,78.21,0
OI0002735,O001099,P0026,2,187.78,112.59,0
OI0002736,O001100,P0118,2,177.52,114.17,0
OI0002737,O001101,P0030,1,90.28,41.7,15
OI0002738,O001101,P0081,1,96.93,49.39,110
OI0002739,O001101,P0050,1,171.47,76.47,0
OI0002740,O001101,P0100,3,280.83,119.83,20
OI0002741,O001102,P0084,2,42.76,20.69,25
OI0002742,O001102,P0008,1,223.03,120.69,10
OI0002743,O001102,P0090,1,60.09,33.62,0
OI0002744,O001102,P0017,2,30.38,15.75,0
OI0002745,O001103,P0034,2,265.11,120.64,0
OI0002746,O001103,P0001,2,58.62,26.48,0
OI0002747,O001104,P0013,2,127.84,91.01,5
OI0002748,O001104,P0013,2,127.84,91.01,0
OI0002749,O001105,P0050,2,171.47,76.47,0
OI0002750,O001105,P0077,2,9.56,6.81,15
OI0002751,O001105,P0009,1,102.74,56.37,0
OI0002752,O001105,P0011,1,116.27,72.14,10
OI0002753,O001106,P0034,1,265.11,120.64,5
OI0002754,O001107,P0098,1,17.88,10.05,20
OI0002755,O001107,P0086,2,263.23,167.09,0
OI0002756,O001107,P0052,1,142.04,68.52,15
OI0002757,O001107,P0053,3,23.29,11.09,15
OI0002758,O001108,P0028,4,307.09,179.34,0
OI0002759,O001108,P0099,1,179.3,114.96,10
OI0002760,O001108,P0088,2,236.31,102.24,5
OI0002761,O001108,P0095,1,202.91,139.2,15
OI0002762,O001109,P0062,2,274.98,138.35,0
OI0002763,O001109,P0059,3,310.18,133.96,5
OI0002764,O001109,P0100,1,280.83,119.83,20
OI0002765,O001110,P0015,2,147.82,103.39,10
OI0002766,O001111,P0042,2,79.85,35.8,0
OI0002767,O001111,P0113,1,152.02,79.85,10
OI0002768,O001111,P0065,3,270.21,125.01,0
OI0002769,O001112,P0089,2,49.96,38.06,5
OI0002770,O001112,P0045,1,354.19,170.05,5
OI0002771,O001112,P0066,1,103.29,50.62,0
OI0002772,O001113,P0019,2,36.3,22.04,20
OI0002773,O001113,P0107,1,140.71,82.95,10
OI0002774,O001113,P0066,1,103.29,50.62,0
OI0002775,O001113,P0015,1,147.82,103.39,5
OI0002776,O001114,P0022,1,192.12,85.66,10
OI0002777,O001115,P0036,1,71.47,40.11,110
OI0002778,O001116,P0119,1,78.86,37.39,25
OI0002779,O001116,P0017,1,30.38,15.75,10
OI0002780,O001117,P0119,1,78.86,37.39,5
OI0002781,O001117,P0092,2,51.3,24.69,0
OI0002782,O001117,P0018,1,281.84,146.67,0
OI0002783,O001117,P0096,2,280.31,123.46,10
OI0002784,O001118,P0009,1,102.74,56.37,0
OI0002785,O001118,P0035,2,326.93,146.56,110
OI0002786,O001118,P0057,1,95.09,41.82,0
OI0002787,O001118,P0026,1,187.78,112.59,0
OI0002788,O001119,P0068,1,103.65,44.29,15
OI0002789,O001119,P0019,2,36.3,22.04,20
OI0002790,O001120,P0113,2,152.02,79.85,0
OI0002791,O001120,P0096,2,280.31,123.46,5
OI0002792,O001120,P0072,1,272.32,149.77,10
OI0002793,O001120,P0099,2,179.3,114.96,10
OI0002794,O001121,P0005,3,181.52,92.02,5
OI0002795,O001121,P0092,3,51.3,24.69,10
OI0002796,O001121,P0114,3,41.45,23.84,0
OI0002797,O001122,P0037,2,171.97,76.8,0
OI0002798,O001122,P0083,1,63.1,34.73,15
OI0002799,O001122,P0119,2,78.86,37.39,15
OI0002800,O001122,P0100,4,280.83,119.83,0
OI0002801,O001123,P0039,2,66.47,46.73,0
OI0002802,O001124,P0119,2,78.86,37.39,5
OI0002803,O001124,P0050,4,171.47,76.47,10
OI0002804,O001124,P0056,1,385.75,167.31,0
OI0002805,O001125,P0053,2,23.29,11.09,0
OI0002806,O001125,P0044,-1,279.36,162.6,0
OI0002807,O001125,P0076,3,81.73,46.21,10
OI0002808,O001125,P0105,1,124.3,57.25,15
OI0002809,O001126,P0096,3,280.31,123.46,5
OI0002810,O001126,P0025,3,187.19,125.9,25
OI0002811,O001127,P0108,1,299.87,137.39,0
OI0002812,O001127,P0082,1,64.05,28.14,0
OI0002813,O001127,P0074,4,62.08,27.78,15
OI0002814,O001128,P0004,1,114.79,53.81,0
OI0002815,O001128,P0060,1,306.49,149.27,10
OI0002816,O001129,P0074,4,62.08,27.78,0
OI0002817,O001130,P0086,1,263.23,167.09,15
OI0002818,O001130,P0033,2,211.78,114.87,10
OI0002819,O001130,P0106,2,56.39,27.98,5
OI0002820,O001130,P0056,1,385.75,167.31,0
OI0002821,O001131,P0019,2,36.3,22.04,5
OI0002822,O001131,P0004,1,114.79,53.81,5
OI0002823,O001131,P0049,1,59.24,43.15,0
OI0002824,O001132,P0020,3,185.28,120.72,0
OI0002825,O001132,P0086,2,263.23,167.09,15
OI0002826,O001132,P0046,1,310.17,133.53,0
OI0002827,O001133,P0060,1,306.49,149.27,0
OI0002828,O001133,P0079,4,28.55,21.67,10
OI0002829,O001134,P0055,1,150.07,98.61,0
OI0002830,O001135,P0118,1,177.52,114.17,10
OI0002831,O001135,P0082,1,64.05,28.14,5
OI0002832,O001135,P0119,1,78.86,37.39,25
OI0002833,O001136,P0007,1,180.16,110.8,0
OI0002834,O001136,P0116,3,53.16,36.42,20
OI0002835,O001136,P0048,4,316.06,150.66,15
OI0002836,O001136,P0062,2,274.98,138.35,0
OI0002837,O001137,P0044,2,279.36,162.6,5
OI0002838,O001137,P0033,2,211.78,114.87,5
OI0002839,O001138,P0061,2,241.21,110.37,0
OI0002840,O001139,P0110,4,311.63,167.87,10
OI0002841,O001139,P0080,1,392.84,163.94,0
OI0002842,O001139,P0093,1,64.09,40.65,15
OI0002843,O001140,P0065,2,270.21,125.01,15
OI0002844,O001141,P0047,1,243.5,159.8,15
OI0002845,O001142,P0018,1,281.84,146.67,0
OI0002846,O001142,P0067,1,33.07,19.77,5
OI0002847,O001142,P0060,1,306.49,149.27,0
OI0002848,O001142,P0011,1,116.27,72.14,0
OI0002849,O001143,P0098,1,17.88,10.05,20
OI0002850,O001143,P0107,1,140.71,82.95,20
OI0002851,O001144,P0101,2,338.95,156.07,0
OI0002852,O001145,P0084,1,42.76,20.69,5
OI0002853,O001145,P0044,3,279.36,162.6,0
OI0002854,O001145,P0008,1,223.03,120.69,5
OI0002855,O001145,P0001,3,58.62,26.48,20
OI0002856,O001146,P0119,-1,78.86,37.39,5
OI0002857,O001147,P0076,1,81.73,46.21,0
OI0002858,O001147,P0111,1,116.59,86.94,0
OI0002859,O001148,P0061,2,241.21,110.37,5
OI0002860,O001148,P0058,-1,224.02,143.13,5
OI0002861,O001149,P0015,2,147.82,103.39,20
OI0002862,O001149,P0061,1,241.21,110.37,0
OI0002863,O001150,P0051,2,104.92,60.39,10
OI0002864,O001150,P0114,1,41.45,23.84,10
OI0002865,O001151,P0080,1,392.84,163.94,0
OI0002866,O001151,P0021,3,217.0,157.06,0
OI0002867,O001152,P0013,-1,127.84,91.01,0
OI0002868,O001153,P0112,1,361.01,177.23,10
OI0002869,O001153,P0105,1,124.3,57.25,0
OI0002870,O001154,P0091,2,196.39,82.27,0
OI0002871,O001154,P0017,-1,30.38,15.75,0
OI0002872,O001155,P0026,1,187.78,112.59,0
OI0002873,O001156,P0025,1,187.19,125.9,0
OI0002874,O001156,P0095,1,202.91,139.2,5
OI0002875,O001156,P0087,1,136.09,59.78,5
OI0002876,O001157,P0058,1,224.02,143.13,5
OI0002877,O001157,P0090,1,60.09,33.62,0
OI0002878,O001157,P0043,2,33.48,14.68,20
OI0002879,O001158,P0069,1,259.35,175.47,0
OI0002880,O001158,P0073,1,372.75,170.56,5
OI0002881,O001158,P0026,2,187.78,112.59,5
OI0002882,O001158,P0021,2,217.0,157.06,0
OI0002883,O001159,P0091,2,196.39,82.27,5
OI0002884,O001159,P0040,1,214.96,89.94,0
OI0002885,O001160,P0007,1,180.16,110.8,0
OI0002886,O001160,P0104,1,71.93,33.51,15
OI0002887,O001160,P0043,2,33.48,14.68,5
OI0002888,O001160,P0046,1,310.17,133.53,0
OI0002889,O001161,P0118,1,177.52,114.17,25
OI0002890,O001162,P0104,1,71.93,33.51,15
OI0002891,O001163,P0093,2,64.09,40.65,5
OI0002892,O001163,P0016,1,182.65,108.43,0
OI0002893,O001164,P0111,1,116.59,86.94,15
OI0002894,O001164,P0059,1,310.18,133.96,5
OI0002895,O001164,P0097,1,163.15,70.37,0
OI0002896,O001164,P0049,3,59.24,43.15,0
OI0002897,O001165,P0097,-1,163.15,70.37,0
OI0002898,O001165,P0078,1,268.06,129.83,5
OI0002899,O001165,P0048,1,316.06,150.66,0
OI0002900,O001166,P0022,3,192.12,85.66,15
OI0002901,O001166,P0089,2,49.96,38.06,0
OI0002902,O001167,P0019,1,36.3,22.04,0
OI0002903,O001167,P0061,2,241.21,110.37,0
OI0002904,O001167,P0118,1,177.52,114.17,20
OI0002905,O001167,P0041,4,46.27,32.89,0
OI0002906,O001168,P0054,2,83.38,49.27,20
OI0002907,O001168,P0006,1,273.98,150.3,0
OI0002908,O001169,P0045,2,354.19,170.05,5
OI0002909,O001169,P0031,3,254.7,145.72,10
OI0002910,O001170,P0018,2,281.84,146.67,20
OI0002911,O001171,P0031,1,254.7,145.72,15
OI0002912,O001171,P0078,1,268.06,129.83,20
OI0002913,O001171,P0085,1,142.09,59.82,0
OI0002914,O001172,P0035,2,326.93,146.56,0
OI0002915,O001172,P0064,2,60.15,32.62,0
OI0002916,O001172,P0108,1,299.87,137.39,5
OI0002917,O001172,P0078,1,268.06,129.83,0
OI0002918,O001173,P0043,2,33.48,14.68,5
OI0002919,O001174,P0015,1,147.82,103.39,0
OI0002920,O001174,P0086,1,263.23,167.09,5
OI0002921,O001175,P0004,1,114.79,53.81,15
OI0002922,O001175,P0089,1,49.96,38.06,0
OI0002923,O001175,P0075,1,134.51,78.21,0
OI0002924,O001176,P0032,4,148.44,75.4,0
OI0002925,O001177,P0060,4,306.49,149.27,20
OI0002926,O001177,P0010,1,236.09,100.66,0
OI0002927,O001178,P0099,2,179.3,114.96,5
OI0002928,O001179,P0120,2,123.81,98.52,0
OI0002929,O001180,P0020,2,185.28,120.72,0
OI0002930,O001180,P0062,-1,274.98,138.35,0
OI0002931,O001180,P0072,2,272.32,149.77,5
OI0002932,O001180,P0061,2,241.21,110.37,0
OI0002933,O001181,P0010,2,236.09,100.66,10
OI0002934,O001181,P0047,2,243.5,159.8,0
OI0002935,O001182,P0054,1,83.38,49.27,10
OI0002936,O001183,P0067,1,33.07,19.77,0
OI0002937,O001183,P0102,3,195.72,100.75,25
OI0002938,O001184,P0076,1,81.73,46.21,15
OI0002939,O001185,P0071,2,66.14,34.77,15
OI0002940,O001185,P0088,3,236.31,102.24,110
OI0002941,O001185,P0063,2,8.2,5.54,5
OI0002942,O001185,P0013,2,127.84,91.01,110
OI0002943,O001186,P0106,1,56.39,27.98,15
OI0002944,O001186,P0025,1,187.19,125.9,5
OI0002945,O001186,P0089,4,49.96,38.06,15
OI0002946,O001186,P0107,1,140.71,82.95,15
OI0002947,O001187,P0049,1,59.24,43.15,5
OI0002948,O001188,P0096,2,280.31,123.46,15
OI0002949,O001189,P0094,3,309.52,160.91,0
OI0002950,O001190,P0022,1,192.12,85.66,0
OI0002951,O001190,P0023,1,15.34,8.57,10
OI0002952,O001191,P0023,2,15.34,8.57,5
OI0002953,O001191,P0054,2,83.38,49.27,5
OI0002954,O001191,P0040,2,214.96,89.94,10
OI0002955,O001191,P0004,1,114.79,53.81,5
OI0002956,O001192,P0077,1,9.56,6.81,10
OI0002957,O001192,P0066,2,103.29,50.62,0
OI0002958,O001193,P0097,2,163.15,70.37,10
OI0002959,O001193,P0020,3,185.28,120.72,15
OI0002960,O001193,P0007,1,180.16,110.8,0
OI0002961,O001194,P0022,2,192.12,85.66,0
OI0002962,O001194,P0101,1,338.95,156.07,10
OI0002963,O001195,P0060,1,306.49,149.27,20
OI0002964,O001195,P0083,1,63.1,34.73,5
OI0002965,O001195,P0026,1,187.78,112.59,25
OI0002966,O001195,P0068,1,103.65,44.29,0
OI0002967,O001196,P0089,1,49.96,38.06,15
OI0002968,O001196,P0018,1,281.84,146.67,0
OI0002969,O001196,P0082,1,64.05,28.14,10
OI0002970,O001197,P0118,3,177.52,114.17,20
OI0002971,O001197,P0062,1,274.98,138.35,5
OI0002972,O001198,P0120,3,123.81,98.52,10
OI0002973,O001199,P0012,1,20.32,10.75,10
OI0002974,O001199,P0096,2,280.31,123.46,10
OI0002975,O001200,P0045,4,354.19,170.05,20
OI0002976,O001200,P0013,1,127.84,91.01,0
OI0002977,O001200,P0103,2,100.44,47.01,0
OI0002978,O001200,P0117,3,252.27,158.43,10
OI0002979,O001201,P0005,2,181.52,92.02,5
OI0002980,O001202,P0078,2,268.06,129.83,5
OI0002981,O001203,P0065,1,270.21,125.01,15
OI0002982,O001203,P0081,1,96.93,49.39,25
OI0002983,O001203,P0009,3,102.74,56.37,15
OI0002984,O001204,P0003,2,171.57,88.27,0
OI0002985,O001204,P0022,3,192.12,85.66,10
OI0002986,O001204,P0044,1,279.36,162.6,0
OI0002987,O001205,P0116,1,53.16,36.42,15
OI0002988,O001205,P0120,1,123.81,98.52,25
OI0002989,O001206,P0051,1,104.92,60.39,0
OI0002990,O001206,P0073,1,372.75,170.56,5
OI0002991,O001207,P0057,2,95.09,41.82,0
OI0002992,O001208,P0064,3,60.15,32.62,25
OI0002993,O001208,P0077,1,9.56,6.81,0
OI0002994,O001209,P0039,1,66.47,46.73,0
OI0002995,O001210,P0101,1,338.95,156.07,10
OI0002996,O001211,P0006,2,273.98,150.3,5
OI0002997,O001212,P0070,2,131.06,75.18,0
OI0002998,O001212,P0077,1,9.56,6.81,0
OI0002999,O001212,P0043,3,33.48,14.68,25
OI0003000,O001213,P0039,4,66.47,46.73,5
OI0003001,O001213,P0080,2,392.84,163.94,0
OI0003002,O001214,P0088,1,236.31,102.24,10
OI0003003,O001214,P0093,1,64.09,40.65,0
OI0003004,O001215,P0115,1,66.66,49.6,0
OI0003005,O001216,P0025,3,187.19,125.9,0
OI0003006,O001216,P0108,1,299.87,137.39,0
OI0003007,O001216,P0081,4,96.93,49.39,10
OI0003008,O001216,P0068,4,103.65,44.29,5
OI0003009,O001217,P0013,1,127.84,91.01,0
OI0003010,O001218,P0011,1,116.27,72.14,0
OI0003011,O001218,P0108,1,299.87,137.39,5
OI0003012,O001218,P0115,1,66.66,49.6,0
OI0003013,O001218,P0117,1,252.27,158.43,0
OI0003014,O001219,P0014,4,189.67,104.55,0
OI0003015,O001219,P0100,2,280.83,119.83,0
OI0003016,O001219,P0061,1,241.21,110.37,10
OI0003017,O001219,P0045,1,354.19,170.05,0
OI0003018,O001220,P0110,1,311.63,167.87,0
OI0003019,O001220,P0107,4,140.71,82.95,5
OI0003020,O001221,P0093,1,64.09,40.65,15
OI0003021,O001222,P0114,1,41.45,23.84,20
OI0003022,O001222,P0078,1,268.06,129.83,15
OI0003023,O001222,P0041,1,46.27,32.89,10
OI0003024,O001222,P0042,1,79.85,35.8,10
OI0003025,O001223,P0068,1,103.65,44.29,0
OI0003026,O001223,P0040,1,214.96,89.94,5
OI0003027,O001223,P0036,1,71.47,40.11,10
OI0003028,O001224,P0052,1,142.04,68.52,15
OI0003029,O001224,P0077,3,9.56,6.81,0
OI0003030,O001224,P0090,1,60.09,33.62,10
OI0003031,O001224,P0030,1,90.28,41.7,20
OI0003032,O001225,P0036,3,71.47,40.11,15
OI0003033,O001225,P0083,1,63.1,34.73,0
OI0003034,O001226,P0116,1,53.16,36.42,10
OI0003035,O001226,P0109,2,39.14,21.27,5
OI0003036,O001226,P0061,-1,241.21,110.37,5
OI0003037,O001227,P0048,1,316.06,150.66,10
OI0003038,O001227,P0106,2,56.39,27.98,0
OI0003039,O001228,P0003,1,171.57,88.27,0
OI0003040,O001228,P0015,1,147.82,103.39,25
OI0003041,O001228,P0117,2,252.27,158.43,10
OI0003042,O001228,P0065,1,270.21,125.01,15
OI0003043,O001229,P0085,2,142.09,59.82,5
OI0003044,O001229,P0091,1,196.39,82.27,15
OI0003045,O001229,P0022,2,192.12,85.66,0
OI0003046,O001229,P0074,1,62.08,27.78,15
OI0003047,O001230,P0019,3,36.3,22.04,5
OI0003048,O001230,P0007,3,180.16,110.8,0
OI0003049,O001230,P0083,1,63.1,34.73,0
OI0003050,O001230,P0024,2,169.87,104.81,0
OI0003051,O001231,P0053,2,23.29,11.09,10
OI0003052,O001231,P0001,1,58.62,26.48,20
OI0003053,O001231,P0001,1,58.62,26.48,5
OI0003054,O001232,P0105,1,124.3,57.25,0
OI0003055,O001232,P0021,3,217.0,157.06,5
OI0003056,O001233,P0026,1,187.78,112.59,5
OI0003057,O001233,P0004,1,114.79,53.81,0
OI0003058,O001233,P0114,1,41.45,23.84,0
OI0003059,O001233,P0035,3,326.93,146.56,0
OI0003060,O001234,P0064,1,60.15,32.62,0
OI0003061,O001235,P0073,2,372.75,170.56,15
OI0003062,O001235,P0005,2,181.52,92.02,0
OI0003063,O001235,P0116,1,53.16,36.42,15
OI0003064,O001235,P0098,1,17.88,10.05,10
OI0003065,O001236,P0043,1,33.48,14.68,15
OI0003066,O001236,P0055,1,150.07,98.61,0
OI0003067,O001237,P0095,2,202.91,139.2,0
OI0003068,O001237,P0027,1,283.79,152.07,15
OI0003069,O001237,P0118,2,177.52,114.17,10
OI0003070,O001238,P0108,1,299.87,137.39,15
OI0003071,O001238,P0117,1,252.27,158.43,0
OI0003072,O001238,P0106,1,56.39,27.98,0
OI0003073,O001239,P0002,1,230.82,108.89,5
OI0003074,O001240,P0115,1,66.66,49.6,5
OI0003075,O001240,P0019,3,36.3,22.04,0
OI0003076,O001241,P0019,2,36.3,22.04,15
OI0003077,O001242,P0117,1,252.27,158.43,0
OI0003078,O001243,P0007,1,180.16,110.8,20
OI0003079,O001243,P0100,1,280.83,119.83,5
OI0003080,O001244,P0092,3,51.3,24.69,0
OI0003081,O001244,P0060,1,306.49,149.27,10
OI0003082,O001244,P0056,3,385.75,167.31,15
OI0003083,O001245,P0019,1,36.3,22.04,15
OI0003084,O001245,P0056,3,385.75,167.31,5
OI0003085,O001245,P0055,1,150.07,98.61,15
OI0003086,O001245,P0058,3,224.02,143.13,10
OI0003087,O001246,P0076,2,81.73,46.21,15
OI0003088,O001246,P0085,1,142.09,59.82,10
OI0003089,O001246,P0014,1,189.67,104.55,15
OI0003090,O001247,P0104,1,71.93,33.51,0
OI0003091,O001248,P0043,3,33.48,14.68,0
OI0003092,O001248,P0080,1,392.84,163.94,10
OI0003093,O001249,P0055,2,150.07,98.61,5
OI0003094,O001249,P0053,1,23.29,11.09,25
OI0003095,O001249,P0011,1,116.27,72.14,5
OI0003096,O001249,P0103,3,100.44,47.01,15
OI0003097,O001250,P0003,1,171.57,88.27,10
OI0003098,O001250,P0058,1,224.02,143.13,20
OI0003099,O001250,P0044,2,279.36,162.6,20
OI0003100,O001250,P0045,1,354.19,170.05,5
OI0003101,O001251,P0103,2,100.44,47.01,20
OI0003102,O001252,P0108,3,299.87,137.39,0
OI0003103,O001252,P0008,2,223.03,120.69,20
OI0003104,O001253,P0120,2,123.81,98.52,0
OI0003105,O001253,P0036,1,71.47,40.11,20
OI0003106,O001253,P0067,1,33.07,19.77,25
OI0003107,O001254,P0076,2,81.73,46.21,0
OI0003108,O001254,P0066,1,103.29,50.62,0
OI0003109,O001254,P0041,3,46.27,32.89,0
OI0003110,O001255,P0041,1,46.27,32.89,0
OI0003111,O001255,P0025,3,187.19,125.9,5
OI0003112,O001256,P0098,1,17.88,10.05,0
OI0003113,O001256,P0002,1,230.82,108.89,10
OI0003114,O001256,P0071,2,66.14,34.77,0
OI0003115,O001256,P0114,1,41.45,23.84,5
OI0003116,O001257,P0016,1,182.65,108.43,0
OI0003117,O001258,P0068,2,103.65,44.29,10
OI0003118,O001258,P0018,1,281.84,146.67,20
OI0003119,O001259,P0012,4,20.32,10.75,15
OI0003120,O001259,P0029,1,35.33,21.58,5
OI0003121,O001259,P0061,2,241.21,110.37,0
OI0003122,O001259,P0013,1,127.84,91.01,0
OI0003123,O001260,P0017,1,30.38,15.75,0
OI0003124,O001260,P0118,1,177.52,114.17,0
OI0003125,O001260,P0064,1,60.15,32.62,20
OI0003126,O001260,P0099,1,179.3,114.96,0
OI0003127,O001261,P0015,2,147.82,103.39,0
OI0003128,O001261,P0034,1,265.11,120.64,15
OI0003129,O001261,P0114,1,41.45,23.84,15
OI0003130,O001261,P0047,1,243.5,159.8,0
OI0003131,O001262,P0082,2,64.05,28.14,20
OI0003132,O001262,P0011,2,116.27,72.14,0
OI0003133,O001263,P0035,2,326.93,146.56,5
OI0003134,O001263,P0055,1,150.07,98.61,0
OI0003135,O001263,P0010,1,236.09,100.66,0
OI0003136,O001263,P0021,1,217.0,157.06,5
OI0003137,O001264,P0056,2,385.75,167.31,0
OI0003138,O001264,P0042,1,79.85,35.8,15
OI0003139,O001264,P0114,2,41.45,23.84,10
OI0003140,O001264,P0016,2,182.65,108.43,20
OI0003141,O001265,P0090,4,60.09,33.62,0
OI0003142,O001266,P0068,3,103.65,44.29,15
OI0003143,O001266,P0112,2,361.01,177.23,0
OI0003144,O001266,P0101,2,338.95,156.07,0
OI0003145,O001266,P0058,1,224.02,143.13,10
OI0003146,O001267,P0100,1,280.83,119.83,15
OI0003147,O001267,P0011,2,116.27,72.14,10
OI0003148,O001268,P0047,1,243.5,159.8,10
OI0003149,O001268,P0030,1,90.28,41.7,0
OI0003150,O001269,P0105,2,124.3,57.25,10
OI0003151,O001269,P0064,2,60.15,32.62,5
OI0003152,O001269,P0062,1,274.98,138.35,5
OI0003153,O001270,P0038,1,81.71,51.71,0
OI0003154,O001270,P0119,2,78.86,37.39,0
OI0003155,O001271,P0035,2,326.93,146.56,20
OI0003156,O001271,P0070,1,131.06,75.18,0
OI0003157,O001271,P0059,2,310.18,133.96,0
OI0003158,O001272,P0118,2,177.52,114.17,20
OI0003159,O001273,P0062,1,274.98,138.35,5
OI0003160,O001274,P0075,2,134.51,78.21,15
OI0003161,O001274,P0037,1,171.97,76.8,0
OI0003162,O001274,P0072,1,272.32,149.77,0
OI0003163,O001274,P0107,1,140.71,82.95,5
OI0003164,O001275,P0040,1,214.96,89.94,10
OI0003165,O001276,P0042,4,79.85,35.8,10
OI0003166,O001276,P0035,-1,326.93,146.56,5
OI0003167,O001276,P0015,1,147.82,103.39,0
OI0003168,O001277,P0012,1,20.32,10.75,0
OI0003169,O001277,P0006,1,273.98,150.3,5
OI0003170,O001278,P0019,1,36.3,22.04,10
OI0003171,O001278,P0061,2,241.21,110.37,0
OI0003172,O001278,P0062,4,274.98,138.35,0
OI0003173,O001279,P0074,1,62.08,27.78,5
OI0003174,O001279,P0044,2,279.36,162.6,0
OI0003175,O001280,P0015,2,147.82,103.39,10
OI0003176,O001280,P0092,1,51.3,24.69,0
OI0003177,O001280,P0054,3,83.38,49.27,10
OI0003178,O001281,P0009,3,102.74,56.37,5
OI0003179,O001282,P0093,1,64.09,40.65,5
OI0003180,O001282,P0090,1,60.09,33.62,0
OI0003181,O001283,P0078,1,268.06,129.83,15
OI0003182,O001283,P0063,1,8.2,5.54,0
OI0003183,O001283,P0098,2,17.88,10.05,0
OI0003184,O001283,P0109,1,39.14,21.27,10
OI0003185,O001284,P0010,2,236.09,100.66,0
OI0003186,O001284,P0017,1,30.38,15.75,0
OI0003187,O001285,P0040,1,214.96,89.94,0
OI0003188,O001285,P0037,2,171.97,76.8,25
OI0003189,O001286,P0097,1,163.15,70.37,0
OI0003190,O001287,P0106,1,56.39,27.98,10
OI0003191,O001287,P0002,1,230.82,108.89,0
OI0003192,O001288,P0038,2,81.71,51.71,0
OI0003193,O001289,P0071,1,66.14,34.77,0
OI0003194,O001289,P0061,4,241.21,110.37,0
OI0003195,O001289,P0108,2,299.87,137.39,0
OI0003196,O001289,P0025,4,187.19,125.9,5
OI0003197,O001290,P0085,1,142.09,59.82,15
OI0003198,O001290,P0022,2,192.12,85.66,20
OI0003199,O001291,P0065,2,270.21,125.01,10
OI0003200,O001291,P0011,2,116.27,72.14,20
OI0003201,O001292,P0115,2,66.66,49.6,0
OI0003202,O001292,P0101,1,338.95,156.07,0
OI0003203,O001292,P0019,1,36.3,22.04,5
OI0003204,O001293,P0028,1,307.09,179.34,0
OI0003205,O001293,P0063,1,8.2,5.54,20
OI0003206,O001293,P0081,3,96.93,49.39,0
OI0003207,O001294,P0018,2,281.84,146.67,0
OI0003208,O001294,P0019,1,36.3,22.04,5
OI0003209,O001294,P0110,1,311.63,167.87,20
OI0003210,O001294,P0037,4,171.97,76.8,0
OI0003211,O001295,P0083,1,63.1,34.73,0
OI0003212,O001295,P0031,1,254.7,145.72,0
OI0003213,O001296,P0024,1,169.87,104.81,10
OI0003214,O001296,P0043,1,33.48,14.68,5
OI0003215,O001297,P0068,1,103.65,44.29,10
OI0003216,O001297,P0086,3,263.23,167.09,15
OI0003217,O001297,P0029,1,35.33,21.58,15
OI0003218,O001298,P0094,2,309.52,160.91,10
OI0003219,O001299,P0037,2,171.97,76.8,15
OI0003220,O001299,P0019,1,36.3,22.04,15
OI0003221,O001300,P0077,1,9.56,6.81,0
OI0003222,O001300,P0104,2,71.93,33.51,0
OI0003223,O001301,P0066,2,103.29,50.62,0
OI0003224,O001301,P0004,2,114.79,53.81,0
OI0003225,O001302,P0099,1,179.3,114.96,5
OI0003226,O001302,P0105,1,124.3,57.25,15
OI0003227,O001302,P0023,2,15.34,8.57,0
OI0003228,O001302,P0057,1,95.09,41.82,15
OI0003229,O001303,P0045,1,354.19,170.05,15
OI0003230,O001303,P0077,1,9.56,6.81,0
OI0003231,O001303,P0040,1,214.96,89.94,110
OI0003232,O001304,P0118,1,177.52,114.17,0
OI0003233,O001304,P0072,1,272.32,149.77,15
OI0003234,O001304,P0027,4,283.79,152.07,0
OI0003235,O001304,P0028,1,307.09,179.34,10
OI0003236,O001305,P0089,1,49.96,38.06,10
OI0003237,O001305,P0106,3,56.39,27.98,5
OI0003238,O001305,P0044,1,279.36,162.6,25
OI0003239,O001306,P0116,1,53.16,36.42,15
OI0003240,O001306,P0050,1,171.47,76.47,0
OI0003241,O001307,P0033,1,211.78,114.87,0
OI0003242,O001307,P0096,2,280.31,123.46,5
OI0003243,O001307,P0046,3,310.17,133.53,0
OI0003244,O001307,P0062,1,274.98,138.35,15
OI0003245,O001308,P0047,2,243.5,159.8,0
OI0003246,O001309,P0117,1,252.27,158.43,20
OI0003247,O001309,P0030,1,90.28,41.7,0
OI0003248,O001310,P0044,1,279.36,162.6,0
OI0003249,O001310,P0098,2,17.88,10.05,0
OI0003250,O001310,P0100,1,280.83,119.83,10
OI0003251,O001311,P0011,1,116.27,72.14,0
OI0003252,O001311,P0025,3,187.19,125.9,0
OI0003253,O001311,P0120,2,123.81,98.52,10
OI0003254,O001312,P0005,1,181.52,92.02,20
OI0003255,O001312,P0030,4,90.28,41.7,5
OI0003256,O001313,P0109,1,39.14,21.27,5
OI0003257,O001313,P0006,4,273.98,150.3,0
OI0003258,O001314,P0081,4,96.93,49.39,25
OI0003259,O001314,P0090,2,60.09,33.62,0
OI0003260,O001314,P0030,1,90.28,41.7,5
OI0003261,O001314,P0080,2,392.84,163.94,0
OI0003262,O001315,P0070,4,131.06,75.18,0
OI0003263,O001315,P0030,4,90.28,41.7,10
OI0003264,O001315,P0066,3,103.29,50.62,0
OI0003265,O001316,P0072,4,272.32,149.77,5
OI0003266,O001316,P0080,2,392.84,163.94,0
OI0003267,O001316,P0101,4,338.95,156.07,0
OI0003268,O001316,P0003,1,171.57,88.27,20
OI0003269,O001317,P0075,2,134.51,78.21,5
OI0003270,O001317,P0025,1,187.19,125.9,15
OI0003271,O001317,P0032,1,148.44,75.4,5
OI0003272,O001318,P0017,2,30.38,15.75,0
OI0003273,O001318,P0038,3,81.71,51.71,10
OI0003274,O001319,P0112,2,361.01,177.23,0
OI0003275,O001319,P0090,4,60.09,33.62,15
OI0003276,O001320,P0109,1,39.14,21.27,0
OI0003277,O001321,P0026,1,187.78,112.59,10
OI0003278,O001321,P0051,3,104.92,60.39,25
OI0003279,O001322,P0106,1,56.39,27.98,5
OI0003280,O001323,P0040,3,214.96,89.94,15
OI0003281,O001323,P0010,1,236.09,100.66,110
OI0003282,O001323,P0050,1,171.47,76.47,10
OI0003283,O001323,P0086,3,263.23,167.09,20
OI0003284,O001324,P0078,3,268.06,129.83,0
OI0003285,O001324,P0054,2,83.38,49.27,20
OI0003286,O001324,P0077,1,9.56,6.81,0
OI0003287,O001325,P0007,1,180.16,110.8,0
OI0003288,O001326,P0001,1,58.62,26.48,0
OI0003289,O001326,P0006,2,273.98,150.3,15
OI0003290,O001326,P0065,2,270.21,125.01,5
OI0003291,O001326,P0110,4,311.63,167.87,0
OI0003292,O001327,P0026,2,187.78,112.59,0
OI0003293,O001328,P0032,1,148.44,75.4,20
OI0003294,O001328,P0003,4,171.57,88.27,0
OI0003295,O001328,P0067,1,33.07,19.77,10
OI0003296,O001328,P0029,1,35.33,21.58,0
OI0003297,O001329,P0040,3,214.96,89.94,10
OI0003298,O001330,P0065,3,270.21,125.01,15
OI0003299,O001330,P0031,2,254.7,145.72,0
OI0003300,O001331,P0098,1,17.88,10.05,10
OI0003301,O001332,P0019,2,36.3,22.04,15
OI0003302,O001332,P0080,2,392.84,163.94,0
OI0003303,O001332,P0069,1,259.35,175.47,0
OI0003304,O001332,P0096,3,280.31,123.46,0
OI0003305,O001333,P0047,2,243.5,159.8,0
OI0003306,O001334,P0007,3,180.16,110.8,5
OI0003307,O001334,P0104,1,71.93,33.51,5
OI0003308,O001334,P0087,1,136.09,59.78,20
OI0003309,O001334,P0082,1,64.05,28.14,0
OI0003310,O001335,P0087,3,136.09,59.78,5
OI0003311,O001335,P0087,1,136.09,59.78,20
OI0003312,O001335,P0086,3,263.23,167.09,0
OI0003313,O001335,P0005,1,181.52,92.02,20
OI0003314,O001336,P0026,1,187.78,112.59,10
OI0003315,O001336,P0102,3,195.72,100.75,10
OI0003316,O001336,P0018,1,281.84,146.67,0
OI0003317,O001337,P0096,3,280.31,123.46,0
OI0003318,O001337,P0011,1,116.27,72.14,15
OI0003319,O001337,P0100,2,280.83,119.83,10
OI0003320,O001338,P0002,1,230.82,108.89,0
OI0003321,O001338,P0020,1,185.28,120.72,15
OI0003322,O001338,P0100,1,280.83,119.83,25
OI0003323,O001339,P0075,2,134.51,78.21,20
OI0003324,O001340,P0066,1,103.29,50.62,5
OI0003325,O001340,P0119,2,78.86,37.39,20
OI0003326,O001340,P0037,2,171.97,76.8,15
OI0003327,O001341,P0054,1,83.38,49.27,25
OI0003328,O001341,P0051,1,104.92,60.39,10
OI0003329,O001342,P0096,2,280.31,123.46,10
OI0003330,O001342,P0029,2,35.33,21.58,20
OI0003331,O001342,P0026,1,187.78,112.59,0
OI0003332,O001342,P0114,2,41.45,23.84,5
OI0003333,O001343,P0068,1,103.65,44.29,0
OI0003334,O001343,P0016,1,182.65,108.43,0
OI0003335,O001343,P0106,1,56.39,27.98,5
OI0003336,O001344,P0001,1,58.62,26.48,0
OI0003337,O001345,P0072,1,272.32,149.77,0
OI0003338,O001345,P0087,1,136.09,59.78,25
OI0003339,O001345,P0087,-1,136.09,59.78,15
OI0003340,O001345,P0118,-1,177.52,114.17,5
OI0003341,O001346,P0028,1,307.09,179.34,15
OI0003342,O001346,P0085,1,142.09,59.82,15
OI0003343,O001347,P0019,1,36.3,22.04,0
OI0003344,O001347,P0016,1,182.65,108.43,0
OI0003345,O001348,P0025,3,187.19,125.9,0
OI0003346,O001348,P0106,1,56.39,27.98,0
OI0003347,O001349,P0058,1,224.02,143.13,10
OI0003348,O001349,P0052,1,142.04,68.52,10
OI0003349,O001349,P0046,-1,310.17,133.53,5
OI0003350,O001349,P0031,1,254.7,145.72,0
OI0003351,O001350,P0031,-1,254.7,145.72,5
OI0003352,O001350,P0066,4,103.29,50.62,20
OI0003353,O001350,P0090,4,60.09,33.62,0
OI0003354,O001351,P0056,2,385.75,167.31,0
OI0003355,O001352,P0067,1,33.07,19.77,20
OI0003356,O001352,P0106,3,56.39,27.98,10
OI0003357,O001352,P0094,2,309.52,160.91,0
OI0003358,O001352,P0072,1,272.32,149.77,10
OI0003359,O001353,P0058,3,224.02,143.13,5
OI0003360,O001354,P0015,1,147.82,103.39,5
OI0003361,O001354,P0103,2,100.44,47.01,0
OI0003362,O001354,P0083,-1,63.1,34.73,0
OI0003363,O001354,P0089,2,49.96,38.06,0
OI0003364,O001355,P0101,1,338.95,156.07,0
OI0003365,O001355,P0056,1,385.75,167.31,10
OI0003366,O001355,P0082,4,64.05,28.14,0
OI0003367,O001356,P0061,3,241.21,110.37,5
OI0003368,O001356,P0039,1,66.47,46.73,25
OI0003369,O001357,P0092,1,51.3,24.69,0
OI0003370,O001357,P0038,3,81.71,51.71,5
OI0003371,O001357,P0032,1,148.44,75.4,15
OI0003372,O001358,P0006,1,273.98,150.3,0
OI0003373,O001358,P0085,1,142.09,59.82,0
OI0003374,O001359,P0094,2,309.52,160.91,5
OI0003375,O001359,P0031,1,254.7,145.72,10
OI0003376,O001360,P0113,2,152.02,79.85,20
OI0003377,O001360,P0054,2,83.38,49.27,0
OI0003378,O001361,P0021,1,217.0,157.06,5
OI0003379,O001361,P0008,-1,223.03,120.69,15
OI0003380,O001361,P0106,1,56.39,27.98,0
OI0003381,O001362,P0059,2,310.18,133.96,0
OI0003382,O001362,P0006,3,273.98,150.3,0
OI0003383,O001362,P0093,2,64.09,40.65,0
OI0003384,O001362,P0035,1,326.93,146.56,0
OI0003385,O001363,P0060,2,306.49,149.27,0
OI0003386,O001363,P0004,2,114.79,53.81,0
OI0003387,O001363,P0012,3,20.32,10.75,20
OI0003388,O001363,P0024,1,169.87,104.81,5
OI0003389,O001364,P0110,2,311.63,167.87,0
OI0003390,O001365,P0002,4,230.82,108.89,5
OI0003391,O001365,P0021,1,217.0,157.06,5
OI0003392,O001365,P0007,1,180.16,110.8,0
OI0003393,O001366,P0037,1,171.97,76.8,5
OI0003394,O001366,P0056,1,385.75,167.31,20
OI0003395,O001366,P0049,1,59.24,43.15,25
OI0003396,O001367,P0082,2,64.05,28.14,10
OI0003397,O001367,P0005,2,181.52,92.02,25
OI0003398,O001368,P0042,1,79.85,35.8,0
OI0003399,O001368,P0017,-1,30.38,15.75,0
OI0003400,O001368,P0112,1,361.01,177.23,5
OI0003401,O001368,P0026,1,187.78,112.59,0
OI0003402,O001369,P0101,1,338.95,156.07,0
OI0003403,O001370,P0072,1,272.32,149.77,20
OI0003404,O001370,P0097,1,163.15,70.37,15
OI0003405,O001371,P0001,2,58.62,26.48,0
OI0003406,O001372,P0008,1,223.03,120.69,5
OI0003407,O001372,P0104,1,71.93,33.51,5
OI0003408,O001372,P0031,2,254.7,145.72,5
OI0003409,O001373,P0024,1,169.87,104.81,0
OI0003410,O001374,P0083,4,63.1,34.73,25
OI0003411,O001374,P0084,1,42.76,20.69,0
OI0003412,O001374,P0051,1,104.92,60.39,0
OI0003413,O001375,P0008,1,223.03,120.69,15
OI0003414,O001375,P0081,1,96.93,49.39,5
OI0003415,O001375,P0061,1,241.21,110.37,0
OI0003416,O001375,P0106,1,56.39,27.98,0
OI0003417,O001376,P0107,2,140.71,82.95,5
OI0003418,O001376,P0003,1,171.57,88.27,10
OI0003419,O001376,P0035,3,326.93,146.56,10
OI0003420,O001376,P0003,1,171.57,88.27,0
OI0003421,O001377,P0095,1,202.91,139.2,5
OI0003422,O001377,P0074,-1,62.08,27.78,25
OI0003423,O001378,P0079,2,28.55,21.67,0
OI0003424,O001378,P0084,1,42.76,20.69,0
OI0003425,O001378,P0006,1,273.98,150.3,5
OI0003426,O001379,P0054,2,83.38,49.27,0
OI0003427,O001379,P0042,1,79.85,35.8,0
OI0003428,O001380,P0113,2,152.02,79.85,10
OI0003429,O001380,P0034,2,265.11,120.64,110
OI0003430,O001380,P0109,1,39.14,21.27,10
OI0003431,O001381,P0056,1,385.75,167.31,0
OI0003432,O001382,P0035,1,326.93,146.56,10
OI0003433,O001382,P0091,2,196.39,82.27,15
OI0003434,O001383,P0117,1,252.27,158.43,0
OI0003435,O001384,P0119,3,78.86,37.39,0
OI0003436,O001384,P0049,1,59.24,43.15,0
OI0003437,O001385,P0069,1,259.35,175.47,10
OI0003438,O001385,P0025,1,187.19,125.9,10
OI0003439,O001386,P0036,1,71.47,40.11,0
OI0003440,O001386,P0066,1,103.29,50.62,0
OI0003441,O001386,P0035,1,326.93,146.56,0
OI0003442,O001387,P0113,1,152.02,79.85,5
OI0003443,O001387,P0071,1,66.14,34.77,25
OI0003444,O001387,P0079,1,28.55,21.67,0
OI0003445,O001388,P0084,2,42.76,20.69,10
OI0003446,O001388,P0089,3,49.96,38.06,0
OI0003447,O001388,P0013,1,127.84,91.01,10
OI0003448,O001389,P0055,1,150.07,98.61,10
OI0003449,O001390,P0018,1,281.84,146.67,15
OI0003450,O001391,P0004,1,114.79,53.81,10
OI0003451,O001391,P0093,1,64.09,40.65,0
OI0003452,O001391,P0117,1,252.27,158.43,20
OI0003453,O001391,P0057,1,95.09,41.82,5
OI0003454,O001392,P0063,1,8.2,5.54,0
OI0003455,O001392,P0043,1,33.48,14.68,15
OI0003456,O001392,P0003,2,171.57,88.27,10
OI0003457,O001392,P0024,3,169.87,104.81,10
OI0003458,O001393,P0080,1,392.84,163.94,15
OI0003459,O001393,P0089,1,49.96,38.06,15
OI0003460,O001393,P0057,1,95.09,41.82,0
OI0003461,O001393,P0072,1,272.32,149.77,0
OI0003462,O001394,P0044,1,279.36,162.6,0
OI0003463,O001394,P0056,1,385.75,167.31,0
OI0003464,O001394,P0075,1,134.51,78.21,0
OI0003465,O001394,P0048,1,316.06,150.66,15
OI0003466,O001395,P0065,2,270.21,125.01,0
OI0003467,O001395,P0049,3,59.24,43.15,15
OI0003468,O001396,P0023,3,15.34,8.57,15
OI0003469,O001396,P0118,4,177.52,114.17,0
OI0003470,O001396,P0037,1,171.97,76.8,5
OI0003471,O001397,P0114,1,41.45,23.84,5
OI0003472,O001397,P0068,1,103.65,44.29,0
OI0003473,O001397,P0100,1,280.83,119.83,10
OI0003474,O001398,P0094,1,309.52,160.91,20
OI0003475,O001398,P0088,2,236.31,102.24,0
OI0003476,O001398,P0006,2,273.98,150.3,10
OI0003477,O001399,P0105,1,124.3,57.25,0
OI0003478,O001399,P0014,1,189.67,104.55,0
OI0003479,O001399,P0014,4,189.67,104.55,10
OI0003480,O001399,P0045,1,354.19,170.05,20
OI0003481,O001400,P0009,2,102.74,56.37,0
OI0003482,O001400,P0051,2,104.92,60.39,10
OI0003483,O001400,P0022,1,192.12,85.66,15
OI0003484,O001401,P0012,2,20.32,10.75,110
OI0003485,O001401,P0039,2,66.47,46.73,5
OI0003486,O001402,P0066,1,103.29,50.62,5
OI0003487,O001402,P0080,1,392.84,163.94,20
OI0003488,O001402,P0017,1,30.38,15.75,5
OI0003489,O001402,P0031,1,254.7,145.72,0
OI0003490,O001403,P0022,4,192.12,85.66,0
OI0003491,O001403,P0009,1,102.74,56.37,0
OI0003492,O001404,P0011,1,116.27,72.14,15
OI0003493,O001404,P0040,1,214.96,89.94,20
OI0003494,O001405,P0081,2,96.93,49.39,15
OI0003495,O001405,P0033,3,211.78,114.87,10
OI0003496,O001405,P0088,2,236.31,102.24,5
OI0003497,O001405,P0066,4,103.29,50.62,110
OI0003498,O001406,P0102,3,195.72,100.75,20
OI0003499,O001407,P0049,2,59.24,43.15,0
OI0003500,O001408,P0075,1,134.51,78.21,15
OI0003501,O001408,P0032,2,148.44,75.4,0
OI0003502,O001409,P0045,3,354.19,170.05,0
OI0003503,O001409,P0017,3,30.38,15.75,10
OI0003504,O001409,P0073,1,372.75,170.56,5
OI0003505,O001410,P0026,1,187.78,112.59,5
OI0003506,O001410,P0074,3,62.08,27.78,0
OI0003507,O001410,P0068,1,103.65,44.29,15
OI0003508,O001411,P0057,1,95.09,41.82,15
OI0003509,O001411,P0075,1,134.51,78.21,15
OI0003510,O001412,P0069,2,259.35,175.47,5
OI0003511,O001413,P0082,3,64.05,28.14,10
OI0003512,O001413,P0070,1,131.06,75.18,10
OI0003513,O001413,P0019,3,36.3,22.04,0
OI0003514,O001413,P0015,1,147.82,103.39,15
OI0003515,O001414,P0012,2,20.32,10.75,5
OI0003516,O001415,P0120,3,123.81,98.52,0
OI0003517,O001416,P0118,1,177.52,114.17,15
OI0003518,O001416,P0060,3,306.49,149.27,10
OI0003519,O001417,P0059,1,310.18,133.96,0
OI0003520,O001418,P0056,1,385.75,167.31,20
OI0003521,O001419,P0085,1,142.09,59.82,0
OI0003522,O001420,P0030,1,90.28,41.7,20
OI0003523,O001420,P0003,1,171.57,88.27,0
OI0003524,O001420,P0088,3,236.31,102.24,0
OI0003525,O001421,P0059,1,310.18,133.96,5
OI0003526,O001422,P0030,2,90.28,41.7,15
OI0003527,O001422,P0119,1,78.86,37.39,15
OI0003528,O001422,P0087,1,136.09,59.78,10
OI0003529,O001423,P0013,3,127.84,91.01,5
OI0003530,O001423,P0076,1,81.73,46.21,20
OI0003531,O001423,P0100,2,280.83,119.83,0
OI0003532,O001423,P0112,1,361.01,177.23,0
OI0003533,O001424,P0073,4,372.75,170.56,0
OI0003534,O001424,P0004,3,114.79,53.81,10
OI0003535,O001425,P0078,1,268.06,129.83,20
OI0003536,O001425,P0035,1,326.93,146.56,15
OI0003537,O001425,P0080,1,392.84,163.94,10
OI0003538,O001426,P0106,1,56.39,27.98,0
OI0003539,O001426,P0069,1,259.35,175.47,0
OI0003540,O001426,P0007,1,180.16,110.8,0
OI0003541,O001426,P0074,1,62.08,27.78,20
OI0003542,O001427,P0030,1,90.28,41.7,20
OI0003543,O001427,P0056,1,385.75,167.31,0
OI0003544,O001427,P0116,3,53.16,36.42,20
OI0003545,O001427,P0078,1,268.06,129.83,20
OI0003546,O001428,P0022,2,192.12,85.66,0
OI0003547,O001428,P0009,2,102.74,56.37,5
OI0003548,O001428,P0104,1,71.93,33.51,5
OI0003549,O001428,P0064,4,60.15,32.62,20
OI0003550,O001429,P0084,1,42.76,20.69,15
OI0003551,O001429,P0022,1,192.12,85.66,5
OI0003552,O001430,P0051,4,104.92,60.39,0
OI0003553,O001431,P0016,1,182.65,108.43,0
OI0003554,O001431,P0047,1,243.5,159.8,20
OI0003555,O001432,P0078,2,268.06,129.83,10
OI0003556,O001433,P0080,3,392.84,163.94,5
OI0003557,O001433,P0094,3,309.52,160.91,5
OI0003558,O001434,P0013,1,127.84,91.01,0
OI0003559,O001434,P0001,1,58.62,26.48,0
OI0003560,O001434,P0067,1,33.07,19.77,5
OI0003561,O001434,P0089,1,49.96,38.06,20
OI0003562,O001435,P0022,1,192.12,85.66,10
OI0003563,O001436,P0108,2,299.87,137.39,0
OI0003564,O001436,P0061,2,241.21,110.37,10
OI0003565,O001436,P0118,1,177.52,114.17,5
OI0003566,O001437,P0042,1,79.85,35.8,10
OI0003567,O001437,P0111,1,116.59,86.94,20
OI0003568,O001437,P0080,1,392.84,163.94,0
OI0003569,O001438,P0115,3,66.66,49.6,10
OI0003570,O001438,P0002,1,230.82,108.89,5
OI0003571,O001439,P0026,1,187.78,112.59,15
OI0003572,O001439,P0108,1,299.87,137.39,20
OI0003573,O001439,P0105,1,124.3,57.25,0
OI0003574,O001439,P0009,2,102.74,56.37,15
OI0003575,O001440,P0094,2,309.52,160.91,5
OI0003576,O001441,P0028,2,307.09,179.34,5
OI0003577,O001441,P0053,1,23.29,11.09,10
OI0003578,O001442,P0051,1,104.92,60.39,15
OI0003579,O001442,P0046,4,310.17,133.53,5
OI0003580,O001442,P0115,1,66.66,49.6,0
OI0003581,O001443,P0120,1,123.81,98.52,0
OI0003582,O001444,P0072,2,272.32,149.77,5
OI0003583,O001444,P0109,4,39.14,21.27,5
OI0003584,O001444,P0057,4,95.09,41.82,0
OI0003585,O001444,P0077,4,9.56,6.81,0
OI0003586,O001445,P0045,1,354.19,170.05,0
OI0003587,O001445,P0052,1,142.04,68.52,15
OI0003588,O001445,P0105,1,124.3,57.25,0
OI0003589,O001446,P0033,1,211.78,114.87,10
OI0003590,O001446,P0093,3,64.09,40.65,5
OI0003591,O001446,P0053,3,23.29,11.09,0
OI0003592,O001446,P0111,3,116.59,86.94,20
OI0003593,O001447,P0057,3,95.09,41.82,0
OI0003594,O001447,P0043,3,33.48,14.68,0
OI0003595,O001448,P0108,3,299.87,137.39,15
OI0003596,O001448,P0020,1,185.28,120.72,15
OI0003597,O001449,P0025,1,187.19,125.9,5
OI0003598,O001449,P0075,3,134.51,78.21,10
OI0003599,O001450,P0021,3,217.0,157.06,10
OI0003600,O001450,P0037,1,171.97,76.8,5
OI0003601,O001451,P0005,1,181.52,92.02,0
OI0003602,O001451,P0114,2,41.45,23.84,5
OI0003603,O001451,P0015,1,147.82,103.39,0
OI0003604,O001452,P0008,3,223.03,120.69,0
OI0003605,O001453,P0057,3,95.09,41.82,15
OI0003606,O001454,P0080,2,392.84,163.94,0
OI0003607,O001454,P0023,4,15.34,8.57,0
OI0003608,O001454,P0038,2,81.71,51.71,15
OI0003609,O001455,P0001,2,58.62,26.48,5
OI0003610,O001456,P0004,2,114.79,53.81,0
OI0003611,O001456,P0038,2,81.71,51.71,0
OI0003612,O001456,P0054,2,83.38,49.27,10
OI0003613,O001456,P0102,1,195.72,100.75,5
OI0003614,O001457,P0060,1,306.49,149.27,10
OI0003615,O001457,P0061,1,241.21,110.37,20
OI0003616,O001457,P0057,2,95.09,41.82,20
OI0003617,O001457,P0089,3,49.96,38.06,0
OI0003618,O001458,P0108,2,299.87,137.39,0
OI0003619,O001458,P0075,2,134.51,78.21,20
OI0003620,O001458,P0062,2,274.98,138.35,0
OI0003621,O001458,P0103,1,100.44,47.01,10
OI0003622,O001459,P0109,1,39.14,21.27,0
OI0003623,O001459,P0064,4,60.15,32.62,0
OI0003624,O001459,P0085,1,142.09,59.82,0
OI0003625,O001460,P0066,3,103.29,50.62,5
OI0003626,O001460,P0013,1,127.84,91.01,15
OI0003627,O001460,P0047,1,243.5,159.8,10
OI0003628,O001461,P0072,1,272.32,149.77,0
OI0003629,O001461,P0053,2,23.29,11.09,20
OI0003630,O001461,P0040,-1,214.96,89.94,0
OI0003631,O001462,P0117,1,252.27,158.43,15
OI0003632,O001462,P0048,4,316.06,150.66,0
OI0003633,O001463,P0065,1,270.21,125.01,15
OI0003634,O001463,P0085,2,142.09,59.82,10
OI0003635,O001463,P0005,2,181.52,92.02,25
OI0003636,O001463,P0001,3,58.62,26.48,25
OI0003637,O001464,P0088,4,236.31,102.24,5
OI0003638,O001464,P0039,1,66.47,46.73,0
OI0003639,O001464,P0105,2,124.3,57.25,20
OI0003640,O001464,P0106,1,56.39,27.98,10
OI0003641,O001465,P0080,2,392.84,163.94,5
OI0003642,O001465,P0101,4,338.95,156.07,20
OI0003643,O001465,P0118,1,177.52,114.17,15
OI0003644,O001465,P0072,1,272.32,149.77,20
OI0003645,O001466,P0063,1,8.2,5.54,0
OI0003646,O001466,P0046,2,310.17,133.53,0
OI0003647,O001467,P0090,1,60.09,33.62,10
OI0003648,O001467,P0027,4,283.79,152.07,5
OI0003649,O001467,P0109,-1,39.14,21.27,0
OI0003650,O001468,P0039,1,66.47,46.73,15
OI0003651,O001469,P0108,1,299.87,137.39,0
OI0003652,O001469,P0022,1,192.12,85.66,0
OI0003653,O001469,P0065,-1,270.21,125.01,10
OI0003654,O001469,P0092,2,51.3,24.69,5
OI0003655,O001470,P0073,2,372.75,170.56,15
OI0003656,O001470,P0103,1,100.44,47.01,0
OI0003657,O001470,P0004,1,114.79,53.81,110
OI0003658,O001470,P0050,1,171.47,76.47,10
OI0003659,O001471,P0059,3,310.18,133.96,5
OI0003660,O001471,P0076,4,81.73,46.21,5
OI0003661,O001471,P0077,1,9.56,6.81,0
OI0003662,O001471,P0023,1,15.34,8.57,5
OI0003663,O001472,P0009,1,102.74,56.37,5
OI0003664,O001472,P0053,2,23.29,11.09,0
OI0003665,O001472,P0064,1,60.15,32.62,5
OI0003666,O001473,P0117,1,252.27,158.43,15
OI0003667,O001473,P0058,1,224.02,143.13,10
OI0003668,O001474,P0011,3,116.27,72.14,0
OI0003669,O001474,P0080,3,392.84,163.94,20
OI0003670,O001475,P0078,3,268.06,129.83,10
OI0003671,O001476,P0029,1,35.33,21.58,5
OI0003672,O001476,P0027,3,283.79,152.07,25
OI0003673,O001476,P0080,1,392.84,163.94,15
OI0003674,O001476,P0019,1,36.3,22.04,5
OI0003675,O001477,P0106,1,56.39,27.98,15
OI0003676,O001478,P0042,1,79.85,35.8,0
OI0003677,O001479,P0017,1,30.38,15.75,0
OI0003678,O001480,P0066,3,103.29,50.62,15
OI0003679,O001480,P0061,1,241.21,110.37,0
OI0003680,O001480,P0080,2,392.84,163.94,25
OI0003681,O001480,P0065,1,270.21,125.01,0
OI0003682,O001481,P0068,2,103.65,44.29,25
OI0003683,O001481,P0096,3,280.31,123.46,10
OI0003684,O001481,P0117,4,252.27,158.43,5
OI0003685,O001482,P0094,1,309.52,160.91,0
OI0003686,O001483,P0028,2,307.09,179.34,5
OI0003687,O001483,P0073,1,372.75,170.56,5
OI0003688,O001484,P0054,1,83.38,49.27,20
OI0003689,O001484,P0035,1,326.93,146.56,0
OI0003690,O001485,P0117,2,252.27,158.43,10
OI0003691,O001486,P0009,-1,102.74,56.37,5
OI0003692,O001486,P0009,2,102.74,56.37,5
OI0003693,O001486,P0020,1,185.28,120.72,0
OI0003694,O001486,P0085,3,142.09,59.82,0
OI0003695,O001487,P0063,1,8.2,5.54,10
OI0003696,O001487,P0060,1,306.49,149.27,15
OI0003697,O001488,P0097,3,163.15,70.37,0
OI0003698,O001488,P0021,1,217.0,157.06,0
OI0003699,O001488,P0058,1,224.02,143.13,0
OI0003700,O001488,P0034,4,265.11,120.64,15
OI0003701,O001489,P0085,1,142.09,59.82,10
OI0003702,O001489,P0087,1,136.09,59.78,0
OI0003703,O001489,P0119,1,78.86,37.39,10
OI0003704,O001490,P0019,2,36.3,22.04,5
OI0003705,O001490,P0056,1,385.75,167.31,5
OI0003706,O001490,P0111,2,116.59,86.94,5
OI0003707,O001490,P0004,2,114.79,53.81,0
OI0003708,O001491,P0030,1,90.28,41.7,0
OI0003709,O001492,P0051,3,104.92,60.39,0
OI0003710,O001492,P0020,2,185.28,120.72,15
OI0003711,O001492,P0019,2,36.3,22.04,0
OI0003712,O001492,P0026,-1,187.78,112.59,0
OI0003713,O001493,P0001,2,58.62,26.48,0
OI0003714,O001493,P0085,1,142.09,59.82,5
OI0003715,O001493,P0052,2,142.04,68.52,0
OI0003716,O001493,P0055,2,150.07,98.61,15
OI0003717,O001494,P0088,1,236.31,102.24,0
OI0003718,O001494,P0052,3,142.04,68.52,10
OI0003719,O001494,P0019,1,36.3,22.04,25
OI0003720,O001495,P0042,1,79.85,35.8,110
OI0003721,O001495,P0108,2,299.87,137.39,0
OI0003722,O001495,P0024,2,169.87,104.81,0
OI0003723,O001495,P0021,1,217.0,157.06,0
OI0003724,O001496,P0090,4,60.09,33.62,0
OI0003725,O001496,P0008,1,223.03,120.69,10
OI0003726,O001496,P0027,4,283.79,152.07,15
OI0003727,O001496,P0077,2,9.56,6.81,0
OI0003728,O001497,P0068,1,103.65,44.29,10
OI0003729,O001497,P0103,1,100.44,47.01,10
OI0003730,O001497,P0061,2,241.21,110.37,0
OI0003731,O001498,P0049,1,59.24,43.15,10
OI0003732,O001498,P0053,1,23.29,11.09,0
OI0003733,O001498,P0048,1,316.06,150.66,5
OI0003734,O001499,P0087,1,136.09,59.78,10
OI0003735,O001499,P0082,1,64.05,28.14,10
OI0003736,O001499,P0108,1,299.87,137.39,10
OI0003737,O001500,P0115,1,66.66,49.6,0
OI0003738,O001500,P0054,1,83.38,49.27,5
OI0003739,O001500,P0081,1,96.93,49.39,15
OI0003740,O001501,P0013,1,127.84,91.01,15
OI0003741,O001501,P0073,1,372.75,170.56,0
OI0003742,O001502,P0092,3,51.3,24.69,15
OI0003743,O001502,P0099,1,179.3,114.96,0
OI0003744,O001502,P0096,1,280.31,123.46,5
OI0003745,O001503,P0092,4,51.3,24.69,5
OI0003746,O001504,P0082,1,64.05,28.14,0
OI0003747,O001505,P0088,4,236.31,102.24,0
OI0003748,O001505,P0092,1,51.3,24.69,15
OI0003749,O001505,P0080,1,392.84,163.94,0
OI0003750,O001505,P0039,1,66.47,46.73,0
OI0003751,O001506,P0114,1,41.45,23.84,5
OI0003752,O001507,P0109,1,39.14,21.27,10
OI0003753,O001508,P0069,2,259.35,175.47,20
OI0003754,O001509,P0094,2,309.52,160.91,5
OI0003755,O001509,P0014,1,189.67,104.55,10
OI0003756,O001509,P0085,4,142.09,59.82,15
OI0003757,O001510,P0089,1,49.96,38.06,5
OI0003758,O001511,P0069,1,259.35,175.47,0
OI0003759,O001511,P0036,-1,71.47,40.11,0
OI0003760,O001511,P0023,2,15.34,8.57,5
OI0003761,O001511,P0063,1,8.2,5.54,0
OI0003762,O001512,P0119,1,78.86,37.39,0
OI0003763,O001512,P0050,2,171.47,76.47,10
OI0003764,O001512,P0030,3,90.28,41.7,0
OI0003765,O001513,P0070,1,131.06,75.18,20
OI0003766,O001514,P0092,2,51.3,24.69,10
OI0003767,O001514,P0092,1,51.3,24.69,10
OI0003768,O001515,P0082,1,64.05,28.14,0
OI0003769,O001515,P0060,1,306.49,149.27,0
OI0003770,O001515,P0011,2,116.27,72.14,10
OI0003771,O001516,P0020,1,185.28,120.72,10
OI0003772,O001517,P0030,4,90.28,41.7,0
OI0003773,O001517,P0018,2,281.84,146.67,0
OI0003774,O001517,P0022,3,192.12,85.66,0
OI0003775,O001518,P0085,1,142.09,59.82,5
OI0003776,O001518,P0042,1,79.85,35.8,15
OI0003777,O001519,P0108,3,299.87,137.39,10
OI0003778,O001520,P0066,1,103.29,50.62,15
OI0003779,O001520,P0009,1,102.74,56.37,0
OI0003780,O001521,P0082,1,64.05,28.14,0
OI0003781,O001522,P0020,2,185.28,120.72,15
OI0003782,O001523,P0048,3,316.06,150.66,0
OI0003783,O001523,P0020,1,185.28,120.72,20
OI0003784,O001523,P0058,2,224.02,143.13,0
OI0003785,O001524,P0009,3,102.74,56.37,0
OI0003786,O001524,P0046,1,310.17,133.53,5
OI0003787,O001524,P0061,1,241.21,110.37,10
OI0003788,O001525,P0104,4,71.93,33.51,10
OI0003789,O001526,P0119,2,78.86,37.39,0
OI0003790,O001526,P0049,1,59.24,43.15,10
OI0003791,O001526,P0014,4,189.67,104.55,10
OI0003792,O001527,P0107,1,140.71,82.95,10
OI0003793,O001527,P0036,-1,71.47,40.11,15
OI0003794,O001527,P0063,1,8.2,5.54,15
OI0003795,O001528,P0014,1,189.67,104.55,0
OI0003796,O001529,P0034,2,265.11,120.64,0
OI0003797,O001529,P0030,1,90.28,41.7,5
OI0003798,O001529,P0023,2,15.34,8.57,0
OI0003799,O001530,P0097,-1,163.15,70.37,5
OI0003800,O001530,P0113,2,152.02,79.85,15
OI0003801,O001530,P0119,2,78.86,37.39,0
OI0003802,O001531,P0110,1,311.63,167.87,15
OI0003803,O001531,P0098,1,17.88,10.05,15
OI0003804,O001532,P0053,1,23.29,11.09,10
OI0003805,O001532,P0037,3,171.97,76.8,0
OI0003806,O001532,P0101,2,338.95,156.07,10
OI0003807,O001533,P0091,4,196.39,82.27,5
OI0003808,O001534,P0055,1,150.07,98.61,15
OI0003809,O001535,P0023,2,15.34,8.57,0
OI0003810,O001535,P0093,1,64.09,40.65,15
OI0003811,O001535,P0096,2,280.31,123.46,0
OI0003812,O001535,P0049,1,59.24,43.15,15
OI0003813,O001536,P0116,2,53.16,36.42,0
OI0003814,O001537,P0081,2,96.93,49.39,5
OI0003815,O001537,P0019,1,36.3,22.04,0
OI0003816,O001537,P0002,2,230.82,108.89,20
OI0003817,O001538,P0005,1,181.52,92.02,10
OI0003818,O001538,P0060,3,306.49,149.27,0
OI0003819,O001538,P0119,1,78.86,37.39,0
OI0003820,O001538,P0115,1,66.66,49.6,0
OI0003821,O001539,P0074,2,62.08,27.78,5
OI0003822,O001539,P0040,3,214.96,89.94,15
OI0003823,O001540,P0095,1,202.91,139.2,0
OI0003824,O001541,P0080,3,392.84,163.94,15
OI0003825,O001541,P0085,2,142.09,59.82,5
OI0003826,O001541,P0016,2,182.65,108.43,5
OI0003827,O001542,P0076,1,81.73,46.21,10
OI0003828,O001543,P0046,1,310.17,133.53,15
OI0003829,O001544,P0050,3,171.47,76.47,15
OI0003830,O001544,P0098,3,17.88,10.05,10
OI0003831,O001545,P0094,1,309.52,160.91,0
OI0003832,O001545,P0047,3,243.5,159.8,0
OI0003833,O001545,P0060,3,306.49,149.27,0
OI0003834,O001546,P0109,4,39.14,21.27,0
OI0003835,O001547,P0119,1,78.86,37.39,10
OI0003836,O001547,P0096,1,280.31,123.46,10
OI0003837,O001547,P0118,3,177.52,114.17,10
OI0003838,O001547,P0055,4,150.07,98.61,0
OI0003839,O001548,P0080,2,392.84,163.94,0
OI0003840,O001549,P0084,1,42.76,20.69,5
OI0003841,O001549,P0094,1,309.52,160.91,0
OI0003842,O001549,P0037,2,171.97,76.8,5
OI0003843,O001549,P0045,1,354.19,170.05,15
OI0003844,O001550,P0005,4,181.52,92.02,0
OI0003845,O001550,P0037,2,171.97,76.8,0
OI0003846,O001550,P0104,3,71.93,33.51,10
OI0003847,O001550,P0007,1,180.16,110.8,10
OI0003848,O001551,P0105,1,124.3,57.25,10
OI0003849,O001551,P0043,3,33.48,14.68,0
OI0003850,O001551,P0029,4,35.33,21.58,10
OI0003851,O001552,P0108,2,299.87,137.39,0
OI0003852,O001552,P0081,1,96.93,49.39,5
OI0003853,O001552,P0008,1,223.03,120.69,0
OI0003854,O001553,P0027,2,283.79,152.07,15
OI0003855,O001553,P0089,4,49.96,38.06,5
OI0003856,O001553,P0093,1,64.09,40.65,20
OI0003857,O001554,P0033,-1,211.78,114.87,0
OI0003858,O001554,P0009,3,102.74,56.37,0
OI0003859,O001555,P0035,2,326.93,146.56,10
OI0003860,O001555,P0046,4,310.17,133.53,5
OI0003861,O001555,P0108,1,299.87,137.39,10
OI0003862,O001555,P0107,4,140.71,82.95,0
OI0003863,O001556,P0097,2,163.15,70.37,5
OI0003864,O001557,P0013,1,127.84,91.01,0
OI0003865,O001557,P0110,3,311.63,167.87,0
OI0003866,O001557,P0019,1,36.3,22.04,15
OI0003867,O001558,P0118,2,177.52,114.17,0
OI0003868,O001558,P0075,3,134.51,78.21,0
OI0003869,O001559,P0036,3,71.47,40.11,0
OI0003870,O001559,P0061,1,241.21,110.37,0
OI0003871,O001560,P0055,4,150.07,98.61,0
OI0003872,O001560,P0091,1,196.39,82.27,0
OI0003873,O001561,P0101,1,338.95,156.07,0
OI0003874,O001561,P0014,2,189.67,104.55,15
OI0003875,O001562,P0105,1,124.3,57.25,10
OI0003876,O001562,P0031,1,254.7,145.72,5
OI0003877,O001563,P0006,1,273.98,150.3,15
OI0003878,O001563,P0080,1,392.84,163.94,0
OI0003879,O001563,P0012,1,20.32,10.75,0
OI0003880,O001563,P0109,2,39.14,21.27,5
OI0003881,O001564,P0025,1,187.19,125.9,0
OI0003882,O001564,P0019,1,36.3,22.04,10
OI0003883,O001564,P0061,3,241.21,110.37,0
OI0003884,O001564,P0058,1,224.02,143.13,0
OI0003885,O001565,P0005,2,181.52,92.02,0
OI0003886,O001565,P0020,1,185.28,120.72,0
OI0003887,O001565,P0066,2,103.29,50.62,0
OI0003888,O001565,P0004,4,114.79,53.81,0
OI0003889,O001566,P0100,2,280.83,119.83,0
OI0003890,O001567,P0017,2,30.38,15.75,5
OI0003891,O001567,P0011,1,116.27,72.14,15
OI0003892,O001567,P0008,1,223.03,120.69,5
OI0003893,O001568,P0014,1,189.67,104.55,5
OI0003894,O001568,P0024,1,169.87,104.81,0
OI0003895,O001568,P0018,3,281.84,146.67,5
OI0003896,O001569,P0081,1,96.93,49.39,0
OI0003897,O001569,P0011,2,116.27,72.14,0
OI0003898,O001570,P0021,2,217.0,157.06,10
OI0003899,O001570,P0063,1,8.2,5.54,0
OI0003900,O001570,P0017,2,30.38,15.75,20
OI0003901,O001570,P0042,1,79.85,35.8,0
OI0003902,O001571,P0098,2,17.88,10.05,0
OI0003903,O001571,P0081,1,96.93,49.39,15
OI0003904,O001572,P0090,1,60.09,33.62,10
OI0003905,O001572,P0099,3,179.3,114.96,0
OI0003906,O001572,P0075,2,134.51,78.21,20
OI0003907,O001573,P0070,2,131.06,75.18,0
OI0003908,O001573,P0061,1,241.21,110.37,20
OI0003909,O001573,P0089,1,49.96,38.06,15
OI0003910,O001573,P0083,2,63.1,34.73,20
OI0003911,O001574,P0097,1,163.15,70.37,15
OI0003912,O001574,P0008,1,223.03,120.69,0
OI0003913,O001574,P0032,2,148.44,75.4,25
OI0003914,O001574,P0086,1,263.23,167.09,0
OI0003915,O001575,P0039,2,66.47,46.73,0
OI0003916,O001575,P0020,1,185.28,120.72,0
OI0003917,O001575,P0040,2,214.96,89.94,10
OI0003918,O001575,P0046,3,310.17,133.53,15
OI0003919,O001576,P0065,2,270.21,125.01,0
OI0003920,O001576,P0062,1,274.98,138.35,0
OI0003921,O001577,P0024,2,169.87,104.81,0
OI0003922,O001577,P0109,1,39.14,21.27,10
OI0003923,O001577,P0061,2,241.21,110.37,15
OI0003924,O001578,P0082,1,64.05,28.14,5
OI0003925,O001578,P0049,1,59.24,43.15,0
OI0003926,O001579,P0016,1,182.65,108.43,20
OI0003927,O001579,P0093,2,64.09,40.65,0
OI0003928,O001579,P0006,1,273.98,150.3,0
OI0003929,O001580,P0115,1,66.66,49.6,5
OI0003930,O001580,P0044,-1,279.36,162.6,5
OI0003931,O001580,P0094,3,309.52,160.91,10
OI0003932,O001581,P0029,4,35.33,21.58,5
OI0003933,O001582,P0036,2,71.47,40.11,5
OI0003934,O001582,P0101,3,338.95,156.07,5
OI0003935,O001582,P0028,2,307.09,179.34,10
OI0003936,O001583,P0016,2,182.65,108.43,15
OI0003937,O001584,P0029,3,35.33,21.58,15
OI0003938,O001585,P0019,2,36.3,22.04,20
OI0003939,O001585,P0116,1,53.16,36.42,15
OI0003940,O001586,P0013,3,127.84,91.01,20
OI0003941,O001586,P0101,4,338.95,156.07,20
OI0003942,O001586,P0054,1,83.38,49.27,20
OI0003943,O001586,P0098,2,17.88,10.05,5
OI0003944,O001587,P0082,1,64.05,28.14,15
OI0003945,O001588,P0028,-1,307.09,179.34,0
OI0003946,O001588,P0042,4,79.85,35.8,0
OI0003947,O001589,P0001,-1,58.62,26.48,20
OI0003948,O001590,P0103,3,100.44,47.01,15
OI0003949,O001590,P0070,1,131.06,75.18,10
OI0003950,O001590,P0062,1,274.98,138.35,0
OI0003951,O001591,P0067,1,33.07,19.77,0
OI0003952,O001591,P0032,3,148.44,75.4,15
OI0003953,O001591,P0113,1,152.02,79.85,5
OI0003954,O001592,P0053,1,23.29,11.09,5
OI0003955,O001592,P0084,1,42.76,20.69,15
OI0003956,O001592,P0080,1,392.84,163.94,25
OI0003957,O001592,P0020,1,185.28,120.72,15
OI0003958,O001593,P0120,2,123.81,98.52,0
OI0003959,O001593,P0036,2,71.47,40.11,5
OI0003960,O001594,P0073,2,372.75,170.56,5
OI0003961,O001594,P0047,2,243.5,159.8,20
OI0003962,O001594,P0116,3,53.16,36.42,0
OI0003963,O001595,P0067,2,33.07,19.77,0
OI0003964,O001595,P0060,3,306.49,149.27,0
OI0003965,O001595,P0060,2,306.49,149.27,0
OI0003966,O001596,P0112,1,361.01,177.23,5
OI0003967,O001597,P0078,1,268.06,129.83,0
OI0003968,O001597,P0119,1,78.86,37.39,10
OI0003969,O001597,P0084,1,42.76,20.69,0
OI0003970,O001597,P0115,3,66.66,49.6,0
OI0003971,O001598,P0063,1,8.2,5.54,0
OI0003972,O001599,P0002,3,230.82,108.89,0
OI0003973,O001600,P0047,4,243.5,159.8,5
OI0003974,O001600,P0021,1,217.0,157.06,5
OI0003975,O001600,P0087,1,136.09,59.78,0
OI0003976,O001600,P0079,1,28.55,21.67,0
OI0003977,O001601,P0065,1,270.21,125.01,15
OI0003978,O001601,P0120,1,123.81,98.52,0
OI0003979,O001601,P0045,1,354.19,170.05,0
OI0003980,O001602,P0089,1,49.96,38.06,5
OI0003981,O001602,P0002,2,230.82,108.89,15
OI0003982,O001602,P0114,2,41.45,23.84,0
OI0003983,O001602,P0073,3,372.75,170.56,20
OI0003984,O001603,P0072,3,272.32,149.77,0
OI0003985,O001603,P0057,3,95.09,41.82,10
OI0003986,O001604,P0088,1,236.31,102.24,0
OI0003987,O001604,P0005,1,181.52,92.02,0
OI0003988,O001604,P0044,1,279.36,162.6,0
OI0003989,O001605,P0026,2,187.78,112.59,0
OI0003990,O001605,P0115,2,66.66,49.6,5
OI0003991,O001606,P0119,1,78.86,37.39,0
OI0003992,O001607,P0020,1,185.28,120.72,10
OI0003993,O001607,P0087,1,136.09,59.78,0
OI0003994,O001607,P0010,1,236.09,100.66,15
OI0003995,O001607,P0102,1,195.72,100.75,20
OI0003996,O001608,P0044,2,279.36,162.6,5
OI0003997,O001608,P0016,1,182.65,108.43,0
OI0003998,O001608,P0066,2,103.29,50.62,0
OI0003999,O001609,P0076,2,81.73,46.21,0
OI0004000,O001610,P0077,1,9.56,6.81,0
OI0004001,O001610,P0068,2,103.65,44.29,0
OI0004002,O001610,P0107,1,140.71,82.95,15
OI0004003,O001610,P0017,3,30.38,15.75,15
OI0004004,O001611,P0077,4,9.56,6.81,10
OI0004005,O001611,P0098,4,17.88,10.05,0
OI0004006,O001612,P0118,1,177.52,114.17,20
OI0004007,O001612,P0098,3,17.88,10.05,0
OI0004008,O001613,P0119,1,78.86,37.39,10
OI0004009,O001613,P0112,1,361.01,177.23,10
OI0004010,O001613,P0061,4,241.21,110.37,5
OI0004011,O001613,P0026,4,187.78,112.59,0
OI0004012,O001614,P0108,2,299.87,137.39,15
OI0004013,O001615,P0081,1,96.93,49.39,0
OI0004014,O001615,P0091,3,196.39,82.27,0
OI0004015,O001616,P0068,2,103.65,44.29,5
OI0004016,O001616,P0035,1,326.93,146.56,10
OI0004017,O001616,P0003,1,171.57,88.27,10
OI0004018,O001617,P0031,1,254.7,145.72,10
OI0004019,O001617,P0088,2,236.31,102.24,20
OI0004020,O001618,P0094,3,309.52,160.91,0
OI0004021,O001618,P0120,3,123.81,98.52,10
OI0004022,O001618,P0038,2,81.71,51.71,5
OI0004023,O001618,P0009,1,102.74,56.37,5
OI0004024,O001619,P0087,2,136.09,59.78,10
OI0004025,O001620,P0010,3,236.09,100.66,0
OI0004026,O001620,P0075,1,134.51,78.21,15
OI0004027,O001620,P0021,2,217.0,157.06,5
OI0004028,O001621,P0100,1,280.83,119.83,0
OI0004029,O001621,P0103,3,100.44,47.01,10
OI0004030,O001622,P0069,4,259.35,175.47,0
OI0004031,O001622,P0108,1,299.87,137.39,20
OI0004032,O001623,P0071,2,66.14,34.77,0
OI0004033,O001623,P0058,1,224.02,143.13,10
OI0004034,O001623,P0080,1,392.84,163.94,5
OI0004035,O001623,P0109,3,39.14,21.27,20
OI0004036,O001624,P0029,3,35.33,21.58,0
OI0004037,O001624,P0092,1,51.3,24.69,0
OI0004038,O001625,P0037,4,171.97,76.8,0
OI0004039,O001626,P0054,3,83.38,49.27,0
OI0004040,O001626,P0116,1,53.16,36.42,15
OI0004041,O001626,P0087,1,136.09,59.78,0
OI0004042,O001627,P0075,1,134.51,78.21,0
OI0004043,O001627,P0018,4,281.84,146.67,10
OI0004044,O001628,P0112,1,361.01,177.23,10
OI0004045,O001628,P0085,1,142.09,59.82,10
OI0004046,O001628,P0046,4,310.17,133.53,0
OI0004047,O001628,P0063,1,8.2,5.54,0
OI0004048,O001629,P0082,1,64.05,28.14,0
OI0004049,O001630,P0082,1,64.05,28.14,0
OI0004050,O001630,P0062,2,274.98,138.35,15
OI0004051,O001631,P0075,2,134.51,78.21,15
OI0004052,O001631,P0020,1,185.28,120.72,15
OI0004053,O001632,P0027,1,283.79,152.07,5
OI0004054,O001633,P0081,1,96.93,49.39,15
OI0004055,O001633,P0053,2,23.29,11.09,0
OI0004056,O001634,P0100,2,280.83,119.83,0
OI0004057,O001634,P0081,3,96.93,49.39,10
OI0004058,O001634,P0063,2,8.2,5.54,5
OI0004059,O001635,P0109,2,39.14,21.27,0
OI0004060,O001636,P0088,1,236.31,102.24,0
OI0004061,O001637,P0007,1,180.16,110.8,10
OI0004062,O001637,P0024,2,169.87,104.81,10
OI0004063,O001638,P0031,3,254.7,145.72,0
OI0004064,O001638,P0012,1,20.32,10.75,0
OI0004065,O001638,P0022,2,192.12,85.66,0
OI0004066,O001638,P0007,-1,180.16,110.8,15
OI0004067,O001639,P0008,1,223.03,120.69,15
OI0004068,O001639,P0010,1,236.09,100.66,5
OI0004069,O001639,P0013,1,127.84,91.01,10
OI0004070,O001640,P0032,1,148.44,75.4,0
OI0004071,O001640,P0048,1,316.06,150.66,10
OI0004072,O001641,P0086,2,263.23,167.09,10
OI0004073,O001641,P0088,1,236.31,102.24,0
OI0004074,O001642,P0023,2,15.34,8.57,10
OI0004075,O001642,P0021,1,217.0,157.06,0
OI0004076,O001642,P0056,1,385.75,167.31,15
OI0004077,O001642,P0062,1,274.98,138.35,0
OI0004078,O001643,P0113,1,152.02,79.85,0
OI0004079,O001643,P0041,1,46.27,32.89,0
OI0004080,O001643,P0037,1,171.97,76.8,20
OI0004081,O001644,P0084,1,42.76,20.69,15
OI0004082,O001644,P0113,1,152.02,79.85,0
OI0004083,O001644,P0050,4,171.47,76.47,0
OI0004084,O001644,P0065,1,270.21,125.01,0
OI0004085,O001645,P0097,1,163.15,70.37,0
OI0004086,O001645,P0035,1,326.93,146.56,0
OI0004087,O001645,P0013,-1,127.84,91.01,0
OI0004088,O001646,P0043,1,33.48,14.68,5
OI0004089,O001646,P0080,1,392.84,163.94,10
OI0004090,O001646,P0086,1,263.23,167.09,15
OI0004091,O001646,P0106,1,56.39,27.98,20
OI0004092,O001647,P0022,2,192.12,85.66,15
OI0004093,O001647,P0092,1,51.3,24.69,5
OI0004094,O001648,P0077,2,9.56,6.81,15
OI0004095,O001649,P0111,1,116.59,86.94,0
OI0004096,O001649,P0089,2,49.96,38.06,5
OI0004097,O001650,P0025,3,187.19,125.9,0
OI0004098,O001651,P0087,1,136.09,59.78,0
OI0004099,O001652,P0018,1,281.84,146.67,5
OI0004100,O001652,P0032,3,148.44,75.4,15
OI0004101,O001652,P0065,1,270.21,125.01,0
OI0004102,O001653,P0052,1,142.04,68.52,5
OI0004103,O001654,P0040,2,214.96,89.94,10
OI0004104,O001655,P0014,2,189.67,104.55,0
OI0004105,O001656,P0085,1,142.09,59.82,0
OI0004106,O001657,P0055,2,150.07,98.61,0
OI0004107,O001658,P0093,2,64.09,40.65,20
OI0004108,O001658,P0061,1,241.21,110.37,0
OI0004109,O001659,P0057,1,95.09,41.82,0
OI0004110,O001659,P0074,2,62.08,27.78,0
OI0004111,O001659,P0103,1,100.44,47.01,5
OI0004112,O001659,P0028,2,307.09,179.34,0
OI0004113,O001660,P0047,1,243.5,159.8,0
OI0004114,O001660,P0004,1,114.79,53.81,5
OI0004115,O001661,P0011,1,116.27,72.14,0
OI0004116,O001661,P0043,1,33.48,14.68,5
OI0004117,O001661,P0089,1,49.96,38.06,0
OI0004118,O001661,P0020,2,185.28,120.72,15
OI0004119,O001662,P0030,1,90.28,41.7,5
OI0004120,O001662,P0082,1,64.05,28.14,20
OI0004121,O001662,P0077,2,9.56,6.81,0
OI0004122,O001662,P0079,1,28.55,21.67,25
OI0004123,O001663,P0050,1,171.47,76.47,0
OI0004124,O001663,P0077,1,9.56,6.81,0
OI0004125,O001664,P0066,1,103.29,50.62,0
OI0004126,O001664,P0104,3,71.93,33.51,0
OI0004127,O001664,P0058,2,224.02,143.13,5
OI0004128,O001665,P0009,2,102.74,56.37,15
OI0004129,O001666,P0031,2,254.7,145.72,10
OI0004130,O001666,P0024,1,169.87,104.81,5
OI0004131,O001666,P0044,2,279.36,162.6,0
OI0004132,O001666,P0111,2,116.59,86.94,110
OI0004133,O001667,P0099,1,179.3,114.96,15
OI0004134,O001667,P0079,1,28.55,21.67,0
OI0004135,O001667,P0050,2,171.47,76.47,15
OI0004136,O001667,P0108,1,299.87,137.39,20
OI0004137,O001668,P0083,3,63.1,34.73,0
OI0004138,O001668,P0059,1,310.18,133.96,15
OI0004139,O001668,P0030,1,90.28,41.7,0
OI0004140,O001669,P0081,1,96.93,49.39,0
OI0004141,O001669,P0051,2,104.92,60.39,20
OI0004142,O001669,P0120,3,123.81,98.52,15
OI0004143,O001670,P0091,1,196.39,82.27,10
OI0004144,O001670,P0105,2,124.3,57.25,0
OI0004145,O001670,P0043,2,33.48,14.68,10
OI0004146,O001670,P0119,1,78.86,37.39,10
OI0004147,O001671,P0006,2,273.98,150.3,20
OI0004148,O001671,P0110,1,311.63,167.87,5
OI0004149,O001671,P0113,2,152.02,79.85,15
OI0004150,O001671,P0005,3,181.52,92.02,20
OI0004151,O001672,P0089,1,49.96,38.06,15
OI0004152,O001672,P0104,1,71.93,33.51,15
OI0004153,O001672,P0007,2,180.16,110.8,5
OI0004154,O001673,P0041,3,46.27,32.89,10
OI0004155,O001673,P0032,3,148.44,75.4,0
OI0004156,O001674,P0070,1,131.06,75.18,0
OI0004157,O001675,P0021,3,217.0,157.06,5
OI0004158,O001676,P0094,1,309.52,160.91,0
OI0004159,O001676,P0029,2,35.33,21.58,25
OI0004160,O001676,P0014,1,189.67,104.55,5
OI0004161,O001677,P0104,1,71.93,33.51,20
OI0004162,O001678,P0023,1,15.34,8.57,25
OI0004163,O001678,P0083,3,63.1,34.73,20
OI0004164,O001678,P0064,1,60.15,32.62,20
OI0004165,O001678,P0036,1,71.47,40.11,0
OI0004166,O001679,P0061,1,241.21,110.37,0
OI0004167,O001679,P0009,1,102.74,56.37,0
OI0004168,O001679,P0020,3,185.28,120.72,0
OI0004169,O001679,P0056,2,385.75,167.31,10
OI0004170,O001680,P0043,2,33.48,14.68,5
OI0004171,O001680,P0044,4,279.36,162.6,0
OI0004172,O001680,P0086,1,263.23,167.09,0
OI0004173,O001681,P0005,3,181.52,92.02,0
OI0004174,O001682,P0088,1,236.31,102.24,20
OI0004175,O001682,P0007,2,180.16,110.8,0
OI0004176,O001682,P0062,2,274.98,138.35,0
OI0004177,O001683,P0068,1,103.65,44.29,20
OI0004178,O001683,P0058,3,224.02,143.13,5
OI0004179,O001684,P0078,2,268.06,129.83,0
OI0004180,O001684,P0080,2,392.84,163.94,0
OI0004181,O001684,P0022,1,192.12,85.66,0
OI0004182,O001685,P0032,2,148.44,75.4,5
OI0004183,O001685,P0002,1,230.82,108.89,5
OI0004184,O001686,P0051,1,104.92,60.39,5
OI0004185,O001687,P0089,3,49.96,38.06,0
OI0004186,O001688,P0067,3,33.07,19.77,15
OI0004187,O001688,P0070,1,131.06,75.18,10
OI0004188,O001688,P0108,4,299.87,137.39,0
OI0004189,O001688,P0034,1,265.11,120.64,10
OI0004190,O001689,P0089,2,49.96,38.06,0
OI0004191,O001689,P0072,1,272.32,149.77,15
OI0004192,O001689,P0098,1,17.88,10.05,10
OI0004193,O001689,P0112,1,361.01,177.23,15
OI0004194,O001690,P0101,1,338.95,156.07,15
OI0004195,O001690,P0095,4,202.91,139.2,0
OI0004196,O001690,P0026,3,187.78,112.59,5
OI0004197,O001690,P0060,1,306.49,149.27,0
OI0004198,O001691,P0042,1,79.85,35.8,20
OI0004199,O001691,P0007,2,180.16,110.8,25
OI0004200,O001692,P0108,1,299.87,137.39,0
OI0004201,O001692,P0087,1,136.09,59.78,15
OI0004202,O001693,P0112,2,361.01,177.23,10
OI0004203,O001693,P0031,1,254.7,145.72,0
OI0004204,O001694,P0087,1,136.09,59.78,0
OI0004205,O001694,P0085,1,142.09,59.82,10
OI0004206,O001694,P0008,1,223.03,120.69,20
OI0004207,O001694,P0021,2,217.0,157.06,15
OI0004208,O001695,P0073,2,372.75,170.56,0
OI0004209,O001695,P0067,1,33.07,19.77,0
OI0004210,O001695,P0079,1,28.55,21.67,0
OI0004211,O001696,P0063,1,8.2,5.54,0
OI0004212,O001696,P0109,-1,39.14,21.27,0
OI0004213,O001696,P0026,1,187.78,112.59,0
OI0004214,O001696,P0051,1,104.92,60.39,0
OI0004215,O001697,P0008,1,223.03,120.69,0
OI0004216,O001697,P0117,2,252.27,158.43,25
OI0004217,O001697,P0119,2,78.86,37.39,20
OI0004218,O001697,P0079,1,28.55,21.67,0
OI0004219,O001698,P0116,2,53.16,36.42,5
OI0004220,O001698,P0028,1,307.09,179.34,10
OI0004221,O001698,P0063,2,8.2,5.54,5
OI0004222,O001699,P0066,1,103.29,50.62,0
OI0004223,O001699,P0058,2,224.02,143.13,0
OI0004224,O001700,P0026,-1,187.78,112.59,5
OI0004225,O001701,P0118,1,177.52,114.17,0
OI0004226,O001702,P0095,1,202.91,139.2,5
OI0004227,O001703,P0101,1,338.95,156.07,5
OI0004228,O001704,P0028,1,307.09,179.34,5
OI0004229,O001704,P0094,1,309.52,160.91,10
OI0004230,O001704,P0030,4,90.28,41.7,0
OI0004231,O001704,P0111,1,116.59,86.94,0
OI0004232,O001705,P0067,1,33.07,19.77,110
OI0004233,O001705,P0002,1,230.82,108.89,0
OI0004234,O001705,P0010,1,236.09,100.66,15
OI0004235,O001705,P0065,1,270.21,125.01,10
OI0004236,O001706,P0072,1,272.32,149.77,15
OI0004237,O001707,P0002,2,230.82,108.89,0
OI0004238,O001707,P0089,2,49.96,38.06,0
OI0004239,O001707,P0064,1,60.15,32.62,0
OI0004240,O001707,P0119,1,78.86,37.39,0
OI0004241,O001708,P0045,2,354.19,170.05,0
OI0004242,O001708,P0050,2,171.47,76.47,5
OI0004243,O001708,P0085,1,142.09,59.82,0
OI0004244,O001709,P0026,2,187.78,112.59,0
OI0004245,O001709,P0047,1,243.5,159.8,5
OI0004246,O001709,P0037,2,171.97,76.8,20
OI0004247,O001710,P0006,2,273.98,150.3,0
OI0004248,O001710,P0007,1,180.16,110.8,10
OI0004249,O001711,P0035,1,326.93,146.56,0
OI0004250,O001711,P0112,1,361.01,177.23,10
OI0004251,O001712,P0086,1,263.23,167.09,5
OI0004252,O001712,P0039,3,66.47,46.73,15
OI0004253,O001712,P0109,1,39.14,21.27,0
OI0004254,O001712,P0049,1,59.24,43.15,10
OI0004255,O001713,P0057,3,95.09,41.82,15
OI0004256,O001714,P0062,1,274.98,138.35,0
OI0004257,O001714,P0018,1,281.84,146.67,5
OI0004258,O001715,P0094,1,309.52,160.91,0
OI0004259,O001715,P0116,2,53.16,36.42,5
OI0004260,O001716,P0015,4,147.82,103.39,5
OI0004261,O001716,P0049,2,59.24,43.15,0
OI0004262,O001716,P0071,3,66.14,34.77,0
OI0004263,O001716,P0014,2,189.67,104.55,5
OI0004264,O001717,P0100,1,280.83,119.83,0
OI0004265,O001718,P0002,1,230.82,108.89,5
OI0004266,O001718,P0083,1,63.1,34.73,0
OI0004267,O001718,P0023,1,15.34,8.57,0
OI0004268,O001719,P0113,4,152.02,79.85,15
OI0004269,O001719,P0044,1,279.36,162.6,15
OI0004270,O001720,P0040,4,214.96,89.94,0
OI0004271,O001721,P0043,1,33.48,14.68,5
OI0004272,O001722,P0029,1,35.33,21.58,0
OI0004273,O001722,P0021,1,217.0,157.06,20
OI0004274,O001722,P0011,1,116.27,72.14,10
OI0004275,O001723,P0056,1,385.75,167.31,20
OI0004276,O001723,P0052,1,142.04,68.52,15
OI0004277,O001723,P0002,1,230.82,108.89,20
OI0004278,O001724,P0004,1,114.79,53.81,10
OI0004279,O001725,P0084,1,42.76,20.69,0
OI0004280,O001725,P0039,1,66.47,46.73,0
OI0004281,O001725,P0037,1,171.97,76.8,20
OI0004282,O001726,P0116,3,53.16,36.42,0
OI0004283,O001726,P0067,4,33.07,19.77,110
OI0004284,O001726,P0065,-1,270.21,125.01,0
OI0004285,O001726,P0010,1,236.09,100.66,5
OI0004286,O001727,P0044,1,279.36,162.6,10
OI0004287,O001727,P0019,2,36.3,22.04,15
OI0004288,O001727,P0068,1,103.65,44.29,10
OI0004289,O001728,P0042,1,79.85,35.8,20
OI0004290,O001728,P0029,1,35.33,21.58,10
OI0004291,O001728,P0036,2,71.47,40.11,0
OI0004292,O001728,P0013,1,127.84,91.01,5
OI0004293,O001729,P0004,2,114.79,53.81,5
OI0004294,O001729,P0044,3,279.36,162.6,0
OI0004295,O001730,P0064,1,60.15,32.62,10
OI0004296,O001730,P0114,1,41.45,23.84,5
OI0004297,O001730,P0055,1,150.07,98.61,5
OI0004298,O001731,P0059,2,310.18,133.96,5
OI0004299,O001731,P0025,1,187.19,125.9,0
OI0004300,O001732,P0067,1,33.07,19.77,0
OI0004301,O001732,P0052,1,142.04,68.52,0
OI0004302,O001732,P0058,1,224.02,143.13,0
OI0004303,O001733,P0045,1,354.19,170.05,15
OI0004304,O001733,P0005,1,181.52,92.02,0
OI0004305,O001733,P0054,3,83.38,49.27,15
OI0004306,O001733,P0109,2,39.14,21.27,0
OI0004307,O001734,P0025,1,187.19,125.9,0
OI0004308,O001734,P0002,2,230.82,108.89,10
OI0004309,O001734,P0054,2,83.38,49.27,0
OI0004310,O001734,P0004,1,114.79,53.81,5
OI0004311,O001735,P0090,2,60.09,33.62,10
OI0004312,O001736,P0057,1,95.09,41.82,25
OI0004313,O001736,P0043,1,33.48,14.68,20
OI0004314,O001736,P0115,1,66.66,49.6,5
OI0004315,O001737,P0114,1,41.45,23.84,15
OI0004316,O001737,P0021,1,217.0,157.06,15
OI0004317,O001737,P0027,1,283.79,152.07,15
OI0004318,O001738,P0067,2,33.07,19.77,5
OI0004319,O001739,P0003,2,171.57,88.27,0
OI0004320,O001739,P0021,1,217.0,157.06,15
OI0004321,O001739,P0064,1,60.15,32.62,5
OI0004322,O001739,P0029,1,35.33,21.58,0
OI0004323,O001740,P0030,2,90.28,41.7,0
OI0004324,O001740,P0026,-1,187.78,112.59,20
OI0004325,O001740,P0063,1,8.2,5.54,5
OI0004326,O001740,P0081,1,96.93,49.39,15
OI0004327,O001741,P0044,2,279.36,162.6,5
OI0004328,O001742,P0091,1,196.39,82.27,10
OI0004329,O001742,P0077,1,9.56,6.81,0
OI0004330,O001743,P0046,1,310.17,133.53,15
OI0004331,O001743,P0068,1,103.65,44.29,0
OI0004332,O001743,P0117,1,252.27,158.43,20
OI0004333,O001743,P0010,1,236.09,100.66,5
OI0004334,O001744,P0115,1,66.66,49.6,15
OI0004335,O001745,P0032,1,148.44,75.4,5
OI0004336,O001745,P0017,2,30.38,15.75,0
OI0004337,O001745,P0115,2,66.66,49.6,0
OI0004338,O001746,P0016,2,182.65,108.43,0
OI0004339,O001746,P0096,1,280.31,123.46,10
OI0004340,O001747,P0020,2,185.28,120.72,10
OI0004341,O001747,P0018,1,281.84,146.67,25
OI0004342,O001748,P0102,1,195.72,100.75,0
OI0004343,O001748,P0087,2,136.09,59.78,0
OI0004344,O001748,P0082,1,64.05,28.14,0
OI0004345,O001748,P0109,2,39.14,21.27,0
OI0004346,O001749,P0014,3,189.67,104.55,15
OI0004347,O001749,P0050,2,171.47,76.47,20
OI0004348,O001749,P0089,1,49.96,38.06,10
OI0004349,O001750,P0044,1,279.36,162.6,0
OI0004350,O001750,P0071,1,66.14,34.77,10
OI0004351,O001750,P0062,1,274.98,138.35,20
OI0004352,O001750,P0094,1,309.52,160.91,0
OI0004353,O001751,P0092,-1,51.3,24.69,15
OI0004354,O001751,P0061,1,241.21,110.37,0
OI0004355,O001751,P0093,2,64.09,40.65,0
OI0004356,O001752,P0091,2,196.39,82.27,0
OI0004357,O001752,P0012,1,20.32,10.75,10
OI0004358,O001752,P0107,1,140.71,82.95,0
OI0004359,O001753,P0098,4,17.88,10.05,5
OI0004360,O001754,P0075,-1,134.51,78.21,5
OI0004361,O001755,P0117,1,252.27,158.43,0
OI0004362,O001756,P0092,1,51.3,24.69,0
OI0004363,O001756,P0026,1,187.78,112.59,0
OI0004364,O001757,P0033,4,211.78,114.87,20
OI0004365,O001758,P0095,1,202.91,139.2,15
OI0004366,O001758,P0099,1,179.3,114.96,0
OI0004367,O001759,P0009,1,102.74,56.37,10
OI0004368,O001760,P0061,2,241.21,110.37,0
OI0004369,O001760,P0071,2,66.14,34.77,10
OI0004370,O001760,P0010,2,236.09,100.66,20
OI0004371,O001760,P0085,3,142.09,59.82,5
OI0004372,O001761,P0075,1,134.51,78.21,0
OI0004373,O001761,P0092,1,51.3,24.69,0
OI0004374,O001761,P0068,1,103.65,44.29,5
OI0004375,O001762,P0010,2,236.09,100.66,0
OI0004376,O001762,P0117,1,252.27,158.43,0
OI0004377,O001763,P0035,1,326.93,146.56,10
OI0004378,O001763,P0097,1,163.15,70.37,5
OI0004379,O001763,P0112,1,361.01,177.23,0
OI0004380,O001764,P0089,3,49.96,38.06,0
OI0004381,O001765,P0062,1,274.98,138.35,20
OI0004382,O001765,P0003,2,171.57,88.27,15
OI0004383,O001765,P0079,1,28.55,21.67,0
OI0004384,O001766,P0026,1,187.78,112.59,5
OI0004385,O001766,P0051,1,104.92,60.39,0
OI0004386,O001766,P0043,2,33.48,14.68,0
OI0004387,O001767,P0090,3,60.09,33.62,0
OI0004388,O001768,P0105,3,124.3,57.25,0
OI0004389,O001768,P0113,1,152.02,79.85,0
OI0004390,O001768,P0065,2,270.21,125.01,0
OI0004391,O001768,P0091,2,196.39,82.27,20
OI0004392,O001769,P0019,1,36.3,22.04,10
OI0004393,O001769,P0119,1,78.86,37.39,5
OI0004394,O001769,P0087,1,136.09,59.78,0
OI0004395,O001769,P0018,1,281.84,146.67,10
OI0004396,O001770,P0076,3,81.73,46.21,15
OI0004397,O001771,P0019,1,36.3,22.04,15
OI0004398,O001771,P0100,1,280.83,119.83,0
OI0004399,O001771,P0118,1,177.52,114.17,0
OI0004400,O001772,P0001,1,58.62,26.48,20
OI0004401,O001772,P0109,1,39.14,21.27,0
OI0004402,O001773,P0002,1,230.82,108.89,0
OI0004403,O001773,P0059,1,310.18,133.96,15
OI0004404,O001773,P0071,1,66.14,34.77,5
OI0004405,O001773,P0083,2,63.1,34.73,0
OI0004406,O001774,P0102,1,195.72,100.75,0
OI0004407,O001775,P0107,1,140.71,82.95,5
OI0004408,O001775,P0059,1,310.18,133.96,0
OI0004409,O001775,P0046,1,310.17,133.53,0
OI0004410,O001775,P0055,1,150.07,98.61,0
OI0004411,O001776,P0010,1,236.09,100.66,0
OI0004412,O001776,P0038,2,81.71,51.71,0
OI0004413,O001777,P0118,1,177.52,114.17,0
OI0004414,O001778,P0074,1,62.08,27.78,0
OI0004415,O001778,P0059,1,310.18,133.96,0
OI0004416,O001778,P0027,1,283.79,152.07,15
OI0004417,O001778,P0089,1,49.96,38.06,20
OI0004418,O001779,P0107,2,140.71,82.95,10
OI0004419,O001779,P0030,1,90.28,41.7,10
OI0004420,O001779,P0050,1,171.47,76.47,0
OI0004421,O001779,P0071,3,66.14,34.77,5
OI0004422,O001780,P0001,3,58.62,26.48,20
OI0004423,O001780,P0080,1,392.84,163.94,15
OI0004424,O001781,P0109,2,39.14,21.27,25
OI0004425,O001781,P0033,1,211.78,114.87,10
OI0004426,O001781,P0118,3,177.52,114.17,0
OI0004427,O001781,P0119,2,78.86,37.39,0
OI0004428,O001782,P0096,4,280.31,123.46,20
OI0004429,O001783,P0012,1,20.32,10.75,0
OI0004430,O001784,P0102,3,195.72,100.75,0
OI0004431,O001784,P0111,1,116.59,86.94,10
OI0004432,O001784,P0016,2,182.65,108.43,0
OI0004433,O001785,P0088,1,236.31,102.24,15
OI0004434,O001785,P0035,1,326.93,146.56,5
OI0004435,O001785,P0078,1,268.06,129.83,0
OI0004436,O001786,P0075,1,134.51,78.21,10
OI0004437,O001786,P0020,2,185.28,120.72,5
OI0004438,O001787,P0085,4,142.09,59.82,10
OI0004439,O001787,P0050,1,171.47,76.47,10
OI0004440,O001787,P0014,1,189.67,104.55,0
OI0004441,O001787,P0041,2,46.27,32.89,0
OI0004442,O001788,P0068,4,103.65,44.29,0
OI0004443,O001788,P0039,3,66.47,46.73,0
OI0004444,O001788,P0108,3,299.87,137.39,0
OI0004445,O001788,P0075,1,134.51,78.21,5
OI0004446,O001789,P0030,3,90.28,41.7,5
OI0004447,O001789,P0023,2,15.34,8.57,5
OI0004448,O001789,P0099,2,179.3,114.96,0
OI0004449,O001789,P0060,1,306.49,149.27,0
OI0004450,O001790,P0069,2,259.35,175.47,5
OI0004451,O001790,P0086,2,263.23,167.09,15
OI0004452,O001790,P0065,3,270.21,125.01,0
OI0004453,O001791,P0010,3,236.09,100.66,0
OI0004454,O001792,P0012,1,20.32,10.75,0
OI0004455,O001792,P0115,1,66.66,49.6,10
OI0004456,O001793,P0067,1,33.07,19.77,15
OI0004457,O001793,P0079,1,28.55,21.67,15
OI0004458,O001793,P0049,1,59.24,43.15,0
OI0004459,O001793,P0067,1,33.07,19.77,0
OI0004460,O001794,P0006,3,273.98,150.3,15
OI0004461,O001795,P0057,1,95.09,41.82,25
OI0004462,O001795,P0012,1,20.32,10.75,5
OI0004463,O001795,P0025,2,187.19,125.9,0
OI0004464,O001796,P0034,1,265.11,120.64,20
OI0004465,O001796,P0012,1,20.32,10.75,15
OI0004466,O001796,P0048,1,316.06,150.66,15
OI0004467,O001796,P0069,2,259.35,175.47,0
OI0004468,O001797,P0008,2,223.03,120.69,15
OI0004469,O001797,P0026,1,187.78,112.59,20
OI0004470,O001798,P0020,1,185.28,120.72,10
OI0004471,O001799,P0107,1,140.71,82.95,0
OI0004472,O001799,P0096,1,280.31,123.46,15
OI0004473,O001799,P0008,1,223.03,120.69,5
OI0004474,O001799,P0088,1,236.31,102.24,0
OI0004475,O001800,P0017,2,30.38,15.75,5
OI0004476,O001801,P0005,1,181.52,92.02,0
OI0004477,O001801,P0113,1,152.02,79.85,0
OI0004478,O001801,P0054,1,83.38,49.27,0
OI0004479,O001801,P0068,1,103.65,44.29,0
OI0004480,O001802,P0044,2,279.36,162.6,10
OI0004481,O001802,P0018,3,281.84,146.67,5
OI0004482,O001803,P0006,3,273.98,150.3,0
OI0004483,O001804,P0066,1,103.29,50.62,0
OI0004484,O001805,P0011,2,116.27,72.14,0
OI0004485,O001805,P0112,1,361.01,177.23,15
OI0004486,O001805,P0104,2,71.93,33.51,0
OI0004487,O001806,P0050,2,171.47,76.47,10
OI0004488,O001806,P0064,2,60.15,32.62,0
OI0004489,O001806,P0085,2,142.09,59.82,15
OI0004490,O001807,P0074,1,62.08,27.78,0
OI0004491,O001807,P0070,3,131.06,75.18,0
OI0004492,O001808,P0025,1,187.19,125.9,0
OI0004493,O001808,P0035,1,326.93,146.56,0
OI0004494,O001809,P0116,2,53.16,36.42,0
OI0004495,O001809,P0013,1,127.84,91.01,5
OI0004496,O001809,P0023,1,15.34,8.57,0
OI0004497,O001809,P0099,2,179.3,114.96,0
OI0004498,O001810,P0093,3,64.09,40.65,0
OI0004499,O001810,P0089,1,49.96,38.06,0
OI0004500,O001810,P0089,2,49.96,38.06,15
OI0004501,O001810,P0047,1,243.5,159.8,5
OI0004502,O001811,P0094,4,309.52,160.91,0
OI0004503,O001812,P0056,1,385.75,167.31,0
OI0004504,O001812,P0049,3,59.24,43.15,0
OI0004505,O001812,P0089,2,49.96,38.06,0
OI0004506,O001812,P0061,2,241.21,110.37,15
OI0004507,O001813,P0111,4,116.59,86.94,5
OI0004508,O001813,P0016,1,182.65,108.43,20
OI0004509,O001813,P0084,1,42.76,20.69,0
OI0004510,O001814,P0085,2,142.09,59.82,0
OI0004511,O001814,P0039,1,66.47,46.73,0
OI0004512,O001815,P0104,3,71.93,33.51,0
OI0004513,O001815,P0031,1,254.7,145.72,15
OI0004514,O001816,P0082,1,64.05,28.14,5
OI0004515,O001816,P0003,2,171.57,88.27,0
OI0004516,O001816,P0018,1,281.84,146.67,0
OI0004517,O001817,P0032,4,148.44,75.4,10
OI0004518,O001817,P0069,1,259.35,175.47,0
OI0004519,O001817,P0106,1,56.39,27.98,10
OI0004520,O001817,P0059,1,310.18,133.96,0
OI0004521,O001818,P0120,2,123.81,98.52,15
OI0004522,O001819,P0094,2,309.52,160.91,0
OI0004523,O001819,P0052,4,142.04,68.52,0
OI0004524,O001819,P0091,1,196.39,82.27,20
OI0004525,O001819,P0078,2,268.06,129.83,20
OI0004526,O001820,P0101,1,338.95,156.07,5
OI0004527,O001821,P0093,1,64.09,40.65,0
OI0004528,O001821,P0025,1,187.19,125.9,10
OI0004529,O001822,P0052,2,142.04,68.52,10
OI0004530,O001822,P0093,4,64.09,40.65,0
OI0004531,O001823,P0028,1,307.09,179.34,0
OI0004532,O001823,P0022,1,192.12,85.66,10
OI0004533,O001823,P0112,1,361.01,177.23,0
OI0004534,O001823,P0051,1,104.92,60.39,0
OI0004535,O001824,P0086,2,263.23,167.09,0
OI0004536,O001824,P0077,3,9.56,6.81,110
OI0004537,O001824,P0073,1,372.75,170.56,5
OI0004538,O001825,P0036,3,71.47,40.11,0
OI0004539,O001825,P0092,1,51.3,24.69,0
OI0004540,O001826,P0038,1,81.71,51.71,0
OI0004541,O001826,P0101,1,338.95,156.07,15
OI0004542,O001826,P0112,1,361.01,177.23,0
OI0004543,O001827,P0115,4,66.66,49.6,15
OI0004544,O001827,P0076,1,81.73,46.21,15
OI0004545,O001827,P0036,1,71.47,40.11,0
OI0004546,O001827,P0027,1,283.79,152.07,20
OI0004547,O001828,P0023,1,15.34,8.57,15
OI0004548,O001829,P0002,1,230.82,108.89,0
OI0004549,O001830,P0008,2,223.03,120.69,15
OI0004550,O001830,P0087,2,136.09,59.78,0
OI0004551,O001830,P0080,3,392.84,163.94,25
OI0004552,O001830,P0100,2,280.83,119.83,0
OI0004553,O001831,P0059,2,310.18,133.96,10
OI0004554,O001832,P0050,1,171.47,76.47,0
OI0004555,O001832,P0028,1,307.09,179.34,0
OI0004556,O001833,P0044,-1,279.36,162.6,0
OI0004557,O001833,P0084,3,42.76,20.69,20
OI0004558,O001833,P0045,3,354.19,170.05,10
OI0004559,O001834,P0021,1,217.0,157.06,5
OI0004560,O001834,P0044,2,279.36,162.6,5
OI0004561,O001834,P0045,1,354.19,170.05,15
OI0004562,O001835,P0059,2,310.18,133.96,0
OI0004563,O001835,P0018,3,281.84,146.67,10
OI0004564,O001835,P0058,3,224.02,143.13,10
OI0004565,O001835,P0003,2,171.57,88.27,20
OI0004566,O001836,P0031,1,254.7,145.72,0
OI0004567,O001837,P0118,1,177.52,114.17,0
OI0004568,O001837,P0011,1,116.27,72.14,15
OI0004569,O001837,P0029,2,35.33,21.58,0
OI0004570,O001838,P0108,4,299.87,137.39,0
OI0004571,O001838,P0018,3,281.84,146.67,5
OI0004572,O001839,P0106,2,56.39,27.98,0
OI0004573,O001840,P0065,1,270.21,125.01,15
OI0004574,O001841,P0082,1,64.05,28.14,0
OI0004575,O001841,P0112,3,361.01,177.23,0
OI0004576,O001842,P0098,1,17.88,10.05,5
OI0004577,O001843,P0084,3,42.76,20.69,0
OI0004578,O001844,P0072,2,272.32,149.77,0
OI0004579,O001844,P0103,1,100.44,47.01,0
OI0004580,O001844,P0009,1,102.74,56.37,10
OI0004581,O001844,P0064,3,60.15,32.62,5
OI0004582,O001845,P0063,1,8.2,5.54,0
OI0004583,O001845,P0005,-1,181.52,92.02,5
OI0004584,O001845,P0118,2,177.52,114.17,5
OI0004585,O001845,P0062,2,274.98,138.35,0
OI0004586,O001846,P0071,1,66.14,34.77,5
OI0004587,O001846,P0089,1,49.96,38.06,0
OI0004588,O001847,P0027,3,283.79,152.07,0
OI0004589,O001847,P0017,1,30.38,15.75,20
OI0004590,O001847,P0003,2,171.57,88.27,5
OI0004591,O001847,P0087,3,136.09,59.78,0
OI0004592,O001848,P0114,3,41.45,23.84,15
OI0004593,O001848,P0093,1,64.09,40.65,20
OI0004594,O001849,P0032,4,148.44,75.4,0
OI0004595,O001849,P0088,2,236.31,102.24,0
OI0004596,O001849,P0053,1,23.29,11.09,0
OI0004597,O001850,P0029,3,35.33,21.58,15
OI0004598,O001850,P0022,1,192.12,85.66,0
OI0004599,O001850,P0050,1,171.47,76.47,0
OI0004600,O001850,P0116,4,53.16,36.42,10
OI0004601,O001851,P0048,1,316.06,150.66,25
OI0004602,O001852,P0103,1,100.44,47.01,0
OI0004603,O001853,P0115,1,66.66,49.6,5
OI0004604,O001854,P0106,2,56.39,27.98,0
OI0004605,O001855,P0013,3,127.84,91.01,10
OI0004606,O001856,P0001,1,58.62,26.48,15
OI0004607,O001856,P0072,2,272.32,149.77,0
OI0004608,O001856,P0035,3,326.93,146.56,0
OI0004609,O001857,P0054,3,83.38,49.27,0
OI0004610,O001858,P0109,1,39.14,21.27,5
OI0004611,O001858,P0119,2,78.86,37.39,10
OI0004612,O001859,P0108,1,299.87,137.39,0
OI0004613,O001859,P0064,2,60.15,32.62,0
OI0004614,O001859,P0064,1,60.15,32.62,0
OI0004615,O001860,P0037,1,171.97,76.8,0
OI0004616,O001860,P0076,1,81.73,46.21,15
OI0004617,O001860,P0091,1,196.39,82.27,20
OI0004618,O001860,P0063,2,8.2,5.54,5
OI0004619,O001861,P0012,2,20.32,10.75,0
OI0004620,O001861,P0088,3,236.31,102.24,0
OI0004621,O001861,P0117,2,252.27,158.43,15
OI0004622,O001862,P0102,1,195.72,100.75,10
OI0004623,O001863,P0086,1,263.23,167.09,5
OI0004624,O001863,P0072,3,272.32,149.77,10
OI0004625,O001863,P0014,2,189.67,104.55,20
OI0004626,O001864,P0056,2,385.75,167.31,10
OI0004627,O001864,P0046,1,310.17,133.53,5
OI0004628,O001865,P0087,2,136.09,59.78,0
OI0004629,O001866,P0013,1,127.84,91.01,110
OI0004630,O001866,P0112,2,361.01,177.23,10
OI0004631,O001867,P0045,1,354.19,170.05,0
OI0004632,O001867,P0017,2,30.38,15.75,5
OI0004633,O001868,P0038,1,81.71,51.71,0
OI0004634,O001869,P0070,1,131.06,75.18,0
OI0004635,O001870,P0031,1,254.7,145.72,5
OI0004636,O001870,P0001,2,58.62,26.48,20
OI0004637,O001870,P0113,2,152.02,79.85,10
OI0004638,O001871,P0097,1,163.15,70.37,0
OI0004639,O001872,P0016,2,182.65,108.43,20
OI0004640,O001872,P0059,4,310.18,133.96,5
OI0004641,O001873,P0056,2,385.75,167.31,0
OI0004642,O001874,P0079,1,28.55,21.67,0
OI0004643,O001874,P0114,1,41.45,23.84,15
OI0004644,O001874,P0113,4,152.02,79.85,0
OI0004645,O001874,P0068,4,103.65,44.29,25
OI0004646,O001875,P0040,1,214.96,89.94,0
OI0004647,O001875,P0073,2,372.75,170.56,20
OI0004648,O001875,P0039,2,66.47,46.73,0
OI0004649,O001876,P0105,1,124.3,57.25,25
OI0004650,O001876,P0011,1,116.27,72.14,0
OI0004651,O001876,P0079,4,28.55,21.67,10
OI0004652,O001876,P0040,2,214.96,89.94,0
OI0004653,O001877,P0050,-1,171.47,76.47,0
OI0004654,O001877,P0110,1,311.63,167.87,10
OI0004655,O001878,P0010,3,236.09,100.66,0
OI0004656,O001878,P0013,3,127.84,91.01,5
OI0004657,O001879,P0103,1,100.44,47.01,0
OI0004658,O001879,P0106,2,56.39,27.98,20
OI0004659,O001879,P0051,3,104.92,60.39,0
OI0004660,O001879,P0008,4,223.03,120.69,0
OI0004661,O001880,P0060,4,306.49,149.27,5
OI0004662,O001881,P0010,1,236.09,100.66,20
OI0004663,O001881,P0096,3,280.31,123.46,0
OI0004664,O001881,P0108,1,299.87,137.39,0
OI0004665,O001882,P0044,2,279.36,162.6,20
OI0004666,O001883,P0038,1,81.71,51.71,10
OI0004667,O001883,P0018,1,281.84,146.67,0
OI0004668,O001883,P0062,2,274.98,138.35,0
OI0004669,O001884,P0102,1,195.72,100.75,5
OI0004670,O001884,P0070,1,131.06,75.18,15
OI0004671,O001884,P0118,1,177.52,114.17,15
OI0004672,O001885,P0021,2,217.0,157.06,5
OI0004673,O001885,P0032,2,148.44,75.4,0
OI0004674,O001885,P0077,1,9.56,6.81,0
OI0004675,O001885,P0071,1,66.14,34.77,0
OI0004676,O001886,P0027,3,283.79,152.07,0
OI0004677,O001886,P0075,2,134.51,78.21,0
OI0004678,O001887,P0101,2,338.95,156.07,15
OI0004679,O001887,P0027,1,283.79,152.07,0
OI0004680,O001887,P0063,1,8.2,5.54,5
OI0004681,O001888,P0096,1,280.31,123.46,0
OI0004682,O001888,P0072,3,272.32,149.77,10
OI0004683,O001888,P0097,1,163.15,70.37,10
OI0004684,O001888,P0105,1,124.3,57.25,10
OI0004685,O001889,P0053,1,23.29,11.09,5
OI0004686,O001889,P0043,1,33.48,14.68,5
OI0004687,O001889,P0046,3,310.17,133.53,0
OI0004688,O001889,P0012,1,20.32,10.75,0
OI0004689,O001890,P0055,1,150.07,98.61,5
OI0004690,O001890,P0020,1,185.28,120.72,10
OI0004691,O001891,P0056,1,385.75,167.31,0
OI0004692,O001892,P0120,1,123.81,98.52,10
OI0004693,O001892,P0024,2,169.87,104.81,0
OI0004694,O001892,P0046,1,310.17,133.53,5
OI0004695,O001893,P0041,1,46.27,32.89,10
OI0004696,O001893,P0068,2,103.65,44.29,0
OI0004697,O001893,P0026,2,187.78,112.59,0
OI0004698,O001893,P0114,3,41.45,23.84,10
OI0004699,O001894,P0004,-1,114.79,53.81,0
OI0004700,O001894,P0035,1,326.93,146.56,0
OI0004701,O001894,P0088,2,236.31,102.24,5
OI0004702,O001894,P0059,1,310.18,133.96,15
OI0004703,O001895,P0119,2,78.86,37.39,0
OI0004704,O001895,P0047,-1,243.5,159.8,10
OI0004705,O001895,P0011,1,116.27,72.14,15
OI0004706,O001896,P0059,3,310.18,133.96,0
OI0004707,O001896,P0066,1,103.29,50.62,15
OI0004708,O001896,P0019,3,36.3,22.04,0
OI0004709,O001896,P0004,1,114.79,53.81,20
OI0004710,O001897,P0018,4,281.84,146.67,0
OI0004711,O001897,P0023,1,15.34,8.57,5
OI0004712,O001897,P0076,2,81.73,46.21,0
OI0004713,O001898,P0042,2,79.85,35.8,0
OI0004714,O001899,P0036,1,71.47,40.11,20
OI0004715,O001899,P0087,1,136.09,59.78,10
OI0004716,O001899,P0012,3,20.32,10.75,10
OI0004717,O001899,P0060,-1,306.49,149.27,0
OI0004718,O001900,P0082,2,64.05,28.14,0
OI0004719,O001900,P0083,1,63.1,34.73,5
OI0004720,O001901,P0067,3,33.07,19.77,0
OI0004721,O001902,P0110,1,311.63,167.87,0
OI0004722,O001902,P0111,1,116.59,86.94,25
OI0004723,O001902,P0097,2,163.15,70.37,5
OI0004724,O001903,P0103,2,100.44,47.01,10
OI0004725,O001903,P0104,2,71.93,33.51,10
OI0004726,O001904,P0105,1,124.3,57.25,0
OI0004727,O001905,P0030,3,90.28,41.7,15
OI0004728,O001905,P0007,2,180.16,110.8,5
OI0004729,O001906,P0097,1,163.15,70.37,0
OI0004730,O001906,P0011,4,116.27,72.14,0
OI0004731,O001907,P0119,2,78.86,37.39,15
OI0004732,O001907,P0032,1,148.44,75.4,10
OI0004733,O001908,P0097,1,163.15,70.37,20
OI0004734,O001908,P0048,4,316.06,150.66,0
OI0004735,O001908,P0057,1,95.09,41.82,10
OI0004736,O001908,P0069,4,259.35,175.47,25
OI0004737,O001909,P0113,3,152.02,79.85,0
OI0004738,O001910,P0120,1,123.81,98.52,0
OI0004739,O001910,P0108,1,299.87,137.39,0
OI0004740,O001911,P0063,1,8.2,5.54,10
OI0004741,O001911,P0097,1,163.15,70.37,10
OI0004742,O001911,P0105,3,124.3,57.25,0
OI0004743,O001911,P0062,1,274.98,138.35,25
OI0004744,O001912,P0025,1,187.19,125.9,10
OI0004745,O001912,P0061,1,241.21,110.37,0
OI0004746,O001912,P0045,1,354.19,170.05,0
OI0004747,O001913,P0089,1,49.96,38.06,15
OI0004748,O001914,P0070,1,131.06,75.18,10
OI0004749,O001914,P0074,2,62.08,27.78,0
OI0004750,O001914,P0055,3,150.07,98.61,5
OI0004751,O001915,P0079,3,28.55,21.67,0
OI0004752,O001915,P0102,2,195.72,100.75,20
OI0004753,O001915,P0044,1,279.36,162.6,0
OI0004754,O001916,P0083,2,63.1,34.73,20
OI0004755,O001916,P0024,1,169.87,104.81,0
OI0004756,O001916,P0049,3,59.24,43.15,5
OI0004757,O001916,P0074,1,62.08,27.78,0
OI0004758,O001917,P0082,3,64.05,28.14,0
OI0004759,O001918,P0071,1,66.14,34.77,20
OI0004760,O001919,P0073,1,372.75,170.56,0
OI0004761,O001920,P0073,2,372.75,170.56,5
OI0004762,O001920,P0082,2,64.05,28.14,15
OI0004763,O001920,P0032,1,148.44,75.4,5
OI0004764,O001921,P0046,1,310.17,133.53,15
OI0004765,O001921,P0044,1,279.36,162.6,0
OI0004766,O001922,P0063,2,8.2,5.54,5
OI0004767,O001922,P0027,1,283.79,152.07,15
OI0004768,O001922,P0019,2,36.3,22.04,10
OI0004769,O001922,P0014,3,189.67,104.55,10
OI0004770,O001923,P0104,2,71.93,33.51,15
OI0004771,O001923,P0051,2,104.92,60.39,5
OI0004772,O001923,P0086,1,263.23,167.09,15
OI0004773,O001923,P0032,3,148.44,75.4,0
OI0004774,O001924,P0032,1,148.44,75.4,10
OI0004775,O001924,P0113,2,152.02,79.85,20
OI0004776,O001924,P0022,1,192.12,85.66,0
OI0004777,O001924,P0052,4,142.04,68.52,20
OI0004778,O001925,P0064,1,60.15,32.62,0
OI0004779,O001925,P0069,3,259.35,175.47,25
OI0004780,O001925,P0075,2,134.51,78.21,0
OI0004781,O001925,P0008,1,223.03,120.69,5
OI0004782,O001926,P0028,1,307.09,179.34,0
OI0004783,O001926,P0007,2,180.16,110.8,0
OI0004784,O001927,P0101,1,338.95,156.07,10
OI0004785,O001927,P0019,2,36.3,22.04,0
OI0004786,O001927,P0120,1,123.81,98.52,0
OI0004787,O001927,P0010,1,236.09,100.66,0
OI0004788,O001928,P0094,1,309.52,160.91,0
OI0004789,O001929,P0087,1,136.09,59.78,0
OI0004790,O001929,P0076,1,81.73,46.21,0
OI0004791,O001929,P0082,2,64.05,28.14,15
OI0004792,O001929,P0105,2,124.3,57.25,0
OI0004793,O001930,P0118,2,177.52,114.17,0
OI0004794,O001930,P0014,1,189.67,104.55,0
OI0004795,O001930,P0065,1,270.21,125.01,0
OI0004796,O001930,P0024,2,169.87,104.81,0
OI0004797,O001931,P0013,2,127.84,91.01,10
OI0004798,O001931,P0070,1,131.06,75.18,20
OI0004799,O001932,P0020,1,185.28,120.72,10
OI0004800,O001933,P0015,1,147.82,103.39,15
OI0004801,O001934,P0096,1,280.31,123.46,10
OI0004802,O001934,P0077,1,9.56,6.81,0
OI0004803,O001934,P0099,2,179.3,114.96,0
OI0004804,O001935,P0061,1,241.21,110.37,20
OI0004805,O001935,P0067,1,33.07,19.77,0
OI0004806,O001935,P0044,2,279.36,162.6,15
OI0004807,O001936,P0025,1,187.19,125.9,0
OI0004808,O001936,P0045,1,354.19,170.05,0
OI0004809,O001936,P0047,1,243.5,159.8,0
OI0004810,O001936,P0042,1,79.85,35.8,0
OI0004811,O001937,P0034,2,265.11,120.64,15
OI0004812,O001937,P0067,4,33.07,19.77,0
OI0004813,O001937,P0021,1,217.0,157.06,10
OI0004814,O001938,P0082,3,64.05,28.14,5
OI0004815,O001938,P0119,1,78.86,37.39,0
OI0004816,O001939,P0096,2,280.31,123.46,5
OI0004817,O001939,P0070,1,131.06,75.18,0
OI0004818,O001939,P0085,1,142.09,59.82,0
OI0004819,O001940,P0032,1,148.44,75.4,5
OI0004820,O001940,P0093,2,64.09,40.65,10
OI0004821,O001940,P0050,1,171.47,76.47,10
OI0004822,O001941,P0002,1,230.82,108.89,5
OI0004823,O001942,P0060,2,306.49,149.27,15
OI0004824,O001942,P0055,3,150.07,98.61,5
OI0004825,O001942,P0106,2,56.39,27.98,0
OI0004826,O001943,P0004,1,114.79,53.81,0
OI0004827,O001943,P0036,3,71.47,40.11,20
OI0004828,O001943,P0007,2,180.16,110.8,0
OI0004829,O001943,P0061,1,241.21,110.37,10
OI0004830,O001944,P0099,2,179.3,114.96,0
OI0004831,O001945,P0088,1,236.31,102.24,5
OI0004832,O001945,P0069,1,259.35,175.47,25
OI0004833,O001946,P0104,2,71.93,33.51,0
OI0004834,O001947,P0059,1,310.18,133.96,20
OI0004835,O001947,P0092,3,51.3,24.69,10
OI0004836,O001948,P0049,1,59.24,43.15,0
OI0004837,O001948,P0005,3,181.52,92.02,0
OI0004838,O001949,P0041,1,46.27,32.89,10
OI0004839,O001949,P0074,1,62.08,27.78,15
OI0004840,O001949,P0019,1,36.3,22.04,0
OI0004841,O001949,P0065,1,270.21,125.01,0
OI0004842,O001950,P0106,1,56.39,27.98,5
OI0004843,O001950,P0066,2,103.29,50.62,0
OI0004844,O001950,P0091,2,196.39,82.27,0
OI0004845,O001950,P0089,2,49.96,38.06,15
OI0004846,O001951,P0065,4,270.21,125.01,0
OI0004847,O001951,P0112,3,361.01,177.23,5
OI0004848,O001951,P0117,-1,252.27,158.43,20
OI0004849,O001951,P0056,1,385.75,167.31,15
OI0004850,O001952,P0031,1,254.7,145.72,20
OI0004851,O001953,P0047,1,243.5,159.8,5
OI0004852,O001953,P0071,1,66.14,34.77,5
OI0004853,O001953,P0085,2,142.09,59.82,15
OI0004854,O001953,P0033,2,211.78,114.87,10
OI0004855,O001954,P0049,1,59.24,43.15,15
OI0004856,O001954,P0031,1,254.7,145.72,0
OI0004857,O001954,P0105,2,124.3,57.25,0
OI0004858,O001954,P0109,2,39.14,21.27,0
OI0004859,O001955,P0060,2,306.49,149.27,0
OI0004860,O001955,P0096,1,280.31,123.46,15
OI0004861,O001955,P0010,1,236.09,100.66,0
OI0004862,O001955,P0054,1,83.38,49.27,20
OI0004863,O001956,P0020,2,185.28,120.72,20
OI0004864,O001957,P0115,1,66.66,49.6,0
OI0004865,O001957,P0067,1,33.07,19.77,10
OI0004866,O001957,P0022,2,192.12,85.66,10
OI0004867,O001957,P0066,1,103.29,50.62,20
OI0004868,O001958,P0028,2,307.09,179.34,5
OI0004869,O001959,P0073,1,372.75,170.56,20
OI0004870,O001960,P0050,1,171.47,76.47,0
OI0004871,O001960,P0056,1,385.75,167.31,5
OI0004872,O001960,P0050,-1,171.47,76.47,110
OI0004873,O001960,P0032,3,148.44,75.4,15
OI0004874,O001961,P0062,1,274.98,138.35,20
OI0004875,O001961,P0011,1,116.27,72.14,20
OI0004876,O001962,P0079,4,28.55,21.67,10
OI0004877,O001962,P0105,1,124.3,57.25,20
OI0004878,O001963,P0071,4,66.14,34.77,0
OI0004879,O001964,P0098,-1,17.88,10.05,25
OI0004880,O001964,P0116,1,53.16,36.42,5
OI0004881,O001964,P0107,3,140.71,82.95,20
OI0004882,O001964,P0045,1,354.19,170.05,20
OI0004883,O001965,P0113,1,152.02,79.85,0
OI0004884,O001965,P0095,3,202.91,139.2,0
OI0004885,O001966,P0031,1,254.7,145.72,0
OI0004886,O001967,P0058,1,224.02,143.13,0
OI0004887,O001967,P0083,1,63.1,34.73,15
OI0004888,O001968,P0073,3,372.75,170.56,0
OI0004889,O001968,P0011,2,116.27,72.14,0
OI0004890,O001969,P0065,2,270.21,125.01,0
OI0004891,O001969,P0067,3,33.07,19.77,5
OI0004892,O001969,P0048,2,316.06,150.66,20
OI0004893,O001970,P0078,1,268.06,129.83,0
OI0004894,O001970,P0086,3,263.23,167.09,0
OI0004895,O001970,P0076,1,81.73,46.21,10
OI0004896,O001970,P0060,1,306.49,149.27,0
OI0004897,O001971,P0027,1,283.79,152.07,0
OI0004898,O001971,P0119,4,78.86,37.39,0
OI0004899,O001971,P0026,1,187.78,112.59,15
OI0004900,O001971,P0004,-1,114.79,53.81,5
OI0004901,O001972,P0054,1,83.38,49.27,5
OI0004902,O001973,P0060,1,306.49,149.27,15
OI0004903,O001974,P0051,1,104.92,60.39,0
OI0004904,O001974,P0037,1,171.97,76.8,25
OI0004905,O001974,P0055,2,150.07,98.61,0
OI0004906,O001974,P0031,3,254.7,145.72,10
OI0004907,O001975,P0041,1,46.27,32.89,0
OI0004908,O001975,P0082,3,64.05,28.14,5
OI0004909,O001975,P0036,1,71.47,40.11,15
OI0004910,O001976,P0098,1,17.88,10.05,10
OI0004911,O001976,P0081,2,96.93,49.39,10
OI0004912,O001976,P0075,2,134.51,78.21,0
OI0004913,O001977,P0012,1,20.32,10.75,25
OI0004914,O001978,P0115,2,66.66,49.6,0
OI0004915,O001978,P0062,2,274.98,138.35,15
OI0004916,O001979,P0047,2,243.5,159.8,10
OI0004917,O001979,P0087,2,136.09,59.78,5
OI0004918,O001980,P0002,1,230.82,108.89,0
OI0004919,O001980,P0110,4,311.63,167.87,0
OI0004920,O001980,P0044,1,279.36,162.6,20
OI0004921,O001981,P0013,1,127.84,91.01,25
OI0004922,O001981,P0004,1,114.79,53.81,0
OI0004923,O001981,P0071,1,66.14,34.77,15
OI0004924,O001982,P0087,4,136.09,59.78,10
OI0004925,O001983,P0054,1,83.38,49.27,0
OI0004926,O001984,P0109,2,39.14,21.27,15
OI0004927,O001984,P0062,2,274.98,138.35,0
OI0004928,O001984,P0014,1,189.67,104.55,5
OI0004929,O001984,P0006,1,273.98,150.3,0
OI0004930,O001985,P0070,1,131.06,75.18,0
OI0004931,O001985,P0094,1,309.52,160.91,0
OI0004932,O001986,P0064,1,60.15,32.62,15
OI0004933,O001986,P0110,1,311.63,167.87,5
OI0004934,O001987,P0002,2,230.82,108.89,10
OI0004935,O001988,P0085,1,142.09,59.82,0
OI0004936,O001988,P0113,1,152.02,79.85,0
OI0004937,O001988,P0050,1,171.47,76.47,0
OI0004938,O001988,P0085,2,142.09,59.82,20
OI0004939,O001989,P0043,1,33.48,14.68,5
OI0004940,O001989,P0004,1,114.79,53.81,5
OI0004941,O001989,P0014,1,189.67,104.55,0
OI0004942,O001989,P0114,2,41.45,23.84,0
OI0004943,O001990,P0043,1,33.48,14.68,15
OI0004944,O001990,P0063,3,8.2,5.54,20
OI0004945,O001991,P0007,2,180.16,110.8,0
OI0004946,O001992,P0085,1,142.09,59.82,10
OI0004947,O001992,P0014,2,189.67,104.55,5
OI0004948,O001992,P0068,2,103.65,44.29,20
OI0004949,O001993,P0084,1,42.76,20.69,0
OI0004950,O001994,P0019,1,36.3,22.04,0
OI0004951,O001994,P0085,1,142.09,59.82,15
OI0004952,O001994,P0083,1,63.1,34.73,10
OI0004953,O001995,P0023,2,15.34,8.57,0
OI0004954,O001995,P0023,2,15.34,8.57,0
OI0004955,O001996,P0019,1,36.3,22.04,10
OI0004956,O001997,P0032,2,148.44,75.4,0
OI0004957,O001997,P0081,1,96.93,49.39,0
OI0004958,O001998,P0115,1,66.66,49.6,5
OI0004959,O001998,P0115,1,66.66,49.6,10
OI0004960,O001998,P0090,1,60.09,33.62,10
OI0004961,O001998,P0039,1,66.47,46.73,10
OI0004962,O001999,P0002,2,230.82,108.89,10
OI0004963,O001999,P0014,1,189.67,104.55,0
OI0004964,O002000,P0117,2,252.27,158.43,5
OI0004965,O002000,P0104,2,71.93,33.51,5
OI0004966,O002000,P0054,3,83.38,49.27,5
OI0004967,O002000,P0040,1,214.96,89.94,25
OI0004968,O002001,P0038,2,81.71,51.71,0
OI0004969,O002001,P0032,1,148.44,75.4,15
OI0004970,O002002,P0029,1,35.33,21.58,15
OI0004971,O002002,P0087,1,136.09,59.78,10
OI0004972,O002002,P0088,1,236.31,102.24,0
OI0004973,O002003,P0112,1,361.01,177.23,0
OI0004974,O002003,P0062,2,274.98,138.35,0
OI0004975,O002003,P0054,1,83.38,49.27,0
OI0004976,O002003,P0032,4,148.44,75.4,20
OI0004977,O002004,P0115,4,66.66,49.6,15
OI0004978,O002005,P0031,2,254.7,145.72,10
OI0004979,O002005,P0099,1,179.3,114.96,10
OI0004980,O002005,P0108,1,299.87,137.39,15
OI0004981,O002005,P0088,3,236.31,102.24,10
OI0004982,O002006,P0053,3,23.29,11.09,0
OI0004983,O002006,P0114,3,41.45,23.84,0
OI0004984,O002007,P0085,2,142.09,59.82,15
OI0004985,O002007,P0101,3,338.95,156.07,0
OI0004986,O002007,P0107,1,140.71,82.95,20
OI0004987,O002008,P0114,2,41.45,23.84,0
OI0004988,O002008,P0113,1,152.02,79.85,10
OI0004989,O002008,P0060,1,306.49,149.27,0
OI0004990,O002008,P0039,2,66.47,46.73,0
OI0004991,O002009,P0043,1,33.48,14.68,20
OI0004992,O002009,P0001,2,58.62,26.48,5
OI0004993,O002009,P0078,2,268.06,129.83,10
OI0004994,O002009,P0002,2,230.82,108.89,15
OI0004995,O002010,P0046,1,310.17,133.53,15
OI0004996,O002010,P0072,2,272.32,149.77,0
OI0004997,O002010,P0049,1,59.24,43.15,10
OI0004998,O002010,P0078,4,268.06,129.83,20
OI0004999,O002011,P0098,3,17.88,10.05,0
OI0005000,O002012,P0029,1,35.33,21.58,5
OI0005001,O002013,P0039,1,66.47,46.73,0
OI0005002,O002013,P0028,1,307.09,179.34,10
OI0005003,O002013,P0028,1,307.09,179.34,15
OI0005004,O002014,P0098,1,17.88,10.05,0
OI0005005,O002014,P0007,1,180.16,110.8,20
OI0005006,O002015,P0049,1,59.24,43.15,0
OI0005007,O002015,P0017,2,30.38,15.75,10
OI0005008,O002015,P0075,1,134.51,78.21,5
OI0005009,O002016,P0004,1,114.79,53.81,15
OI0005010,O002016,P0046,1,310.17,133.53,0
OI0005011,O002017,P0042,1,79.85,35.8,5
OI0005012,O002017,P0011,1,116.27,72.14,5
OI0005013,O002018,P0091,1,196.39,82.27,15
OI0005014,O002018,P0101,1,338.95,156.07,0
OI0005015,O002018,P0062,1,274.98,138.35,0
OI0005016,O002018,P0109,1,39.14,21.27,0
OI0005017,O002019,P0079,1,28.55,21.67,20
OI0005018,O002019,P0053,1,23.29,11.09,0
OI0005019,O002019,P0076,-1,81.73,46.21,5
OI0005020,O002020,P0120,2,123.81,98.52,0
OI0005021,O002020,P0018,1,281.84,146.67,0
OI0005022,O002021,P0116,1,53.16,36.42,25
OI0005023,O002021,P0034,1,265.11,120.64,0
OI0005024,O002021,P0075,1,134.51,78.21,0
OI0005025,O002021,P0002,1,230.82,108.89,5
OI0005026,O002022,P0079,4,28.55,21.67,0
OI0005027,O002022,P0040,1,214.96,89.94,15
OI0005028,O002022,P0004,1,114.79,53.81,5
OI0005029,O002022,P0072,1,272.32,149.77,5
OI0005030,O002023,P0079,1,28.55,21.67,10
OI0005031,O002023,P0026,2,187.78,112.59,5
OI0005032,O002024,P0114,4,41.45,23.84,0
OI0005033,O002024,P0114,1,41.45,23.84,15
OI0005034,O002024,P0090,2,60.09,33.62,15
OI0005035,O002025,P0053,2,23.29,11.09,5
OI0005036,O002025,P0024,2,169.87,104.81,15
OI0005037,O002025,P0020,1,185.28,120.72,10
OI0005038,O002026,P0106,1,56.39,27.98,0
OI0005039,O002027,P0120,2,123.81,98.52,15
OI0005040,O002027,P0047,2,243.5,159.8,15
OI0005041,O002027,P0048,1,316.06,150.66,15
OI0005042,O002028,P0070,3,131.06,75.18,15
OI0005043,O002028,P0025,3,187.19,125.9,0
OI0005044,O002028,P0016,1,182.65,108.43,0
OI0005045,O002029,P0094,1,309.52,160.91,10
OI0005046,O002029,P0101,3,338.95,156.07,5
OI0005047,O002029,P0036,1,71.47,40.11,0
OI0005048,O002030,P0080,1,392.84,163.94,0
OI0005049,O002030,P0103,1,100.44,47.01,5
OI0005050,O002030,P0089,1,49.96,38.06,5
OI0005051,O002031,P0030,1,90.28,41.7,0
OI0005052,O002032,P0111,1,116.59,86.94,0
OI0005053,O002032,P0037,1,171.97,76.8,0
OI0005054,O002032,P0055,1,150.07,98.61,0
OI0005055,O002032,P0047,2,243.5,159.8,10
OI0005056,O002033,P0105,3,124.3,57.25,0
OI0005057,O002033,P0085,1,142.09,59.82,0
OI0005058,O002034,P0017,1,30.38,15.75,20
OI0005059,O002034,P0071,1,66.14,34.77,20
OI0005060,O002034,P0088,1,236.31,102.24,0
OI0005061,O002034,P0046,2,310.17,133.53,0
OI0005062,O002035,P0049,1,59.24,43.15,0
OI0005063,O002035,P0029,1,35.33,21.58,0
OI0005064,O002035,P0065,1,270.21,125.01,0
OI0005065,O002036,P0055,2,150.07,98.61,5
OI0005066,O002037,P0078,2,268.06,129.83,10
OI0005067,O002038,P0004,1,114.79,53.81,5
OI0005068,O002038,P0118,2,177.52,114.17,0
OI0005069,O002038,P0117,1,252.27,158.43,0
OI0005070,O002038,P0004,1,114.79,53.81,0
OI0005071,O002039,P0115,2,66.66,49.6,15
OI0005072,O002040,P0046,2,310.17,133.53,5
OI0005073,O002040,P0073,2,372.75,170.56,10
OI0005074,O002041,P0008,2,223.03,120.69,5
OI0005075,O002042,P0037,1,171.97,76.8,5
OI0005076,O002043,P0050,2,171.47,76.47,15
OI0005077,O002043,P0034,1,265.11,120.64,0
OI0005078,O002043,P0036,-1,71.47,40.11,0
OI0005079,O002044,P0077,1,9.56,6.81,20
OI0005080,O002044,P0055,2,150.07,98.61,0
OI0005081,O002045,P0101,2,338.95,156.07,5
OI0005082,O002045,P0021,2,217.0,157.06,10
OI0005083,O002046,P0089,1,49.96,38.06,0
OI0005084,O002046,P0057,1,95.09,41.82,0
OI0005085,O002047,P0062,1,274.98,138.35,10
OI0005086,O002047,P0053,2,23.29,11.09,5
OI0005087,O002047,P0088,3,236.31,102.24,0
OI0005088,O002047,P0058,2,224.02,143.13,15
OI0005089,O002048,P0043,2,33.48,14.68,5
OI0005090,O002048,P0015,3,147.82,103.39,20
OI0005091,O002048,P0099,1,179.3,114.96,20
OI0005092,O002049,P0037,2,171.97,76.8,20
OI0005093,O002049,P0068,2,103.65,44.29,0
OI0005094,O002050,P0026,1,187.78,112.59,10
OI0005095,O002050,P0108,1,299.87,137.39,20
OI0005096,O002050,P0020,2,185.28,120.72,15
OI0005097,O002050,P0057,2,95.09,41.82,0
OI0005098,O002051,P0096,1,280.31,123.46,0
OI0005099,O002051,P0009,1,102.74,56.37,10
OI0005100,O002051,P0079,1,28.55,21.67,0
OI0005101,O002051,P0062,2,274.98,138.35,0
OI0005102,O002052,P0087,1,136.09,59.78,20
OI0005103,O002052,P0092,1,51.3,24.69,0
OI0005104,O002053,P0091,2,196.39,82.27,0
OI0005105,O002053,P0109,1,39.14,21.27,10
OI0005106,O002053,P0118,2,177.52,114.17,0
OI0005107,O002054,P0093,1,64.09,40.65,10
OI0005108,O002055,P0037,2,171.97,76.8,0
OI0005109,O002056,P0011,3,116.27,72.14,5
OI0005110,O002056,P0044,3,279.36,162.6,0
OI0005111,O002057,P0095,2,202.91,139.2,15
OI0005112,O002057,P0033,1,211.78,114.87,0
OI0005113,O002057,P0120,1,123.81,98.52,0
OI0005114,O002058,P0087,2,136.09,59.78,15
OI0005115,O002058,P0017,4,30.38,15.75,0
OI0005116,O002058,P0008,1,223.03,120.69,10
OI0005117,O002058,P0010,1,236.09,100.66,0
OI0005118,O002059,P0092,-1,51.3,24.69,0
OI0005119,O002059,P0075,1,134.51,78.21,5
OI0005120,O002060,P0107,3,140.71,82.95,20
OI0005121,O002060,P0018,1,281.84,146.67,0
OI0005122,O002060,P0058,1,224.02,143.13,10
OI0005123,O002061,P0036,2,71.47,40.11,5
OI0005124,O002062,P0019,1,36.3,22.04,110
OI0005125,O002062,P0014,1,189.67,104.55,15
OI0005126,O002062,P0006,1,273.98,150.3,15
OI0005127,O002063,P0023,1,15.34,8.57,0
OI0005128,O002063,P0059,4,310.18,133.96,5
OI0005129,O002063,P0092,-1,51.3,24.69,0
OI0005130,O002064,P0087,1,136.09,59.78,0
OI0005131,O002065,P0021,1,217.0,157.06,15
OI0005132,O002065,P0051,1,104.92,60.39,0
OI0005133,O002065,P0021,2,217.0,157.06,15
OI0005134,O002066,P0022,3,192.12,85.66,5
OI0005135,O002066,P0069,1,259.35,175.47,0
OI0005136,O002066,P0057,2,95.09,41.82,10
OI0005137,O002066,P0074,1,62.08,27.78,110
OI0005138,O002067,P0022,1,192.12,85.66,10
OI0005139,O002067,P0078,3,268.06,129.83,10
OI0005140,O002067,P0063,1,8.2,5.54,25
OI0005141,O002068,P0093,1,64.09,40.65,20
OI0005142,O002068,P0052,2,142.04,68.52,0
OI0005143,O002068,P0053,1,23.29,11.09,5
OI0005144,O002068,P0052,1,142.04,68.52,10
OI0005145,O002069,P0083,1,63.1,34.73,10
OI0005146,O002069,P0049,2,59.24,43.15,0
OI0005147,O002069,P0096,1,280.31,123.46,20
OI0005148,O002070,P0030,1,90.28,41.7,15
OI0005149,O002070,P0081,2,96.93,49.39,5
OI0005150,O002070,P0040,2,214.96,89.94,5
OI0005151,O002071,P0068,-1,103.65,44.29,25
OI0005152,O002072,P0104,2,71.93,33.51,15
OI0005153,O002073,P0118,2,177.52,114.17,0
OI0005154,O002073,P0099,1,179.3,114.96,25
OI0005155,O002074,P0032,4,148.44,75.4,0
OI0005156,O002074,P0019,2,36.3,22.04,5
OI0005157,O002075,P0056,2,385.75,167.31,0
OI0005158,O002076,P0062,3,274.98,138.35,5
OI0005159,O002076,P0119,1,78.86,37.39,15
OI0005160,O002076,P0096,2,280.31,123.46,15
OI0005161,O002077,P0109,2,39.14,21.27,10
OI0005162,O002077,P0012,1,20.32,10.75,0
OI0005163,O002077,P0027,1,283.79,152.07,5
OI0005164,O002078,P0052,1,142.04,68.52,5
OI0005165,O002079,P0021,2,217.0,157.06,0
OI0005166,O002080,P0100,1,280.83,119.83,0
OI0005167,O002081,P0077,1,9.56,6.81,0
OI0005168,O002082,P0062,1,274.98,138.35,15
OI0005169,O002082,P0084,1,42.76,20.69,25
OI0005170,O002082,P0050,2,171.47,76.47,0
OI0005171,O002083,P0006,1,273.98,150.3,0
OI0005172,O002084,P0028,1,307.09,179.34,5
OI0005173,O002084,P0005,3,181.52,92.02,5
OI0005174,O002084,P0085,1,142.09,59.82,5
OI0005175,O002084,P0034,1,265.11,120.64,25
OI0005176,O002085,P0098,1,17.88,10.05,5
OI0005177,O002085,P0017,1,30.38,15.75,10
OI0005178,O002086,P0100,2,280.83,119.83,0
OI0005179,O002086,P0051,1,104.92,60.39,0
OI0005180,O002087,P0109,1,39.14,21.27,0
OI0005181,O002088,P0080,2,392.84,163.94,5
OI0005182,O002088,P0037,3,171.97,76.8,0
OI0005183,O002088,P0089,1,49.96,38.06,0
OI0005184,O002088,P0051,1,104.92,60.39,0
OI0005185,O002089,P0004,1,114.79,53.81,0
OI0005186,O002089,P0033,1,211.78,114.87,0
OI0005187,O002089,P0055,1,150.07,98.61,0
OI0005188,O002090,P0077,1,9.56,6.81,20
OI0005189,O002090,P0031,-1,254.7,145.72,0
OI0005190,O002090,P0019,2,36.3,22.04,0
OI0005191,O002090,P0024,1,169.87,104.81,10
OI0005192,O002091,P0036,2,71.47,40.11,5
OI0005193,O002092,P0015,2,147.82,103.39,5
OI0005194,O002092,P0113,1,152.02,79.85,25
OI0005195,O002093,P0060,2,306.49,149.27,10
OI0005196,O002093,P0108,2,299.87,137.39,10
OI0005197,O002093,P0118,4,177.52,114.17,20
OI0005198,O002094,P0081,-1,96.93,49.39,10
OI0005199,O002095,P0079,1,28.55,21.67,0
OI0005200,O002096,P0067,2,33.07,19.77,20
OI0005201,O002096,P0098,1,17.88,10.05,15
OI0005202,O002097,P0024,1,169.87,104.81,0
OI0005203,O002097,P0041,1,46.27,32.89,5
OI0005204,O002098,P0060,2,306.49,149.27,0
OI0005205,O002098,P0017,2,30.38,15.75,0
OI0005206,O002099,P0070,3,131.06,75.18,10
OI0005207,O002100,P0020,1,185.28,120.72,10
OI0005208,O002100,P0047,3,243.5,159.8,15
OI0005209,O002100,P0057,1,95.09,41.82,5
OI0005210,O002100,P0094,2,309.52,160.91,5
OI0005211,O002101,P0016,1,182.65,108.43,0
OI0005212,O002101,P0081,1,96.93,49.39,20
OI0005213,O002101,P0027,2,283.79,152.07,0
OI0005214,O002101,P0118,1,177.52,114.17,10
OI0005215,O002102,P0017,2,30.38,15.75,5
OI0005216,O002102,P0073,1,372.75,170.56,0
OI0005217,O002103,P0040,1,214.96,89.94,15
OI0005218,O002103,P0098,2,17.88,10.05,0
OI0005219,O002103,P0060,3,306.49,149.27,10
OI0005220,O002103,P0056,2,385.75,167.31,5
OI0005221,O002104,P0118,1,177.52,114.17,0
OI0005222,O002104,P0068,1,103.65,44.29,10
OI0005223,O002104,P0039,2,66.47,46.73,0
OI0005224,O002104,P0113,2,152.02,79.85,0
OI0005225,O002105,P0109,1,39.14,21.27,0
OI0005226,O002105,P0118,1,177.52,114.17,10
OI0005227,O002105,P0089,1,49.96,38.06,0
OI0005228,O002106,P0039,2,66.47,46.73,0
OI0005229,O002106,P0115,2,66.66,49.6,15
OI0005230,O002107,P0043,1,33.48,14.68,0
OI0005231,O002107,P0118,3,177.52,114.17,110
OI0005232,O002107,P0057,4,95.09,41.82,0
OI0005233,O002108,P0050,1,171.47,76.47,15
OI0005234,O002108,P0096,4,280.31,123.46,0
OI0005235,O002108,P0046,1,310.17,133.53,5
OI0005236,O002108,P0016,4,182.65,108.43,0
OI0005237,O002109,P0090,2,60.09,33.62,0
OI0005238,O002109,P0105,1,124.3,57.25,0
OI0005239,O002109,P0093,1,64.09,40.65,15
OI0005240,O002110,P0097,2,163.15,70.37,0
OI0005241,O002110,P0098,2,17.88,10.05,0
OI0005242,O002111,P0034,2,265.11,120.64,10
OI0005243,O002112,P0009,2,102.74,56.37,0
OI0005244,O002113,P0094,3,309.52,160.91,5
OI0005245,O002113,P0011,2,116.27,72.14,5
OI0005246,O002113,P0038,1,81.71,51.71,0
OI0005247,O002114,P0114,2,41.45,23.84,5
OI0005248,O002114,P0040,3,214.96,89.94,0
OI0005249,O002114,P0024,1,169.87,104.81,0
OI0005250,O002115,P0021,4,217.0,157.06,5
OI0005251,O002116,P0019,2,36.3,22.04,10
OI0005252,O002116,P0112,2,361.01,177.23,20
OI0005253,O002116,P0081,1,96.93,49.39,0
OI0005254,O002117,P0056,1,385.75,167.31,0
OI0005255,O002118,P0018,1,281.84,146.67,0
OI0005256,O002118,P0091,1,196.39,82.27,0
OI0005257,O002118,P0005,1,181.52,92.02,0
OI0005258,O002119,P0109,3,39.14,21.27,0
OI0005259,O002119,P0098,1,17.88,10.05,15
OI0005260,O002119,P0011,2,116.27,72.14,5
OI0005261,O002120,P0036,2,71.47,40.11,15
OI0005262,O002120,P0003,1,171.57,88.27,0
OI0005263,O002121,P0065,1,270.21,125.01,0
OI0005264,O002121,P0118,3,177.52,114.17,20
OI0005265,O002121,P0027,2,283.79,152.07,0
OI0005266,O002122,P0035,1,326.93,146.56,25
OI0005267,O002122,P0001,1,58.62,26.48,0
OI0005268,O002122,P0018,-1,281.84,146.67,0
OI0005269,O002122,P0098,3,17.88,10.05,15
OI0005270,O002123,P0035,2,326.93,146.56,25
OI0005271,O002124,P0108,2,299.87,137.39,0
OI0005272,O002124,P0074,3,62.08,27.78,20
OI0005273,O002125,P0053,2,23.29,11.09,0
OI0005274,O002125,P0021,4,217.0,157.06,5
OI0005275,O002125,P0032,1,148.44,75.4,5
OI0005276,O002126,P0061,1,241.21,110.37,0
OI0005277,O002126,P0105,1,124.3,57.25,0
OI0005278,O002127,P0061,3,241.21,110.37,25
OI0005279,O002127,P0060,1,306.49,149.27,5
OI0005280,O002128,P0016,1,182.65,108.43,0
OI0005281,O002129,P0069,2,259.35,175.47,0
OI0005282,O002129,P0020,2,185.28,120.72,5
OI0005283,O002129,P0037,1,171.97,76.8,5
OI0005284,O002129,P0008,3,223.03,120.69,0
OI0005285,O002130,P0119,1,78.86,37.39,5
OI0005286,O002130,P0042,3,79.85,35.8,0
OI0005287,O002130,P0015,-1,147.82,103.39,0
OI0005288,O002131,P0111,3,116.59,86.94,20
OI0005289,O002131,P0058,2,224.02,143.13,0
OI0005290,O002132,P0039,1,66.47,46.73,15
OI0005291,O002132,P0082,1,64.05,28.14,10
OI0005292,O002132,P0033,2,211.78,114.87,0
OI0005293,O002133,P0054,1,83.38,49.27,15
OI0005294,O002134,P0070,2,131.06,75.18,10
OI0005295,O002134,P0105,2,124.3,57.25,20
OI0005296,O002134,P0080,3,392.84,163.94,0
OI0005297,O002134,P0064,1,60.15,32.62,5
OI0005298,O002135,P0065,4,270.21,125.01,0
OI0005299,O002135,P0017,2,30.38,15.75,10
OI0005300,O002135,P0096,1,280.31,123.46,10
OI0005301,O002136,P0042,1,79.85,35.8,20
OI0005302,O002136,P0073,3,372.75,170.56,10
OI0005303,O002136,P0023,4,15.34,8.57,0
OI0005304,O002136,P0118,1,177.52,114.17,15
OI0005305,O002137,P0046,1,310.17,133.53,0
OI0005306,O002138,P0011,2,116.27,72.14,0
OI0005307,O002139,P0078,4,268.06,129.83,10
OI0005308,O002139,P0073,1,372.75,170.56,15
OI0005309,O002139,P0039,1,66.47,46.73,10
OI0005310,O002139,P0002,3,230.82,108.89,0
OI0005311,O002140,P0042,3,79.85,35.8,20
OI0005312,O002140,P0010,4,236.09,100.66,15
OI0005313,O002141,P0079,1,28.55,21.67,10
OI0005314,O002141,P0103,1,100.44,47.01,5
OI0005315,O002141,P0077,4,9.56,6.81,0
OI0005316,O002142,P0053,3,23.29,11.09,10
OI0005317,O002142,P0083,1,63.1,34.73,0
OI0005318,O002143,P0054,1,83.38,49.27,10
OI0005319,O002144,P0079,1,28.55,21.67,0
OI0005320,O002144,P0061,1,241.21,110.37,15
OI0005321,O002144,P0102,3,195.72,100.75,5
OI0005322,O002144,P0010,2,236.09,100.66,0
OI0005323,O002145,P0076,1,81.73,46.21,0
OI0005324,O002145,P0118,3,177.52,114.17,5
OI0005325,O002145,P0077,1,9.56,6.81,15
OI0005326,O002146,P0056,4,385.75,167.31,10
OI0005327,O002147,P0035,1,326.93,146.56,0
OI0005328,O002147,P0053,1,23.29,11.09,5
OI0005329,O002147,P0032,1,148.44,75.4,15
OI0005330,O002148,P0078,1,268.06,129.83,0
OI0005331,O002148,P0016,1,182.65,108.43,0
OI0005332,O002148,P0112,1,361.01,177.23,25
OI0005333,O002149,P0082,1,64.05,28.14,5
OI0005334,O002149,P0078,2,268.06,129.83,0
OI0005335,O002149,P0073,1,372.75,170.56,10
OI0005336,O002149,P0046,1,310.17,133.53,5
OI0005337,O002150,P0053,1,23.29,11.09,5
OI0005338,O002151,P0103,1,100.44,47.01,10
OI0005339,O002151,P0079,1,28.55,21.67,20
OI0005340,O002151,P0105,1,124.3,57.25,5
OI0005341,O002152,P0008,3,223.03,120.69,20
OI0005342,O002152,P0025,1,187.19,125.9,110
OI0005343,O002152,P0092,1,51.3,24.69,20
OI0005344,O002153,P0007,3,180.16,110.8,15
OI0005345,O002153,P0024,2,169.87,104.81,0
OI0005346,O002154,P0101,3,338.95,156.07,5
OI0005347,O002154,P0044,2,279.36,162.6,5
OI0005348,O002155,P0033,2,211.78,114.87,5
OI0005349,O002155,P0106,3,56.39,27.98,20
OI0005350,O002156,P0108,3,299.87,137.39,0
OI0005351,O002156,P0049,1,59.24,43.15,25
OI0005352,O002157,P0071,1,66.14,34.77,0
OI0005353,O002157,P0053,1,23.29,11.09,15
OI0005354,O002158,P0087,1,136.09,59.78,15
OI0005355,O002159,P0009,1,102.74,56.37,15
OI0005356,O002159,P0097,2,163.15,70.37,10
OI0005357,O002159,P0106,1,56.39,27.98,0
OI0005358,O002160,P0038,2,81.71,51.71,5
OI0005359,O002160,P0063,1,8.2,5.54,0
OI0005360,O002160,P0038,1,81.71,51.71,0
OI0005361,O002160,P0046,1,310.17,133.53,0
OI0005362,O002161,P0020,4,185.28,120.72,0
OI0005363,O002161,P0073,4,372.75,170.56,5
OI0005364,O002161,P0046,2,310.17,133.53,0
OI0005365,O002162,P0015,2,147.82,103.39,10
OI0005366,O002162,P0033,1,211.78,114.87,15
OI0005367,O002162,P0007,1,180.16,110.8,0
OI0005368,O002163,P0068,2,103.65,44.29,0
OI0005369,O002163,P0019,1,36.3,22.04,10
OI0005370,O002163,P0065,1,270.21,125.01,15
OI0005371,O002163,P0052,1,142.04,68.52,15
OI0005372,O002164,P0111,1,116.59,86.94,15
OI0005373,O002165,P0109,1,39.14,21.27,0
OI0005374,O002166,P0002,1,230.82,108.89,5
OI0005375,O002167,P0112,1,361.01,177.23,0
OI0005376,O002167,P0048,1,316.06,150.66,20
OI0005377,O002168,P0111,2,116.59,86.94,0
OI0005378,O002168,P0113,1,152.02,79.85,0
OI0005379,O002168,P0103,4,100.44,47.01,10
OI0005380,O002168,P0094,1,309.52,160.91,25
OI0005381,O002169,P0116,4,53.16,36.42,5
OI0005382,O002169,P0042,1,79.85,35.8,5
OI0005383,O002169,P0115,1,66.66,49.6,0
OI0005384,O002170,P0102,1,195.72,100.75,0
OI0005385,O002170,P0069,2,259.35,175.47,5
OI0005386,O002170,P0047,4,243.5,159.8,10
OI0005387,O002171,P0111,1,116.59,86.94,0
OI0005388,O002172,P0064,2,60.15,32.62,0
OI0005389,O002173,P0021,1,217.0,157.06,0
OI0005390,O002174,P0096,1,280.31,123.46,0
OI0005391,O002174,P0002,1,230.82,108.89,0
OI0005392,O002174,P0120,1,123.81,98.52,0
OI0005393,O002174,P0098,2,17.88,10.05,10
OI0005394,O002175,P0082,3,64.05,28.14,0
OI0005395,O002175,P0013,1,127.84,91.01,0
OI0005396,O002176,P0029,1,35.33,21.58,0
OI0005397,O002176,P0113,1,152.02,79.85,10
OI0005398,O002176,P0039,1,66.47,46.73,0
OI0005399,O002177,P0032,2,148.44,75.4,0
OI0005400,O002178,P0077,1,9.56,6.81,0
OI0005401,O002178,P0119,1,78.86,37.39,0
OI0005402,O002178,P0073,1,372.75,170.56,0
OI0005403,O002179,P0117,3,252.27,158.43,10
OI0005404,O002180,P0094,2,309.52,160.91,10
OI0005405,O002180,P0026,1,187.78,112.59,0
OI0005406,O002181,P0063,3,8.2,5.54,0
OI0005407,O002181,P0023,4,15.34,8.57,5
OI0005408,O002181,P0055,1,150.07,98.61,0
OI0005409,O002181,P0030,4,90.28,41.7,15
OI0005410,O002182,P0111,1,116.59,86.94,0
OI0005411,O002182,P0005,4,181.52,92.02,10
OI0005412,O002182,P0068,1,103.65,44.29,5
OI0005413,O002182,P0098,1,17.88,10.05,0
OI0005414,O002183,P0001,2,58.62,26.48,0
OI0005415,O002183,P0064,1,60.15,32.62,0
OI0005416,O002183,P0108,2,299.87,137.39,0
OI0005417,O002184,P0120,1,123.81,98.52,10
OI0005418,O002184,P0075,1,134.51,78.21,15
OI0005419,O002185,P0021,1,217.0,157.06,10
OI0005420,O002186,P0104,3,71.93,33.51,110
OI0005421,O002187,P0061,2,241.21,110.37,0
OI0005422,O002187,P0108,2,299.87,137.39,0
OI0005423,O002187,P0063,1,8.2,5.54,25
OI0005424,O002187,P0015,1,147.82,103.39,0
OI0005425,O002188,P0067,1,33.07,19.77,10
OI0005426,O002188,P0057,3,95.09,41.82,5
OI0005427,O002188,P0020,1,185.28,120.72,5
OI0005428,O002188,P0092,2,51.3,24.69,0
OI0005429,O002189,P0040,1,214.96,89.94,15
OI0005430,O002189,P0047,1,243.5,159.8,0
OI0005431,O002189,P0114,3,41.45,23.84,20
OI0005432,O002190,P0112,2,361.01,177.23,0
OI0005433,O002190,P0069,1,259.35,175.47,0
OI0005434,O002190,P0069,2,259.35,175.47,0
OI0005435,O002191,P0101,1,338.95,156.07,0
OI0005436,O002192,P0046,1,310.17,133.53,10
OI0005437,O002192,P0041,1,46.27,32.89,0
OI0005438,O002192,P0022,1,192.12,85.66,0
OI0005439,O002193,P0014,2,189.67,104.55,20
OI0005440,O002193,P0109,2,39.14,21.27,5
OI0005441,O002193,P0026,1,187.78,112.59,0
OI0005442,O002193,P0119,2,78.86,37.39,0
OI0005443,O002194,P0008,4,223.03,120.69,0
OI0005444,O002194,P0056,1,385.75,167.31,0
OI0005445,O002194,P0028,1,307.09,179.34,0
OI0005446,O002195,P0031,1,254.7,145.72,0
OI0005447,O002196,P0013,1,127.84,91.01,5
OI0005448,O002196,P0058,1,224.02,143.13,5
OI0005449,O002196,P0052,2,142.04,68.52,0
OI0005450,O002197,P0116,2,53.16,36.42,20
OI0005451,O002198,P0016,1,182.65,108.43,15
OI0005452,O002198,P0078,3,268.06,129.83,20
OI0005453,O002198,P0011,2,116.27,72.14,0
OI0005454,O002199,P0020,1,185.28,120.72,20
OI0005455,O002199,P0056,1,385.75,167.31,5
OI0005456,O002200,P0045,2,354.19,170.05,0
OI0005457,O002200,P0120,1,123.81,98.52,15
OI0005458,O002201,P0120,1,123.81,98.52,0
OI0005459,O002201,P0072,1,272.32,149.77,0
OI0005460,O002201,P0012,4,20.32,10.75,10
OI0005461,O002202,P0080,1,392.84,163.94,5
OI0005462,O002202,P0026,1,187.78,112.59,20
OI0005463,O002203,P0110,1,311.63,167.87,20
OI0005464,O002203,P0069,1,259.35,175.47,15
OI0005465,O002203,P0048,1,316.06,150.66,20
OI0005466,O002203,P0019,2,36.3,22.04,5
OI0005467,O002204,P0067,3,33.07,19.77,10
OI0005468,O002204,P0072,1,272.32,149.77,0
OI0005469,O002204,P0093,2,64.09,40.65,15
OI0005470,O002205,P0076,1,81.73,46.21,0
OI0005471,O002205,P0105,4,124.3,57.25,0
OI0005472,O002206,P0071,1,66.14,34.77,5
OI0005473,O002206,P0052,1,142.04,68.52,10
OI0005474,O002206,P0086,2,263.23,167.09,10
OI0005475,O002206,P0105,3,124.3,57.25,15
OI0005476,O002207,P0058,2,224.02,143.13,0
OI0005477,O002207,P0085,2,142.09,59.82,15
OI0005478,O002208,P0029,2,35.33,21.58,0
OI0005479,O002209,P0006,1,273.98,150.3,0
OI0005480,O002210,P0013,1,127.84,91.01,0
OI0005481,O002211,P0092,3,51.3,24.69,5
OI0005482,O002211,P0085,-1,142.09,59.82,5
OI0005483,O002211,P0061,1,241.21,110.37,0
OI0005484,O002212,P0016,2,182.65,108.43,5
OI0005485,O002212,P0001,1,58.62,26.48,5
OI0005486,O002213,P0073,3,372.75,170.56,15
OI0005487,O002213,P0008,2,223.03,120.69,0
OI0005488,O002214,P0016,1,182.65,108.43,5
OI0005489,O002214,P0066,4,103.29,50.62,20
OI0005490,O002215,P0062,1,274.98,138.35,0
OI0005491,O002215,P0118,1,177.52,114.17,5
OI0005492,O002215,P0096,4,280.31,123.46,0
OI0005493,O002215,P0052,1,142.04,68.52,15
OI0005494,O002216,P0035,1,326.93,146.56,15
OI0005495,O002216,P0088,3,236.31,102.24,15
OI0005496,O002216,P0070,2,131.06,75.18,15
OI0005497,O002216,P0103,1,100.44,47.01,10
OI0005498,O002217,P0044,1,279.36,162.6,0
OI0005499,O002217,P0079,2,28.55,21.67,5
OI0005500,O002217,P0038,3,81.71,51.71,0
OI0005501,O002218,P0072,-1,272.32,149.77,10
OI0005502,O002218,P0041,1,46.27,32.89,0
OI0005503,O002218,P0114,1,41.45,23.84,20
OI0005504,O002218,P0054,4,83.38,49.27,5
OI0005505,O002219,P0014,1,189.67,104.55,0
OI0005506,O002219,P0108,1,299.87,137.39,10
OI0005507,O002220,P0117,1,252.27,158.43,0
OI0005508,O002220,P0049,4,59.24,43.15,20
OI0005509,O002221,P0067,1,33.07,19.77,15
OI0005510,O002221,P0051,1,104.92,60.39,0
OI0005511,O002221,P0068,2,103.65,44.29,0
OI0005512,O002221,P0089,2,49.96,38.06,20
OI0005513,O002222,P0001,1,58.62,26.48,10
OI0005514,O002223,P0065,-1,270.21,125.01,10
OI0005515,O002223,P0071,1,66.14,34.77,20
OI0005516,O002223,P0031,1,254.7,145.72,15
OI0005517,O002223,P0024,1,169.87,104.81,10
OI0005518,O002224,P0002,3,230.82,108.89,0
OI0005519,O002224,P0045,1,354.19,170.05,0
OI0005520,O002224,P0024,1,169.87,104.81,25
OI0005521,O002224,P0023,1,15.34,8.57,20
OI0005522,O002225,P0016,1,182.65,108.43,0
OI0005523,O002225,P0081,1,96.93,49.39,10
OI0005524,O002225,P0035,4,326.93,146.56,10
OI0005525,O002225,P0060,1,306.49,149.27,0
OI0005526,O002226,P0081,2,96.93,49.39,5
OI0005527,O002226,P0103,1,100.44,47.01,15
OI0005528,O002226,P0049,4,59.24,43.15,5
OI0005529,O002227,P0081,1,96.93,49.39,20
OI0005530,O002227,P0024,4,169.87,104.81,0
OI0005531,O002227,P0013,1,127.84,91.01,10
OI0005532,O002227,P0079,2,28.55,21.67,5
OI0005533,O002228,P0120,1,123.81,98.52,10
OI0005534,O002228,P0103,1,100.44,47.01,0
OI0005535,O002228,P0104,2,71.93,33.51,0
OI0005536,O002229,P0030,2,90.28,41.7,0
OI0005537,O002229,P0031,1,254.7,145.72,5
OI0005538,O002230,P0088,1,236.31,102.24,5
OI0005539,O002230,P0103,2,100.44,47.01,25
OI0005540,O002230,P0084,1,42.76,20.69,0
OI0005541,O002231,P0037,2,171.97,76.8,0
OI0005542,O002231,P0096,4,280.31,123.46,5
OI0005543,O002231,P0016,1,182.65,108.43,0
OI0005544,O002231,P0014,1,189.67,104.55,10
OI0005545,O002232,P0102,2,195.72,100.75,5
OI0005546,O002233,P0117,2,252.27,158.43,15
OI0005547,O002233,P0001,1,58.62,26.48,0
OI0005548,O002233,P0018,1,281.84,146.67,5
OI0005549,O002234,P0048,1,316.06,150.66,5
OI0005550,O002234,P0027,1,283.79,152.07,15
OI0005551,O002234,P0044,1,279.36,162.6,5
OI0005552,O002234,P0056,1,385.75,167.31,10
OI0005553,O002235,P0065,3,270.21,125.01,15
OI0005554,O002235,P0076,2,81.73,46.21,0
OI0005555,O002236,P0095,1,202.91,139.2,25
OI0005556,O002236,P0061,2,241.21,110.37,5
OI0005557,O002236,P0066,1,103.29,50.62,15
OI0005558,O002237,P0059,2,310.18,133.96,0
OI0005559,O002237,P0001,-1,58.62,26.48,20
OI0005560,O002237,P0088,1,236.31,102.24,0
OI0005561,O002237,P0033,1,211.78,114.87,5
OI0005562,O002238,P0061,1,241.21,110.37,0
OI0005563,O002239,P0058,2,224.02,143.13,0
OI0005564,O002239,P0114,1,41.45,23.84,20
OI0005565,O002239,P0050,1,171.47,76.47,0
OI0005566,O002240,P0089,4,49.96,38.06,0
OI0005567,O002241,P0068,1,103.65,44.29,10
OI0005568,O002242,P0033,2,211.78,114.87,20
OI0005569,O002242,P0041,1,46.27,32.89,10
OI0005570,O002242,P0118,1,177.52,114.17,0
OI0005571,O002243,P0074,3,62.08,27.78,15
OI0005572,O002243,P0032,1,148.44,75.4,5
OI0005573,O002243,P0097,3,163.15,70.37,5
OI0005574,O002244,P0019,1,36.3,22.04,5
OI0005575,O002244,P0076,3,81.73,46.21,0
OI0005576,O002244,P0060,1,306.49,149.27,0
OI0005577,O002245,P0089,2,49.96,38.06,20
OI0005578,O002246,P0060,1,306.49,149.27,0
OI0005579,O002246,P0082,1,64.05,28.14,0
OI0005580,O002247,P0095,1,202.91,139.2,0
OI0005581,O002247,P0034,2,265.11,120.64,20
OI0005582,O002247,P0028,1,307.09,179.34,5
OI0005583,O002247,P0073,1,372.75,170.56,10
OI0005584,O002248,P0045,1,354.19,170.05,0
OI0005585,O002249,P0076,1,81.73,46.21,5
OI0005586,O002250,P0061,1,241.21,110.37,25
OI0005587,O002250,P0069,2,259.35,175.47,20
OI0005588,O002250,P0002,1,230.82,108.89,5
OI0005589,O002250,P0104,1,71.93,33.51,25
OI0005590,O002251,P0104,2,71.93,33.51,5
OI0005591,O002251,P0043,3,33.48,14.68,5
OI0005592,O002252,P0096,1,280.31,123.46,5
OI0005593,O002253,P0008,2,223.03,120.69,20
OI0005594,O002253,P0101,3,338.95,156.07,5
OI0005595,O002253,P0098,1,17.88,10.05,0
OI0005596,O002254,P0041,2,46.27,32.89,25
OI0005597,O002254,P0030,1,90.28,41.7,5
OI0005598,O002255,P0073,1,372.75,170.56,0
OI0005599,O002255,P0008,1,223.03,120.69,0
OI0005600,O002255,P0002,2,230.82,108.89,5
OI0005601,O002255,P0036,1,71.47,40.11,0
OI0005602,O002256,P0116,2,53.16,36.42,10
OI0005603,O002256,P0079,1,28.55,21.67,0
OI0005604,O002256,P0088,2,236.31,102.24,5
OI0005605,O002256,P0017,3,30.38,15.75,0
OI0005606,O002257,P0115,3,66.66,49.6,5
OI0005607,O002258,P0037,3,171.97,76.8,0
OI0005608,O002258,P0112,1,361.01,177.23,0
OI0005609,O002259,P0024,1,169.87,104.81,10
OI0005610,O002259,P0054,1,83.38,49.27,5
OI0005611,O002259,P0030,4,90.28,41.7,0
OI0005612,O002260,P0025,2,187.19,125.9,0
OI0005613,O002261,P0031,1,254.7,145.72,0
OI0005614,O002261,P0120,3,123.81,98.52,0
OI0005615,O002262,P0080,1,392.84,163.94,5
OI0005616,O002262,P0101,1,338.95,156.07,0
OI0005617,O002263,P0044,1,279.36,162.6,15
OI0005618,O002263,P0062,1,274.98,138.35,0
OI0005619,O002264,P0101,1,338.95,156.07,0
OI0005620,O002264,P0082,1,64.05,28.14,0
OI0005621,O002264,P0030,2,90.28,41.7,0
OI0005622,O002265,P0068,1,103.65,44.29,0
OI0005623,O002266,P0100,1,280.83,119.83,10
OI0005624,O002267,P0079,2,28.55,21.67,15
OI0005625,O002267,P0007,1,180.16,110.8,5
OI0005626,O002268,P0074,2,62.08,27.78,0
OI0005627,O002268,P0099,4,179.3,114.96,0
OI0005628,O002268,P0114,1,41.45,23.84,0
OI0005629,O002269,P0115,1,66.66,49.6,0
OI0005630,O002269,P0045,1,354.19,170.05,0
OI0005631,O002270,P0044,-1,279.36,162.6,5
OI0005632,O002270,P0091,4,196.39,82.27,0
OI0005633,O002270,P0032,1,148.44,75.4,0
OI0005634,O002270,P0034,1,265.11,120.64,5
OI0005635,O002271,P0072,1,272.32,149.77,10
OI0005636,O002271,P0112,2,361.01,177.23,0
OI0005637,O002272,P0027,4,283.79,152.07,0
OI0005638,O002272,P0082,1,64.05,28.14,0
OI0005639,O002272,P0090,1,60.09,33.62,10
OI0005640,O002273,P0039,1,66.47,46.73,5
OI0005641,O002274,P0009,1,102.74,56.37,0
OI0005642,O002274,P0060,2,306.49,149.27,15
OI0005643,O002274,P0054,3,83.38,49.27,15
OI0005644,O002275,P0090,3,60.09,33.62,0
OI0005645,O002275,P0006,1,273.98,150.3,15
OI0005646,O002275,P0120,1,123.81,98.52,0
OI0005647,O002275,P0006,1,273.98,150.3,0
OI0005648,O002276,P0027,1,283.79,152.07,25
OI0005649,O002276,P0015,1,147.82,103.39,0
OI0005650,O002276,P0105,1,124.3,57.25,5
OI0005651,O002277,P0018,2,281.84,146.67,5
OI0005652,O002277,P0095,3,202.91,139.2,5
OI0005653,O002277,P0085,1,142.09,59.82,0
OI0005654,O002277,P0072,4,272.32,149.77,0
OI0005655,O002278,P0084,2,42.76,20.69,0
OI0005656,O002278,P0105,3,124.3,57.25,0
OI0005657,O002279,P0041,1,46.27,32.89,0
OI0005658,O002280,P0039,3,66.47,46.73,20
OI0005659,O002280,P0107,3,140.71,82.95,5
OI0005660,O002281,P0118,1,177.52,114.17,20
OI0005661,O002281,P0073,1,372.75,170.56,5
OI0005662,O002281,P0071,1,66.14,34.77,10
OI0005663,O002281,P0030,1,90.28,41.7,0
OI0005664,O002282,P0091,3,196.39,82.27,5
OI0005665,O002282,P0114,3,41.45,23.84,5
OI0005666,O002282,P0107,1,140.71,82.95,10
OI0005667,O002283,P0072,1,272.32,149.77,10
OI0005668,O002284,P0013,1,127.84,91.01,25
OI0005669,O002284,P0115,1,66.66,49.6,10
OI0005670,O002284,P0029,2,35.33,21.58,20
OI0005671,O002285,P0077,1,9.56,6.81,0
OI0005672,O002285,P0096,3,280.31,123.46,5
OI0005673,O002285,P0043,3,33.48,14.68,0
OI0005674,O002285,P0017,1,30.38,15.75,20
OI0005675,O002286,P0016,1,182.65,108.43,5
OI0005676,O002286,P0117,1,252.27,158.43,15
OI0005677,O002287,P0120,1,123.81,98.52,10
OI0005678,O002287,P0032,3,148.44,75.4,15
OI0005679,O002287,P0102,4,195.72,100.75,10
OI0005680,O002288,P0032,1,148.44,75.4,5
OI0005681,O002288,P0026,2,187.78,112.59,10
OI0005682,O002289,P0074,1,62.08,27.78,15
OI0005683,O002289,P0089,2,49.96,38.06,15
OI0005684,O002289,P0096,1,280.31,123.46,0
OI0005685,O002290,P0006,3,273.98,150.3,0
OI0005686,O002291,P0024,3,169.87,104.81,5
OI0005687,O002291,P0043,3,33.48,14.68,20
OI0005688,O002291,P0014,3,189.67,104.55,0
OI0005689,O002291,P0001,4,58.62,26.48,15
OI0005690,O002292,P0053,1,23.29,11.09,0
OI0005691,O002293,P0004,1,114.79,53.81,10
OI0005692,O002293,P0060,2,306.49,149.27,10
OI0005693,O002293,P0017,1,30.38,15.75,5
OI0005694,O002294,P0056,2,385.75,167.31,0
OI0005695,O002295,P0014,1,189.67,104.55,5
OI0005696,O002296,P0078,3,268.06,129.83,15
OI0005697,O002297,P0001,1,58.62,26.48,15
OI0005698,O002297,P0033,4,211.78,114.87,0
OI0005699,O002298,P0097,1,163.15,70.37,10
OI0005700,O002298,P0054,2,83.38,49.27,10
OI0005701,O002298,P0086,1,263.23,167.09,15
OI0005702,O002299,P0078,2,268.06,129.83,20
OI0005703,O002300,P0050,1,171.47,76.47,0
OI0005704,O002300,P0083,1,63.1,34.73,0
OI0005705,O002300,P0044,1,279.36,162.6,0
OI0005706,O002301,P0108,1,299.87,137.39,5
OI0005707,O002301,P0078,1,268.06,129.83,10
OI0005708,O002302,P0100,1,280.83,119.83,0
OI0005709,O002302,P0079,3,28.55,21.67,0
OI0005710,O002303,P0106,4,56.39,27.98,15
OI0005711,O002303,P0055,1,150.07,98.61,0
OI0005712,O002303,P0057,1,95.09,41.82,5
OI0005713,O002303,P0096,1,280.31,123.46,0
OI0005714,O002304,P0115,4,66.66,49.6,5
OI0005715,O002304,P0115,3,66.66,49.6,5
OI0005716,O002304,P0096,4,280.31,123.46,0
OI0005717,O002305,P0090,1,60.09,33.62,0
OI0005718,O002305,P0002,1,230.82,108.89,0
OI0005719,O002305,P0097,3,163.15,70.37,0
OI0005720,O002305,P0089,1,49.96,38.06,20
OI0005721,O002306,P0002,1,230.82,108.89,0
OI0005722,O002306,P0112,2,361.01,177.23,10
OI0005723,O002306,P0086,1,263.23,167.09,20
OI0005724,O002307,P0047,4,243.5,159.8,5
OI0005725,O002307,P0062,2,274.98,138.35,20
OI0005726,O002307,P0041,2,46.27,32.89,0
OI0005727,O002307,P0015,-1,147.82,103.39,0
OI0005728,O002308,P0042,2,79.85,35.8,5
OI0005729,O002308,P0034,1,265.11,120.64,5
OI0005730,O002308,P0001,1,58.62,26.48,10
OI0005731,O002308,P0048,2,316.06,150.66,0
OI0005732,O002309,P0033,4,211.78,114.87,0
OI0005733,O002309,P0075,1,134.51,78.21,25
OI0005734,O002310,P0101,1,338.95,156.07,0
OI0005735,O002310,P0039,1,66.47,46.73,5
OI0005736,O002311,P0076,2,81.73,46.21,15
OI0005737,O002312,P0049,1,59.24,43.15,0
OI0005738,O002313,P0120,2,123.81,98.52,15
OI0005739,O002314,P0003,4,171.57,88.27,25
OI0005740,O002314,P0108,4,299.87,137.39,0
OI0005741,O002314,P0109,1,39.14,21.27,0
OI0005742,O002315,P0063,2,8.2,5.54,0
OI0005743,O002316,P0007,1,180.16,110.8,0
OI0005744,O002316,P0065,1,270.21,125.01,15
OI0005745,O002317,P0117,1,252.27,158.43,15
OI0005746,O002317,P0043,1,33.48,14.68,110
OI0005747,O002318,P0061,1,241.21,110.37,10
OI0005748,O002319,P0105,2,124.3,57.25,5
OI0005749,O002319,P0112,1,361.01,177.23,0
OI0005750,O002320,P0075,2,134.51,78.21,0
OI0005751,O002320,P0007,1,180.16,110.8,0
OI0005752,O002320,P0043,1,33.48,14.68,110
OI0005753,O002320,P0074,4,62.08,27.78,5
OI0005754,O002321,P0029,4,35.33,21.58,10
OI0005755,O002322,P0116,3,53.16,36.42,0
OI0005756,O002322,P0039,1,66.47,46.73,10
OI0005757,O002322,P0107,4,140.71,82.95,15
OI0005758,O002323,P0107,2,140.71,82.95,10
OI0005759,O002323,P0022,2,192.12,85.66,5
OI0005760,O002323,P0063,2,8.2,5.54,5
OI0005761,O002323,P0105,2,124.3,57.25,15
OI0005762,O002324,P0080,1,392.84,163.94,20
OI0005763,O002324,P0110,1,311.63,167.87,0
OI0005764,O002324,P0104,3,71.93,33.51,0
OI0005765,O002325,P0041,1,46.27,32.89,25
OI0005766,O002326,P0005,1,181.52,92.02,110
OI0005767,O002326,P0076,1,81.73,46.21,0
OI0005768,O002326,P0059,1,310.18,133.96,0
OI0005769,O002326,P0004,1,114.79,53.81,10
OI0005770,O002327,P0040,1,214.96,89.94,0
OI0005771,O002327,P0034,-1,265.11,120.64,5
OI0005772,O002327,P0062,2,274.98,138.35,10
OI0005773,O002328,P0066,3,103.29,50.62,10
OI0005774,O002328,P0019,3,36.3,22.04,15
OI0005775,O002328,P0029,1,35.33,21.58,25
OI0005776,O002329,P0110,2,311.63,167.87,0
OI0005777,O002329,P0067,2,33.07,19.77,15
OI0005778,O002329,P0092,1,51.3,24.69,5
OI0005779,O002329,P0112,2,361.01,177.23,15
OI0005780,O002330,P0048,2,316.06,150.66,5
OI0005781,O002330,P0014,2,189.67,104.55,10
OI0005782,O002331,P0058,1,224.02,143.13,0
OI0005783,O002331,P0019,1,36.3,22.04,10
OI0005784,O002331,P0052,3,142.04,68.52,0
OI0005785,O002332,P0037,1,171.97,76.8,10
OI0005786,O002332,P0094,2,309.52,160.91,5
OI0005787,O002332,P0027,1,283.79,152.07,20
OI0005788,O002333,P0018,1,281.84,146.67,0
OI0005789,O002334,P0084,2,42.76,20.69,10
OI0005790,O002334,P0005,2,181.52,92.02,0
OI0005791,O002335,P0099,1,179.3,114.96,10
OI0005792,O002335,P0062,1,274.98,138.35,5
OI0005793,O002335,P0062,1,274.98,138.35,0
OI0005794,O002336,P0085,2,142.09,59.82,15
OI0005795,O002336,P0072,1,272.32,149.77,10
OI0005796,O002337,P0035,1,326.93,146.56,0
OI0005797,O002338,P0080,1,392.84,163.94,0
OI0005798,O002339,P0006,1,273.98,150.3,0
OI0005799,O002339,P0021,1,217.0,157.06,0
OI0005800,O002339,P0120,3,123.81,98.52,25
OI0005801,O002339,P0056,2,385.75,167.31,10
OI0005802,O002340,P0103,1,100.44,47.01,0
OI0005803,O002340,P0069,1,259.35,175.47,20
OI0005804,O002340,P0097,1,163.15,70.37,10
OI0005805,O002340,P0084,1,42.76,20.69,10
OI0005806,O002341,P0011,1,116.27,72.14,0
OI0005807,O002341,P0013,1,127.84,91.01,20
OI0005808,O002341,P0119,1,78.86,37.39,5
OI0005809,O002342,P0074,1,62.08,27.78,0
OI0005810,O002343,P0053,2,23.29,11.09,0
OI0005811,O002343,P0053,1,23.29,11.09,10
OI0005812,O002343,P0004,1,114.79,53.81,0
OI0005813,O002343,P0002,2,230.82,108.89,0
OI0005814,O002344,P0025,1,187.19,125.9,0
OI0005815,O002345,P0042,1,79.85,35.8,10
OI0005816,O002345,P0047,1,243.5,159.8,5
OI0005817,O002345,P0002,2,230.82,108.89,25
OI0005818,O002346,P0105,1,124.3,57.25,0
OI0005819,O002346,P0054,2,83.38,49.27,25
OI0005820,O002346,P0109,1,39.14,21.27,10
OI0005821,O002347,P0109,1,39.14,21.27,5
OI0005822,O002347,P0032,2,148.44,75.4,0
OI0005823,O002348,P0058,3,224.02,143.13,15
OI0005824,O002349,P0006,1,273.98,150.3,15
OI0005825,O002350,P0096,2,280.31,123.46,10
OI0005826,O002351,P0029,1,35.33,21.58,0
OI0005827,O002352,P0032,1,148.44,75.4,0
OI0005828,O002352,P0026,2,187.78,112.59,10
OI0005829,O002353,P0041,1,46.27,32.89,5
OI0005830,O002353,P0109,1,39.14,21.27,0
OI0005831,O002353,P0018,1,281.84,146.67,10
OI0005832,O002354,P0110,1,311.63,167.87,15
OI0005833,O002355,P0066,1,103.29,50.62,0
OI0005834,O002355,P0117,1,252.27,158.43,0
OI0005835,O002356,P0117,2,252.27,158.43,5
OI0005836,O002356,P0036,2,71.47,40.11,5
OI0005837,O002357,P0028,2,307.09,179.34,10
OI0005838,O002357,P0090,2,60.09,33.62,5
OI0005839,O002357,P0076,1,81.73,46.21,0
OI0005840,O002358,P0075,1,134.51,78.21,15
OI0005841,O002358,P0001,1,58.62,26.48,0
OI0005842,O002358,P0081,1,96.93,49.39,5
OI0005843,O002358,P0081,3,96.93,49.39,20
OI0005844,O002359,P0053,2,23.29,11.09,15
OI0005845,O002360,P0089,3,49.96,38.06,5
OI0005846,O002360,P0085,1,142.09,59.82,10
OI0005847,O002361,P0100,1,280.83,119.83,20
OI0005848,O002362,P0008,2,223.03,120.69,0
OI0005849,O002362,P0030,2,90.28,41.7,0
OI0005850,O002363,P0084,1,42.76,20.69,10
OI0005851,O002363,P0002,2,230.82,108.89,0
OI0005852,O002364,P0092,2,51.3,24.69,5
OI0005853,O002364,P0002,1,230.82,108.89,15
OI0005854,O002365,P0108,1,299.87,137.39,0
OI0005855,O002365,P0081,1,96.93,49.39,10
OI0005856,O002365,P0102,2,195.72,100.75,0
OI0005857,O002366,P0035,1,326.93,146.56,10
OI0005858,O002366,P0052,2,142.04,68.52,10
OI0005859,O002367,P0067,3,33.07,19.77,5
OI0005860,O002367,P0099,1,179.3,114.96,10
OI0005861,O002368,P0066,1,103.29,50.62,0
OI0005862,O002368,P0054,1,83.38,49.27,10
OI0005863,O002368,P0025,3,187.19,125.9,0
OI0005864,O002368,P0040,1,214.96,89.94,0
OI0005865,O002369,P0095,1,202.91,139.2,0
OI0005866,O002369,P0019,2,36.3,22.04,0
OI0005867,O002370,P0115,1,66.66,49.6,0
OI0005868,O002371,P0047,1,243.5,159.8,0
OI0005869,O002371,P0051,2,104.92,60.39,10
OI0005870,O002371,P0077,1,9.56,6.81,10
OI0005871,O002372,P0108,1,299.87,137.39,10
OI0005872,O002372,P0111,1,116.59,86.94,0
OI0005873,O002373,P0072,1,272.32,149.77,0
OI0005874,O002374,P0076,1,81.73,46.21,0
OI0005875,O002374,P0046,3,310.17,133.53,0
OI0005876,O002375,P0036,3,71.47,40.11,0
OI0005877,O002375,P0086,1,263.23,167.09,10
OI0005878,O002376,P0116,1,53.16,36.42,5
OI0005879,O002376,P0001,2,58.62,26.48,10
OI0005880,O002376,P0015,1,147.82,103.39,5
OI0005881,O002377,P0108,2,299.87,137.39,5
OI0005882,O002377,P0039,1,66.47,46.73,5
OI0005883,O002377,P0004,1,114.79,53.81,20
OI0005884,O002377,P0006,2,273.98,150.3,20
OI0005885,O002378,P0103,1,100.44,47.01,0
OI0005886,O002378,P0096,1,280.31,123.46,0
OI0005887,O002378,P0090,2,60.09,33.62,0
OI0005888,O002378,P0002,2,230.82,108.89,0
OI0005889,O002379,P0017,1,30.38,15.75,0
OI0005890,O002379,P0042,1,79.85,35.8,0
OI0005891,O002380,P0016,1,182.65,108.43,15
OI0005892,O002380,P0002,2,230.82,108.89,10
OI0005893,O002381,P0080,1,392.84,163.94,0
OI0005894,O002382,P0009,2,102.74,56.37,15
OI0005895,O002382,P0093,1,64.09,40.65,10
OI0005896,O002383,P0023,3,15.34,8.57,0
OI0005897,O002383,P0091,2,196.39,82.27,15
OI0005898,O002384,P0082,1,64.05,28.14,10
OI0005899,O002384,P0038,2,81.71,51.71,5
OI0005900,O002384,P0034,3,265.11,120.64,0
OI0005901,O002385,P0109,2,39.14,21.27,0
OI0005902,O002385,P0097,1,163.15,70.37,5
OI0005903,O002386,P0114,1,41.45,23.84,5
OI0005904,O002386,P0026,1,187.78,112.59,0
OI0005905,O002386,P0055,3,150.07,98.61,15
OI0005906,O002387,P0102,1,195.72,100.75,0
OI0005907,O002387,P0119,1,78.86,37.39,0
OI0005908,O002388,P0050,1,171.47,76.47,0
OI0005909,O002389,P0102,1,195.72,100.75,0
OI0005910,O002389,P0079,2,28.55,21.67,5
OI0005911,O002389,P0090,1,60.09,33.62,0
OI0005912,O002390,P0042,1,79.85,35.8,0
OI0005913,O002391,P0079,1,28.55,21.67,5
OI0005914,O002392,P0049,1,59.24,43.15,0
OI0005915,O002392,P0064,1,60.15,32.62,20
OI0005916,O002392,P0014,1,189.67,104.55,5
OI0005917,O002393,P0111,1,116.59,86.94,0
OI0005918,O002393,P0028,1,307.09,179.34,10
OI0005919,O002394,P0082,1,64.05,28.14,25
OI0005920,O002394,P0104,1,71.93,33.51,20
OI0005921,O002394,P0116,2,53.16,36.42,110
OI0005922,O002395,P0117,1,252.27,158.43,0
OI0005923,O002395,P0081,2,96.93,49.39,25
OI0005924,O002396,P0109,2,39.14,21.27,15
OI0005925,O002396,P0051,2,104.92,60.39,5
OI0005926,O002397,P0111,1,116.59,86.94,0
OI0005927,O002397,P0067,2,33.07,19.77,0
OI0005928,O002397,P0116,1,53.16,36.42,10
OI0005929,O002398,P0061,4,241.21,110.37,0
OI0005930,O002398,P0101,1,338.95,156.07,0
OI0005931,O002399,P0071,1,66.14,34.77,10
OI0005932,O002399,P0053,3,23.29,11.09,15
OI0005933,O002399,P0089,3,49.96,38.06,5
OI0005934,O002400,P0051,2,104.92,60.39,5
OI0005935,O002400,P0092,1,51.3,24.69,0
OI0005936,O002401,P0095,1,202.91,139.2,5
OI0005937,O002402,P0054,1,83.38,49.27,25
OI0005938,O002402,P0029,2,35.33,21.58,15
OI0005939,O002403,P0002,2,230.82,108.89,10
OI0005940,O002403,P0094,1,309.52,160.91,0
OI0005941,O002403,P0053,2,23.29,11.09,0
OI0005942,O002403,P0035,2,326.93,146.56,15
OI0005943,O002404,P0118,1,177.52,114.17,25
OI0005944,O002404,P0054,1,83.38,49.27,0
OI0005945,O002405,P0078,1,268.06,129.83,0
OI0005946,O002406,P0020,3,185.28,120.72,15
OI0005947,O002406,P0009,1,102.74,56.37,0
OI0005948,O002407,P0014,2,189.67,104.55,5
OI0005949,O002408,P0005,2,181.52,92.02,10
OI0005950,O002408,P0094,1,309.52,160.91,5
OI0005951,O002408,P0054,1,83.38,49.27,0
OI0005952,O002409,P0084,2,42.76,20.69,0
OI0005953,O002410,P0090,1,60.09,33.62,0
OI0005954,O002410,P0013,2,127.84,91.01,15
OI0005955,O002410,P0052,1,142.04,68.52,10
OI0005956,O002410,P0046,1,310.17,133.53,0
OI0005957,O002411,P0038,1,81.71,51.71,5
OI0005958,O002411,P0089,2,49.96,38.06,0
OI0005959,O002412,P0046,2,310.17,133.53,0
OI0005960,O002412,P0007,1,180.16,110.8,0
OI0005961,O002412,P0011,1,116.27,72.14,0
OI0005962,O002413,P0055,1,150.07,98.61,10
OI0005963,O002413,P0056,1,385.75,167.31,15
OI0005964,O002414,P0095,1,202.91,139.2,0
OI0005965,O002414,P0017,2,30.38,15.75,5
OI0005966,O002414,P0032,1,148.44,75.4,0
OI0005967,O002414,P0107,1,140.71,82.95,15
OI0005968,O002415,P0093,1,64.09,40.65,10
OI0005969,O002415,P0077,1,9.56,6.81,0
OI0005970,O002415,P0049,1,59.24,43.15,0
OI0005971,O002416,P0022,3,192.12,85.66,0
OI0005972,O002416,P0023,1,15.34,8.57,10
OI0005973,O002416,P0030,4,90.28,41.7,5
OI0005974,O002416,P0022,3,192.12,85.66,5
OI0005975,O002417,P0069,1,259.35,175.47,5
OI0005976,O002418,P0044,2,279.36,162.6,0
OI0005977,O002418,P0081,1,96.93,49.39,0
OI0005978,O002418,P0046,4,310.17,133.53,0
OI0005979,O002418,P0100,3,280.83,119.83,0
OI0005980,O002419,P0019,3,36.3,22.04,5
OI0005981,O002419,P0027,3,283.79,152.07,5
OI0005982,O002419,P0033,1,211.78,114.87,5
OI0005983,O002419,P0086,2,263.23,167.09,0
OI0005984,O002420,P0057,2,95.09,41.82,20
OI0005985,O002421,P0079,1,28.55,21.67,0
OI0005986,O002421,P0024,4,169.87,104.81,15
OI0005987,O002422,P0106,1,56.39,27.98,0
OI0005988,O002422,P0105,1,124.3,57.25,0
OI0005989,O002422,P0074,1,62.08,27.78,10
OI0005990,O002423,P0051,4,104.92,60.39,15
OI0005991,O002424,P0040,1,214.96,89.94,0
OI0005992,O002424,P0091,1,196.39,82.27,5
OI0005993,O002424,P0002,1,230.82,108.89,20
OI0005994,O002424,P0053,1,23.29,11.09,0
OI0005995,O002425,P0036,3,71.47,40.11,5
OI0005996,O002426,P0086,1,263.23,167.09,20
OI0005997,O002426,P0030,1,90.28,41.7,10
OI0005998,O002426,P0072,1,272.32,149.77,0
OI0005999,O002426,P0063,1,8.2,5.54,15
OI0006000,O002427,P0056,1,385.75,167.31,10
OI0006001,O002427,P0045,1,354.19,170.05,15
OI0006002,O002427,P0110,2,311.63,167.87,5
OI0006003,O002428,P0037,1,171.97,76.8,5
OI0006004,O002428,P0057,3,95.09,41.82,15
OI0006005,O002428,P0013,1,127.84,91.01,5
OI0006006,O002429,P0089,1,49.96,38.06,5
OI0006007,O002429,P0051,1,104.92,60.39,20
OI0006008,O002429,P0044,3,279.36,162.6,10
OI0006009,O002430,P0002,1,230.82,108.89,0
OI0006010,O002430,P0037,4,171.97,76.8,0
OI0006011,O002430,P0069,1,259.35,175.47,0
OI0006012,O002430,P0098,1,17.88,10.05,0
OI0006013,O002431,P0005,2,181.52,92.02,10
OI0006014,O002431,P0081,1,96.93,49.39,0
OI0006015,O002431,P0092,2,51.3,24.69,10
OI0006016,O002431,P0047,1,243.5,159.8,0
OI0006017,O002432,P0082,1,64.05,28.14,0
OI0006018,O002432,P0020,1,185.28,120.72,10
OI0006019,O002432,P0020,2,185.28,120.72,25
OI0006020,O002432,P0069,1,259.35,175.47,0
OI0006021,O002433,P0078,4,268.06,129.83,0
OI0006022,O002434,P0016,2,182.65,108.43,15
OI0006023,O002435,P0112,2,361.01,177.23,15
OI0006024,O002435,P0059,4,310.18,133.96,0
OI0006025,O002435,P0023,2,15.34,8.57,0
OI0006026,O002435,P0119,1,78.86,37.39,20
OI0006027,O002436,P0035,1,326.93,146.56,10
OI0006028,O002436,P0050,1,171.47,76.47,5
OI0006029,O002436,P0082,2,64.05,28.14,0
OI0006030,O002436,P0097,1,163.15,70.37,0
OI0006031,O002437,P0069,1,259.35,175.47,5
OI0006032,O002437,P0114,2,41.45,23.84,0
OI0006033,O002437,P0021,2,217.0,157.06,0
OI0006034,O002438,P0100,2,280.83,119.83,0
OI0006035,O002438,P0041,1,46.27,32.89,0
OI0006036,O002439,P0104,1,71.93,33.51,15
OI0006037,O002439,P0008,1,223.03,120.69,0
OI0006038,O002440,P0014,1,189.67,104.55,15
OI0006039,O002440,P0051,3,104.92,60.39,15
OI0006040,O002440,P0078,1,268.06,129.83,0
OI0006041,O002441,P0020,1,185.28,120.72,0
OI0006042,O002441,P0085,3,142.09,59.82,20
OI0006043,O002441,P0014,1,189.67,104.55,10
OI0006044,O002441,P0057,1,95.09,41.82,10
OI0006045,O002442,P0065,4,270.21,125.01,15
OI0006046,O002442,P0086,1,263.23,167.09,0
OI0006047,O002443,P0047,1,243.5,159.8,5
OI0006048,O002443,P0048,1,316.06,150.66,5
OI0006049,O002444,P0114,1,41.45,23.84,10
OI0006050,O002444,P0059,1,310.18,133.96,0
OI0006051,O002444,P0073,3,372.75,170.56,10
OI0006052,O002445,P0100,1,280.83,119.83,0
OI0006053,O002445,P0063,1,8.2,5.54,0
OI0006054,O002445,P0087,1,136.09,59.78,10
OI0006055,O002446,P0051,2,104.92,60.39,5
OI0006056,O002446,P0034,1,265.11,120.64,15
OI0006057,O002446,P0039,2,66.47,46.73,0
OI0006058,O002446,P0021,3,217.0,157.06,0
OI0006059,O002447,P0016,1,182.65,108.43,5
OI0006060,O002447,P0118,1,177.52,114.17,0
OI0006061,O002447,P0070,1,131.06,75.18,5
OI0006062,O002448,P0079,1,28.55,21.67,20
OI0006063,O002449,P0022,1,192.12,85.66,15
OI0006064,O002450,P0002,2,230.82,108.89,15
OI0006065,O002451,P0058,2,224.02,143.13,5
OI0006066,O002452,P0072,2,272.32,149.77,0
OI0006067,O002452,P0001,3,58.62,26.48,10
OI0006068,O002452,P0055,2,150.07,98.61,5
OI0006069,O002453,P0107,3,140.71,82.95,0
OI0006070,O002453,P0069,4,259.35,175.47,5
OI0006071,O002453,P0104,3,71.93,33.51,5
OI0006072,O002453,P0025,1,187.19,125.9,0
OI0006073,O002454,P0070,4,131.06,75.18,15
OI0006074,O002454,P0065,2,270.21,125.01,10
OI0006075,O002454,P0022,1,192.12,85.66,20
OI0006076,O002455,P0081,3,96.93,49.39,0
OI0006077,O002455,P0081,2,96.93,49.39,10
OI0006078,O002455,P0038,1,81.71,51.71,0
OI0006079,O002456,P0076,-1,81.73,46.21,5
OI0006080,O002456,P0002,1,230.82,108.89,10
OI0006081,O002456,P0014,1,189.67,104.55,0
OI0006082,O002456,P0021,4,217.0,157.06,0
OI0006083,O002457,P0012,1,20.32,10.75,20
OI0006084,O002457,P0009,3,102.74,56.37,0
OI0006085,O002458,P0115,4,66.66,49.6,5
OI0006086,O002458,P0021,1,217.0,157.06,5
OI0006087,O002458,P0023,1,15.34,8.57,5
OI0006088,O002458,P0009,2,102.74,56.37,0
OI0006089,O002459,P0013,1,127.84,91.01,15
OI0006090,O002459,P0050,1,171.47,76.47,5
OI0006091,O002459,P0070,1,131.06,75.18,0
OI0006092,O002459,P0027,4,283.79,152.07,20
OI0006093,O002460,P0038,3,81.71,51.71,10
OI0006094,O002460,P0050,2,171.47,76.47,0
OI0006095,O002460,P0068,1,103.65,44.29,0
OI0006096,O002461,P0063,1,8.2,5.54,20
OI0006097,O002461,P0071,2,66.14,34.77,0
OI0006098,O002461,P0110,3,311.63,167.87,5
OI0006099,O002462,P0070,2,131.06,75.18,25
OI0006100,O002463,P0047,1,243.5,159.8,0
OI0006101,O002463,P0119,1,78.86,37.39,0
OI0006102,O002463,P0048,1,316.06,150.66,0
OI0006103,O002463,P0011,1,116.27,72.14,0
OI0006104,O002464,P0015,3,147.82,103.39,15
OI0006105,O002464,P0011,2,116.27,72.14,0
OI0006106,O002464,P0040,1,214.96,89.94,10
OI0006107,O002464,P0105,1,124.3,57.25,5
OI0006108,O002465,P0091,1,196.39,82.27,20
OI0006109,O002465,P0076,2,81.73,46.21,10
OI0006110,O002466,P0101,1,338.95,156.07,0
OI0006111,O002466,P0092,3,51.3,24.69,15
OI0006112,O002467,P0058,1,224.02,143.13,0
OI0006113,O002467,P0086,1,263.23,167.09,15
OI0006114,O002467,P0042,2,79.85,35.8,25
OI0006115,O002467,P0077,1,9.56,6.81,10
OI0006116,O002468,P0016,2,182.65,108.43,5
OI0006117,O002468,P0107,-1,140.71,82.95,15
OI0006118,O002469,P0120,-1,123.81,98.52,25
OI0006119,O002470,P0034,1,265.11,120.64,15
OI0006120,O002470,P0056,1,385.75,167.31,0
OI0006121,O002471,P0093,1,64.09,40.65,0
OI0006122,O002472,P0009,1,102.74,56.37,0
OI0006123,O002473,P0031,1,254.7,145.72,0
OI0006124,O002474,P0084,1,42.76,20.69,15
OI0006125,O002475,P0109,1,39.14,21.27,25
OI0006126,O002476,P0003,2,171.57,88.27,5
OI0006127,O002476,P0003,1,171.57,88.27,20
OI0006128,O002476,P0060,1,306.49,149.27,5
OI0006129,O002477,P0025,1,187.19,125.9,0
OI0006130,O002477,P0053,2,23.29,11.09,0
OI0006131,O002477,P0018,2,281.84,146.67,0
OI0006132,O002477,P0083,1,63.1,34.73,5
OI0006133,O002478,P0012,2,20.32,10.75,15
OI0006134,O002478,P0095,1,202.91,139.2,10
OI0006135,O002479,P0096,2,280.31,123.46,5
OI0006136,O002479,P0002,1,230.82,108.89,5
OI0006137,O002480,P0073,1,372.75,170.56,5
OI0006138,O002480,P0076,2,81.73,46.21,0
OI0006139,O002480,P0042,1,79.85,35.8,5
OI0006140,O002481,P0038,3,81.71,51.71,0
OI0006141,O002481,P0025,1,187.19,125.9,5
OI0006142,O002481,P0059,1,310.18,133.96,10
OI0006143,O002482,P0026,3,187.78,112.59,0
OI0006144,O002482,P0014,2,189.67,104.55,0
OI0006145,O002482,P0050,1,171.47,76.47,20
OI0006146,O002482,P0024,1,169.87,104.81,0
OI0006147,O002483,P0054,1,83.38,49.27,0
OI0006148,O002483,P0080,1,392.84,163.94,20
OI0006149,O002484,P0052,2,142.04,68.52,0
OI0006150,O002484,P0030,2,90.28,41.7,0
OI0006151,O002484,P0072,1,272.32,149.77,0
OI0006152,O002485,P0040,2,214.96,89.94,0
OI0006153,O002485,P0074,1,62.08,27.78,10
OI0006154,O002486,P0093,1,64.09,40.65,0
OI0006155,O002486,P0047,4,243.5,159.8,5
OI0006156,O002486,P0011,1,116.27,72.14,10
OI0006157,O002487,P0100,-1,280.83,119.83,5
OI0006158,O002487,P0012,4,20.32,10.75,0
OI0006159,O002487,P0087,1,136.09,59.78,25
OI0006160,O002487,P0084,2,42.76,20.69,0
OI0006161,O002488,P0078,1,268.06,129.83,5
OI0006162,O002488,P0050,3,171.47,76.47,10
OI0006163,O002488,P0049,2,59.24,43.15,0
OI0006164,O002488,P0067,1,33.07,19.77,15
OI0006165,O002489,P0079,1,28.55,21.67,0
OI0006166,O002489,P0012,2,20.32,10.75,10
OI0006167,O002490,P0042,1,79.85,35.8,0
OI0006168,O002490,P0028,1,307.09,179.34,0
OI0006169,O002491,P0021,1,217.0,157.06,5
OI0006170,O002492,P0069,1,259.35,175.47,15
OI0006171,O002492,P0076,1,81.73,46.21,0
OI0006172,O002493,P0006,2,273.98,150.3,0
OI0006173,O002493,P0037,3,171.97,76.8,0
OI0006174,O002493,P0012,1,20.32,10.75,5
OI0006175,O002493,P0046,2,310.17,133.53,20
OI0006176,O002494,P0019,3,36.3,22.04,0
OI0006177,O002494,P0091,1,196.39,82.27,10
OI0006178,O002495,P0008,-1,223.03,120.69,5
OI0006179,O002495,P0084,2,42.76,20.69,15
OI0006180,O002496,P0093,3,64.09,40.65,15
OI0006181,O002496,P0075,2,134.51,78.21,10
OI0006182,O002496,P0091,1,196.39,82.27,10
OI0006183,O002497,P0052,2,142.04,68.52,5
OI0006184,O002498,P0120,2,123.81,98.52,0
OI0006185,O002498,P0075,1,134.51,78.21,0
OI0006186,O002499,P0060,1,306.49,149.27,0
OI0006187,O002500,P0104,-1,71.93,33.51,0
OI0006188,O002500,P0028,1,307.09,179.34,5
OI0006189,O002500,P0101,2,338.95,156.07,0
OI0006190,O002501,P0115,2,66.66,49.6,20
OI0006191,O002501,P0039,1,66.47,46.73,5
OI0006192,O002501,P0048,1,316.06,150.66,0
OI0006193,O002502,P0072,2,272.32,149.77,0
OI0006194,O002502,P0063,4,8.2,5.54,10
OI0006195,O002502,P0012,1,20.32,10.75,15
OI0006196,O002502,P0001,1,58.62,26.48,0
OI0006197,O002503,P0103,-1,100.44,47.01,0
OI0006198,O002503,P0083,4,63.1,34.73,20
OI0006199,O002503,P0022,1,192.12,85.66,0
OI0006200,O002503,P0117,2,252.27,158.43,15
OI0006201,O002504,P0015,1,147.82,103.39,0
OI0006202,O002504,P0057,2,95.09,41.82,5
OI0006203,O002504,P0037,4,171.97,76.8,0
OI0006204,O002504,P0068,2,103.65,44.29,0
OI0006205,O002505,P0118,2,177.52,114.17,0
OI0006206,O002505,P0082,4,64.05,28.14,5
OI0006207,O002505,P0045,1,354.19,170.05,10
OI0006208,O002505,P0002,2,230.82,108.89,15
OI0006209,O002506,P0081,3,96.93,49.39,0
OI0006210,O002506,P0030,1,90.28,41.7,0
OI0006211,O002506,P0007,2,180.16,110.8,10
OI0006212,O002507,P0104,1,71.93,33.51,0
OI0006213,O002507,P0014,2,189.67,104.55,0
OI0006214,O002508,P0018,1,281.84,146.67,0
OI0006215,O002508,P0011,2,116.27,72.14,0
OI0006216,O002509,P0006,2,273.98,150.3,20
OI0006217,O002510,P0090,2,60.09,33.62,5
OI0006218,O002511,P0050,1,171.47,76.47,0
OI0006219,O002512,P0044,1,279.36,162.6,0
OI0006220,O002512,P0035,3,326.93,146.56,0
OI0006221,O002513,P0039,2,66.47,46.73,0
OI0006222,O002514,P0002,1,230.82,108.89,5
OI0006223,O002514,P0104,1,71.93,33.51,10
OI0006224,O002514,P0034,1,265.11,120.64,0
OI0006225,O002514,P0062,1,274.98,138.35,10
OI0006226,O002515,P0023,1,15.34,8.57,10
OI0006227,O002515,P0080,1,392.84,163.94,10
OI0006228,O002515,P0070,2,131.06,75.18,0
OI0006229,O002516,P0073,1,372.75,170.56,0
OI0006230,O002516,P0058,1,224.02,143.13,0
OI0006231,O002517,P0042,2,79.85,35.8,5
OI0006232,O002517,P0096,3,280.31,123.46,0
OI0006233,O002517,P0119,2,78.86,37.39,0
OI0006234,O002517,P0104,1,71.93,33.51,10
OI0006235,O002518,P0039,1,66.47,46.73,25
OI0006236,O002518,P0106,2,56.39,27.98,5
OI0006237,O002518,P0068,-1,103.65,44.29,0
OI0006238,O002519,P0036,1,71.47,40.11,0
OI0006239,O002520,P0083,2,63.1,34.73,20
OI0006240,O002520,P0088,4,236.31,102.24,5
OI0006241,O002520,P0081,3,96.93,49.39,0
OI0006242,O002521,P0082,1,64.05,28.14,10
OI0006243,O002521,P0026,1,187.78,112.59,20
OI0006244,O002522,P0012,3,20.32,10.75,0
OI0006245,O002522,P0060,1,306.49,149.27,5
OI0006246,O002522,P0084,2,42.76,20.69,0
OI0006247,O002523,P0096,2,280.31,123.46,5
OI0006248,O002523,P0023,3,15.34,8.57,0
OI0006249,O002523,P0055,2,150.07,98.61,0
OI0006250,O002523,P0089,2,49.96,38.06,5
OI0006251,O002524,P0019,3,36.3,22.04,10
OI0006252,O002524,P0074,1,62.08,27.78,0
OI0006253,O002525,P0051,1,104.92,60.39,10
OI0006254,O002525,P0019,1,36.3,22.04,5
OI0006255,O002525,P0021,2,217.0,157.06,5
OI0006256,O002526,P0012,3,20.32,10.75,10
OI0006257,O002526,P0092,1,51.3,24.69,5
OI0006258,O002526,P0029,1,35.33,21.58,110
OI0006259,O002526,P0112,2,361.01,177.23,0
OI0006260,O002527,P0070,1,131.06,75.18,0
OI0006261,O002528,P0069,2,259.35,175.47,0
OI0006262,O002528,P0054,1,83.38,49.27,10
OI0006263,O002529,P0095,2,202.91,139.2,110
OI0006264,O002530,P0009,2,102.74,56.37,5
OI0006265,O002530,P0059,2,310.18,133.96,15
OI0006266,O002531,P0041,1,46.27,32.89,15
OI0006267,O002531,P0024,1,169.87,104.81,20
OI0006268,O002532,P0046,1,310.17,133.53,0
OI0006269,O002532,P0064,1,60.15,32.62,5
OI0006270,O002532,P0050,1,171.47,76.47,0
OI0006271,O002532,P0053,3,23.29,11.09,5
OI0006272,O002533,P0012,3,20.32,10.75,10
OI0006273,O002534,P0076,1,81.73,46.21,10
OI0006274,O002534,P0020,3,185.28,120.72,0
OI0006275,O002534,P0084,1,42.76,20.69,0
OI0006276,O002534,P0100,1,280.83,119.83,5
OI0006277,O002535,P0035,2,326.93,146.56,0
OI0006278,O002535,P0110,1,311.63,167.87,0
OI0006279,O002535,P0097,3,163.15,70.37,5
OI0006280,O002535,P0012,4,20.32,10.75,5
OI0006281,O002536,P0019,1,36.3,22.04,15
OI0006282,O002536,P0001,1,58.62,26.48,5
OI0006283,O002536,P0066,1,103.29,50.62,10
OI0006284,O002536,P0117,2,252.27,158.43,5
OI0006285,O002537,P0067,1,33.07,19.77,15
OI0006286,O002537,P0014,3,189.67,104.55,20
OI0006287,O002538,P0065,2,270.21,125.01,0
OI0006288,O002538,P0119,1,78.86,37.39,0
OI0006289,O002538,P0069,1,259.35,175.47,10
OI0006290,O002538,P0021,1,217.0,157.06,5
OI0006291,O002539,P0114,1,41.45,23.84,0
OI0006292,O002539,P0038,1,81.71,51.71,10
OI0006293,O002539,P0037,4,171.97,76.8,10
OI0006294,O002539,P0061,1,241.21,110.37,5
OI0006295,O002540,P0073,1,372.75,170.56,15
OI0006296,O002540,P0104,1,71.93,33.51,5
OI0006297,O002540,P0047,1,243.5,159.8,15
OI0006298,O002540,P0045,1,354.19,170.05,0
OI0006299,O002541,P0034,1,265.11,120.64,0
OI0006300,O002542,P0009,1,102.74,56.37,25
OI0006301,O002542,P0077,4,9.56,6.81,25
OI0006302,O002543,P0021,1,217.0,157.06,5
OI0006303,O002543,P0108,1,299.87,137.39,15
OI0006304,O002544,P0088,1,236.31,102.24,0
OI0006305,O002544,P0066,2,103.29,50.62,0
OI0006306,O002544,P0102,1,195.72,100.75,5
OI0006307,O002545,P0086,1,263.23,167.09,0
OI0006308,O002545,P0064,1,60.15,32.62,0
OI0006309,O002546,P0023,1,15.34,8.57,0
OI0006310,O002546,P0110,2,311.63,167.87,10
OI0006311,O002546,P0096,1,280.31,123.46,0
OI0006312,O002547,P0013,3,127.84,91.01,15
OI0006313,O002547,P0084,1,42.76,20.69,10
OI0006314,O002547,P0039,3,66.47,46.73,10
OI0006315,O002547,P0079,1,28.55,21.67,0
OI0006316,O002548,P0014,4,189.67,104.55,0
OI0006317,O002548,P0100,3,280.83,119.83,5
OI0006318,O002548,P0036,4,71.47,40.11,0
OI0006319,O002548,P0086,2,263.23,167.09,15
OI0006320,O002549,P0007,1,180.16,110.8,15
OI0006321,O002550,P0081,1,96.93,49.39,10
OI0006322,O002550,P0055,1,150.07,98.61,0
OI0006323,O002550,P0064,4,60.15,32.62,10
OI0006324,O002551,P0031,2,254.7,145.72,0
OI0006325,O002551,P0036,1,71.47,40.11,0
OI0006326,O002551,P0093,1,64.09,40.65,5
OI0006327,O002552,P0078,-1,268.06,129.83,0
OI0006328,O002552,P0106,1,56.39,27.98,10
OI0006329,O002552,P0071,1,66.14,34.77,20
OI0006330,O002552,P0032,1,148.44,75.4,0
OI0006331,O002553,P0061,1,241.21,110.37,5
OI0006332,O002553,P0004,1,114.79,53.81,10
OI0006333,O002554,P0098,3,17.88,10.05,0
OI0006334,O002555,P0065,1,270.21,125.01,0
OI0006335,O002556,P0056,2,385.75,167.31,15
OI0006336,O002557,P0119,2,78.86,37.39,0
OI0006337,O002557,P0080,1,392.84,163.94,0
OI0006338,O002558,P0064,1,60.15,32.62,20
OI0006339,O002558,P0113,1,152.02,79.85,0
OI0006340,O002558,P0022,1,192.12,85.66,0
OI0006341,O002558,P0008,1,223.03,120.69,20
OI0006342,O002559,P0009,1,102.74,56.37,0
OI0006343,O002560,P0089,1,49.96,38.06,0
OI0006344,O002561,P0016,2,182.65,108.43,0
OI0006345,O002562,P0107,1,140.71,82.95,5
OI0006346,O002562,P0001,2,58.62,26.48,10
OI0006347,O002562,P0075,1,134.51,78.21,0
OI0006348,O002562,P0032,1,148.44,75.4,0
OI0006349,O002563,P0029,2,35.33,21.58,0
OI0006350,O002563,P0040,1,214.96,89.94,10
OI0006351,O002563,P0034,2,265.11,120.64,10
OI0006352,O002563,P0076,2,81.73,46.21,15
OI0006353,O002564,P0109,2,39.14,21.27,0
OI0006354,O002564,P0022,1,192.12,85.66,0
OI0006355,O002564,P0083,3,63.1,34.73,15
OI0006356,O002565,P0061,3,241.21,110.37,20
OI0006357,O002566,P0044,2,279.36,162.6,0
OI0006358,O002566,P0054,4,83.38,49.27,20
OI0006359,O002567,P0089,3,49.96,38.06,0
OI0006360,O002567,P0101,1,338.95,156.07,15
OI0006361,O002568,P0040,1,214.96,89.94,10
OI0006362,O002568,P0118,3,177.52,114.17,0
OI0006363,O002568,P0037,2,171.97,76.8,10
OI0006364,O002568,P0066,1,103.29,50.62,10
OI0006365,O002569,P0062,2,274.98,138.35,5
OI0006366,O002569,P0097,2,163.15,70.37,10
OI0006367,O002569,P0054,4,83.38,49.27,0
OI0006368,O002570,P0049,2,59.24,43.15,0
OI0006369,O002570,P0108,2,299.87,137.39,5
OI0006370,O002570,P0099,1,179.3,114.96,15
OI0006371,O002571,P0047,1,243.5,159.8,0
OI0006372,O002572,P0082,1,64.05,28.14,15
OI0006373,O002573,P0002,1,230.82,108.89,0
OI0006374,O002574,P0063,4,8.2,5.54,10
OI0006375,O002575,P0043,2,33.48,14.68,0
OI0006376,O002575,P0082,1,64.05,28.14,10
OI0006377,O002575,P0090,1,60.09,33.62,0
OI0006378,O002575,P0112,1,361.01,177.23,0
OI0006379,O002576,P0043,1,33.48,14.68,0
OI0006380,O002576,P0004,1,114.79,53.81,0
OI0006381,O002576,P0079,2,28.55,21.67,10
OI0006382,O002577,P0106,2,56.39,27.98,20
OI0006383,O002577,P0045,2,354.19,170.05,0
OI0006384,O002577,P0018,3,281.84,146.67,0
OI0006385,O002578,P0079,1,28.55,21.67,0
OI0006386,O002579,P0046,2,310.17,133.53,5
OI0006387,O002579,P0116,1,53.16,36.42,10
OI0006388,O002579,P0036,1,71.47,40.11,110
OI0006389,O002579,P0094,2,309.52,160.91,0
OI0006390,O002580,P0084,2,42.76,20.69,0
OI0006391,O002580,P0015,2,147.82,103.39,15
OI0006392,O002581,P0025,-1,187.19,125.9,5
OI0006393,O002581,P0078,2,268.06,129.83,5
OI0006394,O002581,P0062,1,274.98,138.35,15
OI0006395,O002581,P0015,-1,147.82,103.39,20
OI0006396,O002582,P0025,2,187.19,125.9,10
OI0006397,O002582,P0043,1,33.48,14.68,15
OI0006398,O002583,P0005,1,181.52,92.02,0
OI0006399,O002584,P0037,2,171.97,76.8,0
OI0006400,O002584,P0034,2,265.11,120.64,10
OI0006401,O002584,P0002,1,230.82,108.89,15
OI0006402,O002584,P0038,1,81.71,51.71,5
OI0006403,O002585,P0020,1,185.28,120.72,10
OI0006404,O002585,P0004,2,114.79,53.81,5
OI0006405,O002586,P0116,3,53.16,36.42,25
OI0006406,O002586,P0040,3,214.96,89.94,25
OI0006407,O002586,P0019,1,36.3,22.04,5
OI0006408,O002587,P0057,1,95.09,41.82,110
OI0006409,O002587,P0120,1,123.81,98.52,5
OI0006410,O002588,P0060,2,306.49,149.27,15
OI0006411,O002589,P0108,1,299.87,137.39,10
OI0006412,O002590,P0040,1,214.96,89.94,15
OI0006413,O002591,P0027,4,283.79,152.07,5
OI0006414,O002591,P0096,2,280.31,123.46,0
OI0006415,O002592,P0022,1,192.12,85.66,15
OI0006416,O002592,P0084,1,42.76,20.69,5
OI0006417,O002592,P0096,2,280.31,123.46,0
OI0006418,O002592,P0083,2,63.1,34.73,5
OI0006419,O002593,P0106,2,56.39,27.98,15
OI0006420,O002594,P0047,1,243.5,159.8,5
OI0006421,O002594,P0115,1,66.66,49.6,0
OI0006422,O002594,P0070,1,131.06,75.18,0
OI0006423,O002594,P0089,1,49.96,38.06,0
OI0006424,O002595,P0043,1,33.48,14.68,5
OI0006425,O002596,P0068,2,103.65,44.29,10
OI0006426,O002597,P0084,1,42.76,20.69,10
OI0006427,O002598,P0116,1,53.16,36.42,0
OI0006428,O002599,P0110,2,311.63,167.87,0
OI0006429,O002599,P0013,1,127.84,91.01,0
OI0006430,O002600,P0029,1,35.33,21.58,10
OI0006431,O002600,P0103,3,100.44,47.01,5
OI0006432,O002600,P0100,2,280.83,119.83,25
OI0006433,O002600,P0115,1,66.66,49.6,20
OI0006434,O002601,P0092,2,51.3,24.69,20
OI0006435,O002602,P0093,2,64.09,40.65,0
OI0006436,O002602,P0046,2,310.17,133.53,0
OI0006437,O002602,P0065,1,270.21,125.01,10
OI0006438,O002603,P0060,3,306.49,149.27,10
OI0006439,O002604,P0004,1,114.79,53.81,5
OI0006440,O002604,P0027,1,283.79,152.07,5
OI0006441,O002604,P0017,1,30.38,15.75,10
OI0006442,O002604,P0088,1,236.31,102.24,0
OI0006443,O002605,P0078,1,268.06,129.83,15
OI0006444,O002605,P0065,2,270.21,125.01,0
OI0006445,O002605,P0033,1,211.78,114.87,5
OI0006446,O002605,P0079,1,28.55,21.67,5
OI0006447,O002606,P0119,1,78.86,37.39,0
OI0006448,O002606,P0109,1,39.14,21.27,25
OI0006449,O002607,P0060,4,306.49,149.27,15
OI0006450,O002608,P0028,1,307.09,179.34,5
OI0006451,O002608,P0047,1,243.5,159.8,0
OI0006452,O002608,P0102,2,195.72,100.75,5
OI0006453,O002609,P0096,3,280.31,123.46,0
OI0006454,O002609,P0090,1,60.09,33.62,25
OI0006455,O002609,P0038,1,81.71,51.71,110
OI0006456,O002609,P0104,1,71.93,33.51,0
OI0006457,O002610,P0105,2,124.3,57.25,0
OI0006458,O002611,P0072,2,272.32,149.77,10
OI0006459,O002612,P0045,1,354.19,170.05,15
OI0006460,O002612,P0058,3,224.02,143.13,0
OI0006461,O002612,P0078,1,268.06,129.83,20
OI0006462,O002613,P0117,2,252.27,158.43,0
OI0006463,O002613,P0090,3,60.09,33.62,10
OI0006464,O002613,P0083,1,63.1,34.73,0
OI0006465,O002613,P0048,1,316.06,150.66,15
OI0006466,O002614,P0067,4,33.07,19.77,10
OI0006467,O002615,P0120,2,123.81,98.52,5
OI0006468,O002615,P0008,1,223.03,120.69,15
OI0006469,O002616,P0097,2,163.15,70.37,0
OI0006470,O002616,P0075,2,134.51,78.21,0
OI0006471,O002616,P0020,4,185.28,120.72,5
OI0006472,O002616,P0065,2,270.21,125.01,15
OI0006473,O002617,P0087,2,136.09,59.78,0
OI0006474,O002617,P0120,3,123.81,98.52,0
OI0006475,O002617,P0060,1,306.49,149.27,10
OI0006476,O002618,P0111,3,116.59,86.94,15
OI0006477,O002619,P0055,1,150.07,98.61,5
OI0006478,O002619,P0090,1,60.09,33.62,0
OI0006479,O002619,P0086,1,263.23,167.09,0
OI0006480,O002619,P0059,1,310.18,133.96,5
OI0006481,O002620,P0083,1,63.1,34.73,5
OI0006482,O002620,P0020,2,185.28,120.72,20
OI0006483,O002621,P0023,1,15.34,8.57,5
OI0006484,O002622,P0015,1,147.82,103.39,10
OI0006485,O002622,P0095,2,202.91,139.2,15
OI0006486,O002622,P0045,1,354.19,170.05,0
OI0006487,O002623,P0113,1,152.02,79.85,0
OI0006488,O002624,P0046,2,310.17,133.53,0
OI0006489,O002624,P0066,4,103.29,50.62,20
OI0006490,O002625,P0051,1,104.92,60.39,5
OI0006491,O002625,P0050,2,171.47,76.47,0
OI0006492,O002625,P0047,1,243.5,159.8,10
OI0006493,O002626,P0030,1,90.28,41.7,0
OI0006494,O002626,P0065,1,270.21,125.01,0
OI0006495,O002626,P0002,4,230.82,108.89,0
OI0006496,O002627,P0011,1,116.27,72.14,15
OI0006497,O002628,P0058,2,224.02,143.13,15
OI0006498,O002628,P0111,2,116.59,86.94,0
OI0006499,O002628,P0038,1,81.71,51.71,20
OI0006500,O002629,P0028,1,307.09,179.34,0
OI0006501,O002629,P0039,2,66.47,46.73,25
OI0006502,O002629,P0098,1,17.88,10.05,0
OI0006503,O002630,P0091,1,196.39,82.27,0
OI0006504,O002630,P0073,1,372.75,170.56,10
OI0006505,O002631,P0100,2,280.83,119.83,15
OI0006506,O002631,P0059,2,310.18,133.96,10
OI0006507,O002631,P0112,2,361.01,177.23,5
OI0006508,O002632,P0119,1,78.86,37.39,0
OI0006509,O002632,P0005,1,181.52,92.02,5
OI0006510,O002633,P0051,3,104.92,60.39,0
OI0006511,O002633,P0088,3,236.31,102.24,5
OI0006512,O002633,P0056,4,385.75,167.31,110
OI0006513,O002633,P0021,3,217.0,157.06,20
OI0006514,O002634,P0055,3,150.07,98.61,10
OI0006515,O002634,P0083,3,63.1,34.73,10
OI0006516,O002634,P0032,1,148.44,75.4,10
OI0006517,O002634,P0072,1,272.32,149.77,15
OI0006518,O002635,P0105,3,124.3,57.25,5
OI0006519,O002635,P0115,1,66.66,49.6,5
OI0006520,O002635,P0011,1,116.27,72.14,0
OI0006521,O002636,P0082,1,64.05,28.14,10
OI0006522,O002636,P0046,1,310.17,133.53,10
OI0006523,O002637,P0004,2,114.79,53.81,15
OI0006524,O002638,P0115,1,66.66,49.6,5
OI0006525,O002638,P0031,1,254.7,145.72,15
OI0006526,O002639,P0034,1,265.11,120.64,0
OI0006527,O002640,P0023,2,15.34,8.57,15
OI0006528,O002641,P0109,1,39.14,21.27,0
OI0006529,O002641,P0002,1,230.82,108.89,10
OI0006530,O002642,P0047,1,243.5,159.8,20
OI0006531,O002643,P0031,4,254.7,145.72,0
OI0006532,O002643,P0095,2,202.91,139.2,0
OI0006533,O002643,P0117,3,252.27,158.43,0
OI0006534,O002643,P0048,1,316.06,150.66,10
OI0006535,O002644,P0111,2,116.59,86.94,15
OI0006536,O002644,P0113,1,152.02,79.85,15
OI0006537,O002645,P0113,1,152.02,79.85,0
OI0006538,O002646,P0063,1,8.2,5.54,5
OI0006539,O002646,P0051,1,104.92,60.39,0
OI0006540,O002646,P0012,3,20.32,10.75,10
OI0006541,O002647,P0015,1,147.82,103.39,0
OI0006542,O002648,P0084,2,42.76,20.69,5
OI0006543,O002648,P0026,2,187.78,112.59,0
OI0006544,O002648,P0087,4,136.09,59.78,20
OI0006545,O002648,P0113,1,152.02,79.85,5
OI0006546,O002649,P0113,1,152.02,79.85,20
OI0006547,O002649,P0025,1,187.19,125.9,0
OI0006548,O002649,P0053,2,23.29,11.09,20
OI0006549,O002649,P0062,1,274.98,138.35,10
OI0006550,O002650,P0016,3,182.65,108.43,5
OI0006551,O002650,P0021,3,217.0,157.06,5
OI0006552,O002650,P0037,1,171.97,76.8,15
OI0006553,O002650,P0104,1,71.93,33.51,0
OI0006554,O002651,P0026,4,187.78,112.59,0
OI0006555,O002651,P0059,2,310.18,133.96,5
OI0006556,O002651,P0069,3,259.35,175.47,10
OI0006557,O002652,P0064,1,60.15,32.62,5
OI0006558,O002652,P0105,1,124.3,57.25,0
OI0006559,O002653,P0109,1,39.14,21.27,0
OI0006560,O002653,P0014,1,189.67,104.55,20
OI0006561,O002654,P0117,-1,252.27,158.43,5
OI0006562,O002655,P0051,3,104.92,60.39,10
OI0006563,O002655,P0046,-1,310.17,133.53,5
OI0006564,O002656,P0095,2,202.91,139.2,0
OI0006565,O002657,P0105,1,124.3,57.25,0
OI0006566,O002657,P0115,1,66.66,49.6,0
OI0006567,O002658,P0116,1,53.16,36.42,5
OI0006568,O002658,P0072,4,272.32,149.77,0
OI0006569,O002659,P0023,1,15.34,8.57,10
OI0006570,O002659,P0063,1,8.2,5.54,0
OI0006571,O002659,P0092,2,51.3,24.69,0
OI0006572,O002660,P0074,1,62.08,27.78,5
OI0006573,O002660,P0035,1,326.93,146.56,0
OI0006574,O002661,P0116,1,53.16,36.42,0
OI0006575,O002661,P0083,1,63.1,34.73,0
OI0006576,O002661,P0046,1,310.17,133.53,15
OI0006577,O002661,P0023,2,15.34,8.57,0
OI0006578,O002662,P0082,1,64.05,28.14,10
OI0006579,O002662,P0094,2,309.52,160.91,0
OI0006580,O002662,P0033,3,211.78,114.87,5
OI0006581,O002663,P0116,2,53.16,36.42,5
OI0006582,O002663,P0014,1,189.67,104.55,10
OI0006583,O002664,P0039,1,66.47,46.73,10
OI0006584,O002664,P0020,3,185.28,120.72,20
OI0006585,O002664,P0059,2,310.18,133.96,0
OI0006586,O002665,P0056,1,385.75,167.31,5
OI0006587,O002666,P0022,1,192.12,85.66,5
OI0006588,O002666,P0041,4,46.27,32.89,0
OI0006589,O002666,P0076,3,81.73,46.21,0
OI0006590,O002667,P0051,1,104.92,60.39,15
OI0006591,O002668,P0052,4,142.04,68.52,0
OI0006592,O002668,P0066,-1,103.29,50.62,5
OI0006593,O002668,P0107,1,140.71,82.95,20
OI0006594,O002668,P0004,2,114.79,53.81,0
OI0006595,O002669,P0030,1,90.28,41.7,0
OI0006596,O002669,P0115,2,66.66,49.6,0
OI0006597,O002670,P0064,1,60.15,32.62,0
OI0006598,O002670,P0052,2,142.04,68.52,0
OI0006599,O002670,P0070,1,131.06,75.18,5
OI0006600,O002671,P0103,1,100.44,47.01,5
OI0006601,O002672,P0062,1,274.98,138.35,15
OI0006602,O002673,P0078,1,268.06,129.83,15
OI0006603,O002673,P0084,2,42.76,20.69,0
OI0006604,O002674,P0105,3,124.3,57.25,15
OI0006605,O002675,P0079,2,28.55,21.67,5
OI0006606,O002675,P0021,3,217.0,157.06,5
OI0006607,O002676,P0027,1,283.79,152.07,0
OI0006608,O002676,P0044,1,279.36,162.6,5
OI0006609,O002677,P0002,1,230.82,108.89,0
OI0006610,O002677,P0081,1,96.93,49.39,0
OI0006611,O002678,P0042,2,79.85,35.8,0
OI0006612,O002679,P0109,1,39.14,21.27,0
OI0006613,O002679,P0105,1,124.3,57.25,0
OI0006614,O002679,P0083,1,63.1,34.73,0
OI0006615,O002679,P0088,2,236.31,102.24,110
OI0006616,O002680,P0070,3,131.06,75.18,10
OI0006617,O002681,P0096,2,280.31,123.46,20
OI0006618,O002682,P0042,2,79.85,35.8,0
OI0006619,O002683,P0001,1,58.62,26.48,0
OI0006620,O002683,P0053,3,23.29,11.09,15
OI0006621,O002684,P0090,1,60.09,33.62,5
OI0006622,O002684,P0076,1,81.73,46.21,0
OI0006623,O002684,P0012,4,20.32,10.75,15
OI0006624,O002684,P0076,1,81.73,46.21,0
OI0006625,O002685,P0067,3,33.07,19.77,0
OI0006626,O002685,P0009,1,102.74,56.37,5
OI0006627,O002685,P0023,2,15.34,8.57,10
OI0006628,O002686,P0062,2,274.98,138.35,0
OI0006629,O002686,P0048,1,316.06,150.66,20
OI0006630,O002686,P0098,1,17.88,10.05,0
OI0006631,O002687,P0045,1,354.19,170.05,5
OI0006632,O002687,P0031,3,254.7,145.72,0
OI0006633,O002687,P0086,3,263.23,167.09,20
OI0006634,O002687,P0054,2,83.38,49.27,0
OI0006635,O002688,P0018,2,281.84,146.67,5
OI0006636,O002688,P0106,3,56.39,27.98,5
OI0006637,O002689,P0056,1,385.75,167.31,5
OI0006638,O002689,P0074,1,62.08,27.78,5
OI0006639,O002689,P0037,1,171.97,76.8,0
OI0006640,O002689,P0102,1,195.72,100.75,5
OI0006641,O002690,P0085,1,142.09,59.82,10
OI0006642,O002691,P0063,1,8.2,5.54,25
OI0006643,O002691,P0006,2,273.98,150.3,0
OI0006644,O002691,P0089,3,49.96,38.06,15
OI0006645,O002691,P0036,1,71.47,40.11,10
OI0006646,O002692,P0003,1,171.57,88.27,0
OI0006647,O002692,P0074,2,62.08,27.78,15
OI0006648,O002693,P0066,4,103.29,50.62,0
OI0006649,O002693,P0013,3,127.84,91.01,25
OI0006650,O002693,P0083,3,63.1,34.73,0
OI0006651,O002694,P0019,1,36.3,22.04,10
OI0006652,O002694,P0088,1,236.31,102.24,10
OI0006653,O002694,P0003,1,171.57,88.27,10
OI0006654,O002694,P0029,2,35.33,21.58,10
OI0006655,O002695,P0060,1,306.49,149.27,15
OI0006656,O002695,P0007,1,180.16,110.8,15
OI0006657,O002696,P0079,1,28.55,21.67,0
OI0006658,O002697,P0060,3,306.49,149.27,10
OI0006659,O002698,P0017,1,30.38,15.75,110
OI0006660,O002698,P0069,4,259.35,175.47,5
OI0006661,O002698,P0053,-1,23.29,11.09,0
OI0006662,O002698,P0069,2,259.35,175.47,0
OI0006663,O002699,P0021,1,217.0,157.06,5
OI0006664,O002699,P0099,4,179.3,114.96,25
OI0006665,O002699,P0119,1,78.86,37.39,0
OI0006666,O002700,P0009,-1,102.74,56.37,10
OI0006667,O002701,P0048,3,316.06,150.66,0
OI0006668,O002701,P0060,1,306.49,149.27,5
OI0006669,O002701,P0097,2,163.15,70.37,0
OI0006670,O002701,P0037,1,171.97,76.8,10
OI0006671,O002702,P0081,1,96.93,49.39,5
OI0006672,O002702,P0068,2,103.65,44.29,10
OI0006673,O002702,P0081,1,96.93,49.39,0
OI0006674,O002702,P0084,1,42.76,20.69,0
OI0006675,O002703,P0035,1,326.93,146.56,15
OI0006676,O002704,P0090,-1,60.09,33.62,0
OI0006677,O002705,P0058,2,224.02,143.13,0
OI0006678,O002705,P0005,2,181.52,92.02,0
OI0006679,O002706,P0005,1,181.52,92.02,15
OI0006680,O002706,P0113,2,152.02,79.85,0
OI0006681,O002707,P0107,3,140.71,82.95,10
OI0006682,O002707,P0083,1,63.1,34.73,0
OI0006683,O002708,P0105,3,124.3,57.25,5
OI0006684,O002708,P0016,2,182.65,108.43,25
OI0006685,O002709,P0089,1,49.96,38.06,0
OI0006686,O002709,P0084,4,42.76,20.69,0
OI0006687,O002709,P0032,2,148.44,75.4,15
OI0006688,O002710,P0023,1,15.34,8.57,0
OI0006689,O002711,P0056,1,385.75,167.31,0
OI0006690,O002712,P0092,3,51.3,24.69,10
OI0006691,O002712,P0083,-1,63.1,34.73,0
OI0006692,O002712,P0079,1,28.55,21.67,5
OI0006693,O002712,P0069,2,259.35,175.47,20
OI0006694,O002713,P0071,1,66.14,34.77,10
OI0006695,O002714,P0113,1,152.02,79.85,5
OI0006696,O002714,P0073,4,372.75,170.56,0
OI0006697,O002714,P0012,1,20.32,10.75,15
OI0006698,O002714,P0044,1,279.36,162.6,15
OI0006699,O002715,P0034,1,265.11,120.64,5
OI0006700,O002715,P0036,1,71.47,40.11,20
OI0006701,O002716,P0113,3,152.02,79.85,10
OI0006702,O002716,P0116,1,53.16,36.42,10
OI0006703,O002716,P0016,2,182.65,108.43,20
OI0006704,O002716,P0009,1,102.74,56.37,15
OI0006705,O002717,P0104,1,71.93,33.51,25
OI0006706,O002717,P0106,1,56.39,27.98,15
OI0006707,O002717,P0034,3,265.11,120.64,0
OI0006708,O002717,P0120,1,123.81,98.52,20
OI0006709,O002718,P0011,-1,116.27,72.14,0
OI0006710,O002718,P0118,2,177.52,114.17,0
OI0006711,O002718,P0065,1,270.21,125.01,25
OI0006712,O002718,P0089,4,49.96,38.06,0
OI0006713,O002719,P0048,1,316.06,150.66,5
OI0006714,O002719,P0119,1,78.86,37.39,0
OI0006715,O002720,P0006,1,273.98,150.3,0
OI0006716,O002720,P0032,1,148.44,75.4,0
OI0006717,O002720,P0109,3,39.14,21.27,15
OI0006718,O002720,P0001,1,58.62,26.48,0
OI0006719,O002721,P0073,1,372.75,170.56,0
OI0006720,O002721,P0081,3,96.93,49.39,20
OI0006721,O002722,P0118,1,177.52,114.17,20
OI0006722,O002722,P0120,1,123.81,98.52,0
OI0006723,O002723,P0119,1,78.86,37.39,0
OI0006724,O002723,P0031,1,254.7,145.72,0
OI0006725,O002723,P0029,2,35.33,21.58,0
OI0006726,O002723,P0108,1,299.87,137.39,15
OI0006727,O002724,P0070,2,131.06,75.18,0
OI0006728,O002724,P0019,1,36.3,22.04,0
OI0006729,O002725,P0017,1,30.38,15.75,5
OI0006730,O002725,P0039,2,66.47,46.73,0
OI0006731,O002726,P0052,1,142.04,68.52,15
OI0006732,O002727,P0033,1,211.78,114.87,5
OI0006733,O002727,P0004,2,114.79,53.81,25
OI0006734,O002728,P0111,2,116.59,86.94,5
OI0006735,O002729,P0106,2,56.39,27.98,0
OI0006736,O002730,P0006,2,273.98,150.3,5
OI0006737,O002730,P0003,3,171.57,88.27,20
OI0006738,O002730,P0100,4,280.83,119.83,5
OI0006739,O002731,P0059,2,310.18,133.96,15
OI0006740,O002731,P0080,1,392.84,163.94,15
OI0006741,O002732,P0028,2,307.09,179.34,0
OI0006742,O002732,P0116,1,53.16,36.42,0
OI0006743,O002732,P0057,1,95.09,41.82,0
OI0006744,O002733,P0050,1,171.47,76.47,10
OI0006745,O002733,P0005,3,181.52,92.02,15
OI0006746,O002734,P0054,1,83.38,49.27,0
OI0006747,O002734,P0002,1,230.82,108.89,20
OI0006748,O002734,P0080,4,392.84,163.94,0
OI0006749,O002735,P0034,1,265.11,120.64,15
OI0006750,O002735,P0069,3,259.35,175.47,0
OI0006751,O002736,P0078,1,268.06,129.83,10
OI0006752,O002736,P0041,4,46.27,32.89,15
OI0006753,O002736,P0039,1,66.47,46.73,0
OI0006754,O002736,P0086,2,263.23,167.09,0
OI0006755,O002737,P0028,3,307.09,179.34,0
OI0006756,O002738,P0049,4,59.24,43.15,0
OI0006757,O002738,P0024,3,169.87,104.81,0
OI0006758,O002738,P0005,4,181.52,92.02,15
OI0006759,O002738,P0087,2,136.09,59.78,5
OI0006760,O002739,P0028,2,307.09,179.34,0
OI0006761,O002739,P0091,2,196.39,82.27,10
OI0006762,O002739,P0043,1,33.48,14.68,0
OI0006763,O002739,P0046,2,310.17,133.53,0
OI0006764,O002740,P0046,1,310.17,133.53,10
OI0006765,O002741,P0067,2,33.07,19.77,5
OI0006766,O002741,P0002,2,230.82,108.89,15
OI0006767,O002742,P0032,1,148.44,75.4,10
OI0006768,O002743,P0090,1,60.09,33.62,10
OI0006769,O002743,P0085,3,142.09,59.82,0
OI0006770,O002743,P0092,1,51.3,24.69,15
OI0006771,O002743,P0116,1,53.16,36.42,0
OI0006772,O002744,P0113,2,152.02,79.85,5
OI0006773,O002744,P0059,2,310.18,133.96,5
OI0006774,O002745,P0075,1,134.51,78.21,0
OI0006775,O002745,P0095,4,202.91,139.2,0
OI0006776,O002745,P0041,1,46.27,32.89,10
OI0006777,O002745,P0062,1,274.98,138.35,0
OI0006778,O002746,P0067,3,33.07,19.77,25
OI0006779,O002746,P0008,1,223.03,120.69,10
OI0006780,O002747,P0076,1,81.73,46.21,0
OI0006781,O002747,P0008,2,223.03,120.69,0
OI0006782,O002748,P0105,2,124.3,57.25,0
OI0006783,O002748,P0099,4,179.3,114.96,0
OI0006784,O002749,P0066,1,103.29,50.62,0
OI0006785,O002749,P0038,1,81.71,51.71,5
OI0006786,O002749,P0108,1,299.87,137.39,0
OI0006787,O002749,P0008,2,223.03,120.69,15
OI0006788,O002750,P0023,2,15.34,8.57,15
OI0006789,O002750,P0077,1,9.56,6.81,10
OI0006790,O002750,P0047,1,243.5,159.8,0
OI0006791,O002750,P0062,1,274.98,138.35,5
OI0006792,O002751,P0041,2,46.27,32.89,0
OI0006793,O002752,P0118,2,177.52,114.17,15
OI0006794,O002752,P0047,1,243.5,159.8,0
OI0006795,O002753,P0091,1,196.39,82.27,5
OI0006796,O002753,P0090,1,60.09,33.62,5
OI0006797,O002754,P0043,1,33.48,14.68,15
OI0006798,O002754,P0052,1,142.04,68.52,0
OI0006799,O002754,P0020,-1,185.28,120.72,20
OI0006800,O002754,P0051,1,104.92,60.39,0
OI0006801,O002755,P0077,1,9.56,6.81,0
OI0006802,O002755,P0024,3,169.87,104.81,15
OI0006803,O002756,P0002,1,230.82,108.89,0
OI0006804,O002757,P0006,4,273.98,150.3,5
OI0006805,O002758,P0078,1,268.06,129.83,0
OI0006806,O002759,P0059,2,310.18,133.96,0
OI0006807,O002759,P0032,1,148.44,75.4,0
OI0006808,O002759,P0116,4,53.16,36.42,0
OI0006809,O002759,P0045,1,354.19,170.05,10
OI0006810,O002760,P0048,1,316.06,150.66,0
OI0006811,O002761,P0100,1,280.83,119.83,0
OI0006812,O002761,P0046,1,310.17,133.53,5
OI0006813,O002762,P0097,1,163.15,70.37,15
OI0006814,O002763,P0088,1,236.31,102.24,5
OI0006815,O002763,P0047,1,243.5,159.8,0
OI0006816,O002764,P0073,2,372.75,170.56,5
OI0006817,O002764,P0042,1,79.85,35.8,5
OI0006818,O002765,P0092,1,51.3,24.69,20
OI0006819,O002766,P0020,2,185.28,120.72,5
OI0006820,O002766,P0071,1,66.14,34.77,15
OI0006821,O002766,P0067,2,33.07,19.77,5
OI0006822,O002766,P0093,2,64.09,40.65,0
OI0006823,O002767,P0110,1,311.63,167.87,0
OI0006824,O002767,P0082,1,64.05,28.14,0
OI0006825,O002768,P0060,-1,306.49,149.27,10
OI0006826,O002769,P0090,2,60.09,33.62,0
OI0006827,O002769,P0030,1,90.28,41.7,0
OI0006828,O002770,P0035,2,326.93,146.56,10
OI0006829,O002770,P0043,2,33.48,14.68,0
OI0006830,O002770,P0081,1,96.93,49.39,10
OI0006831,O002771,P0071,1,66.14,34.77,0
OI0006832,O002772,P0100,3,280.83,119.83,15
OI0006833,O002772,P0112,3,361.01,177.23,5
OI0006834,O002772,P0108,1,299.87,137.39,15
OI0006835,O002772,P0072,4,272.32,149.77,15
OI0006836,O002773,P0111,1,116.59,86.94,25
OI0006837,O002773,P0082,1,64.05,28.14,5
OI0006838,O002773,P0066,3,103.29,50.62,25
OI0006839,O002774,P0088,3,236.31,102.24,5
OI0006840,O002774,P0064,4,60.15,32.62,0
OI0006841,O002774,P0026,3,187.78,112.59,10
OI0006842,O002774,P0120,2,123.81,98.52,10
OI0006843,O002775,P0105,2,124.3,57.25,0
OI0006844,O002775,P0098,2,17.88,10.05,5
OI0006845,O002775,P0040,2,214.96,89.94,0
OI0006846,O002776,P0046,1,310.17,133.53,110
OI0006847,O002776,P0042,3,79.85,35.8,0
OI0006848,O002777,P0091,1,196.39,82.27,0
OI0006849,O002777,P0078,2,268.06,129.83,15
OI0006850,O002778,P0094,1,309.52,160.91,0
OI0006851,O002779,P0009,1,102.74,56.37,5
OI0006852,O002779,P0085,1,142.09,59.82,0
OI0006853,O002780,P0035,1,326.93,146.56,15
OI0006854,O002780,P0009,2,102.74,56.37,0
OI0006855,O002780,P0118,2,177.52,114.17,0
OI0006856,O002780,P0116,2,53.16,36.42,5
OI0006857,O002781,P0014,1,189.67,104.55,5
OI0006858,O002781,P0055,2,150.07,98.61,0
OI0006859,O002782,P0118,1,177.52,114.17,5
OI0006860,O002782,P0051,1,104.92,60.39,0
OI0006861,O002782,P0088,4,236.31,102.24,20
OI0006862,O002783,P0052,3,142.04,68.52,0
OI0006863,O002783,P0055,1,150.07,98.61,0
OI0006864,O002783,P0003,1,171.57,88.27,10
OI0006865,O002784,P0046,1,310.17,133.53,15
OI0006866,O002784,P0120,1,123.81,98.52,10
OI0006867,O002785,P0006,4,273.98,150.3,0
OI0006868,O002785,P0015,1,147.82,103.39,15
OI0006869,O002785,P0097,2,163.15,70.37,20
OI0006870,O002786,P0002,1,230.82,108.89,0
OI0006871,O002786,P0038,1,81.71,51.71,0
OI0006872,O002787,P0060,1,306.49,149.27,25
OI0006873,O002787,P0008,1,223.03,120.69,5
OI0006874,O002787,P0027,2,283.79,152.07,0
OI0006875,O002788,P0082,1,64.05,28.14,25
OI0006876,O002788,P0089,1,49.96,38.06,0
OI0006877,O002788,P0026,1,187.78,112.59,0
OI0006878,O002789,P0118,4,177.52,114.17,5
OI0006879,O002789,P0020,2,185.28,120.72,10
OI0006880,O002789,P0080,1,392.84,163.94,0
OI0006881,O002789,P0045,2,354.19,170.05,10
OI0006882,O002790,P0055,4,150.07,98.61,10
OI0006883,O002790,P0051,2,104.92,60.39,15
OI0006884,O002790,P0042,2,79.85,35.8,10
OI0006885,O002791,P0043,1,33.48,14.68,20
OI0006886,O002792,P0061,2,241.21,110.37,10
OI0006887,O002792,P0078,1,268.06,129.83,0
OI0006888,O002793,P0044,1,279.36,162.6,10
OI0006889,O002794,P0033,1,211.78,114.87,0
OI0006890,O002794,P0009,1,102.74,56.37,0
OI0006891,O002794,P0004,3,114.79,53.81,0
OI0006892,O002794,P0040,2,214.96,89.94,15
OI0006893,O002795,P0111,4,116.59,86.94,5
OI0006894,O002795,P0021,1,217.0,157.06,0
OI0006895,O002796,P0066,1,103.29,50.62,10
OI0006896,O002796,P0088,3,236.31,102.24,10
OI0006897,O002796,P0110,1,311.63,167.87,0
OI0006898,O002796,P0076,1,81.73,46.21,10
OI0006899,O002797,P0064,1,60.15,32.62,0
OI0006900,O002797,P0106,1,56.39,27.98,0
OI0006901,O002797,P0100,4,280.83,119.83,0
OI0006902,O002797,P0077,2,9.56,6.81,5
OI0006903,O002798,P0049,1,59.24,43.15,0
OI0006904,O002799,P0064,1,60.15,32.62,5
OI0006905,O002800,P0116,2,53.16,36.42,10
OI0006906,O002800,P0026,1,187.78,112.59,0
OI0006907,O002801,P0085,2,142.09,59.82,0
OI0006908,O002801,P0112,1,361.01,177.23,0
OI0006909,O002802,P0078,1,268.06,129.83,0
OI0006910,O002802,P0032,2,148.44,75.4,10
OI0006911,O002802,P0014,1,189.67,104.55,0
OI0006912,O002803,P0076,1,81.73,46.21,0
OI0006913,O002803,P0011,1,116.27,72.14,0
OI0006914,O002803,P0036,3,71.47,40.11,10
OI0006915,O002804,P0051,1,104.92,60.39,0
OI0006916,O002804,P0054,1,83.38,49.27,25
OI0006917,O002805,P0090,1,60.09,33.62,0
OI0006918,O002805,P0014,1,189.67,104.55,10
OI0006919,O002806,P0113,3,152.02,79.85,110
OI0006920,O002807,P0106,1,56.39,27.98,0
OI0006921,O002807,P0080,1,392.84,163.94,0
OI0006922,O002807,P0049,2,59.24,43.15,10
OI0006923,O002808,P0074,1,62.08,27.78,5
OI0006924,O002808,P0028,1,307.09,179.34,15
OI0006925,O002808,P0048,3,316.06,150.66,0
OI0006926,O002808,P0074,1,62.08,27.78,10
OI0006927,O002809,P0032,1,148.44,75.4,5
OI0006928,O002810,P0054,3,83.38,49.27,110
OI0006929,O002810,P0050,3,171.47,76.47,0
OI0006930,O002810,P0024,2,169.87,104.81,0
OI0006931,O002811,P0109,4,39.14,21.27,0
OI0006932,O002811,P0003,2,171.57,88.27,5
OI0006933,O002811,P0040,1,214.96,89.94,0
OI0006934,O002812,P0045,1,354.19,170.05,15
OI0006935,O002813,P0037,2,171.97,76.8,0
OI0006936,O002813,P0112,1,361.01,177.23,5
OI0006937,O002813,P0016,2,182.65,108.43,0
OI0006938,O002814,P0068,1,103.65,44.29,0
OI0006939,O002814,P0109,2,39.14,21.27,10
OI0006940,O002815,P0106,1,56.39,27.98,0
OI0006941,O002815,P0018,2,281.84,146.67,10
OI0006942,O002815,P0054,1,83.38,49.27,0
OI0006943,O002815,P0025,1,187.19,125.9,0
OI0006944,O002816,P0086,2,263.23,167.09,0
OI0006945,O002816,P0046,2,310.17,133.53,15
OI0006946,O002816,P0037,2,171.97,76.8,0
OI0006947,O002816,P0002,1,230.82,108.89,0
OI0006948,O002817,P0077,1,9.56,6.81,0
OI0006949,O002817,P0058,1,224.02,143.13,5
OI0006950,O002817,P0065,3,270.21,125.01,10
OI0006951,O002817,P0007,2,180.16,110.8,20
OI0006952,O002818,P0065,1,270.21,125.01,0
OI0006953,O002818,P0066,1,103.29,50.62,10
OI0006954,O002818,P0107,-1,140.71,82.95,20
OI0006955,O002818,P0009,2,102.74,56.37,0
OI0006956,O002819,P0012,4,20.32,10.75,10
OI0006957,O002819,P0109,3,39.14,21.27,0
OI0006958,O002819,P0097,1,163.15,70.37,0
OI0006959,O002820,P0023,3,15.34,8.57,15
OI0006960,O002820,P0005,1,181.52,92.02,0
OI0006961,O002820,P0063,3,8.2,5.54,0
OI0006962,O002821,P0072,1,272.32,149.77,10
OI0006963,O002821,P0028,-1,307.09,179.34,15
OI0006964,O002822,P0084,4,42.76,20.69,5
OI0006965,O002823,P0010,1,236.09,100.66,5
OI0006966,O002824,P0105,3,124.3,57.25,15
OI0006967,O002825,P0064,1,60.15,32.62,15
OI0006968,O002825,P0104,2,71.93,33.51,0
OI0006969,O002825,P0023,1,15.34,8.57,10
OI0006970,O002826,P0059,1,310.18,133.96,15
OI0006971,O002826,P0072,1,272.32,149.77,0
OI0006972,O002827,P0075,1,134.51,78.21,5
OI0006973,O002827,P0021,1,217.0,157.06,5
OI0006974,O002827,P0112,1,361.01,177.23,5
OI0006975,O002827,P0082,4,64.05,28.14,5
OI0006976,O002828,P0015,1,147.82,103.39,5
OI0006977,O002828,P0077,4,9.56,6.81,10
OI0006978,O002829,P0080,1,392.84,163.94,0
OI0006979,O002829,P0034,1,265.11,120.64,0
OI0006980,O002829,P0108,1,299.87,137.39,20
OI0006981,O002830,P0039,3,66.47,46.73,0
OI0006982,O002830,P0113,2,152.02,79.85,15
OI0006983,O002830,P0047,2,243.5,159.8,0
OI0006984,O002830,P0001,3,58.62,26.48,10
OI0006985,O002831,P0008,1,223.03,120.69,0
OI0006986,O002831,P0073,4,372.75,170.56,0
OI0006987,O002831,P0015,2,147.82,103.39,15
OI0006988,O002832,P0116,3,53.16,36.42,0
OI0006989,O002833,P0012,1,20.32,10.75,10
OI0006990,O002833,P0108,1,299.87,137.39,5
OI0006991,O002834,P0074,1,62.08,27.78,0
OI0006992,O002834,P0050,2,171.47,76.47,15
OI0006993,O002834,P0049,4,59.24,43.15,10
OI0006994,O002835,P0075,1,134.51,78.21,5
OI0006995,O002835,P0007,1,180.16,110.8,0
OI0006996,O002836,P0114,1,41.45,23.84,10
OI0006997,O002837,P0067,2,33.07,19.77,15
OI0006998,O002838,P0016,1,182.65,108.43,20
OI0006999,O002838,P0079,1,28.55,21.67,0
OI0007000,O002838,P0116,3,53.16,36.42,0
OI0007001,O002839,P0088,3,236.31,102.24,5
OI0007002,O002839,P0094,1,309.52,160.91,0
OI0007003,O002839,P0100,2,280.83,119.83,5
OI0007004,O002839,P0094,4,309.52,160.91,20
OI0007005,O002840,P0065,2,270.21,125.01,5
OI0007006,O002840,P0038,2,81.71,51.71,5
OI0007007,O002840,P0090,-1,60.09,33.62,5
OI0007008,O002840,P0100,2,280.83,119.83,0
OI0007009,O002841,P0072,2,272.32,149.77,5
OI0007010,O002841,P0074,1,62.08,27.78,5
OI0007011,O002842,P0075,3,134.51,78.21,20
OI0007012,O002843,P0080,1,392.84,163.94,0
OI0007013,O002843,P0063,1,8.2,5.54,0
OI0007014,O002844,P0050,1,171.47,76.47,0
OI0007015,O002844,P0105,1,124.3,57.25,10
OI0007016,O002844,P0075,3,134.51,78.21,10
OI0007017,O002845,P0113,1,152.02,79.85,0
OI0007018,O002845,P0077,1,9.56,6.81,0
OI0007019,O002846,P0094,1,309.52,160.91,0
OI0007020,O002846,P0086,1,263.23,167.09,15
OI0007021,O002847,P0081,1,96.93,49.39,10
OI0007022,O002847,P0045,2,354.19,170.05,0
OI0007023,O002847,P0004,1,114.79,53.81,20
OI0007024,O002848,P0093,3,64.09,40.65,0
OI0007025,O002848,P0011,2,116.27,72.14,0
OI0007026,O002848,P0053,1,23.29,11.09,5
OI0007027,O002849,P0004,1,114.79,53.81,10
OI0007028,O002849,P0106,4,56.39,27.98,0
OI0007029,O002849,P0018,2,281.84,146.67,15
OI0007030,O002850,P0065,1,270.21,125.01,15
OI0007031,O002850,P0072,2,272.32,149.77,0
OI0007032,O002850,P0049,1,59.24,43.15,0
OI0007033,O002850,P0029,2,35.33,21.58,5
OI0007034,O002851,P0061,1,241.21,110.37,0
OI0007035,O002851,P0043,1,33.48,14.68,0
OI0007036,O002851,P0023,1,15.34,8.57,5
OI0007037,O002852,P0053,2,23.29,11.09,0
OI0007038,O002852,P0091,1,196.39,82.27,0
OI0007039,O002853,P0019,2,36.3,22.04,0
OI0007040,O002853,P0062,1,274.98,138.35,0
OI0007041,O002853,P0017,-1,30.38,15.75,0
OI0007042,O002853,P0010,1,236.09,100.66,5
OI0007043,O002854,P0109,2,39.14,21.27,15
OI0007044,O002854,P0103,1,100.44,47.01,5
OI0007045,O002855,P0074,2,62.08,27.78,0
OI0007046,O002855,P0102,2,195.72,100.75,15
OI0007047,O002855,P0097,1,163.15,70.37,5
OI0007048,O002856,P0050,1,171.47,76.47,20
OI0007049,O002856,P0099,-1,179.3,114.96,15
OI0007050,O002857,P0097,2,163.15,70.37,25
OI0007051,O002857,P0049,1,59.24,43.15,0
OI0007052,O002858,P0048,1,316.06,150.66,10
OI0007053,O002858,P0004,2,114.79,53.81,15
OI0007054,O002858,P0023,2,15.34,8.57,10
OI0007055,O002858,P0117,4,252.27,158.43,0
OI0007056,O002859,P0076,3,81.73,46.21,0
OI0007057,O002859,P0096,1,280.31,123.46,0
OI0007058,O002859,P0061,1,241.21,110.37,5
OI0007059,O002860,P0051,1,104.92,60.39,10
OI0007060,O002860,P0114,1,41.45,23.84,5
OI0007061,O002860,P0079,1,28.55,21.67,5
OI0007062,O002860,P0024,1,169.87,104.81,15
OI0007063,O002861,P0049,2,59.24,43.15,0
OI0007064,O002861,P0037,1,171.97,76.8,5
OI0007065,O002861,P0014,1,189.67,104.55,0
OI0007066,O002862,P0112,1,361.01,177.23,15
OI0007067,O002862,P0039,2,66.47,46.73,20
OI0007068,O002862,P0016,2,182.65,108.43,0
OI0007069,O002862,P0071,1,66.14,34.77,0
OI0007070,O002863,P0039,1,66.47,46.73,5
OI0007071,O002864,P0099,1,179.3,114.96,5
OI0007072,O002864,P0065,1,270.21,125.01,0
OI0007073,O002865,P0022,1,192.12,85.66,0
OI0007074,O002865,P0018,1,281.84,146.67,20
OI0007075,O002865,P0078,1,268.06,129.83,0
OI0007076,O002865,P0071,1,66.14,34.77,0
OI0007077,O002866,P0084,1,42.76,20.69,110
OI0007078,O002867,P0001,1,58.62,26.48,20
OI0007079,O002867,P0114,1,41.45,23.84,20
OI0007080,O002867,P0068,1,103.65,44.29,5
OI0007081,O002867,P0059,4,310.18,133.96,15
OI0007082,O002868,P0068,1,103.65,44.29,5
OI0007083,O002868,P0066,2,103.29,50.62,10
OI0007084,O002869,P0088,4,236.31,102.24,5
OI0007085,O002870,P0044,4,279.36,162.6,5
OI0007086,O002870,P0069,1,259.35,175.47,20
OI0007087,O002871,P0025,1,187.19,125.9,15
OI0007088,O002872,P0065,1,270.21,125.01,25
OI0007089,O002872,P0004,1,114.79,53.81,0
OI0007090,O002873,P0110,1,311.63,167.87,0
OI0007091,O002873,P0029,1,35.33,21.58,0
OI0007092,O002873,P0101,2,338.95,156.07,0
OI0007093,O002873,P0053,1,23.29,11.09,5
OI0007094,O002874,P0023,1,15.34,8.57,25
OI0007095,O002874,P0057,2,95.09,41.82,10
OI0007096,O002875,P0048,1,316.06,150.66,0
OI0007097,O002876,P0015,1,147.82,103.39,5
OI0007098,O002877,P0053,1,23.29,11.09,10
OI0007099,O002878,P0093,2,64.09,40.65,5
OI0007100,O002879,P0092,1,51.3,24.69,5
OI0007101,O002880,P0062,1,274.98,138.35,0
OI0007102,O002880,P0087,1,136.09,59.78,0
OI0007103,O002880,P0101,-1,338.95,156.07,0
OI0007104,O002881,P0004,3,114.79,53.81,20
OI0007105,O002881,P0099,4,179.3,114.96,0
OI0007106,O002881,P0044,2,279.36,162.6,5
OI0007107,O002882,P0008,3,223.03,120.69,5
OI0007108,O002883,P0041,1,46.27,32.89,10
OI0007109,O002883,P0113,1,152.02,79.85,5
OI0007110,O002883,P0011,2,116.27,72.14,5
OI0007111,O002884,P0069,3,259.35,175.47,0
OI0007112,O002884,P0057,1,95.09,41.82,0
OI0007113,O002884,P0007,2,180.16,110.8,0
OI0007114,O002884,P0080,1,392.84,163.94,10
OI0007115,O002885,P0087,1,136.09,59.78,0
OI0007116,O002885,P0077,1,9.56,6.81,10
OI0007117,O002885,P0080,3,392.84,163.94,5
OI0007118,O002885,P0051,3,104.92,60.39,10
OI0007119,O002886,P0078,1,268.06,129.83,15
OI0007120,O002886,P0003,1,171.57,88.27,5
OI0007121,O002886,P0081,1,96.93,49.39,5
OI0007122,O002886,P0094,3,309.52,160.91,0
OI0007123,O002887,P0044,1,279.36,162.6,20
OI0007124,O002887,P0057,1,95.09,41.82,0
OI0007125,O002888,P0106,1,56.39,27.98,0
OI0007126,O002888,P0008,1,223.03,120.69,15
OI0007127,O002889,P0087,1,136.09,59.78,15
OI0007128,O002889,P0001,4,58.62,26.48,5
OI0007129,O002889,P0107,4,140.71,82.95,20
OI0007130,O002890,P0100,1,280.83,119.83,5
OI0007131,O002890,P0056,1,385.75,167.31,20
OI0007132,O002891,P0032,2,148.44,75.4,0
OI0007133,O002891,P0087,1,136.09,59.78,0
OI0007134,O002892,P0119,1,78.86,37.39,20
OI0007135,O002892,P0060,1,306.49,149.27,0
OI0007136,O002892,P0004,1,114.79,53.81,0
OI0007137,O002893,P0029,1,35.33,21.58,5
OI0007138,O002893,P0049,1,59.24,43.15,0
OI0007139,O002893,P0015,1,147.82,103.39,15
OI0007140,O002893,P0003,1,171.57,88.27,5
OI0007141,O002894,P0106,3,56.39,27.98,0
OI0007142,O002894,P0057,2,95.09,41.82,5
OI0007143,O002895,P0056,1,385.75,167.31,10
OI0007144,O002895,P0069,2,259.35,175.47,15
OI0007145,O002896,P0015,2,147.82,103.39,25
OI0007146,O002896,P0025,3,187.19,125.9,5
OI0007147,O002896,P0103,1,100.44,47.01,0
OI0007148,O002896,P0025,1,187.19,125.9,15
OI0007149,O002897,P0068,3,103.65,44.29,0
OI0007150,O002897,P0102,1,195.72,100.75,5
OI0007151,O002898,P0085,3,142.09,59.82,0
OI0007152,O002898,P0031,2,254.7,145.72,0
OI0007153,O002899,P0101,1,338.95,156.07,10
OI0007154,O002900,P0019,1,36.3,22.04,15
OI0007155,O002901,P0111,3,116.59,86.94,15
OI0007156,O002901,P0023,1,15.34,8.57,0
OI0007157,O002901,P0058,4,224.02,143.13,15
OI0007158,O002902,P0068,1,103.65,44.29,0
OI0007159,O002903,P0045,3,354.19,170.05,20
OI0007160,O002903,P0101,1,338.95,156.07,5
OI0007161,O002904,P0006,2,273.98,150.3,0
OI0007162,O002904,P0031,1,254.7,145.72,15
OI0007163,O002905,P0070,1,131.06,75.18,0
OI0007164,O002905,P0057,1,95.09,41.82,20
OI0007165,O002906,P0015,2,147.82,103.39,10
OI0007166,O002906,P0119,3,78.86,37.39,5
OI0007167,O002907,P0008,2,223.03,120.69,5
OI0007168,O002908,P0098,2,17.88,10.05,15
OI0007169,O002909,P0005,3,181.52,92.02,10
OI0007170,O002909,P0111,3,116.59,86.94,20
OI0007171,O002909,P0022,1,192.12,85.66,0
OI0007172,O002909,P0018,1,281.84,146.67,25
OI0007173,O002910,P0101,2,338.95,156.07,15
OI0007174,O002910,P0031,1,254.7,145.72,15
OI0007175,O002910,P0066,3,103.29,50.62,0
OI0007176,O002911,P0098,2,17.88,10.05,5
OI0007177,O002911,P0065,1,270.21,125.01,0
OI0007178,O002912,P0006,2,273.98,150.3,0
OI0007179,O002912,P0085,4,142.09,59.82,5
OI0007180,O002912,P0085,2,142.09,59.82,0
OI0007181,O002913,P0090,1,60.09,33.62,15
OI0007182,O002913,P0014,1,189.67,104.55,0
OI0007183,O002913,P0097,1,163.15,70.37,5
OI0007184,O002913,P0048,1,316.06,150.66,0
OI0007185,O002914,P0052,2,142.04,68.52,0
OI0007186,O002914,P0069,2,259.35,175.47,0
OI0007187,O002914,P0016,1,182.65,108.43,10
OI0007188,O002915,P0094,4,309.52,160.91,10
OI0007189,O002915,P0053,2,23.29,11.09,15
OI0007190,O002915,P0014,2,189.67,104.55,0
OI0007191,O002916,P0026,1,187.78,112.59,0
OI0007192,O002916,P0011,1,116.27,72.14,15
OI0007193,O002916,P0117,1,252.27,158.43,5
OI0007194,O002917,P0110,2,311.63,167.87,20
OI0007195,O002917,P0048,1,316.06,150.66,0
OI0007196,O002917,P0033,2,211.78,114.87,0
OI0007197,O002918,P0041,1,46.27,32.89,5
OI0007198,O002918,P0060,1,306.49,149.27,15
OI0007199,O002919,P0001,1,58.62,26.48,0
OI0007200,O002919,P0019,1,36.3,22.04,0
OI0007201,O002919,P0067,1,33.07,19.77,15
OI0007202,O002920,P0040,1,214.96,89.94,15
OI0007203,O002920,P0073,1,372.75,170.56,10
OI0007204,O002920,P0088,2,236.31,102.24,0
OI0007205,O002921,P0022,2,192.12,85.66,0
OI0007206,O002921,P0093,4,64.09,40.65,5
OI0007207,O002921,P0046,1,310.17,133.53,0
OI0007208,O002921,P0078,2,268.06,129.83,5
OI0007209,O002922,P0027,1,283.79,152.07,10
OI0007210,O002922,P0104,3,71.93,33.51,0
OI0007211,O002922,P0002,1,230.82,108.89,0
OI0007212,O002922,P0101,1,338.95,156.07,10
OI0007213,O002923,P0021,2,217.0,157.06,0
OI0007214,O002923,P0059,2,310.18,133.96,15
OI0007215,O002923,P0070,1,131.06,75.18,0
OI0007216,O002923,P0065,1,270.21,125.01,5
OI0007217,O002924,P0035,1,326.93,146.56,0
OI0007218,O002925,P0111,1,116.59,86.94,0
OI0007219,O002925,P0002,3,230.82,108.89,15
OI0007220,O002925,P0092,4,51.3,24.69,20
OI0007221,O002926,P0101,2,338.95,156.07,0
OI0007222,O002927,P0102,1,195.72,100.75,0
OI0007223,O002928,P0032,2,148.44,75.4,5
OI0007224,O002928,P0066,1,103.29,50.62,0
OI0007225,O002929,P0068,1,103.65,44.29,0
OI0007226,O002929,P0036,2,71.47,40.11,0
OI0007227,O002929,P0046,2,310.17,133.53,20
OI0007228,O002929,P0103,3,100.44,47.01,0
OI0007229,O002930,P0077,1,9.56,6.81,0
OI0007230,O002931,P0005,3,181.52,92.02,0
OI0007231,O002931,P0008,1,223.03,120.69,0
OI0007232,O002931,P0101,3,338.95,156.07,0
OI0007233,O002931,P0094,1,309.52,160.91,10
OI0007234,O002932,P0097,2,163.15,70.37,0
OI0007235,O002932,P0083,1,63.1,34.73,0
OI0007236,O002932,P0053,1,23.29,11.09,10
OI0007237,O002932,P0082,1,64.05,28.14,0
OI0007238,O002933,P0030,1,90.28,41.7,15
OI0007239,O002934,P0111,1,116.59,86.94,10
OI0007240,O002935,P0014,1,189.67,104.55,0
OI0007241,O002935,P0107,1,140.71,82.95,20
OI0007242,O002935,P0034,2,265.11,120.64,25
OI0007243,O002935,P0103,1,100.44,47.01,5
OI0007244,O002936,P0019,1,36.3,22.04,0
OI0007245,O002936,P0009,4,102.74,56.37,10
OI0007246,O002937,P0074,1,62.08,27.78,10
OI0007247,O002937,P0085,1,142.09,59.82,5
OI0007248,O002937,P0083,1,63.1,34.73,5
OI0007249,O002937,P0043,4,33.48,14.68,20
OI0007250,O002938,P0056,1,385.75,167.31,5
OI0007251,O002939,P0116,3,53.16,36.42,20
OI0007252,O002939,P0005,2,181.52,92.02,0
OI0007253,O002940,P0014,1,189.67,104.55,10
OI0007254,O002940,P0004,2,114.79,53.81,0
OI0007255,O002941,P0118,1,177.52,114.17,0
OI0007256,O002941,P0091,1,196.39,82.27,10
OI0007257,O002941,P0037,2,171.97,76.8,20
OI0007258,O002942,P0100,4,280.83,119.83,5
OI0007259,O002943,P0026,2,187.78,112.59,0
OI0007260,O002944,P0113,1,152.02,79.85,5
OI0007261,O002945,P0046,2,310.17,133.53,10
OI0007262,O002945,P0095,1,202.91,139.2,15
OI0007263,O002945,P0090,1,60.09,33.62,0
OI0007264,O002945,P0018,1,281.84,146.67,0
OI0007265,O002946,P0037,2,171.97,76.8,15
OI0007266,O002946,P0009,1,102.74,56.37,0
OI0007267,O002946,P0015,1,147.82,103.39,15
OI0007268,O002947,P0056,1,385.75,167.31,0
OI0007269,O002948,P0107,2,140.71,82.95,15
OI0007270,O002949,P0028,1,307.09,179.34,0
OI0007271,O002949,P0054,1,83.38,49.27,5
OI0007272,O002949,P0051,3,104.92,60.39,0
OI0007273,O002950,P0024,1,169.87,104.81,5
OI0007274,O002951,P0109,1,39.14,21.27,15
OI0007275,O002952,P0062,1,274.98,138.35,15
OI0007276,O002952,P0051,1,104.92,60.39,0
OI0007277,O002952,P0113,2,152.02,79.85,5
OI0007278,O002952,P0112,1,361.01,177.23,15
OI0007279,O002953,P0065,2,270.21,125.01,0
OI0007280,O002953,P0105,2,124.3,57.25,5
OI0007281,O002954,P0103,1,100.44,47.01,110
OI0007282,O002954,P0046,1,310.17,133.53,10
OI0007283,O002954,P0054,1,83.38,49.27,10
OI0007284,O002954,P0070,1,131.06,75.18,10
OI0007285,O002955,P0042,3,79.85,35.8,0
OI0007286,O002956,P0117,1,252.27,158.43,10
OI0007287,O002957,P0077,3,9.56,6.81,0
OI0007288,O002957,P0046,1,310.17,133.53,0
OI0007289,O002957,P0082,4,64.05,28.14,0
OI0007290,O002957,P0099,1,179.3,114.96,5
OI0007291,O002958,P0085,4,142.09,59.82,15
OI0007292,O002958,P0073,4,372.75,170.56,5
OI0007293,O002958,P0067,1,33.07,19.77,15
OI0007294,O002958,P0105,1,124.3,57.25,25
OI0007295,O002959,P0065,3,270.21,125.01,0
OI0007296,O002959,P0106,4,56.39,27.98,0
OI0007297,O002960,P0064,2,60.15,32.62,10
OI0007298,O002960,P0055,1,150.07,98.61,0
OI0007299,O002961,P0006,1,273.98,150.3,0
OI0007300,O002961,P0013,1,127.84,91.01,0
OI0007301,O002961,P0013,1,127.84,91.01,0
OI0007302,O002961,P0097,2,163.15,70.37,5
OI0007303,O002962,P0069,1,259.35,175.47,20
OI0007304,O002963,P0065,1,270.21,125.01,20
OI0007305,O002963,P0065,1,270.21,125.01,0
OI0007306,O002963,P0045,1,354.19,170.05,10
OI0007307,O002963,P0091,2,196.39,82.27,20
OI0007308,O002964,P0004,1,114.79,53.81,0
OI0007309,O002964,P0006,1,273.98,150.3,15
OI0007310,O002965,P0026,2,187.78,112.59,10
OI0007311,O002965,P0084,1,42.76,20.69,0
OI0007312,O002966,P0058,1,224.02,143.13,15
OI0007313,O002966,P0098,2,17.88,10.05,25
OI0007314,O002966,P0033,1,211.78,114.87,10
OI0007315,O002967,P0017,2,30.38,15.75,5
OI0007316,O002968,P0082,3,64.05,28.14,10
OI0007317,O002968,P0030,3,90.28,41.7,20
OI0007318,O002968,P0042,2,79.85,35.8,0
OI0007319,O002969,P0007,2,180.16,110.8,5
OI0007320,O002969,P0058,2,224.02,143.13,5
OI0007321,O002969,P0035,1,326.93,146.56,0
OI0007322,O002969,P0027,1,283.79,152.07,10
OI0007323,O002970,P0034,1,265.11,120.64,0
OI0007324,O002970,P0059,1,310.18,133.96,10
OI0007325,O002971,P0077,1,9.56,6.81,0
OI0007326,O002971,P0041,3,46.27,32.89,0
OI0007327,O002971,P0055,2,150.07,98.61,5
OI0007328,O002971,P0031,1,254.7,145.72,5
OI0007329,O002972,P0095,3,202.91,139.2,0
OI0007330,O002972,P0108,3,299.87,137.39,5
OI0007331,O002973,P0105,2,124.3,57.25,10
OI0007332,O002973,P0079,1,28.55,21.67,0
OI0007333,O002974,P0114,2,41.45,23.84,20
OI0007334,O002974,P0023,1,15.34,8.57,10
OI0007335,O002975,P0106,2,56.39,27.98,20
OI0007336,O002975,P0041,1,46.27,32.89,5
OI0007337,O002975,P0090,1,60.09,33.62,0
OI0007338,O002975,P0106,1,56.39,27.98,0
OI0007339,O002976,P0028,1,307.09,179.34,20
OI0007340,O002977,P0022,1,192.12,85.66,10
OI0007341,O002977,P0026,1,187.78,112.59,0
OI0007342,O002978,P0105,1,124.3,57.25,15
OI0007343,O002978,P0119,2,78.86,37.39,15
OI0007344,O002979,P0020,-1,185.28,120.72,10
OI0007345,O002979,P0039,1,66.47,46.73,0
OI0007346,O002979,P0041,1,46.27,32.89,15
OI0007347,O002980,P0088,2,236.31,102.24,10
OI0007348,O002980,P0103,1,100.44,47.01,0
OI0007349,O002980,P0046,1,310.17,133.53,5
OI0007350,O002980,P0113,1,152.02,79.85,0
OI0007351,O002981,P0114,1,41.45,23.84,5
OI0007352,O002981,P0018,2,281.84,146.67,0
OI0007353,O002981,P0060,1,306.49,149.27,20
OI0007354,O002981,P0064,3,60.15,32.62,0
OI0007355,O002982,P0033,1,211.78,114.87,5
OI0007356,O002982,P0002,-1,230.82,108.89,20
OI0007357,O002982,P0055,1,150.07,98.61,5
OI0007358,O002983,P0004,-1,114.79,53.81,25
OI0007359,O002984,P0041,1,46.27,32.89,0
OI0007360,O002984,P0009,1,102.74,56.37,0
OI0007361,O002984,P0051,2,104.92,60.39,0
OI0007362,O002984,P0040,2,214.96,89.94,0
OI0007363,O002985,P0076,1,81.73,46.21,0
OI0007364,O002985,P0070,1,131.06,75.18,15
OI0007365,O002985,P0092,1,51.3,24.69,5
OI0007366,O002986,P0027,2,283.79,152.07,15
OI0007367,O002986,P0105,1,124.3,57.25,0
OI0007368,O002986,P0013,2,127.84,91.01,15
OI0007369,O002987,P0023,1,15.34,8.57,15
OI0007370,O002987,P0117,1,252.27,158.43,0
OI0007371,O002987,P0020,1,185.28,120.72,15
OI0007372,O002988,P0046,1,310.17,133.53,0
OI0007373,O002989,P0083,1,63.1,34.73,5
OI0007374,O002989,P0038,1,81.71,51.71,0
OI0007375,O002989,P0099,1,179.3,114.96,0
OI0007376,O002990,P0038,1,81.71,51.71,0
OI0007377,O002991,P0056,2,385.75,167.31,5
OI0007378,O002991,P0029,1,35.33,21.58,0
OI0007379,O002991,P0083,4,63.1,34.73,25
OI0007380,O002991,P0053,3,23.29,11.09,10
OI0007381,O002992,P0020,1,185.28,120.72,5
OI0007382,O002992,P0011,1,116.27,72.14,0
OI0007383,O002992,P0077,1,9.56,6.81,0
OI0007384,O002992,P0039,1,66.47,46.73,15
OI0007385,O002993,P0069,3,259.35,175.47,15
OI0007386,O002993,P0030,1,90.28,41.7,5
OI0007387,O002993,P0045,4,354.19,170.05,10
OI0007388,O002993,P0103,2,100.44,47.01,15
OI0007389,O002994,P0031,1,254.7,145.72,0
OI0007390,O002995,P0001,2,58.62,26.48,0
OI0007391,O002995,P0017,4,30.38,15.75,5
OI0007392,O002996,P0013,2,127.84,91.01,5
OI0007393,O002996,P0086,1,263.23,167.09,0
OI0007394,O002996,P0023,1,15.34,8.57,5
OI0007395,O002996,P0100,2,280.83,119.83,15
OI0007396,O002997,P0058,1,224.02,143.13,5
OI0007397,O002998,P0029,2,35.33,21.58,0
OI0007398,O002998,P0073,1,372.75,170.56,5
OI0007399,O002999,P0047,1,243.5,159.8,0
OI0007400,O002999,P0087,1,136.09,59.78,0
OI0007401,O003000,P0003,2,171.57,88.27,0
OI0007402,O003000,P0081,1,96.93,49.39,0
OI0007403,O003000,P0027,3,283.79,152.07,15
OI0007404,O003001,P0007,1,180.16,110.8,10
OI0007405,O003002,P0103,2,100.44,47.01,0
OI0007406,O003003,P0064,4,60.15,32.62,0
OI0007407,O003003,P0099,1,179.3,114.96,0
OI0007408,O003004,P0022,1,192.12,85.66,5
OI0007409,O003004,P0023,3,15.34,8.57,0
OI0007410,O003004,P0002,1,230.82,108.89,5
OI0007411,O003004,P0041,3,46.27,32.89,0
OI0007412,O003005,P0041,2,46.27,32.89,5
OI0007413,O003005,P0034,1,265.11,120.64,0
OI0007414,O003006,P0012,1,20.32,10.75,0
OI0007415,O003006,P0056,2,385.75,167.31,0
OI0007416,O003006,P0100,1,280.83,119.83,15
OI0007417,O003007,P0040,1,214.96,89.94,10
OI0007418,O003007,P0082,3,64.05,28.14,5
OI0007419,O003008,P0025,2,187.19,125.9,15
OI0007420,O003008,P0116,2,53.16,36.42,10
OI0007421,O003008,P0021,3,217.0,157.06,0
OI0007422,O003008,P0083,1,63.1,34.73,5
OI0007423,O003009,P0086,2,263.23,167.09,15
OI0007424,O003009,P0070,1,131.06,75.18,0
OI0007425,O003010,P0099,4,179.3,114.96,5
OI0007426,O003010,P0023,2,15.34,8.57,0
OI0007427,O003010,P0018,-1,281.84,146.67,10
OI0007428,O003011,P0113,4,152.02,79.85,20
OI0007429,O003011,P0041,3,46.27,32.89,5
OI0007430,O003011,P0109,4,39.14,21.27,0
OI0007431,O003012,P0057,1,95.09,41.82,0
OI0007432,O003012,P0018,2,281.84,146.67,5
OI0007433,O003013,P0094,1,309.52,160.91,0
OI0007434,O003013,P0083,2,63.1,34.73,25
OI0007435,O003013,P0031,1,254.7,145.72,0
OI0007436,O003013,P0048,2,316.06,150.66,10
OI0007437,O003014,P0045,1,354.19,170.05,0
OI0007438,O003015,P0013,2,127.84,91.01,0
OI0007439,O003016,P0066,3,103.29,50.62,10
OI0007440,O003016,P0099,1,179.3,114.96,10
OI0007441,O003016,P0111,1,116.59,86.94,15
OI0007442,O003017,P0099,1,179.3,114.96,0
OI0007443,O003017,P0118,2,177.52,114.17,15
OI0007444,O003017,P0046,2,310.17,133.53,25
OI0007445,O003017,P0084,3,42.76,20.69,0
OI0007446,O003018,P0117,1,252.27,158.43,5
OI0007447,O003018,P0117,3,252.27,158.43,25
OI0007448,O003018,P0039,1,66.47,46.73,10
OI0007449,O003018,P0021,2,217.0,157.06,5
OI0007450,O003019,P0106,1,56.39,27.98,0
OI0007451,O003019,P0024,2,169.87,104.81,0
OI0007452,O003020,P0101,1,338.95,156.07,0
OI0007453,O003020,P0037,1,171.97,76.8,0
OI0007454,O003021,P0046,1,310.17,133.53,0
OI0007455,O003021,P0051,3,104.92,60.39,0
OI0007456,O003021,P0022,1,192.12,85.66,10
OI0007457,O003022,P0065,1,270.21,125.01,0
OI0007458,O003022,P0023,1,15.34,8.57,0
OI0007459,O003023,P0060,1,306.49,149.27,10
OI0007460,O003023,P0034,3,265.11,120.64,5
OI0007461,O003023,P0091,1,196.39,82.27,0
OI0007462,O003024,P0050,3,171.47,76.47,0
OI0007463,O003024,P0071,3,66.14,34.77,0
OI0007464,O003024,P0048,2,316.06,150.66,0
OI0007465,O003024,P0072,1,272.32,149.77,0
OI0007466,O003025,P0045,2,354.19,170.05,0
OI0007467,O003025,P0077,2,9.56,6.81,5
OI0007468,O003025,P0113,3,152.02,79.85,10
OI0007469,O003025,P0098,2,17.88,10.05,5
OI0007470,O003026,P0031,4,254.7,145.72,0
OI0007471,O003027,P0012,1,20.32,10.75,0
OI0007472,O003027,P0043,2,33.48,14.68,10
OI0007473,O003027,P0051,2,104.92,60.39,15
OI0007474,O003027,P0065,1,270.21,125.01,15
OI0007475,O003028,P0107,2,140.71,82.95,0
OI0007476,O003028,P0037,2,171.97,76.8,15
OI0007477,O003028,P0052,3,142.04,68.52,0
OI0007478,O003029,P0052,2,142.04,68.52,0
OI0007479,O003029,P0086,1,263.23,167.09,5
OI0007480,O003029,P0019,1,36.3,22.04,10
OI0007481,O003030,P0116,1,53.16,36.42,0
OI0007482,O003031,P0015,3,147.82,103.39,0
OI0007483,O003031,P0094,1,309.52,160.91,10
OI0007484,O003031,P0108,1,299.87,137.39,5
OI0007485,O003031,P0077,2,9.56,6.81,0
OI0007486,O003032,P0010,2,236.09,100.66,0
OI0007487,O003032,P0039,1,66.47,46.73,0
OI0007488,O003032,P0036,2,71.47,40.11,0
OI0007489,O003033,P0120,1,123.81,98.52,5
OI0007490,O003033,P0104,1,71.93,33.51,10
OI0007491,O003033,P0011,1,116.27,72.14,5
OI0007492,O003033,P0035,2,326.93,146.56,0
OI0007493,O003034,P0023,1,15.34,8.57,10
OI0007494,O003035,P0009,2,102.74,56.37,10
OI0007495,O003035,P0085,4,142.09,59.82,5
OI0007496,O003035,P0049,1,59.24,43.15,0
OI0007497,O003036,P0046,1,310.17,133.53,20
OI0007498,O003036,P0067,2,33.07,19.77,0
OI0007499,O003036,P0008,3,223.03,120.69,5
OI0007500,O003037,P0104,1,71.93,33.51,0
OI0007501,O003038,P0008,1,223.03,120.69,5
OI0007502,O003039,P0120,2,123.81,98.52,5
OI0007503,O003039,P0068,2,103.65,44.29,15
OI0007504,O003039,P0020,1,185.28,120.72,5
OI0007505,O003039,P0066,1,103.29,50.62,0
OI0007506,O003040,P0094,2,309.52,160.91,15
OI0007507,O003041,P0040,1,214.96,89.94,15
OI0007508,O003041,P0035,3,326.93,146.56,5
OI0007509,O003042,P0059,1,310.18,133.96,0
OI0007510,O003042,P0102,1,195.72,100.75,0
OI0007511,O003042,P0041,1,46.27,32.89,15
OI0007512,O003043,P0079,2,28.55,21.67,10
OI0007513,O003043,P0018,2,281.84,146.67,0
OI0007514,O003043,P0117,2,252.27,158.43,20
OI0007515,O003044,P0005,1,181.52,92.02,0
OI0007516,O003044,P0052,1,142.04,68.52,0
OI0007517,O003045,P0110,1,311.63,167.87,15
OI0007518,O003045,P0048,2,316.06,150.66,10
OI0007519,O003045,P0095,1,202.91,139.2,10
OI0007520,O003045,P0074,4,62.08,27.78,0
OI0007521,O003046,P0066,3,103.29,50.62,0
OI0007522,O003046,P0053,4,23.29,11.09,0
OI0007523,O003046,P0085,4,142.09,59.82,15
OI0007524,O003047,P0047,2,243.5,159.8,20
OI0007525,O003047,P0061,1,241.21,110.37,0
OI0007526,O003047,P0080,-1,392.84,163.94,15
OI0007527,O003047,P0087,-1,136.09,59.78,5
OI0007528,O003048,P0080,1,392.84,163.94,0
OI0007529,O003049,P0053,2,23.29,11.09,20
OI0007530,O003049,P0075,4,134.51,78.21,10
OI0007531,O003049,P0069,2,259.35,175.47,0
OI0007532,O003050,P0047,1,243.5,159.8,0
OI0007533,O003051,P0050,3,171.47,76.47,0
OI0007534,O003051,P0106,1,56.39,27.98,0
OI0007535,O003051,P0111,1,116.59,86.94,0
OI0007536,O003051,P0097,1,163.15,70.37,0
OI0007537,O003052,P0012,1,20.32,10.75,0
OI0007538,O003053,P0079,1,28.55,21.67,10
OI0007539,O003053,P0034,1,265.11,120.64,15
OI0007540,O003053,P0053,2,23.29,11.09,15
OI0007541,O003054,P0070,1,131.06,75.18,5
OI0007542,O003054,P0009,1,102.74,56.37,10
OI0007543,O003054,P0018,2,281.84,146.67,0
OI0007544,O003055,P0096,1,280.31,123.46,0
OI0007545,O003055,P0090,2,60.09,33.62,0
OI0007546,O003055,P0093,2,64.09,40.65,20
OI0007547,O003056,P0017,1,30.38,15.75,20
OI0007548,O003056,P0005,1,181.52,92.02,0
OI0007549,O003056,P0014,3,189.67,104.55,0
OI0007550,O003056,P0019,4,36.3,22.04,5
OI0007551,O003057,P0089,1,49.96,38.06,5
OI0007552,O003057,P0051,1,104.92,60.39,10
OI0007553,O003057,P0041,1,46.27,32.89,0
OI0007554,O003057,P0088,1,236.31,102.24,0
OI0007555,O003058,P0044,1,279.36,162.6,0
OI0007556,O003058,P0018,1,281.84,146.67,10
OI0007557,O003058,P0063,1,8.2,5.54,10
OI0007558,O003059,P0017,1,30.38,15.75,0
OI0007559,O003060,P0075,1,134.51,78.21,0
OI0007560,O003060,P0001,1,58.62,26.48,0
OI0007561,O003060,P0015,1,147.82,103.39,10
OI0007562,O003060,P0028,2,307.09,179.34,15
OI0007563,O003061,P0007,1,180.16,110.8,20
OI0007564,O003062,P0019,1,36.3,22.04,0
OI0007565,O003062,P0111,1,116.59,86.94,10
OI0007566,O003062,P0047,2,243.5,159.8,25
OI0007567,O003063,P0099,2,179.3,114.96,5
OI0007568,O003064,P0036,2,71.47,40.11,5
OI0007569,O003064,P0107,1,140.71,82.95,0
OI0007570,O003065,P0080,1,392.84,163.94,10
OI0007571,O003065,P0086,2,263.23,167.09,10
OI0007572,O003065,P0011,1,116.27,72.14,15
OI0007573,O003065,P0094,1,309.52,160.91,10
OI0007574,O003066,P0050,1,171.47,76.47,10
OI0007575,O003066,P0028,1,307.09,179.34,5
OI0007576,O003066,P0086,2,263.23,167.09,0
OI0007577,O003067,P0077,4,9.56,6.81,5
OI0007578,O003067,P0083,3,63.1,34.73,5
OI0007579,O003068,P0038,1,81.71,51.71,10
OI0007580,O003068,P0065,3,270.21,125.01,0
OI0007581,O003069,P0114,1,41.45,23.84,110
OI0007582,O003069,P0029,1,35.33,21.58,15
OI0007583,O003069,P0038,2,81.71,51.71,10
OI0007584,O003069,P0043,1,33.48,14.68,0
OI0007585,O003070,P0035,2,326.93,146.56,0
OI0007586,O003070,P0069,1,259.35,175.47,0
OI0007587,O003070,P0113,1,152.02,79.85,0
OI0007588,O003071,P0060,1,306.49,149.27,0
OI0007589,O003071,P0067,1,33.07,19.77,0
OI0007590,O003071,P0058,1,224.02,143.13,0
OI0007591,O003072,P0036,1,71.47,40.11,5
OI0007592,O003072,P0038,3,81.71,51.71,0
OI0007593,O003072,P0120,2,123.81,98.52,0
OI0007594,O003073,P0001,4,58.62,26.48,10
OI0007595,O003073,P0068,2,103.65,44.29,0
OI0007596,O003074,P0079,3,28.55,21.67,10
OI0007597,O003074,P0084,1,42.76,20.69,20
OI0007598,O003074,P0110,2,311.63,167.87,0
OI0007599,O003074,P0095,1,202.91,139.2,10
OI0007600,O003075,P0025,1,187.19,125.9,20
OI0007601,O003075,P0047,1,243.5,159.8,5
OI0007602,O003075,P0088,4,236.31,102.24,10
OI0007603,O003075,P0041,3,46.27,32.89,0
OI0007604,O003076,P0120,1,123.81,98.52,0
OI0007605,O003077,P0096,1,280.31,123.46,10
OI0007606,O003077,P0066,1,103.29,50.62,15
OI0007607,O003078,P0042,2,79.85,35.8,0
OI0007608,O003078,P0012,1,20.32,10.75,5
OI0007609,O003078,P0093,2,64.09,40.65,0
OI0007610,O003078,P0022,1,192.12,85.66,15
OI0007611,O003079,P0073,4,372.75,170.56,0
OI0007612,O003079,P0003,3,171.57,88.27,0
OI0007613,O003079,P0040,3,214.96,89.94,0
OI0007614,O003080,P0086,3,263.23,167.09,0
OI0007615,O003080,P0011,1,116.27,72.14,0
OI0007616,O003080,P0081,2,96.93,49.39,0
OI0007617,O003080,P0060,1,306.49,149.27,0
OI0007618,O003081,P0013,1,127.84,91.01,5
OI0007619,O003082,P0045,2,354.19,170.05,0
OI0007620,O003082,P0104,1,71.93,33.51,5
OI0007621,O003083,P0075,1,134.51,78.21,10
OI0007622,O003083,P0089,1,49.96,38.06,5
OI0007623,O003083,P0026,1,187.78,112.59,0
OI0007624,O003084,P0032,1,148.44,75.4,0
OI0007625,O003085,P0110,1,311.63,167.87,10
OI0007626,O003085,P0016,1,182.65,108.43,20
OI0007627,O003085,P0062,1,274.98,138.35,0
OI0007628,O003086,P0030,2,90.28,41.7,5
OI0007629,O003086,P0056,3,385.75,167.31,0
OI0007630,O003087,P0110,1,311.63,167.87,0
OI0007631,O003087,P0118,1,177.52,114.17,10
OI0007632,O003088,P0081,1,96.93,49.39,0
OI0007633,O003088,P0077,2,9.56,6.81,10
OI0007634,O003088,P0059,2,310.18,133.96,20
OI0007635,O003089,P0117,1,252.27,158.43,0
OI0007636,O003089,P0034,1,265.11,120.64,10
OI0007637,O003089,P0024,1,169.87,104.81,0
OI0007638,O003090,P0035,1,326.93,146.56,0
OI0007639,O003090,P0027,1,283.79,152.07,5
OI0007640,O003090,P0117,1,252.27,158.43,0
OI0007641,O003090,P0092,4,51.3,24.69,5
OI0007642,O003091,P0013,2,127.84,91.01,10
OI0007643,O003091,P0103,2,100.44,47.01,0
OI0007644,O003091,P0085,2,142.09,59.82,5
OI0007645,O003092,P0110,1,311.63,167.87,0
OI0007646,O003093,P0011,1,116.27,72.14,0
OI0007647,O003093,P0017,1,30.38,15.75,20
OI0007648,O003094,P0013,4,127.84,91.01,10
OI0007649,O003094,P0094,2,309.52,160.91,5
OI0007650,O003095,P0093,1,64.09,40.65,15
OI0007651,O003095,P0066,4,103.29,50.62,15
OI0007652,O003095,P0044,1,279.36,162.6,15
OI0007653,O003095,P0027,1,283.79,152.07,0
OI0007654,O003096,P0048,3,316.06,150.66,5
OI0007655,O003096,P0096,4,280.31,123.46,5
OI0007656,O003097,P0041,1,46.27,32.89,0
OI0007657,O003097,P0015,1,147.82,103.39,0
OI0007658,O003098,P0100,1,280.83,119.83,0
OI0007659,O003098,P0001,1,58.62,26.48,0
OI0007660,O003099,P0024,1,169.87,104.81,20
OI0007661,O003099,P0102,2,195.72,100.75,10
OI0007662,O003099,P0030,4,90.28,41.7,0
OI0007663,O003100,P0005,1,181.52,92.02,0
OI0007664,O003101,P0006,2,273.98,150.3,25
OI0007665,O003101,P0073,1,372.75,170.56,0
OI0007666,O003101,P0066,4,103.29,50.62,0
OI0007667,O003102,P0072,2,272.32,149.77,5
OI0007668,O003103,P0007,1,180.16,110.8,0
OI0007669,O003103,P0068,1,103.65,44.29,10
OI0007670,O003103,P0013,1,127.84,91.01,110
OI0007671,O003104,P0115,1,66.66,49.6,0
OI0007672,O003104,P0073,1,372.75,170.56,0
OI0007673,O003105,P0036,2,71.47,40.11,0
OI0007674,O003105,P0010,-1,236.09,100.66,0
OI0007675,O003105,P0106,1,56.39,27.98,0
OI0007676,O003105,P0093,1,64.09,40.65,20
OI0007677,O003106,P0089,1,49.96,38.06,0
OI0007678,O003106,P0105,1,124.3,57.25,0
OI0007679,O003107,P0082,2,64.05,28.14,0
OI0007680,O003108,P0011,2,116.27,72.14,0
OI0007681,O003108,P0075,2,134.51,78.21,10
OI0007682,O003109,P0035,1,326.93,146.56,0
OI0007683,O003110,P0064,-1,60.15,32.62,20
OI0007684,O003111,P0076,1,81.73,46.21,0
OI0007685,O003111,P0089,2,49.96,38.06,0
OI0007686,O003111,P0023,1,15.34,8.57,0
OI0007687,O003112,P0102,1,195.72,100.75,110
OI0007688,O003113,P0068,3,103.65,44.29,0
OI0007689,O003113,P0099,1,179.3,114.96,0
OI0007690,O003113,P0116,1,53.16,36.42,0
OI0007691,O003113,P0014,3,189.67,104.55,10
OI0007692,O003114,P0063,1,8.2,5.54,0
OI0007693,O003114,P0014,1,189.67,104.55,0
OI0007694,O003114,P0061,1,241.21,110.37,20
OI0007695,O003114,P0026,1,187.78,112.59,10
OI0007696,O003115,P0088,3,236.31,102.24,10
OI0007697,O003115,P0055,1,150.07,98.61,0
OI0007698,O003115,P0099,1,179.3,114.96,0
OI0007699,O003116,P0078,1,268.06,129.83,10
OI0007700,O003116,P0023,1,15.34,8.57,15
OI0007701,O003116,P0024,1,169.87,104.81,0
OI0007702,O003117,P0110,2,311.63,167.87,0
OI0007703,O003117,P0079,1,28.55,21.67,0
OI0007704,O003117,P0084,2,42.76,20.69,0
OI0007705,O003118,P0029,3,35.33,21.58,25
OI0007706,O003118,P0120,2,123.81,98.52,10
OI0007707,O003118,P0011,4,116.27,72.14,0
OI0007708,O003118,P0023,4,15.34,8.57,20
OI0007709,O003119,P0039,1,66.47,46.73,0
OI0007710,O003119,P0066,3,103.29,50.62,0
OI0007711,O003120,P0107,3,140.71,82.95,5
OI0007712,O003120,P0054,1,83.38,49.27,15
OI0007713,O003120,P0027,1,283.79,152.07,15
OI0007714,O003121,P0015,1,147.82,103.39,0
OI0007715,O003121,P0060,4,306.49,149.27,0
OI0007716,O003121,P0005,1,181.52,92.02,0
OI0007717,O003121,P0063,1,8.2,5.54,0
OI0007718,O003122,P0108,1,299.87,137.39,0
OI0007719,O003123,P0019,2,36.3,22.04,15
OI0007720,O003124,P0058,2,224.02,143.13,10
OI0007721,O003124,P0074,1,62.08,27.78,5
OI0007722,O003124,P0036,2,71.47,40.11,0
OI0007723,O003124,P0036,4,71.47,40.11,0
OI0007724,O003125,P0017,1,30.38,15.75,25
OI0007725,O003125,P0006,2,273.98,150.3,0
OI0007726,O003126,P0119,1,78.86,37.39,20
OI0007727,O003127,P0101,-1,338.95,156.07,5
OI0007728,O003127,P0089,1,49.96,38.06,0
OI0007729,O003128,P0053,1,23.29,11.09,0
OI0007730,O003128,P0027,4,283.79,152.07,0
OI0007731,O003129,P0054,3,83.38,49.27,0
OI0007732,O003129,P0023,2,15.34,8.57,0
OI0007733,O003129,P0115,3,66.66,49.6,10
OI0007734,O003130,P0091,1,196.39,82.27,0
OI0007735,O003131,P0096,2,280.31,123.46,5
OI0007736,O003131,P0102,1,195.72,100.75,0
OI0007737,O003132,P0087,2,136.09,59.78,15
OI0007738,O003133,P0120,3,123.81,98.52,5
OI0007739,O003133,P0054,1,83.38,49.27,15
OI0007740,O003134,P0033,1,211.78,114.87,10
OI0007741,O003134,P0108,1,299.87,137.39,0
OI0007742,O003134,P0109,2,39.14,21.27,15
OI0007743,O003134,P0094,2,309.52,160.91,0
OI0007744,O003135,P0064,1,60.15,32.62,0
OI0007745,O003136,P0036,1,71.47,40.11,0
OI0007746,O003136,P0114,3,41.45,23.84,15
OI0007747,O003136,P0011,3,116.27,72.14,0
OI0007748,O003136,P0008,1,223.03,120.69,0
OI0007749,O003137,P0063,4,8.2,5.54,0
OI0007750,O003138,P0092,4,51.3,24.69,5
OI0007751,O003139,P0014,2,189.67,104.55,110
OI0007752,O003139,P0016,2,182.65,108.43,0
OI0007753,O003140,P0045,2,354.19,170.05,0
OI0007754,O003140,P0029,4,35.33,21.58,10
OI0007755,O003141,P0112,1,361.01,177.23,0
OI0007756,O003141,P0103,2,100.44,47.01,110
OI0007757,O003141,P0109,1,39.14,21.27,15
OI0007758,O003142,P0060,3,306.49,149.27,0
OI0007759,O003142,P0049,1,59.24,43.15,25
OI0007760,O003142,P0119,1,78.86,37.39,5
OI0007761,O003143,P0036,-1,71.47,40.11,0
OI0007762,O003143,P0079,1,28.55,21.67,10
OI0007763,O003143,P0097,1,163.15,70.37,20
OI0007764,O003144,P0036,1,71.47,40.11,5
OI0007765,O003144,P0008,2,223.03,120.69,5
OI0007766,O003145,P0017,-1,30.38,15.75,0
OI0007767,O003145,P0042,3,79.85,35.8,15
OI0007768,O003145,P0093,1,64.09,40.65,0
OI0007769,O003145,P0116,2,53.16,36.42,10
OI0007770,O003146,P0119,1,78.86,37.39,10
OI0007771,O003146,P0085,3,142.09,59.82,0
OI0007772,O003146,P0042,2,79.85,35.8,5
OI0007773,O003146,P0076,-1,81.73,46.21,0
OI0007774,O003147,P0112,2,361.01,177.23,0
OI0007775,O003147,P0046,1,310.17,133.53,10
OI0007776,O003148,P0039,1,66.47,46.73,0
OI0007777,O003148,P0066,1,103.29,50.62,20
OI0007778,O003149,P0077,1,9.56,6.81,0
OI0007779,O003150,P0047,1,243.5,159.8,5
OI0007780,O003150,P0003,2,171.57,88.27,5
OI0007781,O003150,P0045,2,354.19,170.05,15
OI0007782,O003151,P0073,3,372.75,170.56,0
OI0007783,O003151,P0048,1,316.06,150.66,20
OI0007784,O003151,P0050,1,171.47,76.47,0
OI0007785,O003152,P0057,3,95.09,41.82,5
OI0007786,O003153,P0030,1,90.28,41.7,20
OI0007787,O003153,P0003,1,171.57,88.27,15
OI0007788,O003153,P0110,1,311.63,167.87,5
OI0007789,O003153,P0053,1,23.29,11.09,0
OI0007790,O003154,P0043,3,33.48,14.68,15
OI0007791,O003155,P0069,2,259.35,175.47,0
OI0007792,O003155,P0051,1,104.92,60.39,0
OI0007793,O003155,P0037,1,171.97,76.8,20
OI0007794,O003156,P0088,2,236.31,102.24,0
OI0007795,O003156,P0057,4,95.09,41.82,15
OI0007796,O003156,P0036,1,71.47,40.11,0
OI0007797,O003156,P0093,3,64.09,40.65,20
OI0007798,O003157,P0088,1,236.31,102.24,10
OI0007799,O003157,P0053,2,23.29,11.09,15
OI0007800,O003157,P0101,1,338.95,156.07,0
OI0007801,O003158,P0026,3,187.78,112.59,0
OI0007802,O003159,P0001,1,58.62,26.48,10
OI0007803,O003159,P0093,4,64.09,40.65,25
OI0007804,O003160,P0093,2,64.09,40.65,5
OI0007805,O003161,P0051,1,104.92,60.39,0
OI0007806,O003162,P0066,2,103.29,50.62,10
OI0007807,O003162,P0003,3,171.57,88.27,15
OI0007808,O003162,P0012,3,20.32,10.75,0
OI0007809,O003163,P0113,2,152.02,79.85,0
OI0007810,O003164,P0052,1,142.04,68.52,0
OI0007811,O003165,P0030,2,90.28,41.7,5
OI0007812,O003165,P0059,1,310.18,133.96,25
OI0007813,O003166,P0041,1,46.27,32.89,20
OI0007814,O003166,P0024,1,169.87,104.81,0
OI0007815,O003167,P0009,2,102.74,56.37,5
OI0007816,O003167,P0020,1,185.28,120.72,15
OI0007817,O003167,P0083,2,63.1,34.73,0
OI0007818,O003167,P0018,1,281.84,146.67,5
OI0007819,O003168,P0045,4,354.19,170.05,0
OI0007820,O003168,P0035,1,326.93,146.56,20
OI0007821,O003168,P0087,1,136.09,59.78,10
OI0007822,O003168,P0104,2,71.93,33.51,10
OI0007823,O003169,P0044,1,279.36,162.6,0
OI0007824,O003169,P0059,1,310.18,133.96,15
OI0007825,O003170,P0054,1,83.38,49.27,10
OI0007826,O003171,P0073,2,372.75,170.56,0
OI0007827,O003171,P0096,1,280.31,123.46,20
OI0007828,O003171,P0100,1,280.83,119.83,5
OI0007829,O003172,P0105,2,124.3,57.25,20
OI0007830,O003172,P0042,2,79.85,35.8,15
OI0007831,O003172,P0047,2,243.5,159.8,10
OI0007832,O003173,P0073,2,372.75,170.56,0
OI0007833,O003173,P0081,1,96.93,49.39,0
OI0007834,O003173,P0009,2,102.74,56.37,0
OI0007835,O003174,P0011,1,116.27,72.14,10
OI0007836,O003175,P0105,2,124.3,57.25,0
OI0007837,O003175,P0088,1,236.31,102.24,20
OI0007838,O003175,P0101,1,338.95,156.07,0
OI0007839,O003175,P0064,1,60.15,32.62,0
OI0007840,O003176,P0106,2,56.39,27.98,5
OI0007841,O003176,P0076,1,81.73,46.21,20
OI0007842,O003176,P0110,2,311.63,167.87,5
OI0007843,O003176,P0084,1,42.76,20.69,15
OI0007844,O003177,P0025,2,187.19,125.9,5
OI0007845,O003178,P0091,1,196.39,82.27,110
OI0007846,O003178,P0097,2,163.15,70.37,0
OI0007847,O003179,P0080,-1,392.84,163.94,0
OI0007848,O003179,P0045,1,354.19,170.05,5
OI0007849,O003179,P0103,1,100.44,47.01,5
OI0007850,O003180,P0008,4,223.03,120.69,5
OI0007851,O003181,P0033,2,211.78,114.87,0
OI0007852,O003181,P0004,4,114.79,53.81,0
OI0007853,O003181,P0012,2,20.32,10.75,15
OI0007854,O003181,P0047,1,243.5,159.8,0
OI0007855,O003182,P0069,2,259.35,175.47,15
OI0007856,O003182,P0047,1,243.5,159.8,5
OI0007857,O003182,P0024,3,169.87,104.81,10
OI0007858,O003182,P0022,2,192.12,85.66,0
OI0007859,O003183,P0072,2,272.32,149.77,5
OI0007860,O003183,P0097,1,163.15,70.37,10
OI0007861,O003184,P0114,4,41.45,23.84,0
OI0007862,O003184,P0064,3,60.15,32.62,0
OI0007863,O003184,P0068,1,103.65,44.29,0
OI0007864,O003185,P0074,1,62.08,27.78,0
OI0007865,O003185,P0003,1,171.57,88.27,0
OI0007866,O003185,P0003,3,171.57,88.27,5
OI0007867,O003186,P0083,1,63.1,34.73,5
OI0007868,O003186,P0114,1,41.45,23.84,110
OI0007869,O003186,P0095,1,202.91,139.2,0
OI0007870,O003187,P0100,2,280.83,119.83,15
OI0007871,O003188,P0086,1,263.23,167.09,0
OI0007872,O003188,P0055,2,150.07,98.61,15
OI0007873,O003188,P0063,1,8.2,5.54,15
OI0007874,O003189,P0034,2,265.11,120.64,0
OI0007875,O003189,P0028,1,307.09,179.34,5
OI0007876,O003189,P0054,-1,83.38,49.27,10
OI0007877,O003190,P0025,2,187.19,125.9,5
OI0007878,O003190,P0075,2,134.51,78.21,5
OI0007879,O003190,P0085,1,142.09,59.82,20
OI0007880,O003191,P0017,2,30.38,15.75,5
OI0007881,O003191,P0074,3,62.08,27.78,0
OI0007882,O003191,P0103,1,100.44,47.01,0
OI0007883,O003192,P0105,1,124.3,57.25,10
OI0007884,O003192,P0015,2,147.82,103.39,0
OI0007885,O003192,P0035,2,326.93,146.56,10
OI0007886,O003193,P0119,2,78.86,37.39,0
OI0007887,O003194,P0048,3,316.06,150.66,5
OI0007888,O003194,P0039,1,66.47,46.73,0
OI0007889,O003195,P0039,1,66.47,46.73,10
OI0007890,O003195,P0037,3,171.97,76.8,5
OI0007891,O003196,P0025,1,187.19,125.9,5
OI0007892,O003196,P0038,1,81.71,51.71,10
OI0007893,O003196,P0111,1,116.59,86.94,10
OI0007894,O003197,P0111,2,116.59,86.94,0
OI0007895,O003197,P0088,1,236.31,102.24,15
OI0007896,O003197,P0075,2,134.51,78.21,0
OI0007897,O003197,P0097,2,163.15,70.37,10
OI0007898,O003198,P0056,2,385.75,167.31,5
OI0007899,O003199,P0061,1,241.21,110.37,0
OI0007900,O003200,P0113,1,152.02,79.85,10
OI0007901,O003201,P0068,1,103.65,44.29,5
OI0007902,O003201,P0018,2,281.84,146.67,0
OI0007903,O003201,P0004,3,114.79,53.81,5
OI0007904,O003201,P0025,3,187.19,125.9,20
OI0007905,O003202,P0064,1,60.15,32.62,0
OI0007906,O003203,P0071,1,66.14,34.77,0
OI0007907,O003204,P0016,1,182.65,108.43,0
OI0007908,O003204,P0093,1,64.09,40.65,0
OI0007909,O003205,P0003,1,171.57,88.27,0
OI0007910,O003206,P0078,3,268.06,129.83,0
OI0007911,O003206,P0001,1,58.62,26.48,10
OI0007912,O003206,P0061,1,241.21,110.37,0
OI0007913,O003207,P0027,1,283.79,152.07,5
OI0007914,O003207,P0048,1,316.06,150.66,5
OI0007915,O003208,P0086,1,263.23,167.09,25
OI0007916,O003208,P0008,4,223.03,120.69,0
OI0007917,O003208,P0078,1,268.06,129.83,15
OI0007918,O003208,P0023,2,15.34,8.57,10
OI0007919,O003209,P0091,2,196.39,82.27,0
OI0007920,O003209,P0094,2,309.52,160.91,0
OI0007921,O003209,P0066,1,103.29,50.62,0
OI0007922,O003210,P0025,1,187.19,125.9,15
OI0007923,O003210,P0014,1,189.67,104.55,0
OI0007924,O003210,P0118,2,177.52,114.17,5
OI0007925,O003211,P0114,1,41.45,23.84,5
OI0007926,O003211,P0084,1,42.76,20.69,25
OI0007927,O003211,P0080,2,392.84,163.94,0
OI0007928,O003212,P0034,1,265.11,120.64,15
OI0007929,O003213,P0071,1,66.14,34.77,15
OI0007930,O003214,P0017,4,30.38,15.75,5
OI0007931,O003215,P0043,1,33.48,14.68,0
OI0007932,O003215,P0114,2,41.45,23.84,10
OI0007933,O003216,P0023,1,15.34,8.57,15
OI0007934,O003216,P0033,2,211.78,114.87,10
OI0007935,O003217,P0085,2,142.09,59.82,15
OI0007936,O003217,P0081,2,96.93,49.39,15
OI0007937,O003217,P0114,1,41.45,23.84,0
OI0007938,O003218,P0099,1,179.3,114.96,10
OI0007939,O003218,P0011,3,116.27,72.14,0
OI0007940,O003218,P0054,2,83.38,49.27,5
OI0007941,O003218,P0041,1,46.27,32.89,0
OI0007942,O003219,P0069,1,259.35,175.47,10
OI0007943,O003220,P0037,3,171.97,76.8,0
OI0007944,O003220,P0067,4,33.07,19.77,5
OI0007945,O003221,P0069,3,259.35,175.47,5
OI0007946,O003221,P0007,1,180.16,110.8,15
OI0007947,O003221,P0064,1,60.15,32.62,5
OI0007948,O003221,P0120,1,123.81,98.52,0
OI0007949,O003222,P0024,1,169.87,104.81,0
OI0007950,O003222,P0001,1,58.62,26.48,15
OI0007951,O003223,P0119,1,78.86,37.39,0
OI0007952,O003223,P0106,1,56.39,27.98,15
OI0007953,O003223,P0059,2,310.18,133.96,25
OI0007954,O003224,P0017,3,30.38,15.75,0
OI0007955,O003224,P0058,-1,224.02,143.13,5
OI0007956,O003225,P0066,1,103.29,50.62,0
OI0007957,O003226,P0077,-1,9.56,6.81,10
OI0007958,O003227,P0017,1,30.38,15.75,0
OI0007959,O003227,P0114,1,41.45,23.84,20
OI0007960,O003228,P0075,2,134.51,78.21,5
OI0007961,O003228,P0005,3,181.52,92.02,5
OI0007962,O003228,P0107,4,140.71,82.95,10
OI0007963,O003229,P0048,1,316.06,150.66,10
OI0007964,O003229,P0115,1,66.66,49.6,5
OI0007965,O003229,P0056,2,385.75,167.31,0
OI0007966,O003230,P0016,2,182.65,108.43,10
OI0007967,O003230,P0092,2,51.3,24.69,0
OI0007968,O003230,P0078,2,268.06,129.83,0
OI0007969,O003231,P0075,1,134.51,78.21,5
OI0007970,O003231,P0086,1,263.23,167.09,15
OI0007971,O003232,P0007,1,180.16,110.8,20
OI0007972,O003233,P0057,1,95.09,41.82,15
OI0007973,O003233,P0085,1,142.09,59.82,0
OI0007974,O003233,P0090,1,60.09,33.62,5
OI0007975,O003233,P0086,1,263.23,167.09,0
OI0007976,O003234,P0100,1,280.83,119.83,5
OI0007977,O003234,P0024,2,169.87,104.81,25
OI0007978,O003234,P0047,1,243.5,159.8,0
OI0007979,O003234,P0028,1,307.09,179.34,0
OI0007980,O003235,P0026,1,187.78,112.59,0
OI0007981,O003235,P0088,1,236.31,102.24,5
OI0007982,O003235,P0019,1,36.3,22.04,20
OI0007983,O003235,P0062,1,274.98,138.35,15
OI0007984,O003236,P0040,1,214.96,89.94,10
OI0007985,O003236,P0067,1,33.07,19.77,0
OI0007986,O003236,P0070,3,131.06,75.18,0
OI0007987,O003237,P0001,1,58.62,26.48,0
OI0007988,O003237,P0115,2,66.66,49.6,10
OI0007989,O003237,P0080,1,392.84,163.94,0
OI0007990,O003237,P0114,3,41.45,23.84,5
OI0007991,O003238,P0095,1,202.91,139.2,0
OI0007992,O003238,P0059,1,310.18,133.96,20
OI0007993,O003238,P0046,1,310.17,133.53,15
OI0007994,O003238,P0104,-1,71.93,33.51,0
OI0007995,O003239,P0106,3,56.39,27.98,20
OI0007996,O003239,P0048,3,316.06,150.66,10
OI0007997,O003240,P0018,2,281.84,146.67,5
OI0007998,O003241,P0066,2,103.29,50.62,10
OI0007999,O003241,P0062,1,274.98,138.35,0
OI0008000,O003241,P0004,1,114.79,53.81,5
OI0008001,O003242,P0012,1,20.32,10.75,5
OI0008002,O003242,P0071,1,66.14,34.77,0
OI0008003,O003242,P0012,4,20.32,10.75,20
OI0008004,O003243,P0084,1,42.76,20.69,5
OI0008005,O003243,P0109,1,39.14,21.27,0
OI0008006,O003243,P0045,1,354.19,170.05,15
OI0008007,O003244,P0022,1,192.12,85.66,0
OI0008008,O003244,P0016,1,182.65,108.43,10
OI0008009,O003244,P0008,4,223.03,120.69,0
OI0008010,O003245,P0095,2,202.91,139.2,10
OI0008011,O003245,P0024,1,169.87,104.81,20
OI0008012,O003245,P0032,2,148.44,75.4,0
OI0008013,O003245,P0019,1,36.3,22.04,0
OI0008014,O003246,P0066,2,103.29,50.62,5
OI0008015,O003246,P0096,1,280.31,123.46,0
OI0008016,O003247,P0053,1,23.29,11.09,0
OI0008017,O003247,P0089,2,49.96,38.06,25
OI0008018,O003247,P0029,1,35.33,21.58,0
OI0008019,O003248,P0025,2,187.19,125.9,10
OI0008020,O003248,P0104,4,71.93,33.51,0
OI0008021,O003248,P0120,3,123.81,98.52,0
OI0008022,O003248,P0081,2,96.93,49.39,0
OI0008023,O003249,P0062,1,274.98,138.35,25
OI0008024,O003250,P0075,1,134.51,78.21,0
OI0008025,O003250,P0025,1,187.19,125.9,20
OI0008026,O003250,P0084,1,42.76,20.69,0
OI0008027,O003251,P0023,1,15.34,8.57,15
OI0008028,O003252,P0004,2,114.79,53.81,25
OI0008029,O003252,P0020,-1,185.28,120.72,10
OI0008030,O003252,P0054,2,83.38,49.27,0
OI0008031,O003252,P0061,1,241.21,110.37,0
OI0008032,O003253,P0061,2,241.21,110.37,0
OI0008033,O003253,P0112,4,361.01,177.23,15
OI0008034,O003254,P0082,4,64.05,28.14,0
OI0008035,O003254,P0046,1,310.17,133.53,15
OI0008036,O003255,P0019,1,36.3,22.04,0
OI0008037,O003255,P0070,1,131.06,75.18,10
OI0008038,O003256,P0032,1,148.44,75.4,15
OI0008039,O003256,P0062,2,274.98,138.35,0
OI0008040,O003256,P0070,2,131.06,75.18,0
OI0008041,O003256,P0023,1,15.34,8.57,0
OI0008042,O003257,P0088,1,236.31,102.24,25
OI0008043,O003257,P0052,2,142.04,68.52,110
OI0008044,O003258,P0080,4,392.84,163.94,15
OI0008045,O003258,P0069,1,259.35,175.47,5
OI0008046,O003258,P0031,1,254.7,145.72,10
OI0008047,O003258,P0058,4,224.02,143.13,0
OI0008048,O003259,P0088,1,236.31,102.24,10
OI0008049,O003259,P0015,1,147.82,103.39,15
OI0008050,O003259,P0100,1,280.83,119.83,25
OI0008051,O003260,P0048,4,316.06,150.66,10
OI0008052,O003260,P0096,1,280.31,123.46,15
OI0008053,O003260,P0011,-1,116.27,72.14,20
OI0008054,O003260,P0039,1,66.47,46.73,5
OI0008055,O003261,P0101,1,338.95,156.07,0
OI0008056,O003261,P0015,1,147.82,103.39,0
OI0008057,O003261,P0037,1,171.97,76.8,10
OI0008058,O003261,P0046,1,310.17,133.53,0
OI0008059,O003262,P0046,1,310.17,133.53,110
OI0008060,O003262,P0094,1,309.52,160.91,10
OI0008061,O003263,P0041,1,46.27,32.89,15
OI0008062,O003263,P0076,2,81.73,46.21,0
OI0008063,O003263,P0067,-1,33.07,19.77,10
OI0008064,O003264,P0014,1,189.67,104.55,15
OI0008065,O003264,P0016,3,182.65,108.43,10
OI0008066,O003264,P0105,4,124.3,57.25,0
OI0008067,O003265,P0014,2,189.67,104.55,10
OI0008068,O003265,P0077,1,9.56,6.81,5
OI0008069,O003266,P0031,1,254.7,145.72,0
OI0008070,O003267,P0079,1,28.55,21.67,10
OI0008071,O003267,P0111,1,116.59,86.94,0
OI0008072,O003267,P0012,1,20.32,10.75,15
OI0008073,O003268,P0024,1,169.87,104.81,5
OI0008074,O003268,P0109,4,39.14,21.27,0
OI0008075,O003268,P0061,4,241.21,110.37,5
OI0008076,O003268,P0025,2,187.19,125.9,10
OI0008077,O003269,P0013,3,127.84,91.01,15
OI0008078,O003270,P0083,2,63.1,34.73,10
OI0008079,O003270,P0092,1,51.3,24.69,0
OI0008080,O003271,P0063,1,8.2,5.54,15
OI0008081,O003271,P0078,2,268.06,129.83,20
OI0008082,O003272,P0046,2,310.17,133.53,5
OI0008083,O003272,P0069,2,259.35,175.47,15
OI0008084,O003272,P0075,4,134.51,78.21,0
OI0008085,O003272,P0008,1,223.03,120.69,5
OI0008086,O003273,P0035,2,326.93,146.56,0
OI0008087,O003273,P0043,3,33.48,14.68,0
OI0008088,O003274,P0081,1,96.93,49.39,15
OI0008089,O003274,P0106,1,56.39,27.98,20
OI0008090,O003275,P0027,1,283.79,152.07,10
OI0008091,O003275,P0070,1,131.06,75.18,20
OI0008092,O003276,P0010,1,236.09,100.66,20
OI0008093,O003276,P0095,1,202.91,139.2,25
OI0008094,O003276,P0106,1,56.39,27.98,0
OI0008095,O003277,P0067,1,33.07,19.77,10
OI0008096,O003277,P0019,2,36.3,22.04,15
OI0008097,O003277,P0108,1,299.87,137.39,0
OI0008098,O003278,P0003,2,171.57,88.27,0
OI0008099,O003278,P0083,1,63.1,34.73,25
OI0008100,O003279,P0054,1,83.38,49.27,5
OI0008101,O003279,P0067,2,33.07,19.77,10
OI0008102,O003279,P0061,1,241.21,110.37,10
OI0008103,O003280,P0083,1,63.1,34.73,10
OI0008104,O003280,P0085,1,142.09,59.82,15
OI0008105,O003280,P0103,1,100.44,47.01,0
OI0008106,O003280,P0119,1,78.86,37.39,0
OI0008107,O003281,P0020,1,185.28,120.72,0
OI0008108,O003281,P0099,2,179.3,114.96,0
OI0008109,O003282,P0054,2,83.38,49.27,0
OI0008110,O003283,P0026,3,187.78,112.59,0
OI0008111,O003283,P0116,2,53.16,36.42,5
OI0008112,O003283,P0098,2,17.88,10.05,10
OI0008113,O003283,P0016,2,182.65,108.43,10
OI0008114,O003284,P0024,1,169.87,104.81,5
OI0008115,O003284,P0067,1,33.07,19.77,15
OI0008116,O003285,P0013,1,127.84,91.01,10
OI0008117,O003285,P0059,3,310.18,133.96,0
OI0008118,O003285,P0038,3,81.71,51.71,0
OI0008119,O003285,P0005,1,181.52,92.02,0
OI0008120,O003286,P0009,2,102.74,56.37,0
OI0008121,O003287,P0006,4,273.98,150.3,0
OI0008122,O003288,P0014,3,189.67,104.55,0
OI0008123,O003289,P0102,1,195.72,100.75,10
OI0008124,O003289,P0082,2,64.05,28.14,0
OI0008125,O003289,P0074,2,62.08,27.78,0
OI0008126,O003290,P0095,1,202.91,139.2,0
OI0008127,O003290,P0047,3,243.5,159.8,15
OI0008128,O003290,P0049,1,59.24,43.15,0
OI0008129,O003291,P0105,1,124.3,57.25,0
OI0008130,O003291,P0041,2,46.27,32.89,0
OI0008131,O003292,P0108,1,299.87,137.39,0
OI0008132,O003293,P0083,2,63.1,34.73,5
OI0008133,O003293,P0038,2,81.71,51.71,0
OI0008134,O003293,P0062,1,274.98,138.35,15
OI0008135,O003294,P0079,4,28.55,21.67,15
OI0008136,O003295,P0046,1,310.17,133.53,5
OI0008137,O003295,P0114,2,41.45,23.84,0
OI0008138,O003295,P0071,1,66.14,34.77,0
OI0008139,O003295,P0039,2,66.47,46.73,110
OI0008140,O003296,P0053,1,23.29,11.09,5
OI0008141,O003296,P0057,1,95.09,41.82,5
OI0008142,O003296,P0060,2,306.49,149.27,25
OI0008143,O003297,P0010,2,236.09,100.66,15
OI0008144,O003297,P0096,1,280.31,123.46,20
OI0008145,O003298,P0091,1,196.39,82.27,0
OI0008146,O003298,P0116,1,53.16,36.42,5
OI0008147,O003299,P0022,3,192.12,85.66,0
OI0008148,O003299,P0041,1,46.27,32.89,0
OI0008149,O003299,P0048,1,316.06,150.66,25
OI0008150,O003299,P0009,1,102.74,56.37,5
OI0008151,O003300,P0057,1,95.09,41.82,10
OI0008152,O003300,P0120,3,123.81,98.52,0
OI0008153,O003301,P0015,1,147.82,103.39,0
OI0008154,O003301,P0018,1,281.84,146.67,5
OI0008155,O003302,P0029,2,35.33,21.58,5
OI0008156,O003302,P0020,1,185.28,120.72,5
OI0008157,O003303,P0038,1,81.71,51.71,15
OI0008158,O003303,P0080,2,392.84,163.94,20
OI0008159,O003304,P0023,-1,15.34,8.57,20
OI0008160,O003305,P0004,1,114.79,53.81,0
OI0008161,O003305,P0086,1,263.23,167.09,0
OI0008162,O003306,P0020,1,185.28,120.72,0
OI0008163,O003306,P0110,1,311.63,167.87,110
OI0008164,O003306,P0035,3,326.93,146.56,0
OI0008165,O003306,P0117,1,252.27,158.43,0
OI0008166,O003307,P0112,1,361.01,177.23,5
OI0008167,O003307,P0058,1,224.02,143.13,0
OI0008168,O003307,P0102,3,195.72,100.75,0
OI0008169,O003307,P0046,1,310.17,133.53,0
OI0008170,O003308,P0098,1,17.88,10.05,5
OI0008171,O003308,P0109,1,39.14,21.27,10
OI0008172,O003308,P0007,4,180.16,110.8,10
OI0008173,O003309,P0102,1,195.72,100.75,15
OI0008174,O003309,P0102,2,195.72,100.75,20
OI0008175,O003310,P0027,3,283.79,152.07,0
OI0008176,O003310,P0112,3,361.01,177.23,15
OI0008177,O003310,P0028,1,307.09,179.34,15
OI0008178,O003311,P0065,1,270.21,125.01,0
OI0008179,O003312,P0022,1,192.12,85.66,0
OI0008180,O003312,P0050,1,171.47,76.47,5
OI0008181,O003312,P0059,1,310.18,133.96,0
OI0008182,O003312,P0012,4,20.32,10.75,0
OI0008183,O003313,P0063,2,8.2,5.54,0
OI0008184,O003313,P0007,1,180.16,110.8,15
OI0008185,O003313,P0063,1,8.2,5.54,10
OI0008186,O003314,P0088,3,236.31,102.24,0
OI0008187,O003315,P0066,2,103.29,50.62,15
OI0008188,O003315,P0079,4,28.55,21.67,110
OI0008189,O003316,P0114,1,41.45,23.84,0
OI0008190,O003316,P0029,1,35.33,21.58,20
OI0008191,O003316,P0103,2,100.44,47.01,10
OI0008192,O003317,P0059,4,310.18,133.96,20
OI0008193,O003317,P0072,2,272.32,149.77,0
OI0008194,O003318,P0017,2,30.38,15.75,0
OI0008195,O003318,P0099,1,179.3,114.96,0
OI0008196,O003318,P0049,3,59.24,43.15,0
OI0008197,O003318,P0025,1,187.19,125.9,5
OI0008198,O003319,P0101,1,338.95,156.07,10
OI0008199,O003320,P0018,1,281.84,146.67,0
OI0008200,O003321,P0099,1,179.3,114.96,15
OI0008201,O003321,P0013,1,127.84,91.01,0
OI0008202,O003321,P0018,3,281.84,146.67,5
OI0008203,O003321,P0023,1,15.34,8.57,5
OI0008204,O003322,P0017,-1,30.38,15.75,0
OI0008205,O003322,P0015,4,147.82,103.39,5
OI0008206,O003322,P0054,1,83.38,49.27,0
OI0008207,O003323,P0025,4,187.19,125.9,0
OI0008208,O003324,P0021,2,217.0,157.06,10
OI0008209,O003325,P0098,1,17.88,10.05,0
OI0008210,O003325,P0007,-1,180.16,110.8,0
OI0008211,O003325,P0109,1,39.14,21.27,0
OI0008212,O003325,P0094,1,309.52,160.91,0
OI0008213,O003326,P0120,3,123.81,98.52,0
OI0008214,O003327,P0068,2,103.65,44.29,0
OI0008215,O003327,P0108,1,299.87,137.39,0
OI0008216,O003327,P0004,3,114.79,53.81,15
OI0008217,O003327,P0088,2,236.31,102.24,20
OI0008218,O003328,P0002,4,230.82,108.89,5
OI0008219,O003328,P0051,-1,104.92,60.39,0
OI0008220,O003329,P0028,1,307.09,179.34,10
OI0008221,O003329,P0056,4,385.75,167.31,0
OI0008222,O003329,P0042,2,79.85,35.8,10
OI0008223,O003329,P0116,1,53.16,36.42,10
OI0008224,O003330,P0070,2,131.06,75.18,15
OI0008225,O003330,P0080,1,392.84,163.94,20
OI0008226,O003330,P0031,3,254.7,145.72,5
OI0008227,O003331,P0102,1,195.72,100.75,5
OI0008228,O003331,P0082,1,64.05,28.14,20
OI0008229,O003331,P0030,1,90.28,41.7,5
OI0008230,O003331,P0079,2,28.55,21.67,5
OI0008231,O003332,P0010,2,236.09,100.66,20
OI0008232,O003332,P0112,2,361.01,177.23,0
OI0008233,O003333,P0061,1,241.21,110.37,5
OI0008234,O003333,P0066,1,103.29,50.62,0
OI0008235,O003333,P0114,1,41.45,23.84,0
OI0008236,O003334,P0047,1,243.5,159.8,15
OI0008237,O003334,P0030,1,90.28,41.7,15
OI0008238,O003335,P0118,1,177.52,114.17,10
OI0008239,O003335,P0098,1,17.88,10.05,5
OI0008240,O003336,P0011,2,116.27,72.14,5
OI0008241,O003337,P0024,3,169.87,104.81,0
OI0008242,O003337,P0116,1,53.16,36.42,0
OI0008243,O003337,P0055,1,150.07,98.61,5
OI0008244,O003337,P0096,1,280.31,123.46,0
OI0008245,O003338,P0085,1,142.09,59.82,5
OI0008246,O003338,P0020,1,185.28,120.72,0
OI0008247,O003338,P0023,1,15.34,8.57,10
OI0008248,O003338,P0083,1,63.1,34.73,0
OI0008249,O003339,P0008,1,223.03,120.69,10
OI0008250,O003340,P0117,1,252.27,158.43,0
OI0008251,O003340,P0023,1,15.34,8.57,15
OI0008252,O003341,P0115,1,66.66,49.6,20
OI0008253,O003341,P0052,2,142.04,68.52,0
OI0008254,O003342,P0074,1,62.08,27.78,15
OI0008255,O003342,P0102,2,195.72,100.75,5
OI0008256,O003343,P0102,1,195.72,100.75,0
OI0008257,O003343,P0117,1,252.27,158.43,15
OI0008258,O003344,P0100,1,280.83,119.83,0
OI0008259,O003344,P0027,3,283.79,152.07,15
OI0008260,O003345,P0053,2,23.29,11.09,15
OI0008261,O003346,P0105,1,124.3,57.25,0
OI0008262,O003346,P0041,1,46.27,32.89,0
OI0008263,O003346,P0074,1,62.08,27.78,0
OI0008264,O003347,P0001,1,58.62,26.48,10
OI0008265,O003347,P0106,2,56.39,27.98,10
OI0008266,O003348,P0025,3,187.19,125.9,0
OI0008267,O003349,P0027,2,283.79,152.07,0
OI0008268,O003350,P0070,2,131.06,75.18,0
OI0008269,O003350,P0013,2,127.84,91.01,10
OI0008270,O003351,P0029,1,35.33,21.58,20
OI0008271,O003351,P0050,1,171.47,76.47,10
OI0008272,O003351,P0037,2,171.97,76.8,0
OI0008273,O003352,P0102,3,195.72,100.75,20
OI0008274,O003352,P0047,1,243.5,159.8,5
OI0008275,O003352,P0092,1,51.3,24.69,20
OI0008276,O003353,P0109,1,39.14,21.27,0
OI0008277,O003353,P0016,2,182.65,108.43,5
OI0008278,O003353,P0032,1,148.44,75.4,5
OI0008279,O003353,P0048,1,316.06,150.66,10
OI0008280,O003354,P0061,1,241.21,110.37,0
OI0008281,O003354,P0075,2,134.51,78.21,20
OI0008282,O003355,P0036,3,71.47,40.11,0
OI0008283,O003356,P0016,2,182.65,108.43,0
OI0008284,O003356,P0101,1,338.95,156.07,0
OI0008285,O003356,P0098,1,17.88,10.05,5
OI0008286,O003356,P0098,1,17.88,10.05,20
OI0008287,O003357,P0026,1,187.78,112.59,5
OI0008288,O003357,P0017,1,30.38,15.75,0
OI0008289,O003357,P0104,1,71.93,33.51,5
OI0008290,O003358,P0071,1,66.14,34.77,0
OI0008291,O003358,P0070,1,131.06,75.18,5
OI0008292,O003358,P0015,2,147.82,103.39,0
OI0008293,O003358,P0007,2,180.16,110.8,10
OI0008294,O003359,P0033,-1,211.78,114.87,110
OI0008295,O003359,P0041,2,46.27,32.89,10
OI0008296,O003359,P0104,3,71.93,33.51,5
OI0008297,O003359,P0040,4,214.96,89.94,0
OI0008298,O003360,P0006,2,273.98,150.3,0
OI0008299,O003361,P0084,1,42.76,20.69,5
OI0008300,O003361,P0057,1,95.09,41.82,5
OI0008301,O003361,P0113,3,152.02,79.85,5
OI0008302,O003362,P0110,4,311.63,167.87,0
OI0008303,O003362,P0028,3,307.09,179.34,0
OI0008304,O003362,P0085,4,142.09,59.82,5
OI0008305,O003362,P0062,1,274.98,138.35,10
OI0008306,O003363,P0045,1,354.19,170.05,15
OI0008307,O003363,P0008,1,223.03,120.69,20
OI0008308,O003363,P0071,2,66.14,34.77,20
OI0008309,O003364,P0038,1,81.71,51.71,0
OI0008310,O003364,P0053,4,23.29,11.09,15
OI0008311,O003365,P0021,2,217.0,157.06,10
OI0008312,O003366,P0013,2,127.84,91.01,15
OI0008313,O003366,P0041,1,46.27,32.89,15
OI0008314,O003366,P0111,1,116.59,86.94,10
OI0008315,O003366,P0099,1,179.3,114.96,15
OI0008316,O003367,P0066,1,103.29,50.62,5
OI0008317,O003367,P0117,1,252.27,158.43,0
OI0008318,O003367,P0045,1,354.19,170.05,5
OI0008319,O003368,P0082,1,64.05,28.14,0
OI0008320,O003368,P0018,2,281.84,146.67,0
OI0008321,O003368,P0052,1,142.04,68.52,0
OI0008322,O003369,P0065,1,270.21,125.01,0
OI0008323,O003370,P0029,2,35.33,21.58,15
OI0008324,O003370,P0039,4,66.47,46.73,5
OI0008325,O003370,P0062,1,274.98,138.35,15
OI0008326,O003371,P0075,1,134.51,78.21,5
OI0008327,O003371,P0115,1,66.66,49.6,20
OI0008328,O003371,P0116,-1,53.16,36.42,5
OI0008329,O003371,P0071,2,66.14,34.77,5
OI0008330,O003372,P0108,2,299.87,137.39,5
OI0008331,O003372,P0063,1,8.2,5.54,0
OI0008332,O003372,P0090,3,60.09,33.62,10
OI0008333,O003373,P0115,2,66.66,49.6,5
OI0008334,O003373,P0072,1,272.32,149.77,10
OI0008335,O003374,P0044,2,279.36,162.6,20
OI0008336,O003374,P0012,3,20.32,10.75,15
OI0008337,O003375,P0019,2,36.3,22.04,15
OI0008338,O003375,P0060,3,306.49,149.27,15
OI0008339,O003375,P0071,1,66.14,34.77,20
OI0008340,O003375,P0091,3,196.39,82.27,5
OI0008341,O003376,P0049,1,59.24,43.15,5
OI0008342,O003376,P0023,1,15.34,8.57,10
OI0008343,O003376,P0022,1,192.12,85.66,15
OI0008344,O003376,P0015,2,147.82,103.39,10
OI0008345,O003377,P0007,1,180.16,110.8,0
OI0008346,O003377,P0099,3,179.3,114.96,0
OI0008347,O003378,P0106,2,56.39,27.98,0
OI0008348,O003379,P0109,4,39.14,21.27,0
OI0008349,O003379,P0103,1,100.44,47.01,0
OI0008350,O003379,P0060,1,306.49,149.27,0
OI0008351,O003380,P0021,1,217.0,157.06,15
OI0008352,O003380,P0029,1,35.33,21.58,0
OI0008353,O003380,P0076,1,81.73,46.21,10
OI0008354,O003380,P0105,1,124.3,57.25,10
OI0008355,O003381,P0072,1,272.32,149.77,0
OI0008356,O003382,P0004,1,114.79,53.81,5
OI0008357,O003383,P0088,1,236.31,102.24,0
OI0008358,O003383,P0075,3,134.51,78.21,20
OI0008359,O003384,P0049,1,59.24,43.15,0
OI0008360,O003384,P0051,1,104.92,60.39,15
OI0008361,O003384,P0069,1,259.35,175.47,15
OI0008362,O003385,P0077,1,9.56,6.81,0
OI0008363,O003385,P0015,3,147.82,103.39,15
OI0008364,O003385,P0074,1,62.08,27.78,0
OI0008365,O003386,P0059,2,310.18,133.96,20
OI0008366,O003386,P0075,2,134.51,78.21,0
OI0008367,O003386,P0012,-1,20.32,10.75,5
OI0008368,O003387,P0115,1,66.66,49.6,15
OI0008369,O003387,P0090,1,60.09,33.62,0
OI0008370,O003388,P0097,2,163.15,70.37,10
OI0008371,O003389,P0021,1,217.0,157.06,10
OI0008372,O003389,P0116,1,53.16,36.42,0
OI0008373,O003389,P0014,1,189.67,104.55,5
OI0008374,O003389,P0005,2,181.52,92.02,0
OI0008375,O003390,P0025,3,187.19,125.9,0
OI0008376,O003390,P0069,1,259.35,175.47,0
OI0008377,O003390,P0018,2,281.84,146.67,0
OI0008378,O003390,P0017,1,30.38,15.75,0
OI0008379,O003391,P0015,2,147.82,103.39,15
OI0008380,O003391,P0023,1,15.34,8.57,0
OI0008381,O003391,P0114,2,41.45,23.84,5
OI0008382,O003391,P0071,2,66.14,34.77,5
OI0008383,O003392,P0071,2,66.14,34.77,15
OI0008384,O003393,P0004,1,114.79,53.81,5
OI0008385,O003393,P0063,1,8.2,5.54,0
OI0008386,O003393,P0116,4,53.16,36.42,5
OI0008387,O003393,P0094,1,309.52,160.91,0
OI0008388,O003394,P0070,1,131.06,75.18,15
OI0008389,O003395,P0064,1,60.15,32.62,0
OI0008390,O003395,P0102,3,195.72,100.75,5
OI0008391,O003396,P0016,1,182.65,108.43,0
OI0008392,O003396,P0006,2,273.98,150.3,10
OI0008393,O003397,P0104,3,71.93,33.51,0
OI0008394,O003397,P0033,1,211.78,114.87,0
OI0008395,O003397,P0077,2,9.56,6.81,5
OI0008396,O003397,P0037,1,171.97,76.8,5
OI0008397,O003398,P0042,1,79.85,35.8,0
OI0008398,O003398,P0010,-1,236.09,100.66,0
OI0008399,O003399,P0023,2,15.34,8.57,0
OI0008400,O003399,P0107,1,140.71,82.95,15
OI0008401,O003399,P0051,2,104.92,60.39,0
OI0008402,O003400,P0087,2,136.09,59.78,15
OI0008403,O003401,P0088,2,236.31,102.24,0
OI0008404,O003401,P0058,1,224.02,143.13,20
OI0008405,O003401,P0120,1,123.81,98.52,5
OI0008406,O003402,P0022,1,192.12,85.66,0
OI0008407,O003403,P0112,1,361.01,177.23,0
OI0008408,O003403,P0118,2,177.52,114.17,25
OI0008409,O003404,P0066,1,103.29,50.62,15
OI0008410,O003404,P0012,1,20.32,10.75,0
OI0008411,O003404,P0009,3,102.74,56.37,10
OI0008412,O003405,P0112,4,361.01,177.23,0
OI0008413,O003406,P0011,2,116.27,72.14,0
OI0008414,O003406,P0029,1,35.33,21.58,10
OI0008415,O003406,P0038,1,81.71,51.71,110
OI0008416,O003407,P0036,1,71.47,40.11,0
OI0008417,O003407,P0025,3,187.19,125.9,0
OI0008418,O003408,P0048,1,316.06,150.66,0
OI0008419,O003408,P0041,1,46.27,32.89,0
OI0008420,O003408,P0111,3,116.59,86.94,10
OI0008421,O003409,P0053,2,23.29,11.09,0
OI0008422,O003409,P0036,1,71.47,40.11,0
OI0008423,O003409,P0112,2,361.01,177.23,5
OI0008424,O003410,P0117,3,252.27,158.43,0
OI0008425,O003410,P0068,3,103.65,44.29,0
OI0008426,O003410,P0113,2,152.02,79.85,10
OI0008427,O003410,P0095,2,202.91,139.2,20
OI0008428,O003411,P0120,3,123.81,98.52,5
OI0008429,O003411,P0022,1,192.12,85.66,5
OI0008430,O003412,P0019,1,36.3,22.04,15
OI0008431,O003412,P0084,2,42.76,20.69,10
OI0008432,O003413,P0077,2,9.56,6.81,10
OI0008433,O003413,P0011,1,116.27,72.14,15
OI0008434,O003413,P0091,3,196.39,82.27,0
OI0008435,O003414,P0097,3,163.15,70.37,0
OI0008436,O003414,P0087,1,136.09,59.78,5
OI0008437,O003414,P0037,1,171.97,76.8,20
OI0008438,O003415,P0074,2,62.08,27.78,20
OI0008439,O003416,P0005,3,181.52,92.02,25
OI0008440,O003416,P0009,2,102.74,56.37,15
OI0008441,O003417,P0107,1,140.71,82.95,15
OI0008442,O003417,P0007,2,180.16,110.8,0
OI0008443,O003418,P0036,1,71.47,40.11,5
OI0008444,O003418,P0075,2,134.51,78.21,10
OI0008445,O003418,P0095,1,202.91,139.2,110
OI0008446,O003418,P0105,4,124.3,57.25,10
OI0008447,O003419,P0095,2,202.91,139.2,10
OI0008448,O003420,P0039,2,66.47,46.73,0
OI0008449,O003421,P0110,3,311.63,167.87,15
OI0008450,O003422,P0009,2,102.74,56.37,0
OI0008451,O003422,P0086,2,263.23,167.09,5
OI0008452,O003422,P0089,1,49.96,38.06,0
OI0008453,O003422,P0112,1,361.01,177.23,10
OI0008454,O003423,P0069,1,259.35,175.47,0
OI0008455,O003423,P0116,3,53.16,36.42,15
OI0008456,O003423,P0038,1,81.71,51.71,0
OI0008457,O003423,P0048,1,316.06,150.66,0
OI0008458,O003424,P0110,1,311.63,167.87,5
OI0008459,O003425,P0081,2,96.93,49.39,10
OI0008460,O003425,P0042,1,79.85,35.8,5
OI0008461,O003425,P0062,1,274.98,138.35,10
OI0008462,O003425,P0028,1,307.09,179.34,10
OI0008463,O003426,P0057,1,95.09,41.82,0
OI0008464,O003426,P0036,1,71.47,40.11,0
OI0008465,O003426,P0109,1,39.14,21.27,0
OI0008466,O003427,P0104,2,71.93,33.51,10
OI0008467,O003428,P0105,1,124.3,57.25,5
OI0008468,O003428,P0004,1,114.79,53.81,0
OI0008469,O003428,P0083,3,63.1,34.73,0
OI0008470,O003429,P0077,4,9.56,6.81,5
OI0008471,O003430,P0022,3,192.12,85.66,10
OI0008472,O003431,P0002,1,230.82,108.89,0
OI0008473,O003431,P0105,2,124.3,57.25,15
OI0008474,O003431,P0071,4,66.14,34.77,5
OI0008475,O003432,P0044,1,279.36,162.6,5
OI0008476,O003432,P0005,1,181.52,92.02,0
OI0008477,O003432,P0102,2,195.72,100.75,0
OI0008478,O003433,P0062,3,274.98,138.35,5
OI0008479,O003433,P0019,-1,36.3,22.04,5
OI0008480,O003433,P0071,4,66.14,34.77,15
OI0008481,O003433,P0001,1,58.62,26.48,10
OI0008482,O003434,P0100,2,280.83,119.83,0
OI0008483,O003435,P0006,1,273.98,150.3,0
OI0008484,O003435,P0006,1,273.98,150.3,15
OI0008485,O003435,P0072,1,272.32,149.77,0
OI0008486,O003435,P0004,1,114.79,53.81,0
OI0008487,O003436,P0033,1,211.78,114.87,0
OI0008488,O003436,P0058,4,224.02,143.13,15
OI0008489,O003437,P0054,1,83.38,49.27,15
OI0008490,O003437,P0056,4,385.75,167.31,0
OI0008491,O003437,P0111,1,116.59,86.94,25
OI0008492,O003438,P0006,1,273.98,150.3,15
OI0008493,O003438,P0037,1,171.97,76.8,25
OI0008494,O003438,P0080,2,392.84,163.94,5
OI0008495,O003438,P0067,2,33.07,19.77,5
OI0008496,O003439,P0017,3,30.38,15.75,0
OI0008497,O003439,P0085,1,142.09,59.82,0
OI0008498,O003439,P0018,1,281.84,146.67,0
OI0008499,O003439,P0002,1,230.82,108.89,110
OI0008500,O003440,P0025,3,187.19,125.9,5
OI0008501,O003440,P0077,-1,9.56,6.81,15
OI0008502,O003441,P0018,3,281.84,146.67,10
OI0008503,O003441,P0062,2,274.98,138.35,15
OI0008504,O003441,P0116,1,53.16,36.42,5
OI0008505,O003441,P0033,4,211.78,114.87,20
OI0008506,O003442,P0069,2,259.35,175.47,0
OI0008507,O003442,P0014,2,189.67,104.55,0
OI0008508,O003443,P0113,2,152.02,79.85,10
OI0008509,O003443,P0013,1,127.84,91.01,0
OI0008510,O003443,P0081,1,96.93,49.39,0
OI0008511,O003443,P0025,1,187.19,125.9,0
OI0008512,O003444,P0075,1,134.51,78.21,0
OI0008513,O003444,P0050,1,171.47,76.47,10
OI0008514,O003444,P0063,1,8.2,5.54,10
OI0008515,O003445,P0113,1,152.02,79.85,20
OI0008516,O003445,P0030,2,90.28,41.7,25
OI0008517,O003445,P0079,1,28.55,21.67,10
OI0008518,O003445,P0114,1,41.45,23.84,10
OI0008519,O003446,P0022,1,192.12,85.66,0
OI0008520,O003446,P0032,2,148.44,75.4,5
OI0008521,O003446,P0019,2,36.3,22.04,15
OI0008522,O003446,P0029,1,35.33,21.58,10
OI0008523,O003447,P0049,1,59.24,43.15,20
OI0008524,O003447,P0038,2,81.71,51.71,5
OI0008525,O003448,P0069,2,259.35,175.47,0
OI0008526,O003448,P0010,2,236.09,100.66,0
OI0008527,O003448,P0025,2,187.19,125.9,10
OI0008528,O003449,P0090,1,60.09,33.62,0
OI0008529,O003449,P0033,3,211.78,114.87,0
OI0008530,O003450,P0039,3,66.47,46.73,0
OI0008531,O003451,P0081,1,96.93,49.39,10
OI0008532,O003452,P0010,2,236.09,100.66,0
OI0008533,O003453,P0047,2,243.5,159.8,10
OI0008534,O003453,P0022,1,192.12,85.66,0
OI0008535,O003453,P0007,2,180.16,110.8,0
OI0008536,O003454,P0011,2,116.27,72.14,15
OI0008537,O003455,P0053,1,23.29,11.09,110
OI0008538,O003455,P0077,1,9.56,6.81,5
OI0008539,O003456,P0090,4,60.09,33.62,0
OI0008540,O003456,P0012,1,20.32,10.75,5
OI0008541,O003456,P0053,2,23.29,11.09,10
OI0008542,O003457,P0076,1,81.73,46.21,0
OI0008543,O003457,P0034,1,265.11,120.64,110
OI0008544,O003457,P0014,1,189.67,104.55,0
OI0008545,O003458,P0112,1,361.01,177.23,0
OI0008546,O003458,P0114,1,41.45,23.84,0
OI0008547,O003458,P0041,1,46.27,32.89,25
OI0008548,O003458,P0002,1,230.82,108.89,20
OI0008549,O003459,P0087,3,136.09,59.78,10
OI0008550,O003459,P0083,1,63.1,34.73,0
OI0008551,O003459,P0015,3,147.82,103.39,15
OI0008552,O003459,P0072,2,272.32,149.77,5
OI0008553,O003460,P0054,2,83.38,49.27,15
OI0008554,O003460,P0031,1,254.7,145.72,10
OI0008555,O003460,P0011,1,116.27,72.14,10
OI0008556,O003461,P0037,3,171.97,76.8,5
OI0008557,O003461,P0015,1,147.82,103.39,0
OI0008558,O003462,P0027,2,283.79,152.07,0
OI0008559,O003462,P0075,1,134.51,78.21,5
OI0008560,O003463,P0067,2,33.07,19.77,0
OI0008561,O003463,P0030,3,90.28,41.7,0
OI0008562,O003463,P0074,3,62.08,27.78,0
OI0008563,O003464,P0117,1,252.27,158.43,5
OI0008564,O003464,P0075,1,134.51,78.21,5
OI0008565,O003464,P0085,1,142.09,59.82,15
OI0008566,O003465,P0087,3,136.09,59.78,5
OI0008567,O003465,P0076,2,81.73,46.21,0
OI0008568,O003465,P0098,2,17.88,10.05,10
OI0008569,O003465,P0071,2,66.14,34.77,20
OI0008570,O003466,P0009,1,102.74,56.37,0
OI0008571,O003466,P0096,2,280.31,123.46,5
OI0008572,O003467,P0088,1,236.31,102.24,10
OI0008573,O003467,P0055,3,150.07,98.61,0
OI0008574,O003468,P0044,1,279.36,162.6,10
OI0008575,O003468,P0052,2,142.04,68.52,0
OI0008576,O003468,P0033,1,211.78,114.87,5
OI0008577,O003468,P0119,1,78.86,37.39,15
OI0008578,O003469,P0021,1,217.0,157.06,20
OI0008579,O003469,P0001,3,58.62,26.48,0
OI0008580,O003470,P0042,2,79.85,35.8,20
OI0008581,O003470,P0058,1,224.02,143.13,10
OI0008582,O003470,P0100,1,280.83,119.83,10
OI0008583,O003470,P0118,3,177.52,114.17,10
OI0008584,O003471,P0114,1,41.45,23.84,10
OI0008585,O003471,P0086,1,263.23,167.09,110
OI0008586,O003471,P0046,1,310.17,133.53,25
OI0008587,O003472,P0076,1,81.73,46.21,0
OI0008588,O003472,P0015,1,147.82,103.39,15
OI0008589,O003472,P0049,1,59.24,43.15,0
OI0008590,O003473,P0029,2,35.33,21.58,0
OI0008591,O003473,P0073,2,372.75,170.56,20
OI0008592,O003473,P0044,1,279.36,162.6,0
OI0008593,O003473,P0027,1,283.79,152.07,0
OI0008594,O003474,P0105,2,124.3,57.25,10
OI0008595,O003474,P0106,3,56.39,27.98,0
OI0008596,O003474,P0107,1,140.71,82.95,0
OI0008597,O003475,P0021,1,217.0,157.06,25
OI0008598,O003475,P0103,1,100.44,47.01,10
OI0008599,O003475,P0107,4,140.71,82.95,0
OI0008600,O003476,P0061,1,241.21,110.37,25
OI0008601,O003477,P0037,3,171.97,76.8,15
OI0008602,O003477,P0025,1,187.19,125.9,10
OI0008603,O003477,P0082,1,64.05,28.14,0
OI0008604,O003477,P0086,4,263.23,167.09,10
OI0008605,O003478,P0019,2,36.3,22.04,0
OI0008606,O003479,P0025,2,187.19,125.9,0
OI0008607,O003479,P0059,2,310.18,133.96,5
OI0008608,O003479,P0008,1,223.03,120.69,0
OI0008609,O003479,P0057,1,95.09,41.82,15
OI0008610,O003480,P0018,1,281.84,146.67,0
OI0008611,O003480,P0103,2,100.44,47.01,25
OI0008612,O003481,P0033,1,211.78,114.87,10
OI0008613,O003481,P0004,3,114.79,53.81,10
OI0008614,O003481,P0079,1,28.55,21.67,0
OI0008615,O003481,P0029,3,35.33,21.58,15
OI0008616,O003482,P0067,1,33.07,19.77,20
OI0008617,O003482,P0007,-1,180.16,110.8,5
OI0008618,O003482,P0046,1,310.17,133.53,0
OI0008619,O003483,P0029,1,35.33,21.58,0
OI0008620,O003483,P0071,3,66.14,34.77,15
OI0008621,O003483,P0058,1,224.02,143.13,0
OI0008622,O003484,P0118,2,177.52,114.17,0
OI0008623,O003485,P0028,1,307.09,179.34,15
OI0008624,O003485,P0056,1,385.75,167.31,5
OI0008625,O003485,P0078,2,268.06,129.83,0
OI0008626,O003486,P0050,1,171.47,76.47,10
OI0008627,O003486,P0018,2,281.84,146.67,25
OI0008628,O003486,P0070,1,131.06,75.18,0
OI0008629,O003486,P0017,1,30.38,15.75,10
OI0008630,O003487,P0003,3,171.57,88.27,20
OI0008631,O003487,P0110,1,311.63,167.87,0
OI0008632,O003487,P0072,1,272.32,149.77,5
OI0008633,O003487,P0106,4,56.39,27.98,5
OI0008634,O003488,P0026,4,187.78,112.59,5
OI0008635,O003488,P0035,2,326.93,146.56,0
OI0008636,O003488,P0105,1,124.3,57.25,0
OI0008637,O003488,P0065,2,270.21,125.01,20
OI0008638,O003489,P0061,1,241.21,110.37,15
OI0008639,O003489,P0020,4,185.28,120.72,25
OI0008640,O003489,P0115,1,66.66,49.6,0
OI0008641,O003490,P0043,2,33.48,14.68,10
OI0008642,O003490,P0042,1,79.85,35.8,5
OI0008643,O003491,P0098,1,17.88,10.05,0
OI0008644,O003492,P0091,1,196.39,82.27,15
OI0008645,O003492,P0050,4,171.47,76.47,0
OI0008646,O003492,P0055,2,150.07,98.61,10
OI0008647,O003492,P0016,1,182.65,108.43,10
OI0008648,O003493,P0114,1,41.45,23.84,10
OI0008649,O003493,P0114,2,41.45,23.84,5
OI0008650,O003494,P0103,1,100.44,47.01,10
OI0008651,O003494,P0060,2,306.49,149.27,0
OI0008652,O003494,P0109,2,39.14,21.27,15
OI0008653,O003495,P0022,1,192.12,85.66,15
OI0008654,O003496,P0031,1,254.7,145.72,15
OI0008655,O003497,P0010,4,236.09,100.66,25
OI0008656,O003497,P0041,2,46.27,32.89,5
OI0008657,O003497,P0075,1,134.51,78.21,0
OI0008658,O003498,P0032,1,148.44,75.4,10
OI0008659,O003498,P0024,3,169.87,104.81,0
OI0008660,O003499,P0052,1,142.04,68.52,20
OI0008661,O003500,P0080,2,392.84,163.94,5
OI0008662,O003500,P0095,2,202.91,139.2,0
OI0008663,O003500,P0059,2,310.18,133.96,5
OI0008664,O003500,P0105,2,124.3,57.25,10
OI0008665,O003501,P0112,1,361.01,177.23,0
OI0008666,O003502,P0062,3,274.98,138.35,0
OI0008667,O003502,P0097,2,163.15,70.37,20
OI0008668,O003503,P0014,2,189.67,104.55,0
OI0008669,O003503,P0055,2,150.07,98.61,5
OI0008670,O003504,P0011,2,116.27,72.14,5
OI0008671,O003504,P0051,3,104.92,60.39,10
OI0008672,O003504,P0036,1,71.47,40.11,0
OI0008673,O003504,P0071,2,66.14,34.77,0
OI0008674,O003505,P0076,1,81.73,46.21,5
OI0008675,O003505,P0107,1,140.71,82.95,10
OI0008676,O003506,P0087,1,136.09,59.78,10
OI0008677,O003506,P0056,3,385.75,167.31,5
OI0008678,O003506,P0082,1,64.05,28.14,10
OI0008679,O003507,P0045,1,354.19,170.05,5
OI0008680,O003507,P0118,1,177.52,114.17,10
OI0008681,O003507,P0077,1,9.56,6.81,20
OI0008682,O003508,P0095,4,202.91,139.2,0
OI0008683,O003508,P0010,1,236.09,100.66,20
OI0008684,O003508,P0005,1,181.52,92.02,10
OI0008685,O003508,P0110,3,311.63,167.87,0
OI0008686,O003509,P0026,3,187.78,112.59,0
OI0008687,O003509,P0022,3,192.12,85.66,5
OI0008688,O003509,P0048,2,316.06,150.66,0
OI0008689,O003509,P0094,2,309.52,160.91,0
OI0008690,O003510,P0086,1,263.23,167.09,5
OI0008691,O003510,P0040,2,214.96,89.94,10
OI0008692,O003511,P0087,1,136.09,59.78,10
OI0008693,O003511,P0078,2,268.06,129.83,0
OI0008694,O003511,P0097,1,163.15,70.37,5
OI0008695,O003511,P0088,2,236.31,102.24,5
OI0008696,O003512,P0071,1,66.14,34.77,0
OI0008697,O003512,P0044,2,279.36,162.6,5
OI0008698,O003512,P0052,1,142.04,68.52,10
OI0008699,O003512,P0032,1,148.44,75.4,25
OI0008700,O003513,P0089,1,49.96,38.06,5
OI0008701,O003514,P0062,1,274.98,138.35,15
OI0008702,O003514,P0083,1,63.1,34.73,0
OI0008703,O003514,P0069,1,259.35,175.47,0
OI0008704,O003514,P0016,1,182.65,108.43,10
OI0008705,O003515,P0035,1,326.93,146.56,5
OI0008706,O003515,P0074,1,62.08,27.78,5
OI0008707,O003515,P0066,1,103.29,50.62,5
OI0008708,O003515,P0069,1,259.35,175.47,0
OI0008709,O003516,P0035,1,326.93,146.56,5
OI0008710,O003516,P0012,2,20.32,10.75,5
OI0008711,O003517,P0009,3,102.74,56.37,0
OI0008712,O003517,P0021,1,217.0,157.06,10
OI0008713,O003517,P0028,1,307.09,179.34,15
OI0008714,O003518,P0102,3,195.72,100.75,5
OI0008715,O003518,P0046,2,310.17,133.53,0
OI0008716,O003519,P0052,2,142.04,68.52,10
OI0008717,O003519,P0018,2,281.84,146.67,25
OI0008718,O003520,P0089,1,49.96,38.06,0
OI0008719,O003520,P0078,-1,268.06,129.83,10
OI0008720,O003520,P0044,1,279.36,162.6,0
OI0008721,O003521,P0090,1,60.09,33.62,110
OI0008722,O003521,P0025,2,187.19,125.9,5
OI0008723,O003521,P0115,3,66.66,49.6,5
OI0008724,O003522,P0096,1,280.31,123.46,25
OI0008725,O003523,P0101,1,338.95,156.07,20
OI0008726,O003524,P0078,2,268.06,129.83,5
OI0008727,O003524,P0104,1,71.93,33.51,5
OI0008728,O003524,P0027,1,283.79,152.07,20
OI0008729,O003525,P0109,2,39.14,21.27,0
OI0008730,O003526,P0009,1,102.74,56.37,5
OI0008731,O003526,P0017,1,30.38,15.75,5
OI0008732,O003526,P0079,1,28.55,21.67,0
OI0008733,O003527,P0079,1,28.55,21.67,5
OI0008734,O003527,P0066,2,103.29,50.62,5
OI0008735,O003527,P0023,2,15.34,8.57,0
OI0008736,O003527,P0064,1,60.15,32.62,10
OI0008737,O003528,P0056,2,385.75,167.31,20
OI0008738,O003528,P0017,1,30.38,15.75,10
OI0008739,O003529,P0031,-1,254.7,145.72,0
OI0008740,O003529,P0085,2,142.09,59.82,20
OI0008741,O003529,P0088,2,236.31,102.24,20
OI0008742,O003529,P0025,1,187.19,125.9,0
OI0008743,O003530,P0010,2,236.09,100.66,10
OI0008744,O003530,P0086,1,263.23,167.09,0
OI0008745,O003530,P0038,1,81.71,51.71,5
OI0008746,O003530,P0108,1,299.87,137.39,25
OI0008747,O003531,P0096,4,280.31,123.46,15
OI0008748,O003532,P0099,1,179.3,114.96,15
OI0008749,O003532,P0066,1,103.29,50.62,0
OI0008750,O003532,P0026,1,187.78,112.59,15
OI0008751,O003532,P0108,2,299.87,137.39,5
OI0008752,O003533,P0066,1,103.29,50.62,5
OI0008753,O003533,P0091,2,196.39,82.27,0
OI0008754,O003533,P0028,1,307.09,179.34,0
OI0008755,O003534,P0025,2,187.19,125.9,0
OI0008756,O003534,P0082,2,64.05,28.14,20
OI0008757,O003535,P0112,1,361.01,177.23,20
OI0008758,O003535,P0057,2,95.09,41.82,20
OI0008759,O003535,P0017,1,30.38,15.75,5
OI0008760,O003535,P0016,4,182.65,108.43,15
OI0008761,O003536,P0007,4,180.16,110.8,5
OI0008762,O003537,P0029,1,35.33,21.58,0
OI0008763,O003537,P0058,3,224.02,143.13,5
OI0008764,O003538,P0107,1,140.71,82.95,0
OI0008765,O003538,P0106,4,56.39,27.98,25
OI0008766,O003538,P0086,2,263.23,167.09,20
OI0008767,O003539,P0084,4,42.76,20.69,0
OI0008768,O003539,P0023,1,15.34,8.57,5
OI0008769,O003540,P0058,1,224.02,143.13,10
OI0008770,O003540,P0012,1,20.32,10.75,15
OI0008771,O003541,P0054,1,83.38,49.27,0
OI0008772,O003541,P0027,2,283.79,152.07,5
OI0008773,O003541,P0071,2,66.14,34.77,15
OI0008774,O003541,P0107,1,140.71,82.95,5
OI0008775,O003542,P0096,2,280.31,123.46,15
OI0008776,O003542,P0107,2,140.71,82.95,10
OI0008777,O003542,P0090,3,60.09,33.62,0
OI0008778,O003542,P0032,2,148.44,75.4,0
OI0008779,O003543,P0054,1,83.38,49.27,0
OI0008780,O003544,P0107,2,140.71,82.95,0
OI0008781,O003544,P0095,2,202.91,139.2,25
OI0008782,O003544,P0118,3,177.52,114.17,10
OI0008783,O003544,P0056,1,385.75,167.31,10
OI0008784,O003545,P0040,2,214.96,89.94,0
OI0008785,O003545,P0008,2,223.03,120.69,5
OI0008786,O003546,P0114,1,41.45,23.84,20
OI0008787,O003547,P0049,1,59.24,43.15,15
OI0008788,O003547,P0119,2,78.86,37.39,0
OI0008789,O003547,P0111,1,116.59,86.94,10
OI0008790,O003548,P0083,4,63.1,34.73,0
OI0008791,O003548,P0009,3,102.74,56.37,10
OI0008792,O003548,P0008,1,223.03,120.69,0
OI0008793,O003549,P0033,1,211.78,114.87,10
OI0008794,O003550,P0080,3,392.84,163.94,0
OI0008795,O003550,P0069,1,259.35,175.47,0
OI0008796,O003550,P0026,1,187.78,112.59,15
OI0008797,O003551,P0054,2,83.38,49.27,10
OI0008798,O003551,P0001,2,58.62,26.48,0
OI0008799,O003551,P0101,1,338.95,156.07,10
OI0008800,O003552,P0044,2,279.36,162.6,0
OI0008801,O003552,P0081,2,96.93,49.39,0
OI0008802,O003552,P0061,1,241.21,110.37,20
OI0008803,O003552,P0100,2,280.83,119.83,0
OI0008804,O003553,P0028,-1,307.09,179.34,5
OI0008805,O003553,P0114,4,41.45,23.84,10
OI0008806,O003553,P0060,1,306.49,149.27,15
OI0008807,O003554,P0028,-1,307.09,179.34,5
OI0008808,O003554,P0016,1,182.65,108.43,0
OI0008809,O003554,P0052,1,142.04,68.52,0
OI0008810,O003554,P0072,3,272.32,149.77,0
OI0008811,O003555,P0085,1,142.09,59.82,0
OI0008812,O003556,P0024,2,169.87,104.81,10
OI0008813,O003557,P0004,1,114.79,53.81,0
OI0008814,O003558,P0119,1,78.86,37.39,10
OI0008815,O003558,P0018,1,281.84,146.67,0
OI0008816,O003559,P0024,2,169.87,104.81,15
OI0008817,O003559,P0014,1,189.67,104.55,0
OI0008818,O003560,P0046,1,310.17,133.53,20
OI0008819,O003560,P0118,2,177.52,114.17,15
OI0008820,O003560,P0065,1,270.21,125.01,0
OI0008821,O003561,P0071,2,66.14,34.77,0
OI0008822,O003561,P0068,1,103.65,44.29,10
OI0008823,O003562,P0087,2,136.09,59.78,110
OI0008824,O003562,P0063,2,8.2,5.54,5
OI0008825,O003562,P0079,1,28.55,21.67,0
OI0008826,O003563,P0021,4,217.0,157.06,15
OI0008827,O003564,P0074,1,62.08,27.78,5
OI0008828,O003564,P0051,1,104.92,60.39,0
OI0008829,O003564,P0003,1,171.57,88.27,0
OI0008830,O003565,P0046,4,310.17,133.53,10
OI0008831,O003565,P0112,2,361.01,177.23,10
OI0008832,O003566,P0059,1,310.18,133.96,0
OI0008833,O003567,P0095,1,202.91,139.2,5
OI0008834,O003567,P0093,1,64.09,40.65,0
OI0008835,O003568,P0007,2,180.16,110.8,5
OI0008836,O003568,P0113,2,152.02,79.85,0
OI0008837,O003568,P0090,1,60.09,33.62,20
OI0008838,O003569,P0018,1,281.84,146.67,20
OI0008839,O003569,P0013,2,127.84,91.01,10
OI0008840,O003569,P0036,1,71.47,40.11,0
OI0008841,O003570,P0082,2,64.05,28.14,110
OI0008842,O003570,P0054,1,83.38,49.27,0
OI0008843,O003570,P0092,2,51.3,24.69,0
OI0008844,O003570,P0063,1,8.2,5.54,0
OI0008845,O003571,P0104,3,71.93,33.51,15
OI0008846,O003571,P0059,1,310.18,133.96,20
OI0008847,O003572,P0016,2,182.65,108.43,0
OI0008848,O003572,P0018,1,281.84,146.67,5
OI0008849,O003573,P0109,1,39.14,21.27,0
OI0008850,O003574,P0076,2,81.73,46.21,15
OI0008851,O003574,P0001,1,58.62,26.48,0
OI0008852,O003575,P0083,1,63.1,34.73,0
OI0008853,O003575,P0019,2,36.3,22.04,0
OI0008854,O003576,P0028,3,307.09,179.34,20
OI0008855,O003576,P0077,1,9.56,6.81,15
OI0008856,O003577,P0034,2,265.11,120.64,5
OI0008857,O003578,P0022,2,192.12,85.66,10
OI0008858,O003578,P0026,2,187.78,112.59,0
OI0008859,O003579,P0034,1,265.11,120.64,10
OI0008860,O003579,P0016,2,182.65,108.43,15
OI0008861,O003579,P0003,1,171.57,88.27,5
OI0008862,O003579,P0024,2,169.87,104.81,5
OI0008863,O003580,P0031,3,254.7,145.72,10
OI0008864,O003580,P0086,3,263.23,167.09,0
OI0008865,O003581,P0061,2,241.21,110.37,0
OI0008866,O003581,P0081,3,96.93,49.39,10
OI0008867,O003582,P0022,1,192.12,85.66,5
OI0008868,O003582,P0023,1,15.34,8.57,0
OI0008869,O003582,P0103,1,100.44,47.01,20
OI0008870,O003583,P0012,1,20.32,10.75,10
OI0008871,O003583,P0033,1,211.78,114.87,0
OI0008872,O003584,P0064,3,60.15,32.62,10
OI0008873,O003585,P0115,2,66.66,49.6,0
OI0008874,O003585,P0082,-1,64.05,28.14,10
OI0008875,O003586,P0116,2,53.16,36.42,0
OI0008876,O003587,P0059,2,310.18,133.96,0
OI0008877,O003588,P0115,1,66.66,49.6,0
OI0008878,O003588,P0060,1,306.49,149.27,0
OI0008879,O003588,P0112,2,361.01,177.23,0
OI0008880,O003588,P0064,4,60.15,32.62,20
OI0008881,O003589,P0005,1,181.52,92.02,0
OI0008882,O003589,P0017,-1,30.38,15.75,15
OI0008883,O003590,P0031,1,254.7,145.72,5
OI0008884,O003590,P0116,1,53.16,36.42,0
OI0008885,O003590,P0067,2,33.07,19.77,5
OI0008886,O003590,P0119,1,78.86,37.39,10
OI0008887,O003591,P0089,4,49.96,38.06,0
OI0008888,O003591,P0017,1,30.38,15.75,0
OI0008889,O003591,P0044,2,279.36,162.6,5
OI0008890,O003592,P0100,3,280.83,119.83,0
OI0008891,O003592,P0020,1,185.28,120.72,0
OI0008892,O003593,P0064,3,60.15,32.62,5
OI0008893,O003593,P0038,2,81.71,51.71,10
OI0008894,O003593,P0111,4,116.59,86.94,0
OI0008895,O003593,P0090,2,60.09,33.62,0
OI0008896,O003594,P0061,2,241.21,110.37,0
OI0008897,O003595,P0061,4,241.21,110.37,0
OI0008898,O003595,P0064,2,60.15,32.62,0
OI0008899,O003595,P0049,1,59.24,43.15,0
OI0008900,O003596,P0077,3,9.56,6.81,10
OI0008901,O003597,P0114,3,41.45,23.84,5
OI0008902,O003597,P0050,4,171.47,76.47,0
OI0008903,O003597,P0069,1,259.35,175.47,0
OI0008904,O003598,P0069,2,259.35,175.47,0
OI0008905,O003598,P0111,4,116.59,86.94,10
OI0008906,O003599,P0060,2,306.49,149.27,0
OI0008907,O003600,P0089,1,49.96,38.06,20
OI0008908,O003601,P0054,2,83.38,49.27,0
OI0008909,O003601,P0041,1,46.27,32.89,0
OI0008910,O003601,P0025,2,187.19,125.9,0
OI0008911,O003602,P0100,1,280.83,119.83,5
OI0008912,O003602,P0071,1,66.14,34.77,5
OI0008913,O003602,P0115,1,66.66,49.6,0
OI0008914,O003603,P0015,4,147.82,103.39,10
OI0008915,O003603,P0059,1,310.18,133.96,20
OI0008916,O003603,P0084,1,42.76,20.69,0
OI0008917,O003604,P0116,1,53.16,36.42,10
OI0008918,O003604,P0014,2,189.67,104.55,0
OI0008919,O003604,P0033,1,211.78,114.87,0
OI0008920,O003605,P0017,2,30.38,15.75,10
OI0008921,O003605,P0096,3,280.31,123.46,5
OI0008922,O003605,P0092,2,51.3,24.69,0
OI0008923,O003605,P0060,1,306.49,149.27,15
OI0008924,O003606,P0101,2,338.95,156.07,0
OI0008925,O003606,P0050,1,171.47,76.47,0
OI0008926,O003606,P0065,1,270.21,125.01,10
OI0008927,O003607,P0066,1,103.29,50.62,15
OI0008928,O003608,P0108,1,299.87,137.39,15
OI0008929,O003609,P0067,3,33.07,19.77,0
OI0008930,O003609,P0055,1,150.07,98.61,5
OI0008931,O003609,P0075,2,134.51,78.21,0
OI0008932,O003610,P0003,1,171.57,88.27,0
OI0008933,O003610,P0110,3,311.63,167.87,5
OI0008934,O003610,P0023,1,15.34,8.57,10
OI0008935,O003611,P0084,1,42.76,20.69,10
OI0008936,O003611,P0064,1,60.15,32.62,0
OI0008937,O003612,P0081,2,96.93,49.39,10
OI0008938,O003613,P0058,4,224.02,143.13,0
OI0008939,O003614,P0092,2,51.3,24.69,20
OI0008940,O003614,P0026,2,187.78,112.59,10
OI0008941,O003615,P0096,3,280.31,123.46,0
OI0008942,O003616,P0110,1,311.63,167.87,5
OI0008943,O003616,P0088,1,236.31,102.24,0
OI0008944,O003616,P0048,2,316.06,150.66,0
OI0008945,O003617,P0118,1,177.52,114.17,20
OI0008946,O003617,P0010,2,236.09,100.66,10
OI0008947,O003618,P0019,1,36.3,22.04,10
OI0008948,O003618,P0055,1,150.07,98.61,0
OI0008949,O003618,P0076,1,81.73,46.21,15
OI0008950,O003618,P0109,1,39.14,21.27,10
OI0008951,O003619,P0046,4,310.17,133.53,0
OI0008952,O003619,P0042,1,79.85,35.8,0
OI0008953,O003619,P0087,1,136.09,59.78,5
OI0008954,O003619,P0044,1,279.36,162.6,0
OI0008955,O003620,P0018,1,281.84,146.67,15
OI0008956,O003620,P0059,2,310.18,133.96,0
OI0008957,O003620,P0087,-1,136.09,59.78,0
OI0008958,O003620,P0107,1,140.71,82.95,0
OI0008959,O003621,P0092,1,51.3,24.69,5
OI0008960,O003621,P0053,1,23.29,11.09,0
OI0008961,O003622,P0077,4,9.56,6.81,15
OI0008962,O003622,P0064,4,60.15,32.62,0
OI0008963,O003623,P0074,1,62.08,27.78,20
OI0008964,O003623,P0088,1,236.31,102.24,5
OI0008965,O003624,P0023,1,15.34,8.57,0
OI0008966,O003624,P0035,1,326.93,146.56,0
OI0008967,O003624,P0080,1,392.84,163.94,10
OI0008968,O003624,P0047,3,243.5,159.8,0
OI0008969,O003625,P0072,2,272.32,149.77,0
OI0008970,O003626,P0083,1,63.1,34.73,5
OI0008971,O003626,P0036,-1,71.47,40.11,0
OI0008972,O003627,P0012,1,20.32,10.75,0
OI0008973,O003627,P0018,1,281.84,146.67,0
OI0008974,O003627,P0030,-1,90.28,41.7,0
OI0008975,O003628,P0043,1,33.48,14.68,5
OI0008976,O003628,P0056,1,385.75,167.31,15
OI0008977,O003629,P0062,2,274.98,138.35,10
OI0008978,O003629,P0101,1,338.95,156.07,5
OI0008979,O003630,P0082,4,64.05,28.14,20
OI0008980,O003630,P0036,1,71.47,40.11,20
OI0008981,O003631,P0073,2,372.75,170.56,20
OI0008982,O003631,P0069,1,259.35,175.47,110
OI0008983,O003631,P0065,-1,270.21,125.01,15
OI0008984,O003632,P0076,2,81.73,46.21,15
OI0008985,O003632,P0076,3,81.73,46.21,5
OI0008986,O003632,P0081,1,96.93,49.39,0
OI0008987,O003633,P0070,1,131.06,75.18,0
OI0008988,O003633,P0070,1,131.06,75.18,0
OI0008989,O003634,P0024,1,169.87,104.81,110
OI0008990,O003634,P0110,3,311.63,167.87,25
OI0008991,O003635,P0029,1,35.33,21.58,10
OI0008992,O003635,P0082,3,64.05,28.14,0
OI0008993,O003636,P0035,1,326.93,146.56,15
OI0008994,O003637,P0028,1,307.09,179.34,5
OI0008995,O003637,P0070,3,131.06,75.18,10
OI0008996,O003637,P0038,1,81.71,51.71,10
OI0008997,O003638,P0078,3,268.06,129.83,0
OI0008998,O003639,P0022,3,192.12,85.66,5
OI0008999,O003640,P0059,1,310.18,133.96,0
OI0009000,O003640,P0071,-1,66.14,34.77,10
OI0009001,O003640,P0092,1,51.3,24.69,15
OI0009002,O003641,P0076,3,81.73,46.21,0
OI0009003,O003642,P0079,3,28.55,21.67,20
OI0009004,O003642,P0022,2,192.12,85.66,5
OI0009005,O003642,P0065,1,270.21,125.01,0
OI0009006,O003643,P0100,1,280.83,119.83,0
OI0009007,O003643,P0079,2,28.55,21.67,25
OI0009008,O003643,P0051,1,104.92,60.39,15
OI0009009,O003644,P0095,1,202.91,139.2,0
OI0009010,O003644,P0074,1,62.08,27.78,5
OI0009011,O003645,P0096,3,280.31,123.46,15
OI0009012,O003645,P0008,1,223.03,120.69,0
OI0009013,O003646,P0060,1,306.49,149.27,0
OI0009014,O003646,P0089,2,49.96,38.06,0
OI0009015,O003647,P0034,1,265.11,120.64,5
OI0009016,O003647,P0003,4,171.57,88.27,0
OI0009017,O003647,P0110,2,311.63,167.87,0
OI0009018,O003648,P0091,1,196.39,82.27,10
OI0009019,O003649,P0064,1,60.15,32.62,0
OI0009020,O003649,P0052,1,142.04,68.52,15
OI0009021,O003649,P0079,2,28.55,21.67,10
OI0009022,O003650,P0044,1,279.36,162.6,5
OI0009023,O003650,P0056,1,385.75,167.31,0
OI0009024,O003650,P0052,2,142.04,68.52,0
OI0009025,O003651,P0059,2,310.18,133.96,0
OI0009026,O003652,P0075,1,134.51,78.21,0
OI0009027,O003652,P0004,2,114.79,53.81,15
OI0009028,O003652,P0090,2,60.09,33.62,20
OI0009029,O003652,P0070,1,131.06,75.18,10
OI0009030,O003653,P0112,2,361.01,177.23,5
OI0009031,O003653,P0020,1,185.28,120.72,10
OI0009032,O003653,P0062,1,274.98,138.35,0
OI0009033,O003653,P0092,1,51.3,24.69,0
OI0009034,O003654,P0059,1,310.18,133.96,0
OI0009035,O003654,P0106,3,56.39,27.98,0
OI0009036,O003654,P0068,1,103.65,44.29,5
OI0009037,O003655,P0075,1,134.51,78.21,10
OI0009038,O003655,P0002,4,230.82,108.89,0
OI0009039,O003656,P0054,2,83.38,49.27,15
OI0009040,O003656,P0087,2,136.09,59.78,10
OI0009041,O003657,P0056,1,385.75,167.31,0
OI0009042,O003658,P0034,2,265.11,120.64,5
OI0009043,O003658,P0075,2,134.51,78.21,0
OI0009044,O003658,P0120,1,123.81,98.52,5
OI0009045,O003659,P0105,1,124.3,57.25,15
OI0009046,O003659,P0078,1,268.06,129.83,0
OI0009047,O003660,P0022,1,192.12,85.66,0
OI0009048,O003660,P0092,1,51.3,24.69,15
OI0009049,O003660,P0022,1,192.12,85.66,5
OI0009050,O003660,P0024,2,169.87,104.81,5
OI0009051,O003661,P0040,1,214.96,89.94,0
OI0009052,O003662,P0089,1,49.96,38.06,5
OI0009053,O003662,P0026,3,187.78,112.59,10
OI0009054,O003663,P0112,2,361.01,177.23,25
OI0009055,O003664,P0102,1,195.72,100.75,0
OI0009056,O003664,P0045,2,354.19,170.05,0
OI0009057,O003664,P0116,1,53.16,36.42,5
OI0009058,O003665,P0082,3,64.05,28.14,5
OI0009059,O003665,P0098,1,17.88,10.05,0
OI0009060,O003665,P0070,3,131.06,75.18,10
OI0009061,O003665,P0018,1,281.84,146.67,5
OI0009062,O003666,P0050,1,171.47,76.47,15
OI0009063,O003666,P0114,1,41.45,23.84,5
OI0009064,O003666,P0042,3,79.85,35.8,10
OI0009065,O003666,P0117,1,252.27,158.43,0
OI0009066,O003667,P0032,4,148.44,75.4,10
OI0009067,O003667,P0070,1,131.06,75.18,15
OI0009068,O003667,P0047,2,243.5,159.8,5
OI0009069,O003667,P0056,1,385.75,167.31,10
OI0009070,O003668,P0083,2,63.1,34.73,5
OI0009071,O003668,P0079,1,28.55,21.67,0
OI0009072,O003669,P0022,1,192.12,85.66,0
OI0009073,O003669,P0003,2,171.57,88.27,15
OI0009074,O003669,P0012,2,20.32,10.75,0
OI0009075,O003669,P0088,2,236.31,102.24,10
OI0009076,O003670,P0043,1,33.48,14.68,15
OI0009077,O003670,P0050,2,171.47,76.47,20
OI0009078,O003670,P0052,2,142.04,68.52,10
OI0009079,O003670,P0103,1,100.44,47.01,0
OI0009080,O003671,P0091,3,196.39,82.27,0
OI0009081,O003671,P0099,2,179.3,114.96,0
OI0009082,O003671,P0079,1,28.55,21.67,0
OI0009083,O003672,P0031,4,254.7,145.72,10
OI0009084,O003672,P0017,1,30.38,15.75,0
OI0009085,O003672,P0056,1,385.75,167.31,20
OI0009086,O003672,P0020,1,185.28,120.72,5
OI0009087,O003673,P0075,2,134.51,78.21,0
OI0009088,O003673,P0008,4,223.03,120.69,15
OI0009089,O003673,P0116,2,53.16,36.42,20
OI0009090,O003673,P0046,1,310.17,133.53,0
OI0009091,O003674,P0081,3,96.93,49.39,15
OI0009092,O003674,P0071,3,66.14,34.77,0
OI0009093,O003674,P0060,3,306.49,149.27,10
OI0009094,O003675,P0019,1,36.3,22.04,10
OI0009095,O003675,P0045,-1,354.19,170.05,20
OI0009096,O003676,P0061,2,241.21,110.37,0
OI0009097,O003676,P0100,3,280.83,119.83,0
OI0009098,O003676,P0083,2,63.1,34.73,0
OI0009099,O003676,P0063,4,8.2,5.54,0
OI0009100,O003677,P0102,4,195.72,100.75,5
OI0009101,O003677,P0012,2,20.32,10.75,0
OI0009102,O003677,P0100,1,280.83,119.83,0
OI0009103,O003677,P0108,1,299.87,137.39,5
OI0009104,O003678,P0103,1,100.44,47.01,10
OI0009105,O003678,P0032,4,148.44,75.4,0
OI0009106,O003678,P0100,1,280.83,119.83,0
OI0009107,O003679,P0120,4,123.81,98.52,25
OI0009108,O003679,P0109,2,39.14,21.27,0
OI0009109,O003679,P0104,3,71.93,33.51,5
OI0009110,O003679,P0031,2,254.7,145.72,15
OI0009111,O003680,P0043,1,33.48,14.68,0
OI0009112,O003681,P0106,1,56.39,27.98,5
OI0009113,O003681,P0087,1,136.09,59.78,0
OI0009114,O003682,P0118,1,177.52,114.17,10
OI0009115,O003682,P0059,2,310.18,133.96,0
OI0009116,O003682,P0009,2,102.74,56.37,10
OI0009117,O003682,P0068,1,103.65,44.29,0
OI0009118,O003683,P0042,1,79.85,35.8,0
OI0009119,O003683,P0013,1,127.84,91.01,0
OI0009120,O003683,P0047,1,243.5,159.8,15
OI0009121,O003683,P0027,4,283.79,152.07,0
OI0009122,O003684,P0006,1,273.98,150.3,0
OI0009123,O003684,P0063,1,8.2,5.54,5
OI0009124,O003684,P0111,1,116.59,86.94,25
OI0009125,O003685,P0008,1,223.03,120.69,0
OI0009126,O003686,P0006,1,273.98,150.3,15
OI0009127,O003686,P0096,2,280.31,123.46,0
OI0009128,O003686,P0106,1,56.39,27.98,15
OI0009129,O003686,P0022,1,192.12,85.66,20
OI0009130,O003687,P0085,3,142.09,59.82,0
OI0009131,O003687,P0097,3,163.15,70.37,0
OI0009132,O003687,P0032,2,148.44,75.4,15
OI0009133,O003688,P0056,1,385.75,167.31,0
OI0009134,O003688,P0081,1,96.93,49.39,25
OI0009135,O003688,P0073,1,372.75,170.56,0
OI0009136,O003688,P0038,4,81.71,51.71,15
OI0009137,O003689,P0088,4,236.31,102.24,0
OI0009138,O003690,P0067,2,33.07,19.77,0
OI0009139,O003691,P0099,3,179.3,114.96,5
OI0009140,O003691,P0079,1,28.55,21.67,0
OI0009141,O003692,P0057,3,95.09,41.82,0
OI0009142,O003692,P0089,1,49.96,38.06,0
OI0009143,O003693,P0039,1,66.47,46.73,15
OI0009144,O003693,P0045,-1,354.19,170.05,25
OI0009145,O003693,P0064,3,60.15,32.62,5
OI0009146,O003694,P0113,2,152.02,79.85,0
OI0009147,O003694,P0089,3,49.96,38.06,10
OI0009148,O003695,P0063,-1,8.2,5.54,0
OI0009149,O003695,P0018,4,281.84,146.67,0
OI0009150,O003695,P0034,1,265.11,120.64,0
OI0009151,O003695,P0040,1,214.96,89.94,0
OI0009152,O003696,P0037,1,171.97,76.8,20
OI0009153,O003696,P0104,1,71.93,33.51,5
OI0009154,O003696,P0009,1,102.74,56.37,0
OI0009155,O003697,P0009,1,102.74,56.37,0
OI0009156,O003697,P0073,2,372.75,170.56,20
OI0009157,O003698,P0088,2,236.31,102.24,15
OI0009158,O003698,P0063,2,8.2,5.54,0
OI0009159,O003699,P0013,-1,127.84,91.01,5
OI0009160,O003699,P0108,4,299.87,137.39,20
OI0009161,O003699,P0024,4,169.87,104.81,0
OI0009162,O003700,P0028,2,307.09,179.34,5
OI0009163,O003700,P0102,-1,195.72,100.75,5
OI0009164,O003700,P0066,1,103.29,50.62,5
OI0009165,O003701,P0051,2,104.92,60.39,0
OI0009166,O003701,P0026,2,187.78,112.59,0
OI0009167,O003701,P0027,2,283.79,152.07,15
OI0009168,O003701,P0015,1,147.82,103.39,5
OI0009169,O003702,P0002,2,230.82,108.89,0
OI0009170,O003703,P0018,1,281.84,146.67,0
OI0009171,O003704,P0016,1,182.65,108.43,0
OI0009172,O003704,P0093,4,64.09,40.65,10
OI0009173,O003705,P0066,-1,103.29,50.62,0
OI0009174,O003705,P0050,1,171.47,76.47,0
OI0009175,O003706,P0003,1,171.57,88.27,15
OI0009176,O003706,P0026,1,187.78,112.59,0
OI0009177,O003706,P0047,1,243.5,159.8,0
OI0009178,O003706,P0097,1,163.15,70.37,0
OI0009179,O003707,P0096,1,280.31,123.46,0
OI0009180,O003707,P0062,2,274.98,138.35,20
OI0009181,O003708,P0001,1,58.62,26.48,0
OI0009182,O003708,P0080,1,392.84,163.94,0
OI0009183,O003708,P0006,2,273.98,150.3,15
OI0009184,O003709,P0073,1,372.75,170.56,5
OI0009185,O003709,P0074,2,62.08,27.78,20
OI0009186,O003709,P0072,1,272.32,149.77,25
OI0009187,O003709,P0085,2,142.09,59.82,0
OI0009188,O003710,P0059,1,310.18,133.96,25
OI0009189,O003710,P0109,1,39.14,21.27,10
OI0009190,O003710,P0086,4,263.23,167.09,5
OI0009191,O003710,P0094,1,309.52,160.91,0
OI0009192,O003711,P0042,2,79.85,35.8,10
OI0009193,O003711,P0005,1,181.52,92.02,25
OI0009194,O003712,P0113,3,152.02,79.85,0
OI0009195,O003712,P0046,2,310.17,133.53,5
OI0009196,O003713,P0026,3,187.78,112.59,0
OI0009197,O003713,P0038,1,81.71,51.71,10
OI0009198,O003713,P0037,4,171.97,76.8,10
OI0009199,O003713,P0011,-1,116.27,72.14,5
OI0009200,O003714,P0076,4,81.73,46.21,5
OI0009201,O003715,P0017,1,30.38,15.75,0
OI0009202,O003715,P0117,1,252.27,158.43,0
OI0009203,O003715,P0031,1,254.7,145.72,0
OI0009204,O003716,P0086,1,263.23,167.09,0
OI0009205,O003717,P0024,1,169.87,104.81,0
OI0009206,O003717,P0036,3,71.47,40.11,10
OI0009207,O003718,P0106,1,56.39,27.98,5
OI0009208,O003718,P0054,1,83.38,49.27,0
OI0009209,O003718,P0109,3,39.14,21.27,0
OI0009210,O003719,P0052,4,142.04,68.52,0
OI0009211,O003719,P0024,3,169.87,104.81,10
OI0009212,O003720,P0019,2,36.3,22.04,0
OI0009213,O003720,P0051,1,104.92,60.39,5
OI0009214,O003721,P0064,2,60.15,32.62,10
OI0009215,O003722,P0091,1,196.39,82.27,15
OI0009216,O003722,P0048,1,316.06,150.66,25
OI0009217,O003723,P0011,1,116.27,72.14,0
OI0009218,O003723,P0038,2,81.71,51.71,10
OI0009219,O003723,P0059,1,310.18,133.96,0
OI0009220,O003724,P0041,2,46.27,32.89,10
OI0009221,O003724,P0112,2,361.01,177.23,0
OI0009222,O003724,P0100,1,280.83,119.83,0
OI0009223,O003724,P0115,3,66.66,49.6,10
OI0009224,O003725,P0010,3,236.09,100.66,0
OI0009225,O003726,P0096,2,280.31,123.46,0
OI0009226,O003727,P0093,2,64.09,40.65,10
OI0009227,O003727,P0019,3,36.3,22.04,20
OI0009228,O003728,P0008,2,223.03,120.69,15
OI0009229,O003728,P0093,1,64.09,40.65,15
OI0009230,O003728,P0120,2,123.81,98.52,15
OI0009231,O003728,P0016,1,182.65,108.43,10
OI0009232,O003729,P0032,1,148.44,75.4,5
OI0009233,O003729,P0081,2,96.93,49.39,20
OI0009234,O003730,P0056,2,385.75,167.31,5
OI0009235,O003730,P0016,2,182.65,108.43,5
OI0009236,O003731,P0003,1,171.57,88.27,5
OI0009237,O003732,P0043,1,33.48,14.68,10
OI0009238,O003732,P0032,1,148.44,75.4,20
OI0009239,O003732,P0080,1,392.84,163.94,0
OI0009240,O003733,P0066,-1,103.29,50.62,0
OI0009241,O003733,P0052,4,142.04,68.52,0
OI0009242,O003734,P0046,4,310.17,133.53,5
OI0009243,O003734,P0010,2,236.09,100.66,5
OI0009244,O003735,P0021,4,217.0,157.06,10
OI0009245,O003736,P0008,-1,223.03,120.69,0
OI0009246,O003736,P0032,2,148.44,75.4,0
OI0009247,O003736,P0089,1,49.96,38.06,0
OI0009248,O003737,P0081,2,96.93,49.39,15
OI0009249,O003737,P0078,1,268.06,129.83,15
OI0009250,O003737,P0043,2,33.48,14.68,10
OI0009251,O003737,P0090,2,60.09,33.62,0
OI0009252,O003738,P0042,3,79.85,35.8,0
OI0009253,O003738,P0009,3,102.74,56.37,10
OI0009254,O003738,P0105,1,124.3,57.25,10
OI0009255,O003739,P0114,2,41.45,23.84,0
OI0009256,O003739,P0034,1,265.11,120.64,0
OI0009257,O003739,P0070,1,131.06,75.18,5
OI0009258,O003740,P0076,1,81.73,46.21,15
OI0009259,O003740,P0051,2,104.92,60.39,20
OI0009260,O003741,P0114,4,41.45,23.84,0
OI0009261,O003742,P0105,3,124.3,57.25,0
OI0009262,O003742,P0115,-1,66.66,49.6,10
OI0009263,O003742,P0054,1,83.38,49.27,10
OI0009264,O003743,P0023,1,15.34,8.57,15
OI0009265,O003744,P0035,1,326.93,146.56,0
OI0009266,O003744,P0068,3,103.65,44.29,0
OI0009267,O003744,P0035,1,326.93,146.56,0
OI0009268,O003744,P0003,2,171.57,88.27,5
OI0009269,O003745,P0070,1,131.06,75.18,5
OI0009270,O003745,P0051,3,104.92,60.39,0
OI0009271,O003745,P0071,1,66.14,34.77,0
OI0009272,O003746,P0080,2,392.84,163.94,0
OI0009273,O003746,P0029,3,35.33,21.58,5
OI0009274,O003746,P0041,2,46.27,32.89,5
OI0009275,O003747,P0003,1,171.57,88.27,5
OI0009276,O003747,P0047,2,243.5,159.8,0
OI0009277,O003748,P0070,1,131.06,75.18,0
OI0009278,O003749,P0021,2,217.0,157.06,5
OI0009279,O003749,P0109,2,39.14,21.27,5
OI0009280,O003749,P0049,1,59.24,43.15,10
OI0009281,O003750,P0054,1,83.38,49.27,5
OI0009282,O003750,P0119,1,78.86,37.39,0
OI0009283,O003750,P0036,1,71.47,40.11,15
OI0009284,O003750,P0071,1,66.14,34.77,0
OI0009285,O003751,P0030,2,90.28,41.7,15
OI0009286,O003751,P0057,1,95.09,41.82,15
OI0009287,O003751,P0005,4,181.52,92.02,10
OI0009288,O003752,P0081,2,96.93,49.39,10
OI0009289,O003752,P0020,1,185.28,120.72,5
OI0009290,O003752,P0005,1,181.52,92.02,10
OI0009291,O003752,P0059,1,310.18,133.96,5
OI0009292,O003753,P0068,1,103.65,44.29,10
OI0009293,O003753,P0091,1,196.39,82.27,25
OI0009294,O003753,P0076,2,81.73,46.21,0
OI0009295,O003754,P0043,1,33.48,14.68,0
OI0009296,O003754,P0043,-1,33.48,14.68,0
OI0009297,O003755,P0060,4,306.49,149.27,10
OI0009298,O003755,P0085,1,142.09,59.82,5
OI0009299,O003755,P0027,2,283.79,152.07,0
OI0009300,O003755,P0012,2,20.32,10.75,15
OI0009301,O003756,P0104,1,71.93,33.51,0
OI0009302,O003756,P0015,2,147.82,103.39,0
OI0009303,O003757,P0030,3,90.28,41.7,10
OI0009304,O003758,P0047,2,243.5,159.8,0
OI0009305,O003759,P0044,1,279.36,162.6,10
OI0009306,O003759,P0035,1,326.93,146.56,0
OI0009307,O003760,P0110,2,311.63,167.87,5
OI0009308,O003760,P0004,1,114.79,53.81,0
OI0009309,O003760,P0107,2,140.71,82.95,0
OI0009310,O003761,P0037,3,171.97,76.8,5
OI0009311,O003761,P0110,2,311.63,167.87,25
OI0009312,O003761,P0061,1,241.21,110.37,0
OI0009313,O003761,P0074,1,62.08,27.78,5
OI0009314,O003762,P0072,1,272.32,149.77,10
OI0009315,O003762,P0058,1,224.02,143.13,5
OI0009316,O003763,P0106,2,56.39,27.98,20
OI0009317,O003763,P0084,4,42.76,20.69,5
OI0009318,O003764,P0002,2,230.82,108.89,0
OI0009319,O003764,P0042,2,79.85,35.8,10
OI0009320,O003764,P0068,2,103.65,44.29,5
OI0009321,O003764,P0062,1,274.98,138.35,20
OI0009322,O003765,P0014,2,189.67,104.55,15
OI0009323,O003765,P0117,2,252.27,158.43,5
OI0009324,O003765,P0010,2,236.09,100.66,5
OI0009325,O003765,P0058,2,224.02,143.13,15
OI0009326,O003766,P0101,3,338.95,156.07,10
OI0009327,O003766,P0011,1,116.27,72.14,10
OI0009328,O003766,P0064,1,60.15,32.62,5
OI0009329,O003767,P0074,3,62.08,27.78,10
OI0009330,O003767,P0096,2,280.31,123.46,0
OI0009331,O003767,P0015,1,147.82,103.39,0
OI0009332,O003768,P0023,2,15.34,8.57,5
OI0009333,O003769,P0116,2,53.16,36.42,5
OI0009334,O003769,P0007,1,180.16,110.8,15
OI0009335,O003770,P0063,1,8.2,5.54,0
OI0009336,O003770,P0046,1,310.17,133.53,20
OI0009337,O003770,P0076,1,81.73,46.21,0
OI0009338,O003771,P0094,1,309.52,160.91,15
OI0009339,O003771,P0110,1,311.63,167.87,0
OI0009340,O003772,P0107,1,140.71,82.95,0
OI0009341,O003772,P0104,1,71.93,33.51,0
OI0009342,O003772,P0078,1,268.06,129.83,0
OI0009343,O003772,P0104,1,71.93,33.51,20
OI0009344,O003773,P0057,1,95.09,41.82,0
OI0009345,O003774,P0040,1,214.96,89.94,20
OI0009346,O003775,P0004,1,114.79,53.81,0
OI0009347,O003776,P0081,1,96.93,49.39,5
OI0009348,O003777,P0027,1,283.79,152.07,0
OI0009349,O003777,P0029,1,35.33,21.58,5
OI0009350,O003777,P0066,2,103.29,50.62,0
OI0009351,O003778,P0067,1,33.07,19.77,25
OI0009352,O003778,P0075,2,134.51,78.21,10
OI0009353,O003778,P0067,2,33.07,19.77,10
OI0009354,O003778,P0043,4,33.48,14.68,0
OI0009355,O003779,P0052,1,142.04,68.52,0
OI0009356,O003779,P0116,1,53.16,36.42,0
OI0009357,O003779,P0062,3,274.98,138.35,5
OI0009358,O003780,P0043,3,33.48,14.68,0
OI0009359,O003780,P0101,2,338.95,156.07,10
OI0009360,O003781,P0100,1,280.83,119.83,0
OI0009361,O003781,P0003,2,171.57,88.27,20
OI0009362,O003781,P0085,4,142.09,59.82,20
OI0009363,O003781,P0109,-1,39.14,21.27,5
OI0009364,O003782,P0074,1,62.08,27.78,15
OI0009365,O003782,P0021,3,217.0,157.06,0
OI0009366,O003782,P0061,2,241.21,110.37,10
OI0009367,O003782,P0035,1,326.93,146.56,25
OI0009368,O003783,P0046,1,310.17,133.53,0
OI0009369,O003783,P0002,1,230.82,108.89,10
OI0009370,O003784,P0013,3,127.84,91.01,0
OI0009371,O003785,P0093,1,64.09,40.65,0
OI0009372,O003785,P0097,1,163.15,70.37,0
OI0009373,O003786,P0033,1,211.78,114.87,10
OI0009374,O003786,P0011,1,116.27,72.14,0
OI0009375,O003787,P0092,1,51.3,24.69,0
OI0009376,O003787,P0117,1,252.27,158.43,0
OI0009377,O003788,P0025,1,187.19,125.9,0
OI0009378,O003788,P0048,2,316.06,150.66,10
OI0009379,O003789,P0074,2,62.08,27.78,10
OI0009380,O003789,P0008,2,223.03,120.69,10
OI0009381,O003790,P0062,1,274.98,138.35,15
OI0009382,O003790,P0077,1,9.56,6.81,10
OI0009383,O003790,P0001,1,58.62,26.48,0
OI0009384,O003790,P0049,1,59.24,43.15,5
OI0009385,O003791,P0096,1,280.31,123.46,15
OI0009386,O003791,P0047,2,243.5,159.8,20
OI0009387,O003791,P0025,1,187.19,125.9,0
OI0009388,O003792,P0008,2,223.03,120.69,0
OI0009389,O003792,P0048,1,316.06,150.66,5
OI0009390,O003792,P0017,1,30.38,15.75,25
OI0009391,O003792,P0035,1,326.93,146.56,0
OI0009392,O003793,P0032,2,148.44,75.4,5
OI0009393,O003793,P0038,2,81.71,51.71,0
OI0009394,O003793,P0071,3,66.14,34.77,0
OI0009395,O003793,P0029,1,35.33,21.58,25
OI0009396,O003794,P0117,1,252.27,158.43,10
OI0009397,O003795,P0008,-1,223.03,120.69,0
OI0009398,O003795,P0071,3,66.14,34.77,20
OI0009399,O003796,P0102,1,195.72,100.75,20
OI0009400,O003796,P0087,1,136.09,59.78,0
OI0009401,O003796,P0098,3,17.88,10.05,10
OI0009402,O003796,P0081,1,96.93,49.39,0
OI0009403,O003797,P0055,1,150.07,98.61,5
OI0009404,O003797,P0119,2,78.86,37.39,0
OI0009405,O003797,P0068,3,103.65,44.29,0
OI0009406,O003797,P0073,1,372.75,170.56,25
OI0009407,O003798,P0081,1,96.93,49.39,0
OI0009408,O003798,P0030,1,90.28,41.7,0
OI0009409,O003798,P0036,1,71.47,40.11,0
OI0009410,O003798,P0003,2,171.57,88.27,0
OI0009411,O003799,P0088,1,236.31,102.24,0
OI0009412,O003799,P0037,1,171.97,76.8,20
OI0009413,O003800,P0080,1,392.84,163.94,0
OI0009414,O003801,P0100,3,280.83,119.83,0
OI0009415,O003802,P0101,1,338.95,156.07,0
OI0009416,O003802,P0057,1,95.09,41.82,25
OI0009417,O003802,P0082,1,64.05,28.14,0
OI0009418,O003802,P0104,3,71.93,33.51,15
OI0009419,O003803,P0062,2,274.98,138.35,10
OI0009420,O003803,P0107,1,140.71,82.95,5
OI0009421,O003803,P0017,3,30.38,15.75,5
OI0009422,O003803,P0033,1,211.78,114.87,0
OI0009423,O003804,P0049,1,59.24,43.15,0
OI0009424,O003804,P0068,1,103.65,44.29,0
OI0009425,O003804,P0071,1,66.14,34.77,15
OI0009426,O003804,P0067,2,33.07,19.77,10
OI0009427,O003805,P0091,2,196.39,82.27,25
OI0009428,O003805,P0065,1,270.21,125.01,0
OI0009429,O003805,P0035,1,326.93,146.56,110
OI0009430,O003805,P0063,3,8.2,5.54,20
OI0009431,O003806,P0083,3,63.1,34.73,0
OI0009432,O003807,P0017,3,30.38,15.75,0
OI0009433,O003808,P0021,1,217.0,157.06,10
OI0009434,O003809,P0056,1,385.75,167.31,20
OI0009435,O003810,P0063,1,8.2,5.54,5
OI0009436,O003811,P0015,2,147.82,103.39,0
OI0009437,O003812,P0120,2,123.81,98.52,10
OI0009438,O003812,P0066,3,103.29,50.62,20
OI0009439,O003813,P0083,1,63.1,34.73,5
OI0009440,O003813,P0108,2,299.87,137.39,10
OI0009441,O003814,P0040,1,214.96,89.94,15
OI0009442,O003815,P0081,3,96.93,49.39,25
OI0009443,O003815,P0098,1,17.88,10.05,5
OI0009444,O003815,P0099,2,179.3,114.96,0
OI0009445,O003815,P0032,2,148.44,75.4,0
OI0009446,O003816,P0094,1,309.52,160.91,0
OI0009447,O003816,P0045,1,354.19,170.05,5
OI0009448,O003816,P0112,1,361.01,177.23,5
OI0009449,O003816,P0025,3,187.19,125.9,0
OI0009450,O003817,P0117,1,252.27,158.43,0
OI0009451,O003817,P0062,4,274.98,138.35,10
OI0009452,O003818,P0057,4,95.09,41.82,5
OI0009453,O003819,P0035,1,326.93,146.56,5
OI0009454,O003820,P0009,1,102.74,56.37,0
OI0009455,O003820,P0017,2,30.38,15.75,5
OI0009456,O003820,P0073,1,372.75,170.56,0
OI0009457,O003821,P0019,1,36.3,22.04,5
OI0009458,O003821,P0111,1,116.59,86.94,5
OI0009459,O003822,P0015,1,147.82,103.39,20
OI0009460,O003823,P0089,1,49.96,38.06,0
OI0009461,O003823,P0035,1,326.93,146.56,0
OI0009462,O003823,P0018,1,281.84,146.67,0
OI0009463,O003823,P0098,3,17.88,10.05,5
OI0009464,O003824,P0014,2,189.67,104.55,5
OI0009465,O003825,P0053,2,23.29,11.09,0
OI0009466,O003825,P0026,1,187.78,112.59,15
OI0009467,O003826,P0099,1,179.3,114.96,15
OI0009468,O003826,P0042,3,79.85,35.8,0
OI0009469,O003826,P0096,1,280.31,123.46,20
OI0009470,O003826,P0067,2,33.07,19.77,20
OI0009471,O003827,P0021,1,217.0,157.06,15
OI0009472,O003827,P0112,3,361.01,177.23,20
OI0009473,O003827,P0072,2,272.32,149.77,10
OI0009474,O003828,P0056,1,385.75,167.31,5
OI0009475,O003829,P0006,1,273.98,150.3,15
OI0009476,O003829,P0035,1,326.93,146.56,0
OI0009477,O003829,P0038,4,81.71,51.71,110
OI0009478,O003829,P0089,1,49.96,38.06,0
OI0009479,O003830,P0095,1,202.91,139.2,0
OI0009480,O003830,P0054,1,83.38,49.27,0
OI0009481,O003830,P0069,1,259.35,175.47,0
OI0009482,O003830,P0021,2,217.0,157.06,0
OI0009483,O003831,P0069,1,259.35,175.47,20
OI0009484,O003831,P0086,1,263.23,167.09,25
OI0009485,O003832,P0016,1,182.65,108.43,0
OI0009486,O003832,P0080,3,392.84,163.94,110
OI0009487,O003833,P0007,4,180.16,110.8,5
OI0009488,O003833,P0071,1,66.14,34.77,10
OI0009489,O003834,P0033,1,211.78,114.87,10
OI0009490,O003834,P0102,1,195.72,100.75,0
OI0009491,O003835,P0028,2,307.09,179.34,10
OI0009492,O003835,P0089,1,49.96,38.06,10
OI0009493,O003835,P0097,2,163.15,70.37,0
OI0009494,O003835,P0018,1,281.84,146.67,0
OI0009495,O003836,P0001,3,58.62,26.48,0
OI0009496,O003836,P0100,1,280.83,119.83,0
OI0009497,O003836,P0032,2,148.44,75.4,0
OI0009498,O003837,P0083,2,63.1,34.73,0
OI0009499,O003838,P0074,4,62.08,27.78,10
OI0009500,O003838,P0083,3,63.1,34.73,20
OI0009501,O003838,P0105,2,124.3,57.25,20
OI0009502,O003838,P0116,1,53.16,36.42,0
OI0009503,O003839,P0086,3,263.23,167.09,20
OI0009504,O003839,P0113,1,152.02,79.85,5
OI0009505,O003840,P0015,3,147.82,103.39,0
OI0009506,O003840,P0113,1,152.02,79.85,10
OI0009507,O003840,P0097,1,163.15,70.37,0
OI0009508,O003841,P0035,4,326.93,146.56,5
OI0009509,O003841,P0009,1,102.74,56.37,0
OI0009510,O003842,P0032,1,148.44,75.4,5
OI0009511,O003842,P0073,1,372.75,170.56,20
OI0009512,O003842,P0066,1,103.29,50.62,0
OI0009513,O003842,P0031,4,254.7,145.72,10
OI0009514,O003843,P0070,2,131.06,75.18,10
OI0009515,O003843,P0094,2,309.52,160.91,5
OI0009516,O003843,P0021,3,217.0,157.06,5
OI0009517,O003843,P0056,1,385.75,167.31,0
OI0009518,O003844,P0085,3,142.09,59.82,10
OI0009519,O003844,P0020,1,185.28,120.72,0
OI0009520,O003844,P0113,2,152.02,79.85,25
OI0009521,O003844,P0027,3,283.79,152.07,10
OI0009522,O003845,P0110,1,311.63,167.87,0
OI0009523,O003845,P0053,4,23.29,11.09,0
OI0009524,O003845,P0016,2,182.65,108.43,0
OI0009525,O003845,P0117,1,252.27,158.43,10
OI0009526,O003846,P0008,1,223.03,120.69,10
OI0009527,O003847,P0020,1,185.28,120.72,15
OI0009528,O003848,P0062,3,274.98,138.35,10
OI0009529,O003848,P0001,3,58.62,26.48,5
OI0009530,O003848,P0085,1,142.09,59.82,0
OI0009531,O003848,P0009,1,102.74,56.37,20
OI0009532,O003849,P0097,1,163.15,70.37,0
OI0009533,O003849,P0005,3,181.52,92.02,10
OI0009534,O003849,P0095,2,202.91,139.2,15
OI0009535,O003850,P0103,1,100.44,47.01,5
OI0009536,O003850,P0078,2,268.06,129.83,0
OI0009537,O003851,P0043,2,33.48,14.68,5
OI0009538,O003851,P0037,1,171.97,76.8,5
OI0009539,O003851,P0055,1,150.07,98.61,5
OI0009540,O003852,P0063,3,8.2,5.54,5
OI0009541,O003852,P0003,2,171.57,88.27,5
OI0009542,O003852,P0067,3,33.07,19.77,10
OI0009543,O003852,P0059,2,310.18,133.96,10
OI0009544,O003853,P0100,1,280.83,119.83,0
OI0009545,O003853,P0007,1,180.16,110.8,0
OI0009546,O003854,P0083,2,63.1,34.73,15
OI0009547,O003854,P0003,1,171.57,88.27,0
OI0009548,O003855,P0105,3,124.3,57.25,5
OI0009549,O003855,P0118,1,177.52,114.17,0
OI0009550,O003855,P0110,2,311.63,167.87,0
OI0009551,O003855,P0022,1,192.12,85.66,15
OI0009552,O003856,P0109,4,39.14,21.27,10
OI0009553,O003856,P0003,2,171.57,88.27,15
OI0009554,O003856,P0103,1,100.44,47.01,0
OI0009555,O003856,P0049,1,59.24,43.15,0
OI0009556,O003857,P0053,1,23.29,11.09,0
OI0009557,O003857,P0027,1,283.79,152.07,0
OI0009558,O003857,P0099,2,179.3,114.96,0
OI0009559,O003857,P0089,1,49.96,38.06,0
OI0009560,O003858,P0050,1,171.47,76.47,10
OI0009561,O003858,P0070,1,131.06,75.18,0
OI0009562,O003858,P0087,2,136.09,59.78,0
OI0009563,O003858,P0076,1,81.73,46.21,0
OI0009564,O003859,P0020,2,185.28,120.72,110
OI0009565,O003859,P0068,2,103.65,44.29,10
OI0009566,O003859,P0076,1,81.73,46.21,15
OI0009567,O003860,P0016,3,182.65,108.43,0
OI0009568,O003860,P0027,2,283.79,152.07,0
OI0009569,O003860,P0030,1,90.28,41.7,0
OI0009570,O003860,P0113,2,152.02,79.85,0
OI0009571,O003861,P0042,4,79.85,35.8,110
OI0009572,O003861,P0091,2,196.39,82.27,15
OI0009573,O003862,P0097,1,163.15,70.37,10
OI0009574,O003863,P0077,1,9.56,6.81,20
OI0009575,O003863,P0020,2,185.28,120.72,5
OI0009576,O003863,P0059,2,310.18,133.96,5
OI0009577,O003863,P0047,1,243.5,159.8,0
OI0009578,O003864,P0046,-1,310.17,133.53,0
OI0009579,O003864,P0031,4,254.7,145.72,10
OI0009580,O003865,P0018,1,281.84,146.67,0
OI0009581,O003865,P0004,3,114.79,53.81,15
OI0009582,O003865,P0056,1,385.75,167.31,5
OI0009583,O003866,P0074,1,62.08,27.78,10
OI0009584,O003867,P0026,2,187.78,112.59,20
OI0009585,O003867,P0050,2,171.47,76.47,0
OI0009586,O003868,P0058,1,224.02,143.13,20
OI0009587,O003868,P0007,1,180.16,110.8,20
OI0009588,O003869,P0002,1,230.82,108.89,10
OI0009589,O003870,P0065,2,270.21,125.01,5
OI0009590,O003870,P0001,1,58.62,26.48,0
OI0009591,O003870,P0039,2,66.47,46.73,15
OI0009592,O003871,P0031,1,254.7,145.72,0
OI0009593,O003871,P0023,-1,15.34,8.57,5
OI0009594,O003872,P0084,-1,42.76,20.69,10
OI0009595,O003872,P0041,1,46.27,32.89,20
OI0009596,O003872,P0021,4,217.0,157.06,15
OI0009597,O003873,P0072,2,272.32,149.77,25
OI0009598,O003873,P0079,1,28.55,21.67,10
OI0009599,O003873,P0012,2,20.32,10.75,20
OI0009600,O003874,P0082,4,64.05,28.14,15
OI0009601,O003874,P0004,1,114.79,53.81,25
OI0009602,O003874,P0067,1,33.07,19.77,0
OI0009603,O003874,P0117,1,252.27,158.43,20
OI0009604,O003875,P0118,2,177.52,114.17,10
OI0009605,O003876,P0073,1,372.75,170.56,10
OI0009606,O003876,P0100,1,280.83,119.83,10
OI0009607,O003877,P0019,2,36.3,22.04,25
OI0009608,O003878,P0036,1,71.47,40.11,0
OI0009609,O003879,P0064,1,60.15,32.62,0
OI0009610,O003879,P0068,1,103.65,44.29,15
OI0009611,O003880,P0030,1,90.28,41.7,5
OI0009612,O003880,P0004,2,114.79,53.81,0
OI0009613,O003880,P0005,1,181.52,92.02,10
OI0009614,O003881,P0111,2,116.59,86.94,10
OI0009615,O003882,P0013,1,127.84,91.01,20
OI0009616,O003882,P0116,3,53.16,36.42,0
OI0009617,O003882,P0030,1,90.28,41.7,0
OI0009618,O003883,P0064,1,60.15,32.62,0
OI0009619,O003883,P0079,1,28.55,21.67,0
OI0009620,O003883,P0049,1,59.24,43.15,10
OI0009621,O003883,P0098,1,17.88,10.05,5
OI0009622,O003884,P0028,3,307.09,179.34,5
OI0009623,O003884,P0054,3,83.38,49.27,15
OI0009624,O003884,P0033,1,211.78,114.87,0
OI0009625,O003885,P0044,2,279.36,162.6,15
OI0009626,O003885,P0089,1,49.96,38.06,5
OI0009627,O003885,P0014,2,189.67,104.55,0
OI0009628,O003886,P0010,2,236.09,100.66,20
OI0009629,O003886,P0035,1,326.93,146.56,0
OI0009630,O003886,P0016,4,182.65,108.43,0
OI0009631,O003886,P0029,1,35.33,21.58,15
OI0009632,O003887,P0024,1,169.87,104.81,10
OI0009633,O003887,P0099,2,179.3,114.96,25
OI0009634,O003887,P0035,1,326.93,146.56,5
OI0009635,O003887,P0106,1,56.39,27.98,20
OI0009636,O003888,P0115,1,66.66,49.6,10
OI0009637,O003888,P0113,2,152.02,79.85,0
OI0009638,O003889,P0090,3,60.09,33.62,15
OI0009639,O003889,P0059,2,310.18,133.96,0
OI0009640,O003890,P0063,1,8.2,5.54,0
OI0009641,O003891,P0119,3,78.86,37.39,20
OI0009642,O003892,P0041,3,46.27,32.89,0
OI0009643,O003892,P0094,2,309.52,160.91,10
OI0009644,O003892,P0022,2,192.12,85.66,10
OI0009645,O003892,P0035,1,326.93,146.56,0
OI0009646,O003893,P0058,-1,224.02,143.13,0
OI0009647,O003894,P0097,2,163.15,70.37,0
OI0009648,O003894,P0031,2,254.7,145.72,5
OI0009649,O003894,P0120,1,123.81,98.52,5
OI0009650,O003895,P0001,3,58.62,26.48,10
OI0009651,O003896,P0080,1,392.84,163.94,5
OI0009652,O003896,P0019,4,36.3,22.04,20
OI0009653,O003896,P0120,1,123.81,98.52,0
OI0009654,O003897,P0113,2,152.02,79.85,10
OI0009655,O003898,P0012,2,20.32,10.75,5
OI0009656,O003898,P0117,4,252.27,158.43,0
OI0009657,O003899,P0020,3,185.28,120.72,0
OI0009658,O003900,P0007,3,180.16,110.8,10
OI0009659,O003900,P0086,1,263.23,167.09,0
OI0009660,O003901,P0120,2,123.81,98.52,0
OI0009661,O003902,P0053,1,23.29,11.09,5
OI0009662,O003902,P0053,1,23.29,11.09,0
OI0009663,O003903,P0033,1,211.78,114.87,0
OI0009664,O003904,P0084,4,42.76,20.69,5
OI0009665,O003905,P0061,1,241.21,110.37,0
OI0009666,O003905,P0039,1,66.47,46.73,0
OI0009667,O003905,P0089,1,49.96,38.06,0
OI0009668,O003905,P0064,1,60.15,32.62,0
OI0009669,O003906,P0085,1,142.09,59.82,20
OI0009670,O003906,P0024,1,169.87,104.81,0
OI0009671,O003906,P0059,2,310.18,133.96,5
OI0009672,O003906,P0006,2,273.98,150.3,10
OI0009673,O003907,P0029,1,35.33,21.58,0
OI0009674,O003907,P0092,3,51.3,24.69,10
OI0009675,O003907,P0004,1,114.79,53.81,110
OI0009676,O003908,P0105,1,124.3,57.25,10
OI0009677,O003908,P0069,3,259.35,175.47,0
OI0009678,O003908,P0071,3,66.14,34.77,10
OI0009679,O003909,P0006,1,273.98,150.3,0
OI0009680,O003909,P0117,1,252.27,158.43,0
OI0009681,O003909,P0068,1,103.65,44.29,10
OI0009682,O003909,P0079,1,28.55,21.67,10
OI0009683,O003910,P0003,1,171.57,88.27,5
OI0009684,O003910,P0034,1,265.11,120.64,5
OI0009685,O003910,P0106,1,56.39,27.98,15
OI0009686,O003911,P0095,2,202.91,139.2,10
OI0009687,O003912,P0069,1,259.35,175.47,10
OI0009688,O003913,P0043,4,33.48,14.68,15
OI0009689,O003913,P0022,1,192.12,85.66,0
OI0009690,O003914,P0074,3,62.08,27.78,0
OI0009691,O003914,P0042,-1,79.85,35.8,5
OI0009692,O003914,P0001,2,58.62,26.48,20
OI0009693,O003914,P0058,2,224.02,143.13,5
OI0009694,O003915,P0007,1,180.16,110.8,5
OI0009695,O003916,P0006,1,273.98,150.3,0
OI0009696,O003916,P0113,1,152.02,79.85,0
OI0009697,O003917,P0013,1,127.84,91.01,5
OI0009698,O003917,P0050,-1,171.47,76.47,0
OI0009699,O003918,P0074,1,62.08,27.78,5
OI0009700,O003918,P0016,1,182.65,108.43,0
OI0009701,O003919,P0081,1,96.93,49.39,0
OI0009702,O003919,P0036,4,71.47,40.11,20
OI0009703,O003920,P0067,2,33.07,19.77,0
OI0009704,O003920,P0002,1,230.82,108.89,0
OI0009705,O003921,P0070,1,131.06,75.18,0
OI0009706,O003921,P0039,1,66.47,46.73,25
OI0009707,O003922,P0014,2,189.67,104.55,0
OI0009708,O003922,P0120,1,123.81,98.52,5
OI0009709,O003922,P0109,3,39.14,21.27,0
OI0009710,O003923,P0027,1,283.79,152.07,0
OI0009711,O003923,P0098,2,17.88,10.05,15
OI0009712,O003923,P0079,1,28.55,21.67,0
OI0009713,O003924,P0035,3,326.93,146.56,20
OI0009714,O003924,P0082,1,64.05,28.14,5
OI0009715,O003924,P0085,2,142.09,59.82,0
OI0009716,O003925,P0040,2,214.96,89.94,0
OI0009717,O003925,P0034,1,265.11,120.64,10
OI0009718,O003925,P0087,1,136.09,59.78,110
OI0009719,O003925,P0028,1,307.09,179.34,15
OI0009720,O003926,P0108,1,299.87,137.39,20
OI0009721,O003926,P0069,1,259.35,175.47,0
OI0009722,O003927,P0015,1,147.82,103.39,0
OI0009723,O003928,P0099,3,179.3,114.96,25
OI0009724,O003928,P0088,2,236.31,102.24,5
OI0009725,O003929,P0082,1,64.05,28.14,0
OI0009726,O003930,P0046,1,310.17,133.53,15
OI0009727,O003930,P0099,2,179.3,114.96,15
OI0009728,O003931,P0065,1,270.21,125.01,20
OI0009729,O003931,P0037,1,171.97,76.8,15
OI0009730,O003931,P0110,2,311.63,167.87,5
OI0009731,O003931,P0062,1,274.98,138.35,0
OI0009732,O003932,P0068,2,103.65,44.29,0
OI0009733,O003932,P0050,1,171.47,76.47,0
OI0009734,O003932,P0104,3,71.93,33.51,15
OI0009735,O003932,P0039,3,66.47,46.73,0
OI0009736,O003933,P0073,2,372.75,170.56,0
OI0009737,O003933,P0011,2,116.27,72.14,0
OI0009738,O003933,P0057,3,95.09,41.82,25
OI0009739,O003933,P0113,3,152.02,79.85,0
OI0009740,O003934,P0107,1,140.71,82.95,5
OI0009741,O003934,P0007,3,180.16,110.8,0
OI0009742,O003934,P0111,4,116.59,86.94,20
OI0009743,O003935,P0112,1,361.01,177.23,0
OI0009744,O003935,P0107,3,140.71,82.95,20
OI0009745,O003935,P0053,2,23.29,11.09,15
OI0009746,O003935,P0011,2,116.27,72.14,0
OI0009747,O003936,P0116,2,53.16,36.42,20
OI0009748,O003936,P0082,2,64.05,28.14,10
OI0009749,O003937,P0005,1,181.52,92.02,0
OI0009750,O003937,P0034,1,265.11,120.64,5
OI0009751,O003938,P0100,2,280.83,119.83,5
OI0009752,O003939,P0034,3,265.11,120.64,5
OI0009753,O003940,P0004,1,114.79,53.81,15
OI0009754,O003940,P0085,2,142.09,59.82,0
OI0009755,O003940,P0043,2,33.48,14.68,15
OI0009756,O003941,P0010,3,236.09,100.66,0
OI0009757,O003941,P0116,2,53.16,36.42,0
OI0009758,O003942,P0041,3,46.27,32.89,0
OI0009759,O003942,P0033,2,211.78,114.87,5
OI0009760,O003942,P0042,3,79.85,35.8,5
OI0009761,O003942,P0039,2,66.47,46.73,20
OI0009762,O003943,P0097,3,163.15,70.37,0
OI0009763,O003943,P0011,2,116.27,72.14,10
OI0009764,O003943,P0003,1,171.57,88.27,15
OI0009765,O003943,P0101,-1,338.95,156.07,5
OI0009766,O003944,P0071,4,66.14,34.77,0
OI0009767,O003944,P0095,4,202.91,139.2,0
OI0009768,O003944,P0022,1,192.12,85.66,10
OI0009769,O003945,P0094,3,309.52,160.91,15
OI0009770,O003945,P0088,1,236.31,102.24,20
OI0009771,O003945,P0074,2,62.08,27.78,10
OI0009772,O003946,P0014,3,189.67,104.55,0
OI0009773,O003946,P0063,1,8.2,5.54,5
OI0009774,O003946,P0090,1,60.09,33.62,0
OI0009775,O003947,P0096,-1,280.31,123.46,0
OI0009776,O003947,P0049,1,59.24,43.15,10
OI0009777,O003947,P0024,1,169.87,104.81,20
OI0009778,O003948,P0031,3,254.7,145.72,10
OI0009779,O003949,P0060,1,306.49,149.27,10
OI0009780,O003950,P0014,1,189.67,104.55,10
OI0009781,O003950,P0034,1,265.11,120.64,0
OI0009782,O003950,P0095,3,202.91,139.2,20
OI0009783,O003950,P0097,3,163.15,70.37,0
OI0009784,O003951,P0003,1,171.57,88.27,0
OI0009785,O003951,P0092,1,51.3,24.69,5
OI0009786,O003951,P0089,2,49.96,38.06,0
OI0009787,O003952,P0082,2,64.05,28.14,0
OI0009788,O003952,P0014,1,189.67,104.55,0
OI0009789,O003952,P0072,2,272.32,149.77,20
OI0009790,O003952,P0100,2,280.83,119.83,0
OI0009791,O003953,P0088,1,236.31,102.24,0
OI0009792,O003953,P0058,1,224.02,143.13,20
OI0009793,O003954,P0043,1,33.48,14.68,10
OI0009794,O003954,P0029,3,35.33,21.58,15
OI0009795,O003954,P0057,4,95.09,41.82,10
OI0009796,O003954,P0087,1,136.09,59.78,15
OI0009797,O003955,P0023,2,15.34,8.57,0
OI0009798,O003955,P0051,1,104.92,60.39,15
OI0009799,O003955,P0102,3,195.72,100.75,10
OI0009800,O003955,P0100,1,280.83,119.83,0
OI0009801,O003956,P0065,1,270.21,125.01,5
OI0009802,O003956,P0105,1,124.3,57.25,10
OI0009803,O003957,P0022,2,192.12,85.66,15
OI0009804,O003957,P0065,1,270.21,125.01,5
OI0009805,O003958,P0002,3,230.82,108.89,0
OI0009806,O003958,P0009,1,102.74,56.37,10
OI0009807,O003958,P0034,2,265.11,120.64,15
OI0009808,O003958,P0109,2,39.14,21.27,15
OI0009809,O003959,P0014,2,189.67,104.55,15
OI0009810,O003959,P0085,1,142.09,59.82,10
OI0009811,O003959,P0085,1,142.09,59.82,5
OI0009812,O003960,P0097,2,163.15,70.37,5
OI0009813,O003960,P0012,1,20.32,10.75,5
OI0009814,O003961,P0089,1,49.96,38.06,0
OI0009815,O003962,P0019,4,36.3,22.04,5
OI0009816,O003962,P0034,1,265.11,120.64,0
OI0009817,O003963,P0118,1,177.52,114.17,5
OI0009818,O003963,P0010,3,236.09,100.66,10
OI0009819,O003963,P0057,1,95.09,41.82,10
OI0009820,O003963,P0079,1,28.55,21.67,20
OI0009821,O003964,P0112,1,361.01,177.23,0
OI0009822,O003964,P0056,1,385.75,167.31,0
OI0009823,O003965,P0092,3,51.3,24.69,20
OI0009824,O003965,P0118,3,177.52,114.17,0
OI0009825,O003966,P0048,1,316.06,150.66,5
OI0009826,O003966,P0066,4,103.29,50.62,10
OI0009827,O003966,P0071,2,66.14,34.77,0
OI0009828,O003966,P0009,1,102.74,56.37,0
OI0009829,O003967,P0059,2,310.18,133.96,0
OI0009830,O003968,P0055,2,150.07,98.61,0
OI0009831,O003968,P0029,2,35.33,21.58,0
OI0009832,O003969,P0009,1,102.74,56.37,15
OI0009833,O003969,P0094,1,309.52,160.91,0
OI0009834,O003970,P0064,2,60.15,32.62,0
OI0009835,O003970,P0057,2,95.09,41.82,5
OI0009836,O003970,P0076,1,81.73,46.21,0
OI0009837,O003970,P0113,1,152.02,79.85,10
OI0009838,O003971,P0066,3,103.29,50.62,5
OI0009839,O003971,P0016,1,182.65,108.43,10
OI0009840,O003972,P0027,3,283.79,152.07,0
OI0009841,O003973,P0022,1,192.12,85.66,0
OI0009842,O003974,P0119,2,78.86,37.39,5
OI0009843,O003974,P0004,1,114.79,53.81,0
OI0009844,O003975,P0014,1,189.67,104.55,0
OI0009845,O003975,P0067,2,33.07,19.77,0
OI0009846,O003975,P0116,1,53.16,36.42,5
OI0009847,O003975,P0043,2,33.48,14.68,10
OI0009848,O003976,P0062,1,274.98,138.35,15
OI0009849,O003976,P0029,2,35.33,21.58,0
OI0009850,O003976,P0037,3,171.97,76.8,0
OI0009851,O003976,P0054,1,83.38,49.27,0
OI0009852,O003977,P0106,4,56.39,27.98,10
OI0009853,O003977,P0032,1,148.44,75.4,10
OI0009854,O003977,P0023,1,15.34,8.57,0
OI0009855,O003977,P0069,1,259.35,175.47,0
OI0009856,O003978,P0089,1,49.96,38.06,0
OI0009857,O003978,P0063,1,8.2,5.54,5
OI0009858,O003979,P0059,1,310.18,133.96,25
OI0009859,O003979,P0022,3,192.12,85.66,10
OI0009860,O003979,P0005,3,181.52,92.02,0
OI0009861,O003979,P0089,1,49.96,38.06,5
OI0009862,O003980,P0113,1,152.02,79.85,5
OI0009863,O003980,P0075,1,134.51,78.21,0
OI0009864,O003980,P0007,1,180.16,110.8,15
OI0009865,O003981,P0080,1,392.84,163.94,0
OI0009866,O003981,P0018,1,281.84,146.67,5
OI0009867,O003981,P0079,1,28.55,21.67,0
OI0009868,O003981,P0049,2,59.24,43.15,0
OI0009869,O003982,P0072,2,272.32,149.77,20
OI0009870,O003982,P0096,2,280.31,123.46,0
OI0009871,O003982,P0073,3,372.75,170.56,0
OI0009872,O003982,P0009,1,102.74,56.37,5
OI0009873,O003983,P0063,2,8.2,5.54,10
OI0009874,O003984,P0114,1,41.45,23.84,0
OI0009875,O003984,P0106,3,56.39,27.98,5
OI0009876,O003985,P0071,1,66.14,34.77,0
OI0009877,O003985,P0055,1,150.07,98.61,5
OI0009878,O003985,P0014,4,189.67,104.55,0
OI0009879,O003985,P0015,2,147.82,103.39,10
OI0009880,O003986,P0032,1,148.44,75.4,5
OI0009881,O003986,P0056,1,385.75,167.31,15
OI0009882,O003986,P0001,1,58.62,26.48,5
OI0009883,O003986,P0047,2,243.5,159.8,25
OI0009884,O003987,P0016,2,182.65,108.43,5
OI0009885,O003987,P0093,3,64.09,40.65,5
OI0009886,O003987,P0009,1,102.74,56.37,0
OI0009887,O003988,P0112,3,361.01,177.23,5
OI0009888,O003988,P0001,1,58.62,26.48,15
OI0009889,O003988,P0041,3,46.27,32.89,5
OI0009890,O003988,P0043,-1,33.48,14.68,0
OI0009891,O003989,P0049,2,59.24,43.15,5
OI0009892,O003989,P0033,2,211.78,114.87,0
OI0009893,O003990,P0059,1,310.18,133.96,10
OI0009894,O003990,P0080,1,392.84,163.94,0
OI0009895,O003990,P0059,3,310.18,133.96,5
OI0009896,O003991,P0045,2,354.19,170.05,5
OI0009897,O003991,P0119,2,78.86,37.39,0
OI0009898,O003991,P0067,2,33.07,19.77,0
OI0009899,O003992,P0033,2,211.78,114.87,15
OI0009900,O003993,P0052,2,142.04,68.52,10
OI0009901,O003993,P0111,2,116.59,86.94,0
OI0009902,O003993,P0034,2,265.11,120.64,0
OI0009903,O003994,P0104,1,71.93,33.51,5
OI0009904,O003994,P0085,1,142.09,59.82,15
OI0009905,O003995,P0012,2,20.32,10.75,0
OI0009906,O003995,P0112,3,361.01,177.23,10
OI0009907,O003995,P0063,3,8.2,5.54,0
OI0009908,O003996,P0116,1,53.16,36.42,15
OI0009909,O003996,P0085,1,142.09,59.82,10
OI0009910,O003996,P0026,2,187.78,112.59,5
OI0009911,O003996,P0051,2,104.92,60.39,25
OI0009912,O003997,P0049,1,59.24,43.15,0
OI0009913,O003997,P0120,3,123.81,98.52,20
OI0009914,O003997,P0019,1,36.3,22.04,0
OI0009915,O003997,P0090,2,60.09,33.62,15
OI0009916,O003998,P0093,2,64.09,40.65,0
OI0009917,O003998,P0033,1,211.78,114.87,5
OI0009918,O003998,P0009,1,102.74,56.37,5
OI0009919,O003999,P0088,1,236.31,102.24,0
OI0009920,O003999,P0069,1,259.35,175.47,0
OI0009921,O003999,P0049,1,59.24,43.15,15
OI0009922,O003999,P0018,4,281.84,146.67,5
OI0009923,O004000,P0086,1,263.23,167.09,15
OI0009924,O004001,P0060,2,306.49,149.27,15
OI0009925,O004001,P0058,4,224.02,143.13,0
OI0009926,O004001,P0009,1,102.74,56.37,15
OI0009927,O004002,P0068,1,103.65,44.29,10
OI0009928,O004003,P0097,1,163.15,70.37,0
OI0009929,O004003,P0074,2,62.08,27.78,0
OI0009930,O004004,P0071,2,66.14,34.77,5
OI0009931,O004004,P0120,1,123.81,98.52,0
OI0009932,O004004,P0093,2,64.09,40.65,15
OI0009933,O004004,P0086,2,263.23,167.09,5
OI0009934,O004005,P0045,3,354.19,170.05,5
OI0009935,O004005,P0106,1,56.39,27.98,0
OI0009936,O004005,P0116,2,53.16,36.42,0
OI0009937,O004005,P0066,1,103.29,50.62,15
OI0009938,O004006,P0007,1,180.16,110.8,25
OI0009939,O004006,P0058,1,224.02,143.13,15
OI0009940,O004007,P0068,1,103.65,44.29,0
OI0009941,O004007,P0003,1,171.57,88.27,5
OI0009942,O004007,P0050,2,171.47,76.47,0
OI0009943,O004008,P0058,1,224.02,143.13,20
OI0009944,O004008,P0055,2,150.07,98.61,5
OI0009945,O004008,P0087,1,136.09,59.78,5
OI0009946,O004009,P0039,2,66.47,46.73,15
OI0009947,O004009,P0088,1,236.31,102.24,25
OI0009948,O004009,P0033,1,211.78,114.87,0
OI0009949,O004010,P0041,3,46.27,32.89,15
OI0009950,O004011,P0060,2,306.49,149.27,5
OI0009951,O004012,P0059,1,310.18,133.96,0
OI0009952,O004012,P0076,3,81.73,46.21,0
OI0009953,O004012,P0037,1,171.97,76.8,0
OI0009954,O004013,P0106,1,56.39,27.98,0
OI0009955,O004014,P0083,4,63.1,34.73,25
OI0009956,O004015,P0043,1,33.48,14.68,0
OI0009957,O004015,P0096,3,280.31,123.46,0
OI0009958,O004016,P0111,1,116.59,86.94,10
OI0009959,O004017,P0095,2,202.91,139.2,10
OI0009960,O004017,P0049,2,59.24,43.15,15
OI0009961,O004018,P0010,3,236.09,100.66,15
OI0009962,O004018,P0007,1,180.16,110.8,5
OI0009963,O004018,P0091,1,196.39,82.27,20
OI0009964,O004019,P0008,2,223.03,120.69,10
OI0009965,O004019,P0109,1,39.14,21.27,0
OI0009966,O004020,P0089,1,49.96,38.06,0
OI0009967,O004020,P0095,1,202.91,139.2,15
OI0009968,O004021,P0116,1,53.16,36.42,5
OI0009969,O004021,P0074,2,62.08,27.78,0
OI0009970,O004021,P0009,2,102.74,56.37,0
OI0009971,O004022,P0020,1,185.28,120.72,0
OI0009972,O004022,P0037,4,171.97,76.8,0
OI0009973,O004022,P0090,3,60.09,33.62,10
OI0009974,O004023,P0056,1,385.75,167.31,5
OI0009975,O004023,P0076,3,81.73,46.21,5
OI0009976,O004023,P0008,1,223.03,120.69,10
OI0009977,O004023,P0120,2,123.81,98.52,0
OI0009978,O004024,P0075,1,134.51,78.21,0
OI0009979,O004025,P0013,2,127.84,91.01,10
OI0009980,O004026,P0077,3,9.56,6.81,10
OI0009981,O004026,P0035,1,326.93,146.56,5
OI0009982,O004026,P0027,1,283.79,152.07,0
OI0009983,O004026,P0077,2,9.56,6.81,5
OI0009984,O004027,P0055,2,150.07,98.61,5
OI0009985,O004027,P0041,1,46.27,32.89,0
OI0009986,O004028,P0053,2,23.29,11.09,20
OI0009987,O004028,P0058,3,224.02,143.13,5
OI0009988,O004029,P0041,4,46.27,32.89,5
OI0009989,O004030,P0064,2,60.15,32.62,0
OI0009990,O004030,P0068,1,103.65,44.29,15
OI0009991,O004031,P0096,1,280.31,123.46,5
OI0009992,O004031,P0120,1,123.81,98.52,20
OI0009993,O004032,P0103,4,100.44,47.01,0
OI0009994,O004033,P0112,2,361.01,177.23,25
OI0009995,O004033,P0078,1,268.06,129.83,25
OI0009996,O004033,P0077,2,9.56,6.81,0
OI0009997,O004033,P0019,1,36.3,22.04,5
OI0009998,O004034,P0007,1,180.16,110.8,0
OI0009999,O004034,P0079,3,28.55,21.67,10
OI0010000,O004034,P0046,2,310.17,133.53,15
OI0010001,O004034,P0017,1,30.38,15.75,0
OI0010002,O004035,P0073,2,372.75,170.56,15
OI0010003,O004036,P0020,1,185.28,120.72,0
OI0010004,O004037,P0019,1,36.3,22.04,0
OI0010005,O004037,P0071,3,66.14,34.77,5
OI0010006,O004037,P0097,2,163.15,70.37,0
OI0010007,O004038,P0075,4,134.51,78.21,5
OI0010008,O004038,P0064,2,60.15,32.62,20
OI0010009,O004038,P0056,1,385.75,167.31,0
OI0010010,O004039,P0106,2,56.39,27.98,0
OI0010011,O004039,P0046,2,310.17,133.53,5
OI0010012,O004039,P0031,3,254.7,145.72,0
OI0010013,O004040,P0032,2,148.44,75.4,0
OI0010014,O004040,P0036,1,71.47,40.11,10
OI0010015,O004040,P0021,1,217.0,157.06,0
OI0010016,O004041,P0072,1,272.32,149.77,0
OI0010017,O004041,P0032,2,148.44,75.4,0
OI0010018,O004041,P0084,3,42.76,20.69,5
OI0010019,O004042,P0032,2,148.44,75.4,5
OI0010020,O004042,P0024,3,169.87,104.81,5
OI0010021,O004042,P0022,1,192.12,85.66,10
OI0010022,O004043,P0101,1,338.95,156.07,20
OI0010023,O004043,P0086,1,263.23,167.09,15
OI0010024,O004043,P0081,2,96.93,49.39,0
OI0010025,O004044,P0012,1,20.32,10.75,0
OI0010026,O004044,P0090,2,60.09,33.62,10
OI0010027,O004045,P0110,1,311.63,167.87,0
OI0010028,O004045,P0023,2,15.34,8.57,15
OI0010029,O004045,P0037,1,171.97,76.8,110
OI0010030,O004045,P0014,3,189.67,104.55,0
OI0010031,O004046,P0098,1,17.88,10.05,10
OI0010032,O004046,P0035,1,326.93,146.56,0
OI0010033,O004047,P0115,1,66.66,49.6,20
OI0010034,O004047,P0014,1,189.67,104.55,5
OI0010035,O004048,P0072,1,272.32,149.77,0
OI0010036,O004048,P0045,3,354.19,170.05,0
OI0010037,O004048,P0052,2,142.04,68.52,10
OI0010038,O004048,P0072,4,272.32,149.77,0
OI0010039,O004049,P0061,1,241.21,110.37,0
OI0010040,O004050,P0073,1,372.75,170.56,5
OI0010041,O004050,P0047,1,243.5,159.8,0
OI0010042,O004051,P0109,2,39.14,21.27,0
OI0010043,O004051,P0096,1,280.31,123.46,15
OI0010044,O004052,P0089,1,49.96,38.06,5
OI0010045,O004053,P0109,1,39.14,21.27,0
OI0010046,O004053,P0018,1,281.84,146.67,5
OI0010047,O004053,P0076,4,81.73,46.21,0
OI0010048,O004053,P0074,1,62.08,27.78,15
OI0010049,O004054,P0038,1,81.71,51.71,10
OI0010050,O004054,P0087,1,136.09,59.78,20
OI0010051,O004054,P0014,1,189.67,104.55,0
OI0010052,O004054,P0119,1,78.86,37.39,0
OI0010053,O004055,P0057,1,95.09,41.82,10
OI0010054,O004055,P0078,1,268.06,129.83,15
OI0010055,O004056,P0109,2,39.14,21.27,0
OI0010056,O004056,P0023,1,15.34,8.57,0
OI0010057,O004057,P0017,1,30.38,15.75,10
OI0010058,O004057,P0030,-1,90.28,41.7,0
OI0010059,O004057,P0088,1,236.31,102.24,5
OI0010060,O004058,P0060,1,306.49,149.27,0
OI0010061,O004058,P0063,2,8.2,5.54,5
OI0010062,O004059,P0049,2,59.24,43.15,10
OI0010063,O004060,P0077,2,9.56,6.81,0
OI0010064,O004061,P0013,1,127.84,91.01,10
OI0010065,O004061,P0094,4,309.52,160.91,20
OI0010066,O004061,P0020,3,185.28,120.72,0
OI0010067,O004062,P0046,2,310.17,133.53,25
OI0010068,O004062,P0014,2,189.67,104.55,0
OI0010069,O004062,P0052,2,142.04,68.52,0
OI0010070,O004063,P0005,2,181.52,92.02,5
OI0010071,O004064,P0035,2,326.93,146.56,0
OI0010072,O004064,P0076,4,81.73,46.21,0
OI0010073,O004064,P0069,1,259.35,175.47,15
OI0010074,O004064,P0077,3,9.56,6.81,0
OI0010075,O004065,P0075,1,134.51,78.21,5
OI0010076,O004065,P0104,1,71.93,33.51,0
OI0010077,O004066,P0015,3,147.82,103.39,15
OI0010078,O004066,P0012,1,20.32,10.75,0
OI0010079,O004066,P0104,1,71.93,33.51,5
OI0010080,O004067,P0030,1,90.28,41.7,5
OI0010081,O004068,P0031,3,254.7,145.72,5
OI0010082,O004069,P0012,1,20.32,10.75,0
OI0010083,O004069,P0104,1,71.93,33.51,0
OI0010084,O004069,P0091,1,196.39,82.27,10
OI0010085,O004069,P0014,2,189.67,104.55,5
OI0010086,O004070,P0091,1,196.39,82.27,5
OI0010087,O004070,P0064,2,60.15,32.62,0
OI0010088,O004071,P0066,1,103.29,50.62,0
OI0010089,O004072,P0015,1,147.82,103.39,15
OI0010090,O004072,P0111,4,116.59,86.94,10
OI0010091,O004072,P0009,1,102.74,56.37,20
OI0010092,O004072,P0030,1,90.28,41.7,10
OI0010093,O004073,P0090,1,60.09,33.62,0
OI0010094,O004074,P0113,1,152.02,79.85,0
OI0010095,O004074,P0098,1,17.88,10.05,15
OI0010096,O004074,P0056,1,385.75,167.31,0
OI0010097,O004075,P0053,2,23.29,11.09,0
OI0010098,O004076,P0074,4,62.08,27.78,0
OI0010099,O004076,P0053,1,23.29,11.09,10
OI0010100,O004076,P0070,2,131.06,75.18,20
OI0010101,O004077,P0080,1,392.84,163.94,0
OI0010102,O004077,P0015,2,147.82,103.39,0
OI0010103,O004078,P0075,2,134.51,78.21,0
OI0010104,O004079,P0056,1,385.75,167.31,10
OI0010105,O004079,P0008,3,223.03,120.69,0
OI0010106,O004079,P0113,1,152.02,79.85,0
OI0010107,O004079,P0044,1,279.36,162.6,5
OI0010108,O004080,P0088,1,236.31,102.24,0
OI0010109,O004081,P0073,4,372.75,170.56,0
OI0010110,O004081,P0041,1,46.27,32.89,0
OI0010111,O004082,P0114,1,41.45,23.84,20
OI0010112,O004082,P0079,1,28.55,21.67,0
OI0010113,O004083,P0108,1,299.87,137.39,0
OI0010114,O004083,P0107,1,140.71,82.95,0
OI0010115,O004083,P0118,-1,177.52,114.17,0
OI0010116,O004084,P0045,2,354.19,170.05,5
OI0010117,O004084,P0114,3,41.45,23.84,5
OI0010118,O004084,P0099,2,179.3,114.96,10
OI0010119,O004085,P0022,2,192.12,85.66,0
OI0010120,O004085,P0090,1,60.09,33.62,0
OI0010121,O004085,P0046,1,310.17,133.53,5
OI0010122,O004085,P0054,1,83.38,49.27,5
OI0010123,O004086,P0058,1,224.02,143.13,15
OI0010124,O004087,P0020,2,185.28,120.72,0
OI0010125,O004088,P0013,1,127.84,91.01,25
OI0010126,O004088,P0048,2,316.06,150.66,5
OI0010127,O004089,P0052,1,142.04,68.52,15
OI0010128,O004090,P0077,3,9.56,6.81,15
OI0010129,O004090,P0075,1,134.51,78.21,0
OI0010130,O004090,P0069,4,259.35,175.47,5
OI0010131,O004091,P0081,1,96.93,49.39,5
OI0010132,O004092,P0025,3,187.19,125.9,0
OI0010133,O004092,P0056,4,385.75,167.31,0
OI0010134,O004093,P0065,1,270.21,125.01,0
OI0010135,O004093,P0112,2,361.01,177.23,0
OI0010136,O004093,P0046,1,310.17,133.53,0
OI0010137,O004094,P0075,2,134.51,78.21,0
OI0010138,O004094,P0024,1,169.87,104.81,0
OI0010139,O004094,P0044,1,279.36,162.6,0
OI0010140,O004094,P0075,1,134.51,78.21,25
OI0010141,O004095,P0073,1,372.75,170.56,0
OI0010142,O004095,P0076,3,81.73,46.21,10
OI0010143,O004095,P0033,1,211.78,114.87,15
OI0010144,O004096,P0077,1,9.56,6.81,10
OI0010145,O004097,P0076,1,81.73,46.21,0
OI0010146,O004097,P0021,1,217.0,157.06,0
OI0010147,O004098,P0092,1,51.3,24.69,10
OI0010148,O004099,P0107,1,140.71,82.95,5
OI0010149,O004099,P0110,3,311.63,167.87,0
OI0010150,O004100,P0066,1,103.29,50.62,5
OI0010151,O004101,P0099,1,179.3,114.96,5
OI0010152,O004101,P0052,2,142.04,68.52,10
OI0010153,O004102,P0052,1,142.04,68.52,0
OI0010154,O004102,P0068,1,103.65,44.29,0
OI0010155,O004102,P0017,2,30.38,15.75,10
OI0010156,O004103,P0114,2,41.45,23.84,0
OI0010157,O004103,P0078,1,268.06,129.83,0
OI0010158,O004104,P0083,3,63.1,34.73,5
OI0010159,O004105,P0053,2,23.29,11.09,0
OI0010160,O004106,P0009,4,102.74,56.37,0
OI0010161,O004106,P0114,2,41.45,23.84,0
OI0010162,O004106,P0056,4,385.75,167.31,25
OI0010163,O004107,P0080,2,392.84,163.94,0
OI0010164,O004107,P0073,1,372.75,170.56,20
OI0010165,O004108,P0007,3,180.16,110.8,10
OI0010166,O004108,P0065,1,270.21,125.01,10
OI0010167,O004109,P0064,1,60.15,32.62,0
OI0010168,O004109,P0105,1,124.3,57.25,10
OI0010169,O004109,P0118,2,177.52,114.17,5
OI0010170,O004109,P0044,1,279.36,162.6,0
OI0010171,O004110,P0054,3,83.38,49.27,20
OI0010172,O004111,P0079,1,28.55,21.67,0
OI0010173,O004111,P0064,1,60.15,32.62,10
OI0010174,O004111,P0015,1,147.82,103.39,25
OI0010175,O004111,P0068,1,103.65,44.29,0
OI0010176,O004112,P0107,1,140.71,82.95,25
OI0010177,O004113,P0103,1,100.44,47.01,0
OI0010178,O004113,P0044,2,279.36,162.6,0
OI0010179,O004113,P0116,2,53.16,36.42,0
OI0010180,O004114,P0113,2,152.02,79.85,0
OI0010181,O004114,P0036,1,71.47,40.11,0
OI0010182,O004114,P0114,1,41.45,23.84,5
OI0010183,O004115,P0071,2,66.14,34.77,10
OI0010184,O004115,P0042,1,79.85,35.8,10
OI0010185,O004116,P0014,1,189.67,104.55,15
OI0010186,O004117,P0060,1,306.49,149.27,0
OI0010187,O004118,P0110,1,311.63,167.87,0
OI0010188,O004118,P0023,3,15.34,8.57,5
OI0010189,O004118,P0061,4,241.21,110.37,0
OI0010190,O004118,P0013,2,127.84,91.01,0
OI0010191,O004119,P0069,2,259.35,175.47,20
OI0010192,O004119,P0008,1,223.03,120.69,10
OI0010193,O004119,P0112,1,361.01,177.23,10
OI0010194,O004119,P0037,2,171.97,76.8,20
OI0010195,O004120,P0080,1,392.84,163.94,0
OI0010196,O004121,P0100,1,280.83,119.83,0
OI0010197,O004121,P0047,2,243.5,159.8,20
OI0010198,O004121,P0074,2,62.08,27.78,20
OI0010199,O004122,P0001,1,58.62,26.48,0
OI0010200,O004122,P0069,1,259.35,175.47,10
OI0010201,O004122,P0028,2,307.09,179.34,0
OI0010202,O004122,P0065,2,270.21,125.01,10
OI0010203,O004123,P0015,2,147.82,103.39,0
OI0010204,O004124,P0096,1,280.31,123.46,0
OI0010205,O004124,P0011,1,116.27,72.14,0
OI0010206,O004124,P0102,1,195.72,100.75,10
OI0010207,O004124,P0044,2,279.36,162.6,25
OI0010208,O004125,P0087,1,136.09,59.78,0
OI0010209,O004125,P0010,4,236.09,100.66,5
OI0010210,O004125,P0057,2,95.09,41.82,0
OI0010211,O004125,P0119,1,78.86,37.39,0
OI0010212,O004126,P0090,1,60.09,33.62,5
OI0010213,O004127,P0039,1,66.47,46.73,0
OI0010214,O004127,P0011,1,116.27,72.14,10
OI0010215,O004127,P0071,4,66.14,34.77,0
OI0010216,O004127,P0044,4,279.36,162.6,0
OI0010217,O004128,P0060,2,306.49,149.27,15
OI0010218,O004128,P0087,1,136.09,59.78,5
OI0010219,O004128,P0109,1,39.14,21.27,0
OI0010220,O004128,P0045,4,354.19,170.05,5
OI0010221,O004129,P0083,1,63.1,34.73,0
OI0010222,O004130,P0043,1,33.48,14.68,10
OI0010223,O004130,P0062,2,274.98,138.35,15
OI0010224,O004130,P0110,2,311.63,167.87,5
OI0010225,O004131,P0077,1,9.56,6.81,0
OI0010226,O004131,P0024,1,169.87,104.81,0
OI0010227,O004131,P0039,1,66.47,46.73,0
OI0010228,O004131,P0067,2,33.07,19.77,0
OI0010229,O004132,P0092,4,51.3,24.69,15
OI0010230,O004132,P0091,3,196.39,82.27,20
OI0010231,O004133,P0004,1,114.79,53.81,0
OI0010232,O004133,P0083,4,63.1,34.73,15
OI0010233,O004133,P0062,2,274.98,138.35,5
OI0010234,O004134,P0076,4,81.73,46.21,0
OI0010235,O004134,P0113,1,152.02,79.85,10
OI0010236,O004134,P0117,2,252.27,158.43,5
OI0010237,O004135,P0064,2,60.15,32.62,0
OI0010238,O004135,P0120,2,123.81,98.52,20
OI0010239,O004135,P0075,1,134.51,78.21,20
OI0010240,O004135,P0109,1,39.14,21.27,0
OI0010241,O004136,P0013,1,127.84,91.01,0
OI0010242,O004136,P0014,1,189.67,104.55,10
OI0010243,O004136,P0087,1,136.09,59.78,10
OI0010244,O004137,P0036,1,71.47,40.11,15
OI0010245,O004137,P0063,2,8.2,5.54,5
OI0010246,O004137,P0018,1,281.84,146.67,0
OI0010247,O004137,P0061,1,241.21,110.37,0
OI0010248,O004138,P0037,3,171.97,76.8,0
OI0010249,O004139,P0078,1,268.06,129.83,0
OI0010250,O004140,P0115,2,66.66,49.6,5
OI0010251,O004141,P0053,3,23.29,11.09,5
OI0010252,O004141,P0117,2,252.27,158.43,0
OI0010253,O004141,P0017,1,30.38,15.75,20
OI0010254,O004141,P0091,2,196.39,82.27,0
OI0010255,O004142,P0103,3,100.44,47.01,20
OI0010256,O004142,P0020,2,185.28,120.72,0
OI0010257,O004142,P0041,2,46.27,32.89,5
OI0010258,O004143,P0015,1,147.82,103.39,5
OI0010259,O004143,P0048,1,316.06,150.66,0
OI0010260,O004144,P0071,1,66.14,34.77,15
OI0010261,O004144,P0070,1,131.06,75.18,10
OI0010262,O004144,P0044,1,279.36,162.6,15
OI0010263,O004144,P0017,2,30.38,15.75,0
OI0010264,O004145,P0010,1,236.09,100.66,20
OI0010265,O004145,P0058,3,224.02,143.13,5
OI0010266,O004146,P0118,1,177.52,114.17,10
OI0010267,O004147,P0005,3,181.52,92.02,0
OI0010268,O004147,P0016,2,182.65,108.43,5
OI0010269,O004148,P0040,1,214.96,89.94,15
OI0010270,O004148,P0012,2,20.32,10.75,15
OI0010271,O004148,P0062,2,274.98,138.35,0
OI0010272,O004149,P0026,1,187.78,112.59,10
OI0010273,O004150,P0029,4,35.33,21.58,0
OI0010274,O004150,P0077,1,9.56,6.81,0
OI0010275,O004150,P0100,1,280.83,119.83,15
OI0010276,O004150,P0006,1,273.98,150.3,20
OI0010277,O004151,P0036,-1,71.47,40.11,5
OI0010278,O004151,P0037,1,171.97,76.8,0
OI0010279,O004152,P0035,2,326.93,146.56,20
OI0010280,O004152,P0106,1,56.39,27.98,0
OI0010281,O004152,P0091,1,196.39,82.27,0
OI0010282,O004152,P0068,3,103.65,44.29,0
OI0010283,O004153,P0040,4,214.96,89.94,5
OI0010284,O004154,P0058,1,224.02,143.13,5
OI0010285,O004155,P0015,2,147.82,103.39,20
OI0010286,O004156,P0030,1,90.28,41.7,10
OI0010287,O004156,P0065,1,270.21,125.01,20
OI0010288,O004156,P0097,2,163.15,70.37,0
OI0010289,O004156,P0041,1,46.27,32.89,10
OI0010290,O004157,P0018,1,281.84,146.67,10
OI0010291,O004157,P0009,1,102.74,56.37,0
OI0010292,O004157,P0106,4,56.39,27.98,20
OI0010293,O004158,P0033,1,211.78,114.87,25
OI0010294,O004159,P0035,2,326.93,146.56,0
OI0010295,O004160,P0118,2,177.52,114.17,5
OI0010296,O004160,P0092,-1,51.3,24.69,5
OI0010297,O004160,P0040,1,214.96,89.94,5
OI0010298,O004160,P0012,1,20.32,10.75,0
OI0010299,O004161,P0015,1,147.82,103.39,15
OI0010300,O004161,P0025,2,187.19,125.9,0
OI0010301,O004161,P0034,1,265.11,120.64,15
OI0010302,O004161,P0052,3,142.04,68.52,0
OI0010303,O004162,P0024,1,169.87,104.81,15
OI0010304,O004162,P0115,-1,66.66,49.6,15
OI0010305,O004163,P0108,1,299.87,137.39,5
OI0010306,O004163,P0052,4,142.04,68.52,5
OI0010307,O004163,P0021,1,217.0,157.06,0
OI0010308,O004163,P0116,2,53.16,36.42,15
OI0010309,O004164,P0060,1,306.49,149.27,5
OI0010310,O004164,P0057,3,95.09,41.82,20
OI0010311,O004164,P0027,2,283.79,152.07,0
OI0010312,O004165,P0007,1,180.16,110.8,0
OI0010313,O004165,P0046,1,310.17,133.53,0
OI0010314,O004165,P0058,1,224.02,143.13,0
OI0010315,O004165,P0021,1,217.0,157.06,10
OI0010316,O004166,P0087,2,136.09,59.78,0
OI0010317,O004166,P0086,1,263.23,167.09,5
OI0010318,O004167,P0039,1,66.47,46.73,5
OI0010319,O004167,P0099,2,179.3,114.96,10
OI0010320,O004168,P0046,1,310.17,133.53,10
OI0010321,O004169,P0047,1,243.5,159.8,0
OI0010322,O004169,P0051,3,104.92,60.39,20
OI0010323,O004169,P0019,2,36.3,22.04,0
OI0010324,O004169,P0009,1,102.74,56.37,0
OI0010325,O004170,P0030,3,90.28,41.7,0
OI0010326,O004171,P0032,1,148.44,75.4,110
OI0010327,O004171,P0029,3,35.33,21.58,15
OI0010328,O004171,P0069,1,259.35,175.47,0
OI0010329,O004172,P0115,1,66.66,49.6,0
OI0010330,O004172,P0045,1,354.19,170.05,10
OI0010331,O004172,P0084,1,42.76,20.69,10
OI0010332,O004172,P0024,1,169.87,104.81,0
OI0010333,O004173,P0005,1,181.52,92.02,0
OI0010334,O004173,P0082,2,64.05,28.14,0
OI0010335,O004173,P0028,2,307.09,179.34,0
OI0010336,O004174,P0097,1,163.15,70.37,0
OI0010337,O004175,P0115,-1,66.66,49.6,0
OI0010338,O004175,P0079,1,28.55,21.67,10
OI0010339,O004175,P0045,3,354.19,170.05,0
OI0010340,O004175,P0018,4,281.84,146.67,5
OI0010341,O004176,P0036,2,71.47,40.11,0
OI0010342,O004177,P0025,1,187.19,125.9,10
OI0010343,O004178,P0113,1,152.02,79.85,0
OI0010344,O004178,P0029,4,35.33,21.58,20
OI0010345,O004179,P0049,1,59.24,43.15,15
OI0010346,O004179,P0025,1,187.19,125.9,5
OI0010347,O004179,P0092,2,51.3,24.69,10
OI0010348,O004179,P0071,1,66.14,34.77,5
OI0010349,O004180,P0085,2,142.09,59.82,0
OI0010350,O004180,P0022,2,192.12,85.66,5
OI0010351,O004180,P0045,2,354.19,170.05,15
OI0010352,O004180,P0080,1,392.84,163.94,15
OI0010353,O004181,P0100,4,280.83,119.83,0
OI0010354,O004182,P0069,1,259.35,175.47,0
OI0010355,O004183,P0047,1,243.5,159.8,0
OI0010356,O004184,P0093,3,64.09,40.65,5
OI0010357,O004184,P0013,1,127.84,91.01,5
OI0010358,O004185,P0065,4,270.21,125.01,25
OI0010359,O004186,P0076,3,81.73,46.21,20
OI0010360,O004186,P0072,-1,272.32,149.77,0
OI0010361,O004186,P0053,1,23.29,11.09,5
OI0010362,O004186,P0082,3,64.05,28.14,5
OI0010363,O004187,P0008,1,223.03,120.69,0
OI0010364,O004187,P0005,1,181.52,92.02,0
OI0010365,O004188,P0117,2,252.27,158.43,5
OI0010366,O004188,P0020,1,185.28,120.72,5
OI0010367,O004188,P0035,2,326.93,146.56,10
OI0010368,O004188,P0012,1,20.32,10.75,20
OI0010369,O004189,P0090,1,60.09,33.62,20
OI0010370,O004189,P0108,1,299.87,137.39,0
OI0010371,O004190,P0108,2,299.87,137.39,10
OI0010372,O004191,P0022,1,192.12,85.66,0
OI0010373,O004191,P0020,1,185.28,120.72,10
OI0010374,O004192,P0007,1,180.16,110.8,0
OI0010375,O004192,P0114,1,41.45,23.84,20
OI0010376,O004193,P0019,1,36.3,22.04,15
OI0010377,O004193,P0019,1,36.3,22.04,15
OI0010378,O004193,P0097,2,163.15,70.37,15
OI0010379,O004193,P0036,3,71.47,40.11,0
OI0010380,O004194,P0037,2,171.97,76.8,25
OI0010381,O004195,P0071,1,66.14,34.77,0
OI0010382,O004195,P0111,1,116.59,86.94,5
OI0010383,O004196,P0058,1,224.02,143.13,10
OI0010384,O004197,P0088,3,236.31,102.24,20
OI0010385,O004198,P0102,1,195.72,100.75,0
OI0010386,O004198,P0110,3,311.63,167.87,25
OI0010387,O004198,P0040,1,214.96,89.94,10
OI0010388,O004199,P0107,2,140.71,82.95,20
OI0010389,O004199,P0090,1,60.09,33.62,0
OI0010390,O004199,P0057,1,95.09,41.82,5
OI0010391,O004199,P0078,1,268.06,129.83,0
OI0010392,O004200,P0087,1,136.09,59.78,0
OI0010393,O004200,P0016,1,182.65,108.43,10
OI0010394,O004200,P0017,4,30.38,15.75,0
OI0010395,O004200,P0109,1,39.14,21.27,10
OI0010396,O004201,P0112,1,361.01,177.23,0
OI0010397,O004201,P0051,3,104.92,60.39,5
OI0010398,O004201,P0113,1,152.02,79.85,0
OI0010399,O004201,P0022,2,192.12,85.66,5
OI0010400,O004202,P0097,2,163.15,70.37,15
OI0010401,O004202,P0082,1,64.05,28.14,15
OI0010402,O004202,P0072,3,272.32,149.77,10
OI0010403,O004202,P0080,1,392.84,163.94,15
OI0010404,O004203,P0102,1,195.72,100.75,5
OI0010405,O004204,P0058,2,224.02,143.13,15
OI0010406,O004205,P0037,4,171.97,76.8,25
OI0010407,O004205,P0113,-1,152.02,79.85,0
OI0010408,O004205,P0022,1,192.12,85.66,0
OI0010409,O004205,P0049,3,59.24,43.15,10
OI0010410,O004206,P0080,1,392.84,163.94,10
OI0010411,O004206,P0097,4,163.15,70.37,20
OI0010412,O004207,P0049,1,59.24,43.15,0
OI0010413,O004207,P0062,1,274.98,138.35,5
OI0010414,O004208,P0026,1,187.78,112.59,15
OI0010415,O004208,P0012,1,20.32,10.75,10
OI0010416,O004209,P0105,1,124.3,57.25,5
OI0010417,O004209,P0089,2,49.96,38.06,5
OI0010418,O004209,P0105,2,124.3,57.25,5
OI0010419,O004210,P0064,1,60.15,32.62,0
OI0010420,O004210,P0086,1,263.23,167.09,5
OI0010421,O004210,P0082,1,64.05,28.14,10
OI0010422,O004210,P0072,1,272.32,149.77,25
OI0010423,O004211,P0077,2,9.56,6.81,5
OI0010424,O004212,P0071,1,66.14,34.77,0
OI0010425,O004213,P0096,1,280.31,123.46,15
OI0010426,O004213,P0028,2,307.09,179.34,15
OI0010427,O004213,P0084,1,42.76,20.69,0
OI0010428,O004213,P0120,2,123.81,98.52,10
OI0010429,O004214,P0069,1,259.35,175.47,20
OI0010430,O004215,P0041,1,46.27,32.89,10
OI0010431,O004215,P0077,1,9.56,6.81,0
OI0010432,O004215,P0082,2,64.05,28.14,5
OI0010433,O004216,P0005,2,181.52,92.02,0
OI0010434,O004216,P0108,1,299.87,137.39,0
OI0010435,O004216,P0050,1,171.47,76.47,20
OI0010436,O004216,P0076,1,81.73,46.21,5
OI0010437,O004217,P0077,1,9.56,6.81,5
OI0010438,O004218,P0016,1,182.65,108.43,0
OI0010439,O004218,P0034,2,265.11,120.64,20
OI0010440,O004219,P0114,3,41.45,23.84,0
OI0010441,O004219,P0086,3,263.23,167.09,10
OI0010442,O004219,P0108,1,299.87,137.39,20
OI0010443,O004220,P0041,1,46.27,32.89,0
OI0010444,O004221,P0024,1,169.87,104.81,10
OI0010445,O004222,P0045,1,354.19,170.05,0
OI0010446,O004223,P0076,2,81.73,46.21,0
OI0010447,O004223,P0042,2,79.85,35.8,10
OI0010448,O004224,P0083,1,63.1,34.73,0
OI0010449,O004224,P0053,2,23.29,11.09,0
OI0010450,O004224,P0067,4,33.07,19.77,5
OI0010451,O004225,P0014,2,189.67,104.55,0
OI0010452,O004226,P0101,4,338.95,156.07,5
OI0010453,O004227,P0087,1,136.09,59.78,0
OI0010454,O004227,P0062,1,274.98,138.35,0
OI0010455,O004228,P0005,1,181.52,92.02,0
OI0010456,O004228,P0034,1,265.11,120.64,10
OI0010457,O004228,P0003,1,171.57,88.27,10
OI0010458,O004228,P0023,2,15.34,8.57,10
OI0010459,O004229,P0046,1,310.17,133.53,5
OI0010460,O004229,P0014,1,189.67,104.55,10
OI0010461,O004230,P0101,1,338.95,156.07,0
OI0010462,O004230,P0020,2,185.28,120.72,15
OI0010463,O004231,P0003,1,171.57,88.27,5
OI0010464,O004232,P0109,1,39.14,21.27,0
OI0010465,O004233,P0086,1,263.23,167.09,0
OI0010466,O004233,P0036,1,71.47,40.11,0
OI0010467,O004233,P0009,1,102.74,56.37,0
OI0010468,O004234,P0003,2,171.57,88.27,10
OI0010469,O004235,P0070,1,131.06,75.18,5
OI0010470,O004235,P0007,1,180.16,110.8,10
OI0010471,O004235,P0061,1,241.21,110.37,0
OI0010472,O004235,P0074,1,62.08,27.78,0
OI0010473,O004236,P0046,4,310.17,133.53,15
OI0010474,O004237,P0054,3,83.38,49.27,5
OI0010475,O004237,P0073,1,372.75,170.56,5
OI0010476,O004237,P0007,2,180.16,110.8,25
OI0010477,O004237,P0032,2,148.44,75.4,10
OI0010478,O004238,P0114,1,41.45,23.84,0
OI0010479,O004238,P0062,1,274.98,138.35,5
OI0010480,O004239,P0062,1,274.98,138.35,0
OI0010481,O004239,P0120,2,123.81,98.52,5
OI0010482,O004239,P0082,1,64.05,28.14,10
OI0010483,O004239,P0062,1,274.98,138.35,5
OI0010484,O004240,P0045,1,354.19,170.05,5
OI0010485,O004240,P0063,3,8.2,5.54,10
OI0010486,O004240,P0048,1,316.06,150.66,10
OI0010487,O004240,P0049,1,59.24,43.15,15
OI0010488,O004241,P0038,3,81.71,51.71,25
OI0010489,O004242,P0070,1,131.06,75.18,5
OI0010490,O004242,P0115,3,66.66,49.6,0
OI0010491,O004242,P0014,4,189.67,104.55,15
OI0010492,O004243,P0053,1,23.29,11.09,0
OI0010493,O004244,P0066,4,103.29,50.62,20
OI0010494,O004244,P0074,3,62.08,27.78,15
OI0010495,O004244,P0109,3,39.14,21.27,0
OI0010496,O004245,P0006,1,273.98,150.3,5
OI0010497,O004245,P0116,2,53.16,36.42,10
OI0010498,O004246,P0044,1,279.36,162.6,0
OI0010499,O004246,P0023,1,15.34,8.57,0
OI0010500,O004246,P0029,1,35.33,21.58,20
OI0010501,O004246,P0023,2,15.34,8.57,5
OI0010502,O004247,P0112,4,361.01,177.23,0
OI0010503,O004248,P0069,2,259.35,175.47,0
OI0010504,O004248,P0039,1,66.47,46.73,0
OI0010505,O004248,P0111,1,116.59,86.94,0
OI0010506,O004248,P0084,1,42.76,20.69,20
OI0010507,O004249,P0095,1,202.91,139.2,5
OI0010508,O004249,P0115,1,66.66,49.6,0
OI0010509,O004249,P0044,3,279.36,162.6,0
OI0010510,O004250,P0028,1,307.09,179.34,0
OI0010511,O004250,P0014,1,189.67,104.55,5
OI0010512,O004250,P0076,1,81.73,46.21,0
OI0010513,O004251,P0104,1,71.93,33.51,0
OI0010514,O004251,P0069,1,259.35,175.47,0
OI0010515,O004251,P0111,1,116.59,86.94,0
OI0010516,O004252,P0109,3,39.14,21.27,10
OI0010517,O004252,P0110,1,311.63,167.87,5
OI0010518,O004252,P0005,1,181.52,92.02,5
OI0010519,O004252,P0116,2,53.16,36.42,0
OI0010520,O004253,P0048,1,316.06,150.66,0
OI0010521,O004253,P0083,1,63.1,34.73,0
OI0010522,O004253,P0025,3,187.19,125.9,5
OI0010523,O004253,P0050,1,171.47,76.47,25
OI0010524,O004254,P0044,1,279.36,162.6,10
OI0010525,O004254,P0050,2,171.47,76.47,15
OI0010526,O004254,P0082,1,64.05,28.14,5
OI0010527,O004255,P0064,2,60.15,32.62,20
OI0010528,O004255,P0076,3,81.73,46.21,5
OI0010529,O004255,P0061,-1,241.21,110.37,10
OI0010530,O004256,P0080,1,392.84,163.94,5
OI0010531,O004256,P0027,2,283.79,152.07,10
OI0010532,O004256,P0069,2,259.35,175.47,10
OI0010533,O004256,P0078,1,268.06,129.83,0
OI0010534,O004257,P0072,1,272.32,149.77,5
OI0010535,O004257,P0054,3,83.38,49.27,0
OI0010536,O004257,P0045,2,354.19,170.05,10
OI0010537,O004257,P0015,2,147.82,103.39,15
OI0010538,O004258,P0051,2,104.92,60.39,10
OI0010539,O004258,P0117,1,252.27,158.43,5
OI0010540,O004258,P0059,4,310.18,133.96,20
OI0010541,O004259,P0079,3,28.55,21.67,15
OI0010542,O004259,P0072,2,272.32,149.77,0
OI0010543,O004260,P0021,3,217.0,157.06,0
OI0010544,O004261,P0080,2,392.84,163.94,5
OI0010545,O004261,P0055,2,150.07,98.61,5
OI0010546,O004262,P0100,1,280.83,119.83,5
OI0010547,O004262,P0114,2,41.45,23.84,10
OI0010548,O004262,P0110,3,311.63,167.87,10
OI0010549,O004262,P0017,-1,30.38,15.75,5
OI0010550,O004263,P0003,3,171.57,88.27,0
OI0010551,O004263,P0115,1,66.66,49.6,15
OI0010552,O004263,P0082,1,64.05,28.14,0
OI0010553,O004264,P0001,1,58.62,26.48,15
OI0010554,O004264,P0071,2,66.14,34.77,0
OI0010555,O004264,P0037,1,171.97,76.8,0
OI0010556,O004265,P0069,2,259.35,175.47,5
OI0010557,O004265,P0074,1,62.08,27.78,25
OI0010558,O004266,P0067,2,33.07,19.77,5
OI0010559,O004266,P0016,1,182.65,108.43,0
OI0010560,O004266,P0092,1,51.3,24.69,5
OI0010561,O004266,P0069,1,259.35,175.47,15
OI0010562,O004267,P0108,2,299.87,137.39,5
OI0010563,O004267,P0070,4,131.06,75.18,0
OI0010564,O004268,P0106,1,56.39,27.98,15
OI0010565,O004268,P0045,2,354.19,170.05,0
OI0010566,O004268,P0116,1,53.16,36.42,0
OI0010567,O004269,P0007,3,180.16,110.8,0
OI0010568,O004270,P0004,2,114.79,53.81,5
OI0010569,O004271,P0023,1,15.34,8.57,10
OI0010570,O004272,P0105,2,124.3,57.25,0
OI0010571,O004273,P0018,1,281.84,146.67,5
OI0010572,O004274,P0077,2,9.56,6.81,10
OI0010573,O004274,P0098,1,17.88,10.05,10
OI0010574,O004275,P0097,1,163.15,70.37,0
OI0010575,O004275,P0100,1,280.83,119.83,0
OI0010576,O004275,P0101,2,338.95,156.07,0
OI0010577,O004276,P0050,1,171.47,76.47,5
OI0010578,O004276,P0029,2,35.33,21.58,5
OI0010579,O004276,P0112,1,361.01,177.23,0
OI0010580,O004276,P0047,1,243.5,159.8,0
OI0010581,O004277,P0002,1,230.82,108.89,0
OI0010582,O004277,P0064,1,60.15,32.62,0
OI0010583,O004277,P0001,1,58.62,26.48,20
OI0010584,O004277,P0076,4,81.73,46.21,10
OI0010585,O004278,P0073,1,372.75,170.56,0
OI0010586,O004278,P0092,1,51.3,24.69,0
OI0010587,O004278,P0043,4,33.48,14.68,5
OI0010588,O004278,P0030,1,90.28,41.7,0
OI0010589,O004279,P0085,3,142.09,59.82,10
OI0010590,O004280,P0048,1,316.06,150.66,25
OI0010591,O004281,P0088,2,236.31,102.24,0
OI0010592,O004281,P0024,1,169.87,104.81,5
OI0010593,O004282,P0024,2,169.87,104.81,20
OI0010594,O004283,P0078,2,268.06,129.83,5
OI0010595,O004283,P0102,2,195.72,100.75,20
OI0010596,O004283,P0095,4,202.91,139.2,15
OI0010597,O004284,P0017,1,30.38,15.75,10
OI0010598,O004285,P0105,2,124.3,57.25,0
OI0010599,O004286,P0034,-1,265.11,120.64,0
OI0010600,O004286,P0093,1,64.09,40.65,10
OI0010601,O004287,P0021,2,217.0,157.06,5
OI0010602,O004287,P0097,4,163.15,70.37,20
OI0010603,O004287,P0118,1,177.52,114.17,20
OI0010604,O004288,P0114,1,41.45,23.84,20
OI0010605,O004288,P0011,3,116.27,72.14,0
OI0010606,O004289,P0031,1,254.7,145.72,5
OI0010607,O004289,P0076,1,81.73,46.21,20
OI0010608,O004290,P0090,1,60.09,33.62,15
OI0010609,O004291,P0077,1,9.56,6.81,25
OI0010610,O004292,P0106,1,56.39,27.98,0
OI0010611,O004292,P0120,1,123.81,98.52,0
OI0010612,O004292,P0074,2,62.08,27.78,5
OI0010613,O004292,P0100,1,280.83,119.83,10
OI0010614,O004293,P0081,2,96.93,49.39,0
OI0010615,O004293,P0061,2,241.21,110.37,5
OI0010616,O004294,P0012,3,20.32,10.75,20
OI0010617,O004294,P0087,2,136.09,59.78,5
OI0010618,O004295,P0037,1,171.97,76.8,0
OI0010619,O004296,P0083,2,63.1,34.73,10
OI0010620,O004296,P0088,2,236.31,102.24,0
OI0010621,O004296,P0018,1,281.84,146.67,5
OI0010622,O004296,P0118,2,177.52,114.17,5
OI0010623,O004297,P0075,3,134.51,78.21,0
OI0010624,O004297,P0044,1,279.36,162.6,20
OI0010625,O004297,P0074,1,62.08,27.78,15
OI0010626,O004298,P0089,1,49.96,38.06,10
OI0010627,O004298,P0073,1,372.75,170.56,0
OI0010628,O004299,P0069,4,259.35,175.47,15
OI0010629,O004299,P0030,1,90.28,41.7,5
OI0010630,O004299,P0012,1,20.32,10.75,20
OI0010631,O004300,P0111,2,116.59,86.94,5
OI0010632,O004300,P0018,1,281.84,146.67,0
OI0010633,O004300,P0118,4,177.52,114.17,15
OI0010634,O004300,P0115,1,66.66,49.6,0
OI0010635,O004301,P0067,2,33.07,19.77,10
OI0010636,O004301,P0095,2,202.91,139.2,0
OI0010637,O004301,P0080,1,392.84,163.94,0
OI0010638,O004301,P0056,2,385.75,167.31,5
OI0010639,O004302,P0048,1,316.06,150.66,0
OI0010640,O004302,P0045,1,354.19,170.05,0
OI0010641,O004302,P0101,2,338.95,156.07,15
OI0010642,O004302,P0073,4,372.75,170.56,5
OI0010643,O004303,P0003,2,171.57,88.27,0
OI0010644,O004303,P0090,1,60.09,33.62,5
OI0010645,O004303,P0056,2,385.75,167.31,0
OI0010646,O004304,P0038,1,81.71,51.71,0
OI0010647,O004304,P0031,3,254.7,145.72,5
OI0010648,O004304,P0011,2,116.27,72.14,10
OI0010649,O004304,P0009,1,102.74,56.37,20
OI0010650,O004305,P0095,1,202.91,139.2,0
OI0010651,O004306,P0057,1,95.09,41.82,0
OI0010652,O004307,P0011,2,116.27,72.14,0
OI0010653,O004307,P0048,3,316.06,150.66,10
OI0010654,O004307,P0065,4,270.21,125.01,5
OI0010655,O004307,P0049,1,59.24,43.15,10
OI0010656,O004308,P0011,3,116.27,72.14,20
OI0010657,O004309,P0099,1,179.3,114.96,0
OI0010658,O004309,P0099,1,179.3,114.96,0
OI0010659,O004310,P0028,1,307.09,179.34,5
OI0010660,O004310,P0016,2,182.65,108.43,0
OI0010661,O004310,P0086,3,263.23,167.09,0
OI0010662,O004310,P0097,2,163.15,70.37,0
OI0010663,O004311,P0068,1,103.65,44.29,0
OI0010664,O004311,P0085,2,142.09,59.82,0
OI0010665,O004311,P0013,1,127.84,91.01,5
OI0010666,O004311,P0044,1,279.36,162.6,0
OI0010667,O004312,P0105,4,124.3,57.25,5
OI0010668,O004313,P0071,2,66.14,34.77,0
OI0010669,O004313,P0119,1,78.86,37.39,15
OI0010670,O004313,P0093,1,64.09,40.65,15
OI0010671,O004314,P0015,1,147.82,103.39,10
OI0010672,O004315,P0022,1,192.12,85.66,0
OI0010673,O004315,P0012,2,20.32,10.75,15
OI0010674,O004315,P0074,1,62.08,27.78,0
OI0010675,O004315,P0117,3,252.27,158.43,15
OI0010676,O004316,P0104,1,71.93,33.51,15
OI0010677,O004317,P0098,1,17.88,10.05,15
OI0010678,O004317,P0095,3,202.91,139.2,10
OI0010679,O004317,P0089,3,49.96,38.06,0
OI0010680,O004317,P0118,2,177.52,114.17,0
OI0010681,O004318,P0104,4,71.93,33.51,25
OI0010682,O004318,P0019,1,36.3,22.04,0
OI0010683,O004319,P0024,1,169.87,104.81,20
OI0010684,O004319,P0019,2,36.3,22.04,0
OI0010685,O004319,P0036,3,71.47,40.11,5
OI0010686,O004320,P0014,4,189.67,104.55,0
OI0010687,O004320,P0070,1,131.06,75.18,0
OI0010688,O004320,P0106,1,56.39,27.98,0
OI0010689,O004321,P0041,1,46.27,32.89,10
OI0010690,O004321,P0004,2,114.79,53.81,0
OI0010691,O004321,P0048,2,316.06,150.66,10
OI0010692,O004321,P0028,1,307.09,179.34,0
OI0010693,O004322,P0080,1,392.84,163.94,0
OI0010694,O004323,P0038,1,81.71,51.71,10
OI0010695,O004323,P0110,3,311.63,167.87,25
OI0010696,O004323,P0078,2,268.06,129.83,0
OI0010697,O004323,P0021,1,217.0,157.06,0
OI0010698,O004324,P0040,2,214.96,89.94,0
OI0010699,O004325,P0082,1,64.05,28.14,20
OI0010700,O004326,P0008,4,223.03,120.69,0
OI0010701,O004326,P0035,3,326.93,146.56,5
OI0010702,O004327,P0063,1,8.2,5.54,10
OI0010703,O004327,P0060,2,306.49,149.27,15
OI0010704,O004327,P0094,2,309.52,160.91,5
OI0010705,O004327,P0041,1,46.27,32.89,5
OI0010706,O004328,P0080,2,392.84,163.94,5
OI0010707,O004328,P0118,3,177.52,114.17,10
OI0010708,O004328,P0012,2,20.32,10.75,0
OI0010709,O004329,P0119,1,78.86,37.39,15
OI0010710,O004329,P0052,1,142.04,68.52,0
OI0010711,O004329,P0077,1,9.56,6.81,5
OI0010712,O004329,P0021,1,217.0,157.06,5
OI0010713,O004330,P0034,3,265.11,120.64,15
OI0010714,O004330,P0045,1,354.19,170.05,0
OI0010715,O004330,P0051,3,104.92,60.39,5
OI0010716,O004331,P0006,2,273.98,150.3,5
OI0010717,O004331,P0074,1,62.08,27.78,10
OI0010718,O004331,P0072,1,272.32,149.77,15
OI0010719,O004331,P0038,2,81.71,51.71,5
OI0010720,O004332,P0025,4,187.19,125.9,5
OI0010721,O004332,P0095,2,202.91,139.2,0
OI0010722,O004332,P0049,1,59.24,43.15,10
OI0010723,O004332,P0115,1,66.66,49.6,15
OI0010724,O004333,P0080,2,392.84,163.94,10
OI0010725,O004333,P0093,1,64.09,40.65,5
OI0010726,O004333,P0042,2,79.85,35.8,10
OI0010727,O004334,P0119,1,78.86,37.39,0
OI0010728,O004335,P0080,1,392.84,163.94,0
OI0010729,O004335,P0080,4,392.84,163.94,0
OI0010730,O004336,P0097,-1,163.15,70.37,5
OI0010731,O004336,P0086,1,263.23,167.09,5
OI0010732,O004336,P0003,4,171.57,88.27,5
OI0010733,O004336,P0053,3,23.29,11.09,0
OI0010734,O004337,P0034,1,265.11,120.64,25
OI0010735,O004338,P0085,3,142.09,59.82,0
OI0010736,O004339,P0031,-1,254.7,145.72,20
OI0010737,O004339,P0036,3,71.47,40.11,0
OI0010738,O004339,P0038,1,81.71,51.71,5
OI0010739,O004340,P0097,1,163.15,70.37,0
OI0010740,O004340,P0105,2,124.3,57.25,25
OI0010741,O004341,P0076,1,81.73,46.21,15
OI0010742,O004341,P0118,4,177.52,114.17,5
OI0010743,O004341,P0074,2,62.08,27.78,0
OI0010744,O004342,P0016,1,182.65,108.43,0
OI0010745,O004343,P0031,1,254.7,145.72,5
OI0010746,O004343,P0101,1,338.95,156.07,20
OI0010747,O004343,P0028,2,307.09,179.34,5
OI0010748,O004344,P0061,1,241.21,110.37,10
OI0010749,O004344,P0062,2,274.98,138.35,5
OI0010750,O004344,P0112,1,361.01,177.23,0
OI0010751,O004345,P0047,1,243.5,159.8,15
OI0010752,O004345,P0089,2,49.96,38.06,0
OI0010753,O004345,P0105,3,124.3,57.25,0
OI0010754,O004345,P0008,3,223.03,120.69,0
OI0010755,O004346,P0003,3,171.57,88.27,0
OI0010756,O004347,P0103,2,100.44,47.01,0
OI0010757,O004348,P0005,1,181.52,92.02,15
OI0010758,O004348,P0012,1,20.32,10.75,0
OI0010759,O004349,P0011,1,116.27,72.14,5
OI0010760,O004350,P0015,2,147.82,103.39,10
OI0010761,O004350,P0083,1,63.1,34.73,15
OI0010762,O004350,P0075,1,134.51,78.21,5
OI0010763,O004351,P0010,1,236.09,100.66,0
OI0010764,O004351,P0004,1,114.79,53.81,0
OI0010765,O004352,P0096,-1,280.31,123.46,0
OI0010766,O004353,P0029,1,35.33,21.58,0
OI0010767,O004353,P0023,3,15.34,8.57,0
OI0010768,O004353,P0046,1,310.17,133.53,0
OI0010769,O004353,P0009,1,102.74,56.37,15
OI0010770,O004354,P0021,2,217.0,157.06,5
OI0010771,O004354,P0109,1,39.14,21.27,10
OI0010772,O004355,P0016,1,182.65,108.43,15
OI0010773,O004356,P0105,2,124.3,57.25,0
OI0010774,O004357,P0077,2,9.56,6.81,0
OI0010775,O004357,P0042,1,79.85,35.8,5
OI0010776,O004357,P0071,1,66.14,34.77,0
OI0010777,O004358,P0046,1,310.17,133.53,0
OI0010778,O004358,P0036,3,71.47,40.11,0
OI0010779,O004359,P0041,1,46.27,32.89,10
OI0010780,O004360,P0029,3,35.33,21.58,0
OI0010781,O004360,P0065,2,270.21,125.01,10
OI0010782,O004360,P0098,-1,17.88,10.05,10
OI0010783,O004361,P0034,2,265.11,120.64,0
OI0010784,O004361,P0058,1,224.02,143.13,20
OI0010785,O004361,P0010,1,236.09,100.66,20
OI0010786,O004362,P0111,1,116.59,86.94,10
OI0010787,O004362,P0043,1,33.48,14.68,0
OI0010788,O004362,P0034,1,265.11,120.64,5
OI0010789,O004363,P0045,2,354.19,170.05,5
OI0010790,O004363,P0120,4,123.81,98.52,5
OI0010791,O004363,P0114,-1,41.45,23.84,0
OI0010792,O004364,P0099,3,179.3,114.96,20
OI0010793,O004364,P0112,1,361.01,177.23,0
OI0010794,O004365,P0005,4,181.52,92.02,5
OI0010795,O004365,P0109,4,39.14,21.27,15
OI0010796,O004365,P0108,2,299.87,137.39,0
OI0010797,O004365,P0078,2,268.06,129.83,10
OI0010798,O004366,P0107,2,140.71,82.95,10
OI0010799,O004366,P0111,3,116.59,86.94,5
OI0010800,O004366,P0111,1,116.59,86.94,0
OI0010801,O004367,P0049,1,59.24,43.15,15
OI0010802,O004367,P0084,1,42.76,20.69,0
OI0010803,O004367,P0117,2,252.27,158.43,15
OI0010804,O004367,P0062,1,274.98,138.35,0
OI0010805,O004368,P0119,2,78.86,37.39,25
OI0010806,O004368,P0083,2,63.1,34.73,10
OI0010807,O004369,P0082,1,64.05,28.14,5
OI0010808,O004369,P0038,1,81.71,51.71,10
OI0010809,O004370,P0091,-1,196.39,82.27,15
OI0010810,O004370,P0047,1,243.5,159.8,10
OI0010811,O004370,P0030,1,90.28,41.7,5
OI0010812,O004370,P0056,1,385.75,167.31,5
OI0010813,O004371,P0024,1,169.87,104.81,15
OI0010814,O004371,P0017,1,30.38,15.75,10
OI0010815,O004371,P0032,2,148.44,75.4,10
OI0010816,O004372,P0053,1,23.29,11.09,10
OI0010817,O004372,P0050,1,171.47,76.47,0
OI0010818,O004373,P0094,3,309.52,160.91,0
OI0010819,O004373,P0077,1,9.56,6.81,5
OI0010820,O004374,P0091,1,196.39,82.27,0
OI0010821,O004374,P0089,1,49.96,38.06,0
OI0010822,O004374,P0087,3,136.09,59.78,5
OI0010823,O004375,P0058,2,224.02,143.13,0
OI0010824,O004376,P0056,1,385.75,167.31,0
OI0010825,O004377,P0037,4,171.97,76.8,10
OI0010826,O004377,P0098,1,17.88,10.05,0
OI0010827,O004378,P0002,1,230.82,108.89,5
OI0010828,O004378,P0015,1,147.82,103.39,10
OI0010829,O004378,P0092,1,51.3,24.69,5
OI0010830,O004378,P0075,2,134.51,78.21,0
OI0010831,O004379,P0102,-1,195.72,100.75,10
OI0010832,O004379,P0067,3,33.07,19.77,15
OI0010833,O004379,P0085,3,142.09,59.82,5
OI0010834,O004380,P0079,2,28.55,21.67,0
OI0010835,O004381,P0029,1,35.33,21.58,0
OI0010836,O004381,P0012,1,20.32,10.75,15
OI0010837,O004381,P0043,1,33.48,14.68,0
OI0010838,O004381,P0052,1,142.04,68.52,0
OI0010839,O004382,P0108,1,299.87,137.39,10
OI0010840,O004382,P0002,3,230.82,108.89,25
OI0010841,O004383,P0084,1,42.76,20.69,0
OI0010842,O004383,P0052,2,142.04,68.52,0
OI0010843,O004383,P0008,1,223.03,120.69,0
OI0010844,O004383,P0099,1,179.3,114.96,10
OI0010845,O004384,P0117,2,252.27,158.43,10
OI0010846,O004384,P0006,1,273.98,150.3,0
OI0010847,O004385,P0048,1,316.06,150.66,10
OI0010848,O004385,P0010,4,236.09,100.66,20
OI0010849,O004386,P0050,1,171.47,76.47,0
OI0010850,O004387,P0020,1,185.28,120.72,5
OI0010851,O004388,P0109,-1,39.14,21.27,0
OI0010852,O004388,P0017,1,30.38,15.75,5
OI0010853,O004389,P0085,1,142.09,59.82,0
OI0010854,O004390,P0016,1,182.65,108.43,10
OI0010855,O004390,P0098,1,17.88,10.05,15
OI0010856,O004391,P0082,4,64.05,28.14,15
OI0010857,O004391,P0059,1,310.18,133.96,0
OI0010858,O004391,P0093,2,64.09,40.65,15
OI0010859,O004392,P0047,1,243.5,159.8,0
OI0010860,O004392,P0035,1,326.93,146.56,15
OI0010861,O004393,P0089,2,49.96,38.06,0
OI0010862,O004393,P0042,1,79.85,35.8,0
OI0010863,O004393,P0106,2,56.39,27.98,5
OI0010864,O004394,P0085,1,142.09,59.82,20
OI0010865,O004394,P0042,1,79.85,35.8,5
OI0010866,O004394,P0113,2,152.02,79.85,5
OI0010867,O004394,P0057,1,95.09,41.82,20
OI0010868,O004395,P0035,1,326.93,146.56,0
OI0010869,O004395,P0020,-1,185.28,120.72,15
OI0010870,O004396,P0011,1,116.27,72.14,5
OI0010871,O004396,P0007,1,180.16,110.8,10
OI0010872,O004397,P0089,2,49.96,38.06,5
OI0010873,O004397,P0086,1,263.23,167.09,0
OI0010874,O004397,P0113,1,152.02,79.85,15
OI0010875,O004398,P0078,1,268.06,129.83,0
OI0010876,O004398,P0101,2,338.95,156.07,20
OI0010877,O004398,P0080,3,392.84,163.94,0
OI0010878,O004399,P0109,1,39.14,21.27,0
OI0010879,O004400,P0075,1,134.51,78.21,0
OI0010880,O004400,P0076,1,81.73,46.21,0
OI0010881,O004401,P0015,2,147.82,103.39,5
OI0010882,O004401,P0015,3,147.82,103.39,5
OI0010883,O004401,P0095,2,202.91,139.2,15
OI0010884,O004402,P0044,1,279.36,162.6,20
OI0010885,O004403,P0072,4,272.32,149.77,0
OI0010886,O004403,P0056,2,385.75,167.31,5
OI0010887,O004404,P0067,1,33.07,19.77,25
OI0010888,O004404,P0050,4,171.47,76.47,5
OI0010889,O004405,P0064,2,60.15,32.62,5
OI0010890,O004405,P0009,1,102.74,56.37,10
OI0010891,O004406,P0093,1,64.09,40.65,10
OI0010892,O004407,P0108,1,299.87,137.39,20
OI0010893,O004408,P0047,2,243.5,159.8,0
OI0010894,O004408,P0035,2,326.93,146.56,5
OI0010895,O004408,P0061,1,241.21,110.37,20
OI0010896,O004408,P0072,1,272.32,149.77,0
OI0010897,O004409,P0006,-1,273.98,150.3,0
OI0010898,O004409,P0056,1,385.75,167.31,10
OI0010899,O004409,P0036,3,71.47,40.11,10
OI0010900,O004410,P0005,1,181.52,92.02,0
OI0010901,O004410,P0118,1,177.52,114.17,0
OI0010902,O004410,P0092,2,51.3,24.69,0
OI0010903,O004411,P0027,1,283.79,152.07,5
OI0010904,O004411,P0043,2,33.48,14.68,0
OI0010905,O004411,P0072,2,272.32,149.77,10
OI0010906,O004411,P0109,2,39.14,21.27,0
OI0010907,O004412,P0066,1,103.29,50.62,10
OI0010908,O004412,P0035,1,326.93,146.56,0
OI0010909,O004413,P0020,1,185.28,120.72,0
OI0010910,O004413,P0110,4,311.63,167.87,0
OI0010911,O004414,P0090,1,60.09,33.62,5
OI0010912,O004415,P0083,1,63.1,34.73,10
OI0010913,O004415,P0030,4,90.28,41.7,20
OI0010914,O004415,P0040,2,214.96,89.94,5
OI0010915,O004416,P0098,1,17.88,10.05,10
OI0010916,O004416,P0053,2,23.29,11.09,0
OI0010917,O004417,P0081,1,96.93,49.39,5
OI0010918,O004417,P0098,3,17.88,10.05,5
OI0010919,O004417,P0092,1,51.3,24.69,10
OI0010920,O004418,P0044,1,279.36,162.6,5
OI0010921,O004418,P0033,1,211.78,114.87,0
OI0010922,O004418,P0086,1,263.23,167.09,0
OI0010923,O004418,P0035,3,326.93,146.56,10
OI0010924,O004419,P0109,1,39.14,21.27,15
OI0010925,O004420,P0046,1,310.17,133.53,0
OI0010926,O004420,P0033,1,211.78,114.87,20
OI0010927,O004421,P0041,1,46.27,32.89,0
OI0010928,O004421,P0097,4,163.15,70.37,15
OI0010929,O004422,P0006,1,273.98,150.3,10
OI0010930,O004422,P0040,-1,214.96,89.94,5
OI0010931,O004422,P0009,2,102.74,56.37,0
OI0010932,O004423,P0001,1,58.62,26.48,5
OI0010933,O004423,P0038,4,81.71,51.71,0
OI0010934,O004423,P0025,4,187.19,125.9,0
OI0010935,O004424,P0041,3,46.27,32.89,0
OI0010936,O004424,P0007,1,180.16,110.8,5
OI0010937,O004425,P0025,1,187.19,125.9,0
OI0010938,O004426,P0112,2,361.01,177.23,15
OI0010939,O004426,P0036,1,71.47,40.11,5
OI0010940,O004427,P0072,2,272.32,149.77,5
OI0010941,O004427,P0042,2,79.85,35.8,15
OI0010942,O004428,P0120,1,123.81,98.52,0
OI0010943,O004428,P0088,1,236.31,102.24,15
OI0010944,O004428,P0026,1,187.78,112.59,5
OI0010945,O004428,P0067,1,33.07,19.77,0
OI0010946,O004429,P0108,3,299.87,137.39,5
OI0010947,O004429,P0107,1,140.71,82.95,0
OI0010948,O004429,P0098,3,17.88,10.05,5
OI0010949,O004429,P0066,1,103.29,50.62,5
OI0010950,O004430,P0043,1,33.48,14.68,5
OI0010951,O004430,P0116,2,53.16,36.42,15
OI0010952,O004430,P0076,1,81.73,46.21,0
OI0010953,O004431,P0062,1,274.98,138.35,0
OI0010954,O004432,P0038,1,81.71,51.71,15
OI0010955,O004432,P0075,2,134.51,78.21,0
OI0010956,O004432,P0013,1,127.84,91.01,20
OI0010957,O004432,P0087,2,136.09,59.78,0
OI0010958,O004433,P0014,2,189.67,104.55,0
OI0010959,O004433,P0082,1,64.05,28.14,0
OI0010960,O004433,P0100,1,280.83,119.83,10
OI0010961,O004433,P0047,1,243.5,159.8,25
OI0010962,O004434,P0011,1,116.27,72.14,0
OI0010963,O004434,P0003,1,171.57,88.27,5
OI0010964,O004434,P0054,1,83.38,49.27,5
OI0010965,O004434,P0016,3,182.65,108.43,5
OI0010966,O004435,P0021,1,217.0,157.06,0
OI0010967,O004435,P0006,3,273.98,150.3,15
OI0010968,O004436,P0054,3,83.38,49.27,10
OI0010969,O004436,P0027,4,283.79,152.07,10
OI0010970,O004437,P0102,3,195.72,100.75,0
OI0010971,O004437,P0014,3,189.67,104.55,15
OI0010972,O004438,P0082,1,64.05,28.14,15
OI0010973,O004439,P0110,1,311.63,167.87,10
OI0010974,O004439,P0054,1,83.38,49.27,15
OI0010975,O004440,P0044,1,279.36,162.6,20
OI0010976,O004440,P0024,2,169.87,104.81,0
OI0010977,O004440,P0048,1,316.06,150.66,20
OI0010978,O004441,P0010,2,236.09,100.66,0
OI0010979,O004442,P0116,4,53.16,36.42,25
OI0010980,O004443,P0096,2,280.31,123.46,0
OI0010981,O004444,P0003,1,171.57,88.27,0
OI0010982,O004444,P0009,1,102.74,56.37,0
OI0010983,O004444,P0099,1,179.3,114.96,0
OI0010984,O004444,P0066,2,103.29,50.62,5
OI0010985,O004445,P0046,3,310.17,133.53,20
OI0010986,O004445,P0100,1,280.83,119.83,15
OI0010987,O004445,P0100,2,280.83,119.83,10
OI0010988,O004446,P0072,1,272.32,149.77,0
OI0010989,O004446,P0041,1,46.27,32.89,0
OI0010990,O004446,P0047,1,243.5,159.8,0
OI0010991,O004447,P0012,3,20.32,10.75,0
OI0010992,O004447,P0035,1,326.93,146.56,0
OI0010993,O004448,P0020,4,185.28,120.72,5
OI0010994,O004448,P0036,1,71.47,40.11,0
OI0010995,O004448,P0063,2,8.2,5.54,0
OI0010996,O004448,P0009,-1,102.74,56.37,5
OI0010997,O004449,P0068,1,103.65,44.29,25
OI0010998,O004450,P0017,1,30.38,15.75,10
OI0010999,O004450,P0027,1,283.79,152.07,15
OI0011000,O004450,P0011,2,116.27,72.14,0
OI0011001,O004450,P0003,1,171.57,88.27,0
OI0011002,O004451,P0050,3,171.47,76.47,5
OI0011003,O004452,P0092,1,51.3,24.69,0
OI0011004,O004452,P0070,2,131.06,75.18,10
OI0011005,O004452,P0095,4,202.91,139.2,5
OI0011006,O004453,P0010,2,236.09,100.66,5
OI0011007,O004453,P0099,1,179.3,114.96,10
OI0011008,O004453,P0115,1,66.66,49.6,20
OI0011009,O004454,P0052,1,142.04,68.52,0
OI0011010,O004454,P0066,1,103.29,50.62,15
OI0011011,O004454,P0060,1,306.49,149.27,0
OI0011012,O004455,P0025,1,187.19,125.9,0
OI0011013,O004455,P0061,1,241.21,110.37,0
OI0011014,O004455,P0032,1,148.44,75.4,0
OI0011015,O004456,P0078,1,268.06,129.83,0
OI0011016,O004457,P0020,1,185.28,120.72,10
OI0011017,O004458,P0008,4,223.03,120.69,15
OI0011018,O004459,P0101,1,338.95,156.07,20
OI0011019,O004459,P0041,2,46.27,32.89,0
OI0011020,O004459,P0107,1,140.71,82.95,0
OI0011021,O004460,P0018,1,281.84,146.67,0
OI0011022,O004460,P0040,1,214.96,89.94,15
OI0011023,O004460,P0017,1,30.38,15.75,10
OI0011024,O004461,P0050,2,171.47,76.47,0
OI0011025,O004461,P0026,1,187.78,112.59,0
OI0011026,O004461,P0119,2,78.86,37.39,0
OI0011027,O004462,P0038,1,81.71,51.71,10
OI0011028,O004462,P0074,1,62.08,27.78,5
OI0011029,O004462,P0090,1,60.09,33.62,25
OI0011030,O004463,P0015,1,147.82,103.39,0
OI0011031,O004464,P0066,2,103.29,50.62,0
OI0011032,O004464,P0009,1,102.74,56.37,0
OI0011033,O004465,P0002,3,230.82,108.89,15
OI0011034,O004465,P0099,2,179.3,114.96,0
OI0011035,O004465,P0016,1,182.65,108.43,10
OI0011036,O004465,P0087,1,136.09,59.78,0
OI0011037,O004466,P0081,1,96.93,49.39,0
OI0011038,O004466,P0013,1,127.84,91.01,0
OI0011039,O004467,P0073,1,372.75,170.56,0
OI0011040,O004468,P0083,1,63.1,34.73,0
OI0011041,O004468,P0006,3,273.98,150.3,25
OI0011042,O004468,P0086,3,263.23,167.09,5
OI0011043,O004469,P0086,1,263.23,167.09,5
OI0011044,O004470,P0065,3,270.21,125.01,0
OI0011045,O004470,P0088,2,236.31,102.24,5
OI0011046,O004470,P0050,1,171.47,76.47,0
OI0011047,O004471,P0035,1,326.93,146.56,0
OI0011048,O004472,P0054,2,83.38,49.27,0
OI0011049,O004473,P0016,1,182.65,108.43,0
OI0011050,O004474,P0030,2,90.28,41.7,0
OI0011051,O004475,P0025,1,187.19,125.9,5
OI0011052,O004475,P0074,1,62.08,27.78,0
OI0011053,O004475,P0069,2,259.35,175.47,20
OI0011054,O004475,P0104,1,71.93,33.51,5
OI0011055,O004476,P0040,2,214.96,89.94,5
OI0011056,O004476,P0026,1,187.78,112.59,0
OI0011057,O004476,P0098,1,17.88,10.05,15
OI0011058,O004476,P0048,2,316.06,150.66,15
OI0011059,O004477,P0038,3,81.71,51.71,25
OI0011060,O004477,P0072,3,272.32,149.77,10
OI0011061,O004477,P0079,3,28.55,21.67,10
OI0011062,O004477,P0082,1,64.05,28.14,5
OI0011063,O004478,P0094,1,309.52,160.91,15
OI0011064,O004478,P0015,2,147.82,103.39,0
OI0011065,O004478,P0076,1,81.73,46.21,0
OI0011066,O004479,P0073,2,372.75,170.56,5
OI0011067,O004480,P0051,1,104.92,60.39,15
OI0011068,O004480,P0106,1,56.39,27.98,0
OI0011069,O004481,P0100,1,280.83,119.83,0
OI0011070,O004481,P0037,-1,171.97,76.8,15
OI0011071,O004481,P0045,1,354.19,170.05,0
OI0011072,O004481,P0029,1,35.33,21.58,15
OI0011073,O004482,P0081,1,96.93,49.39,0
OI0011074,O004482,P0107,1,140.71,82.95,10
OI0011075,O004483,P0096,1,280.31,123.46,0
OI0011076,O004483,P0095,3,202.91,139.2,5
OI0011077,O004483,P0083,1,63.1,34.73,10
OI0011078,O004484,P0084,1,42.76,20.69,15
OI0011079,O004484,P0011,1,116.27,72.14,0
OI0011080,O004484,P0074,1,62.08,27.78,0
OI0011081,O004485,P0096,1,280.31,123.46,15
OI0011082,O004485,P0064,2,60.15,32.62,20
OI0011083,O004486,P0065,2,270.21,125.01,0
OI0011084,O004486,P0051,-1,104.92,60.39,0
OI0011085,O004487,P0031,3,254.7,145.72,5
OI0011086,O004487,P0027,1,283.79,152.07,0
OI0011087,O004487,P0079,4,28.55,21.67,15
OI0011088,O004487,P0078,1,268.06,129.83,10
OI0011089,O004488,P0119,3,78.86,37.39,10
OI0011090,O004488,P0013,3,127.84,91.01,0
OI0011091,O004488,P0050,1,171.47,76.47,5
OI0011092,O004488,P0085,1,142.09,59.82,10
OI0011093,O004489,P0023,4,15.34,8.57,5
OI0011094,O004490,P0019,1,36.3,22.04,0
OI0011095,O004491,P0005,1,181.52,92.02,5
OI0011096,O004492,P0094,2,309.52,160.91,10
OI0011097,O004492,P0028,1,307.09,179.34,0
OI0011098,O004493,P0118,3,177.52,114.17,10
OI0011099,O004493,P0037,1,171.97,76.8,0
OI0011100,O004493,P0016,2,182.65,108.43,0
OI0011101,O004494,P0050,1,171.47,76.47,5
OI0011102,O004494,P0043,1,33.48,14.68,10
OI0011103,O004495,P0009,1,102.74,56.37,10
OI0011104,O004495,P0101,2,338.95,156.07,5
OI0011105,O004495,P0097,4,163.15,70.37,0
OI0011106,O004495,P0035,2,326.93,146.56,25
OI0011107,O004496,P0021,1,217.0,157.06,25
OI0011108,O004496,P0082,1,64.05,28.14,10
OI0011109,O004496,P0007,3,180.16,110.8,15
OI0011110,O004497,P0111,1,116.59,86.94,20
OI0011111,O004497,P0093,1,64.09,40.65,5
OI0011112,O004498,P0022,3,192.12,85.66,20
OI0011113,O004498,P0047,1,243.5,159.8,5
OI0011114,O004499,P0058,1,224.02,143.13,10
OI0011115,O004499,P0105,2,124.3,57.25,5
OI0011116,O004499,P0044,1,279.36,162.6,15
OI0011117,O004499,P0112,1,361.01,177.23,10
OI0011118,O004500,P0039,1,66.47,46.73,10
OI0011119,O004500,P0032,2,148.44,75.4,15
OI0011120,O004500,P0065,1,270.21,125.01,0
OI0011121,O004500,P0041,1,46.27,32.89,0
OI0011122,O004501,P0068,1,103.65,44.29,0
OI0011123,O004501,P0010,3,236.09,100.66,0
OI0011124,O004501,P0001,1,58.62,26.48,25
OI0011125,O004502,P0006,1,273.98,150.3,0
OI0011126,O004502,P0063,1,8.2,5.54,0
OI0011127,O004502,P0007,1,180.16,110.8,0
OI0011128,O004502,P0068,1,103.65,44.29,0
OI0011129,O004503,P0077,1,9.56,6.81,10
OI0011130,O004503,P0024,4,169.87,104.81,5
OI0011131,O004503,P0001,1,58.62,26.48,0
OI0011132,O004504,P0116,4,53.16,36.42,10
OI0011133,O004504,P0037,1,171.97,76.8,5
OI0011134,O004505,P0095,4,202.91,139.2,110
OI0011135,O004505,P0015,1,147.82,103.39,0
OI0011136,O004505,P0021,1,217.0,157.06,0
OI0011137,O004506,P0030,3,90.28,41.7,10
OI0011138,O004506,P0064,1,60.15,32.62,5
OI0011139,O004507,P0115,1,66.66,49.6,15
OI0011140,O004507,P0021,1,217.0,157.06,10
OI0011141,O004507,P0114,1,41.45,23.84,0
OI0011142,O004508,P0024,1,169.87,104.81,20
OI0011143,O004508,P0073,1,372.75,170.56,25
OI0011144,O004508,P0027,1,283.79,152.07,10
OI0011145,O004508,P0048,1,316.06,150.66,0
OI0011146,O004509,P0068,3,103.65,44.29,10
OI0011147,O004509,P0031,2,254.7,145.72,20
OI0011148,O004509,P0032,2,148.44,75.4,10
OI0011149,O004509,P0047,1,243.5,159.8,0
OI0011150,O004510,P0046,4,310.17,133.53,5
OI0011151,O004510,P0082,2,64.05,28.14,10
OI0011152,O004510,P0032,1,148.44,75.4,20
OI0011153,O004510,P0078,1,268.06,129.83,5
OI0011154,O004511,P0013,1,127.84,91.01,0
OI0011155,O004511,P0056,4,385.75,167.31,20
OI0011156,O004512,P0069,1,259.35,175.47,0
OI0011157,O004512,P0059,1,310.18,133.96,0
OI0011158,O004512,P0071,3,66.14,34.77,5
OI0011159,O004512,P0055,1,150.07,98.61,0
OI0011160,O004513,P0020,1,185.28,120.72,10
OI0011161,O004513,P0106,3,56.39,27.98,0
OI0011162,O004513,P0116,2,53.16,36.42,10
OI0011163,O004513,P0051,2,104.92,60.39,0
OI0011164,O004514,P0042,1,79.85,35.8,5
OI0011165,O004514,P0095,1,202.91,139.2,0
OI0011166,O004514,P0055,1,150.07,98.61,15
OI0011167,O004514,P0067,1,33.07,19.77,20
OI0011168,O004515,P0032,1,148.44,75.4,15
OI0011169,O004515,P0102,2,195.72,100.75,0
OI0011170,O004515,P0043,1,33.48,14.68,10
OI0011171,O004515,P0099,2,179.3,114.96,25
OI0011172,O004516,P0027,3,283.79,152.07,15
OI0011173,O004516,P0079,2,28.55,21.67,15
OI0011174,O004517,P0114,2,41.45,23.84,0
OI0011175,O004518,P0119,2,78.86,37.39,0
OI0011176,O004518,P0003,1,171.57,88.27,0
OI0011177,O004519,P0082,1,64.05,28.14,15
OI0011178,O004519,P0119,1,78.86,37.39,0
OI0011179,O004519,P0073,1,372.75,170.56,0
OI0011180,O004519,P0059,1,310.18,133.96,10
OI0011181,O004520,P0054,3,83.38,49.27,10
OI0011182,O004521,P0106,3,56.39,27.98,0
OI0011183,O004521,P0024,1,169.87,104.81,20
OI0011184,O004521,P0090,3,60.09,33.62,0
OI0011185,O004522,P0043,1,33.48,14.68,0
OI0011186,O004522,P0010,1,236.09,100.66,0
OI0011187,O004523,P0046,3,310.17,133.53,5
OI0011188,O004523,P0112,3,361.01,177.23,10
OI0011189,O004524,P0020,2,185.28,120.72,0
OI0011190,O004525,P0102,2,195.72,100.75,0
OI0011191,O004525,P0087,2,136.09,59.78,0
OI0011192,O004525,P0008,2,223.03,120.69,5
OI0011193,O004526,P0059,1,310.18,133.96,0
OI0011194,O004526,P0036,1,71.47,40.11,0
OI0011195,O004526,P0059,-1,310.18,133.96,15
OI0011196,O004526,P0029,2,35.33,21.58,10
OI0011197,O004527,P0083,1,63.1,34.73,15
OI0011198,O004527,P0003,1,171.57,88.27,110
OI0011199,O004527,P0114,1,41.45,23.84,15
OI0011200,O004528,P0012,1,20.32,10.75,5
OI0011201,O004528,P0107,2,140.71,82.95,0
OI0011202,O004529,P0063,2,8.2,5.54,0
OI0011203,O004530,P0076,2,81.73,46.21,20
OI0011204,O004530,P0043,-1,33.48,14.68,0
OI0011205,O004531,P0022,3,192.12,85.66,0
OI0011206,O004531,P0034,2,265.11,120.64,5
OI0011207,O004531,P0057,2,95.09,41.82,0
OI0011208,O004531,P0110,1,311.63,167.87,0
OI0011209,O004532,P0016,1,182.65,108.43,5
OI0011210,O004532,P0017,4,30.38,15.75,5
OI0011211,O004532,P0072,1,272.32,149.77,0
OI0011212,O004533,P0116,2,53.16,36.42,15
OI0011213,O004534,P0099,2,179.3,114.96,0
OI0011214,O004534,P0107,3,140.71,82.95,0
OI0011215,O004534,P0020,1,185.28,120.72,10
OI0011216,O004535,P0044,1,279.36,162.6,5
OI0011217,O004535,P0049,3,59.24,43.15,5
OI0011218,O004536,P0049,4,59.24,43.15,5
OI0011219,O004536,P0083,1,63.1,34.73,10
OI0011220,O004536,P0070,2,131.06,75.18,0
OI0011221,O004537,P0109,1,39.14,21.27,5
OI0011222,O004538,P0072,1,272.32,149.77,5
OI0011223,O004538,P0094,2,309.52,160.91,0
OI0011224,O004538,P0051,2,104.92,60.39,0
OI0011225,O004538,P0115,1,66.66,49.6,15
OI0011226,O004539,P0043,1,33.48,14.68,5
OI0011227,O004539,P0097,1,163.15,70.37,0
OI0011228,O004540,P0061,4,241.21,110.37,5
OI0011229,O004540,P0040,2,214.96,89.94,0
OI0011230,O004540,P0011,1,116.27,72.14,0
OI0011231,O004540,P0085,3,142.09,59.82,5
OI0011232,O004541,P0113,4,152.02,79.85,5
OI0011233,O004541,P0001,1,58.62,26.48,0
OI0011234,O004542,P0012,2,20.32,10.75,10
OI0011235,O004542,P0020,4,185.28,120.72,0
OI0011236,O004543,P0057,1,95.09,41.82,0
OI0011237,O004544,P0035,1,326.93,146.56,15
OI0011238,O004544,P0076,-1,81.73,46.21,0
OI0011239,O004544,P0045,2,354.19,170.05,20
OI0011240,O004544,P0013,2,127.84,91.01,5
OI0011241,O004545,P0032,1,148.44,75.4,0
OI0011242,O004545,P0079,1,28.55,21.67,0
OI0011243,O004545,P0022,1,192.12,85.66,20
OI0011244,O004546,P0067,4,33.07,19.77,0
OI0011245,O004546,P0040,3,214.96,89.94,5
OI0011246,O004546,P0025,1,187.19,125.9,0
OI0011247,O004547,P0013,1,127.84,91.01,10
OI0011248,O004547,P0062,2,274.98,138.35,0
OI0011249,O004548,P0110,1,311.63,167.87,0
OI0011250,O004548,P0046,2,310.17,133.53,0
OI0011251,O004548,P0060,1,306.49,149.27,110
OI0011252,O004548,P0033,1,211.78,114.87,0
OI0011253,O004549,P0047,2,243.5,159.8,0
OI0011254,O004549,P0105,3,124.3,57.25,20
OI0011255,O004549,P0109,1,39.14,21.27,15
OI0011256,O004550,P0102,2,195.72,100.75,5
OI0011257,O004550,P0115,2,66.66,49.6,0
OI0011258,O004551,P0089,1,49.96,38.06,10
OI0011259,O004551,P0104,1,71.93,33.51,5
OI0011260,O004552,P0106,2,56.39,27.98,10
OI0011261,O004553,P0107,1,140.71,82.95,15
OI0011262,O004553,P0019,1,36.3,22.04,10
OI0011263,O004553,P0087,2,136.09,59.78,10
OI0011264,O004554,P0029,4,35.33,21.58,5
OI0011265,O004554,P0050,1,171.47,76.47,5
OI0011266,O004554,P0093,1,64.09,40.65,5
OI0011267,O004554,P0005,1,181.52,92.02,5
OI0011268,O004555,P0028,1,307.09,179.34,10
OI0011269,O004556,P0026,1,187.78,112.59,15
OI0011270,O004556,P0086,2,263.23,167.09,20
OI0011271,O004556,P0014,2,189.67,104.55,15
OI0011272,O004556,P0057,1,95.09,41.82,5
OI0011273,O004557,P0111,1,116.59,86.94,0
OI0011274,O004557,P0114,1,41.45,23.84,0
OI0011275,O004557,P0071,2,66.14,34.77,15
OI0011276,O004557,P0008,1,223.03,120.69,0
OI0011277,O004558,P0006,1,273.98,150.3,0
OI0011278,O004558,P0065,1,270.21,125.01,0
OI0011279,O004558,P0048,1,316.06,150.66,0
OI0011280,O004559,P0046,1,310.17,133.53,5
OI0011281,O004559,P0052,1,142.04,68.52,5
OI0011282,O004560,P0024,2,169.87,104.81,20
OI0011283,O004561,P0093,1,64.09,40.65,0
OI0011284,O004561,P0075,1,134.51,78.21,0
OI0011285,O004561,P0015,2,147.82,103.39,20
OI0011286,O004562,P0069,1,259.35,175.47,0
OI0011287,O004562,P0002,1,230.82,108.89,10
OI0011288,O004562,P0067,1,33.07,19.77,20
OI0011289,O004563,P0002,1,230.82,108.89,15
OI0011290,O004563,P0074,1,62.08,27.78,110
OI0011291,O004563,P0016,1,182.65,108.43,20
OI0011292,O004564,P0058,2,224.02,143.13,0
OI0011293,O004564,P0107,1,140.71,82.95,0
OI0011294,O004565,P0034,1,265.11,120.64,0
OI0011295,O004565,P0105,1,124.3,57.25,0
OI0011296,O004565,P0006,1,273.98,150.3,15
OI0011297,O004565,P0103,1,100.44,47.01,0
OI0011298,O004566,P0066,1,103.29,50.62,0
OI0011299,O004566,P0004,1,114.79,53.81,0
OI0011300,O004566,P0119,4,78.86,37.39,10
OI0011301,O004566,P0093,4,64.09,40.65,15
OI0011302,O004567,P0006,1,273.98,150.3,15
OI0011303,O004567,P0069,2,259.35,175.47,15
OI0011304,O004567,P0068,3,103.65,44.29,0
OI0011305,O004567,P0041,2,46.27,32.89,15
OI0011306,O004568,P0002,1,230.82,108.89,5
OI0011307,O004568,P0038,2,81.71,51.71,5
OI0011308,O004568,P0011,1,116.27,72.14,0
OI0011309,O004568,P0013,1,127.84,91.01,0
OI0011310,O004569,P0073,2,372.75,170.56,0
OI0011311,O004569,P0109,2,39.14,21.27,0
OI0011312,O004569,P0070,2,131.06,75.18,15
OI0011313,O004570,P0077,1,9.56,6.81,0
OI0011314,O004571,P0042,1,79.85,35.8,10
OI0011315,O004571,P0008,3,223.03,120.69,10
OI0011316,O004571,P0112,1,361.01,177.23,5
OI0011317,O004571,P0048,1,316.06,150.66,0
OI0011318,O004572,P0036,1,71.47,40.11,0
OI0011319,O004572,P0101,2,338.95,156.07,10
OI0011320,O004573,P0040,2,214.96,89.94,5
OI0011321,O004574,P0106,2,56.39,27.98,10
OI0011322,O004574,P0075,1,134.51,78.21,0
OI0011323,O004575,P0017,2,30.38,15.75,0
OI0011324,O004576,P0106,2,56.39,27.98,0
OI0011325,O004577,P0109,1,39.14,21.27,5
OI0011326,O004577,P0078,1,268.06,129.83,20
OI0011327,O004578,P0110,1,311.63,167.87,5
OI0011328,O004579,P0063,3,8.2,5.54,0
OI0011329,O004579,P0113,1,152.02,79.85,15
OI0011330,O004579,P0118,4,177.52,114.17,10
OI0011331,O004579,P0010,2,236.09,100.66,0
OI0011332,O004580,P0120,1,123.81,98.52,5
OI0011333,O004580,P0011,2,116.27,72.14,0
OI0011334,O004580,P0078,1,268.06,129.83,5
OI0011335,O004581,P0026,1,187.78,112.59,25
OI0011336,O004582,P0087,1,136.09,59.78,5
OI0011337,O004582,P0049,1,59.24,43.15,10
OI0011338,O004583,P0050,1,171.47,76.47,15
OI0011339,O004583,P0079,1,28.55,21.67,0
OI0011340,O004583,P0070,1,131.06,75.18,5
OI0011341,O004584,P0095,2,202.91,139.2,5
OI0011342,O004584,P0005,2,181.52,92.02,5
OI0011343,O004585,P0118,1,177.52,114.17,15
OI0011344,O004585,P0103,1,100.44,47.01,0
OI0011345,O004586,P0048,2,316.06,150.66,5
OI0011346,O004586,P0090,3,60.09,33.62,5
OI0011347,O004586,P0006,1,273.98,150.3,15
OI0011348,O004587,P0104,1,71.93,33.51,0
OI0011349,O004587,P0019,1,36.3,22.04,0
OI0011350,O004587,P0072,1,272.32,149.77,15
OI0011351,O004588,P0108,2,299.87,137.39,10
OI0011352,O004588,P0015,1,147.82,103.39,0
OI0011353,O004588,P0051,3,104.92,60.39,25
OI0011354,O004589,P0090,1,60.09,33.62,5
OI0011355,O004589,P0010,2,236.09,100.66,20
OI0011356,O004590,P0050,1,171.47,76.47,10
OI0011357,O004590,P0068,1,103.65,44.29,10
OI0011358,O004590,P0023,2,15.34,8.57,0
OI0011359,O004591,P0075,1,134.51,78.21,0
OI0011360,O004591,P0111,1,116.59,86.94,0
OI0011361,O004592,P0111,1,116.59,86.94,10
OI0011362,O004592,P0066,1,103.29,50.62,5
OI0011363,O004592,P0037,1,171.97,76.8,0
OI0011364,O004593,P0105,3,124.3,57.25,0
OI0011365,O004593,P0040,2,214.96,89.94,10
OI0011366,O004593,P0106,3,56.39,27.98,15
OI0011367,O004594,P0086,3,263.23,167.09,0
OI0011368,O004594,P0084,1,42.76,20.69,15
OI0011369,O004594,P0090,3,60.09,33.62,10
OI0011370,O004594,P0043,4,33.48,14.68,5
OI0011371,O004595,P0019,1,36.3,22.04,15
OI0011372,O004595,P0017,1,30.38,15.75,0
OI0011373,O004596,P0092,1,51.3,24.69,10
OI0011374,O004596,P0038,1,81.71,51.71,0
OI0011375,O004596,P0084,2,42.76,20.69,5
OI0011376,O004596,P0062,2,274.98,138.35,0
OI0011377,O004597,P0043,1,33.48,14.68,0
OI0011378,O004597,P0009,1,102.74,56.37,20
OI0011379,O004598,P0041,3,46.27,32.89,10
OI0011380,O004598,P0025,3,187.19,125.9,20
OI0011381,O004598,P0001,4,58.62,26.48,10
OI0011382,O004599,P0031,1,254.7,145.72,10
OI0011383,O004600,P0018,1,281.84,146.67,10
OI0011384,O004600,P0054,3,83.38,49.27,0
OI0011385,O004600,P0004,3,114.79,53.81,5
OI0011386,O004600,P0047,2,243.5,159.8,0
OI0011387,O004601,P0034,3,265.11,120.64,20
OI0011388,O004601,P0009,1,102.74,56.37,10
OI0011389,O004601,P0055,1,150.07,98.61,5
OI0011390,O004601,P0030,1,90.28,41.7,0
OI0011391,O004602,P0050,2,171.47,76.47,0
OI0011392,O004602,P0090,2,60.09,33.62,0
OI0011393,O004602,P0089,1,49.96,38.06,10
OI0011394,O004602,P0103,1,100.44,47.01,15
OI0011395,O004603,P0017,2,30.38,15.75,25
OI0011396,O004603,P0036,1,71.47,40.11,10
OI0011397,O004603,P0073,3,372.75,170.56,5
OI0011398,O004604,P0062,2,274.98,138.35,0
OI0011399,O004604,P0072,1,272.32,149.77,0
OI0011400,O004604,P0015,4,147.82,103.39,0
OI0011401,O004605,P0115,2,66.66,49.6,0
OI0011402,O004606,P0087,1,136.09,59.78,5
OI0011403,O004606,P0095,2,202.91,139.2,10
OI0011404,O004606,P0033,2,211.78,114.87,20
OI0011405,O004606,P0022,1,192.12,85.66,0
OI0011406,O004607,P0115,3,66.66,49.6,5
OI0011407,O004608,P0101,1,338.95,156.07,20
OI0011408,O004608,P0060,1,306.49,149.27,0
OI0011409,O004608,P0028,1,307.09,179.34,20
OI0011410,O004608,P0014,1,189.67,104.55,15
OI0011411,O004609,P0105,1,124.3,57.25,5
OI0011412,O004609,P0095,1,202.91,139.2,10
OI0011413,O004610,P0032,1,148.44,75.4,10
OI0011414,O004610,P0097,1,163.15,70.37,15
OI0011415,O004610,P0009,1,102.74,56.37,5
OI0011416,O004610,P0098,1,17.88,10.05,15
OI0011417,O004611,P0065,1,270.21,125.01,5
OI0011418,O004611,P0019,1,36.3,22.04,0
OI0011419,O004611,P0010,2,236.09,100.66,0
OI0011420,O004612,P0120,4,123.81,98.52,0
OI0011421,O004612,P0094,2,309.52,160.91,15
OI0011422,O004613,P0093,1,64.09,40.65,0
OI0011423,O004613,P0111,1,116.59,86.94,0
OI0011424,O004614,P0011,2,116.27,72.14,20
OI0011425,O004614,P0016,2,182.65,108.43,5
OI0011426,O004614,P0043,2,33.48,14.68,0
OI0011427,O004615,P0054,1,83.38,49.27,5
OI0011428,O004616,P0036,1,71.47,40.11,20
OI0011429,O004616,P0089,1,49.96,38.06,0
OI0011430,O004617,P0009,1,102.74,56.37,0
OI0011431,O004618,P0024,2,169.87,104.81,0
OI0011432,O004619,P0075,1,134.51,78.21,0
OI0011433,O004619,P0007,1,180.16,110.8,0
OI0011434,O004619,P0038,1,81.71,51.71,10
OI0011435,O004620,P0035,1,326.93,146.56,10
OI0011436,O004621,P0110,1,311.63,167.87,20
OI0011437,O004621,P0066,1,103.29,50.62,15
OI0011438,O004621,P0039,2,66.47,46.73,5
OI0011439,O004622,P0039,1,66.47,46.73,0
OI0011440,O004622,P0049,1,59.24,43.15,0
OI0011441,O004623,P0044,2,279.36,162.6,0
OI0011442,O004623,P0120,1,123.81,98.52,10
OI0011443,O004623,P0094,4,309.52,160.91,0
OI0011444,O004624,P0098,1,17.88,10.05,15
OI0011445,O004624,P0048,1,316.06,150.66,0
OI0011446,O004625,P0020,-1,185.28,120.72,15
OI0011447,O004626,P0055,2,150.07,98.61,5
OI0011448,O004626,P0025,3,187.19,125.9,15
OI0011449,O004626,P0043,1,33.48,14.68,15
OI0011450,O004627,P0107,1,140.71,82.95,5
OI0011451,O004627,P0103,1,100.44,47.01,5
OI0011452,O004627,P0078,1,268.06,129.83,0
OI0011453,O004628,P0101,1,338.95,156.07,5
OI0011454,O004628,P0041,2,46.27,32.89,0
OI0011455,O004628,P0021,4,217.0,157.06,5
OI0011456,O004628,P0062,2,274.98,138.35,15
OI0011457,O004629,P0083,1,63.1,34.73,0
OI0011458,O004630,P0113,1,152.02,79.85,20
OI0011459,O004630,P0074,1,62.08,27.78,10
OI0011460,O004630,P0097,1,163.15,70.37,0
OI0011461,O004630,P0085,2,142.09,59.82,15
OI0011462,O004631,P0116,1,53.16,36.42,15
OI0011463,O004631,P0005,1,181.52,92.02,15
OI0011464,O004632,P0021,1,217.0,157.06,20
OI0011465,O004632,P0119,2,78.86,37.39,20
OI0011466,O004633,P0108,3,299.87,137.39,10
OI0011467,O004633,P0002,1,230.82,108.89,0
OI0011468,O004633,P0101,1,338.95,156.07,5
OI0011469,O004633,P0099,1,179.3,114.96,25
OI0011470,O004634,P0003,3,171.57,88.27,20
OI0011471,O004634,P0032,2,148.44,75.4,20
OI0011472,O004635,P0043,1,33.48,14.68,0
OI0011473,O004635,P0036,3,71.47,40.11,10
OI0011474,O004635,P0033,1,211.78,114.87,0
OI0011475,O004635,P0096,2,280.31,123.46,0
OI0011476,O004636,P0033,2,211.78,114.87,10
OI0011477,O004636,P0108,1,299.87,137.39,0
OI0011478,O004636,P0060,2,306.49,149.27,0
OI0011479,O004636,P0010,1,236.09,100.66,5
OI0011480,O004637,P0004,1,114.79,53.81,20
OI0011481,O004637,P0046,1,310.17,133.53,0
OI0011482,O004638,P0119,2,78.86,37.39,0
OI0011483,O004638,P0120,1,123.81,98.52,10
OI0011484,O004638,P0018,2,281.84,146.67,10
OI0011485,O004639,P0105,1,124.3,57.25,10
OI0011486,O004639,P0072,1,272.32,149.77,15
OI0011487,O004639,P0084,1,42.76,20.69,0
OI0011488,O004639,P0062,3,274.98,138.35,10
OI0011489,O004640,P0013,2,127.84,91.01,0
OI0011490,O004640,P0051,2,104.92,60.39,0
OI0011491,O004641,P0110,2,311.63,167.87,5
OI0011492,O004641,P0015,3,147.82,103.39,0
OI0011493,O004641,P0070,4,131.06,75.18,5
OI0011494,O004642,P0018,2,281.84,146.67,0
OI0011495,O004642,P0104,1,71.93,33.51,0
OI0011496,O004642,P0034,1,265.11,120.64,5
OI0011497,O004643,P0033,2,211.78,114.87,0
OI0011498,O004643,P0079,1,28.55,21.67,0
OI0011499,O004643,P0061,2,241.21,110.37,15
OI0011500,O004644,P0084,2,42.76,20.69,110
OI0011501,O004644,P0074,1,62.08,27.78,0
OI0011502,O004644,P0058,3,224.02,143.13,10
OI0011503,O004644,P0080,2,392.84,163.94,0
OI0011504,O004645,P0058,3,224.02,143.13,20
OI0011505,O004645,P0078,1,268.06,129.83,5
OI0011506,O004646,P0005,1,181.52,92.02,20
OI0011507,O004646,P0101,4,338.95,156.07,10
OI0011508,O004646,P0086,-1,263.23,167.09,10
OI0011509,O004646,P0103,1,100.44,47.01,5
OI0011510,O004647,P0055,4,150.07,98.61,0
OI0011511,O004648,P0046,3,310.17,133.53,0
OI0011512,O004649,P0026,1,187.78,112.59,20
OI0011513,O004649,P0025,1,187.19,125.9,10
OI0011514,O004649,P0015,1,147.82,103.39,20
OI0011515,O004649,P0004,1,114.79,53.81,0
OI0011516,O004650,P0012,2,20.32,10.75,15
OI0011517,O004650,P0027,4,283.79,152.07,10
OI0011518,O004650,P0006,1,273.98,150.3,15
OI0011519,O004651,P0072,1,272.32,149.77,10
OI0011520,O004652,P0022,2,192.12,85.66,5
OI0011521,O004652,P0032,1,148.44,75.4,20
OI0011522,O004653,P0002,1,230.82,108.89,0
OI0011523,O004654,P0022,1,192.12,85.66,15
OI0011524,O004654,P0113,1,152.02,79.85,5
OI0011525,O004654,P0021,3,217.0,157.06,5
OI0011526,O004655,P0098,1,17.88,10.05,0
OI0011527,O004656,P0083,2,63.1,34.73,5
OI0011528,O004656,P0052,1,142.04,68.52,0
OI0011529,O004657,P0006,1,273.98,150.3,5
OI0011530,O004657,P0108,2,299.87,137.39,0
OI0011531,O004657,P0022,4,192.12,85.66,0
OI0011532,O004657,P0084,1,42.76,20.69,0
OI0011533,O004658,P0093,2,64.09,40.65,0
OI0011534,O004658,P0021,1,217.0,157.06,0
OI0011535,O004658,P0031,1,254.7,145.72,15
OI0011536,O004659,P0030,2,90.28,41.7,0
OI0011537,O004659,P0044,2,279.36,162.6,0
OI0011538,O004659,P0103,1,100.44,47.01,10
OI0011539,O004660,P0090,2,60.09,33.62,10
OI0011540,O004660,P0014,2,189.67,104.55,25
OI0011541,O004660,P0061,3,241.21,110.37,0
OI0011542,O004661,P0025,1,187.19,125.9,0
OI0011543,O004661,P0052,1,142.04,68.52,0
OI0011544,O004661,P0001,1,58.62,26.48,15
OI0011545,O004662,P0012,1,20.32,10.75,0
OI0011546,O004662,P0081,1,96.93,49.39,0
OI0011547,O004662,P0091,1,196.39,82.27,15
OI0011548,O004662,P0113,3,152.02,79.85,0
OI0011549,O004663,P0055,2,150.07,98.61,15
OI0011550,O004663,P0004,-1,114.79,53.81,0
OI0011551,O004663,P0015,1,147.82,103.39,0
OI0011552,O004664,P0072,4,272.32,149.77,5
OI0011553,O004664,P0036,3,71.47,40.11,5
OI0011554,O004664,P0066,2,103.29,50.62,0
OI0011555,O004664,P0052,-1,142.04,68.52,0
OI0011556,O004665,P0119,2,78.86,37.39,0
OI0011557,O004665,P0095,1,202.91,139.2,20
OI0011558,O004665,P0065,3,270.21,125.01,20
OI0011559,O004665,P0051,1,104.92,60.39,15
OI0011560,O004666,P0019,3,36.3,22.04,5
OI0011561,O004667,P0094,1,309.52,160.91,10
OI0011562,O004667,P0033,3,211.78,114.87,0
OI0011563,O004667,P0082,1,64.05,28.14,0
OI0011564,O004668,P0092,1,51.3,24.69,5
OI0011565,O004669,P0012,1,20.32,10.75,15
OI0011566,O004669,P0014,1,189.67,104.55,0
OI0011567,O004670,P0102,4,195.72,100.75,0
OI0011568,O004671,P0022,3,192.12,85.66,15
OI0011569,O004672,P0054,1,83.38,49.27,0
OI0011570,O004673,P0025,1,187.19,125.9,0
OI0011571,O004673,P0087,1,136.09,59.78,0
OI0011572,O004673,P0066,1,103.29,50.62,5
OI0011573,O004673,P0008,1,223.03,120.69,0
OI0011574,O004674,P0073,1,372.75,170.56,5
OI0011575,O004674,P0015,1,147.82,103.39,20
OI0011576,O004674,P0115,3,66.66,49.6,5
OI0011577,O004675,P0106,2,56.39,27.98,10
OI0011578,O004676,P0111,4,116.59,86.94,15
OI0011579,O004677,P0057,3,95.09,41.82,0
OI0011580,O004677,P0087,1,136.09,59.78,0
OI0011581,O004677,P0054,1,83.38,49.27,0
OI0011582,O004678,P0098,2,17.88,10.05,15
OI0011583,O004678,P0111,3,116.59,86.94,0
OI0011584,O004678,P0029,1,35.33,21.58,10
OI0011585,O004678,P0055,1,150.07,98.61,25
OI0011586,O004679,P0005,1,181.52,92.02,0
OI0011587,O004679,P0100,-1,280.83,119.83,10
OI0011588,O004679,P0083,2,63.1,34.73,20
OI0011589,O004680,P0056,2,385.75,167.31,0
OI0011590,O004680,P0007,1,180.16,110.8,25
OI0011591,O004680,P0119,1,78.86,37.39,0
OI0011592,O004681,P0001,1,58.62,26.48,0
OI0011593,O004681,P0102,3,195.72,100.75,10
OI0011594,O004681,P0117,1,252.27,158.43,10
OI0011595,O004682,P0103,2,100.44,47.01,0
OI0011596,O004682,P0107,1,140.71,82.95,10
OI0011597,O004682,P0087,1,136.09,59.78,10
OI0011598,O004682,P0118,1,177.52,114.17,5
OI0011599,O004683,P0098,1,17.88,10.05,20
OI0011600,O004683,P0070,1,131.06,75.18,0
OI0011601,O004683,P0115,4,66.66,49.6,10
OI0011602,O004684,P0088,1,236.31,102.24,5
OI0011603,O004684,P0071,1,66.14,34.77,0
OI0011604,O004685,P0089,1,49.96,38.06,15
OI0011605,O004686,P0029,1,35.33,21.58,15
OI0011606,O004686,P0073,1,372.75,170.56,0
OI0011607,O004686,P0030,3,90.28,41.7,10
OI0011608,O004687,P0048,1,316.06,150.66,5
OI0011609,O004687,P0111,1,116.59,86.94,0
OI0011610,O004688,P0074,1,62.08,27.78,10
OI0011611,O004688,P0049,-1,59.24,43.15,0
OI0011612,O004689,P0042,1,79.85,35.8,0
OI0011613,O004689,P0108,3,299.87,137.39,0
OI0011614,O004690,P0031,2,254.7,145.72,15
OI0011615,O004690,P0084,1,42.76,20.69,0
OI0011616,O004691,P0027,1,283.79,152.07,0
OI0011617,O004691,P0057,1,95.09,41.82,20
OI0011618,O004691,P0059,3,310.18,133.96,15
OI0011619,O004691,P0007,3,180.16,110.8,25
OI0011620,O004692,P0047,1,243.5,159.8,20
OI0011621,O004692,P0004,1,114.79,53.81,10
OI0011622,O004692,P0099,2,179.3,114.96,20
OI0011623,O004693,P0086,2,263.23,167.09,0
OI0011624,O004693,P0039,1,66.47,46.73,5
OI0011625,O004693,P0029,1,35.33,21.58,5
OI0011626,O004694,P0115,1,66.66,49.6,10
OI0011627,O004694,P0103,1,100.44,47.01,20
OI0011628,O004694,P0082,1,64.05,28.14,0
OI0011629,O004694,P0115,1,66.66,49.6,0
OI0011630,O004695,P0059,1,310.18,133.96,5
OI0011631,O004695,P0055,2,150.07,98.61,15
OI0011632,O004695,P0062,2,274.98,138.35,5
OI0011633,O004696,P0052,4,142.04,68.52,0
OI0011634,O004696,P0012,2,20.32,10.75,10
OI0011635,O004696,P0073,3,372.75,170.56,15
OI0011636,O004696,P0065,1,270.21,125.01,0
OI0011637,O004697,P0026,1,187.78,112.59,25
OI0011638,O004697,P0045,2,354.19,170.05,10
OI0011639,O004697,P0019,1,36.3,22.04,10
OI0011640,O004697,P0043,4,33.48,14.68,0
OI0011641,O004698,P0050,1,171.47,76.47,0
OI0011642,O004698,P0069,1,259.35,175.47,15
OI0011643,O004698,P0082,-1,64.05,28.14,5
OI0011644,O004698,P0070,2,131.06,75.18,10
OI0011645,O004699,P0011,1,116.27,72.14,10
OI0011646,O004699,P0076,1,81.73,46.21,15
OI0011647,O004699,P0085,2,142.09,59.82,0
OI0011648,O004700,P0099,1,179.3,114.96,0
OI0011649,O004701,P0015,1,147.82,103.39,0
OI0011650,O004701,P0016,1,182.65,108.43,0
OI0011651,O004702,P0025,1,187.19,125.9,0
OI0011652,O004703,P0008,4,223.03,120.69,0
OI0011653,O004703,P0111,1,116.59,86.94,0
OI0011654,O004704,P0111,1,116.59,86.94,0
OI0011655,O004704,P0037,3,171.97,76.8,5
OI0011656,O004705,P0120,1,123.81,98.52,5
OI0011657,O004705,P0100,1,280.83,119.83,10
OI0011658,O004705,P0114,1,41.45,23.84,0
OI0011659,O004706,P0010,2,236.09,100.66,10
OI0011660,O004706,P0007,3,180.16,110.8,0
OI0011661,O004706,P0045,1,354.19,170.05,0
OI0011662,O004707,P0103,3,100.44,47.01,5
OI0011663,O004707,P0097,1,163.15,70.37,0
OI0011664,O004707,P0043,2,33.48,14.68,10
OI0011665,O004707,P0113,3,152.02,79.85,15
OI0011666,O004708,P0048,1,316.06,150.66,0
OI0011667,O004708,P0054,3,83.38,49.27,10
OI0011668,O004709,P0001,1,58.62,26.48,5
OI0011669,O004709,P0067,3,33.07,19.77,0
OI0011670,O004709,P0004,1,114.79,53.81,10
OI0011671,O004709,P0118,1,177.52,114.17,10
OI0011672,O004710,P0115,2,66.66,49.6,0
OI0011673,O004710,P0047,2,243.5,159.8,5
OI0011674,O004710,P0047,1,243.5,159.8,0
OI0011675,O004711,P0049,3,59.24,43.15,0
OI0011676,O004711,P0076,1,81.73,46.21,5
OI0011677,O004712,P0097,2,163.15,70.37,0
OI0011678,O004712,P0104,4,71.93,33.51,0
OI0011679,O004712,P0080,1,392.84,163.94,10
OI0011680,O004713,P0073,1,372.75,170.56,0
OI0011681,O004713,P0042,1,79.85,35.8,0
OI0011682,O004713,P0027,2,283.79,152.07,0
OI0011683,O004713,P0018,1,281.84,146.67,0
OI0011684,O004714,P0002,1,230.82,108.89,0
OI0011685,O004714,P0031,1,254.7,145.72,0
OI0011686,O004714,P0109,1,39.14,21.27,15
OI0011687,O004715,P0030,2,90.28,41.7,0
OI0011688,O004715,P0108,3,299.87,137.39,0
OI0011689,O004715,P0094,1,309.52,160.91,0
OI0011690,O004716,P0051,1,104.92,60.39,0
OI0011691,O004716,P0054,4,83.38,49.27,5
OI0011692,O004716,P0003,-1,171.57,88.27,15
OI0011693,O004716,P0011,1,116.27,72.14,10
OI0011694,O004717,P0113,1,152.02,79.85,15
OI0011695,O004718,P0072,2,272.32,149.77,0
OI0011696,O004719,P0005,1,181.52,92.02,0
OI0011697,O004719,P0031,1,254.7,145.72,15
OI0011698,O004720,P0020,3,185.28,120.72,5
OI0011699,O004721,P0003,1,171.57,88.27,0
OI0011700,O004721,P0036,2,71.47,40.11,20
OI0011701,O004721,P0023,1,15.34,8.57,5
OI0011702,O004721,P0012,1,20.32,10.75,10
OI0011703,O004722,P0088,3,236.31,102.24,20
OI0011704,O004722,P0103,3,100.44,47.01,0
OI0011705,O004723,P0011,3,116.27,72.14,5
OI0011706,O004724,P0079,1,28.55,21.67,5
OI0011707,O004724,P0002,2,230.82,108.89,0
OI0011708,O004724,P0053,1,23.29,11.09,0
OI0011709,O004724,P0033,2,211.78,114.87,5
OI0011710,O004725,P0089,1,49.96,38.06,15
OI0011711,O004725,P0010,3,236.09,100.66,10
OI0011712,O004725,P0007,1,180.16,110.8,0
OI0011713,O004726,P0012,1,20.32,10.75,10
OI0011714,O004726,P0095,3,202.91,139.2,25
OI0011715,O004727,P0059,1,310.18,133.96,5
OI0011716,O004727,P0015,2,147.82,103.39,10
OI0011717,O004727,P0120,4,123.81,98.52,0
OI0011718,O004728,P0106,2,56.39,27.98,15
OI0011719,O004728,P0068,1,103.65,44.29,5
OI0011720,O004729,P0120,2,123.81,98.52,0
OI0011721,O004729,P0001,1,58.62,26.48,15
OI0011722,O004729,P0087,1,136.09,59.78,0
OI0011723,O004729,P0056,1,385.75,167.31,5
OI0011724,O004730,P0045,1,354.19,170.05,0
OI0011725,O004730,P0117,2,252.27,158.43,10
OI0011726,O004731,P0088,1,236.31,102.24,15
OI0011727,O004731,P0093,2,64.09,40.65,0
OI0011728,O004731,P0081,1,96.93,49.39,20
OI0011729,O004731,P0110,1,311.63,167.87,20
OI0011730,O004732,P0012,1,20.32,10.75,10
OI0011731,O004733,P0102,1,195.72,100.75,0
OI0011732,O004733,P0097,2,163.15,70.37,10
OI0011733,O004733,P0062,2,274.98,138.35,0
OI0011734,O004734,P0087,1,136.09,59.78,0
OI0011735,O004734,P0054,1,83.38,49.27,10
OI0011736,O004735,P0076,4,81.73,46.21,10
OI0011737,O004735,P0052,1,142.04,68.52,15
OI0011738,O004735,P0119,2,78.86,37.39,20
OI0011739,O004736,P0024,2,169.87,104.81,0
OI0011740,O004736,P0058,1,224.02,143.13,15
OI0011741,O004736,P0097,1,163.15,70.37,5
OI0011742,O004737,P0060,1,306.49,149.27,10
OI0011743,O004738,P0053,1,23.29,11.09,5
OI0011744,O004739,P0006,3,273.98,150.3,0
OI0011745,O004740,P0075,1,134.51,78.21,15
OI0011746,O004740,P0049,1,59.24,43.15,15
OI0011747,O004741,P0010,1,236.09,100.66,15
OI0011748,O004741,P0075,1,134.51,78.21,0
OI0011749,O004741,P0085,2,142.09,59.82,10
OI0011750,O004742,P0104,1,71.93,33.51,0
OI0011751,O004742,P0118,1,177.52,114.17,10
OI0011752,O004742,P0066,1,103.29,50.62,0
OI0011753,O004742,P0089,2,49.96,38.06,0
OI0011754,O004743,P0005,1,181.52,92.02,15
OI0011755,O004744,P0062,1,274.98,138.35,0
OI0011756,O004744,P0011,1,116.27,72.14,0
OI0011757,O004744,P0050,1,171.47,76.47,0
OI0011758,O004744,P0119,2,78.86,37.39,0
OI0011759,O004745,P0104,2,71.93,33.51,5
OI0011760,O004745,P0076,1,81.73,46.21,0
OI0011761,O004745,P0039,1,66.47,46.73,10
OI0011762,O004746,P0096,3,280.31,123.46,0
OI0011763,O004746,P0041,2,46.27,32.89,25
OI0011764,O004747,P0117,2,252.27,158.43,0
OI0011765,O004747,P0103,1,100.44,47.01,0
OI0011766,O004748,P0104,1,71.93,33.51,0
OI0011767,O004748,P0005,1,181.52,92.02,0
OI0011768,O004748,P0072,1,272.32,149.77,15
OI0011769,O004749,P0032,2,148.44,75.4,5
OI0011770,O004749,P0033,2,211.78,114.87,10
OI0011771,O004750,P0003,3,171.57,88.27,0
OI0011772,O004750,P0043,2,33.48,14.68,0
OI0011773,O004750,P0047,1,243.5,159.8,5
OI0011774,O004750,P0110,1,311.63,167.87,0
OI0011775,O004751,P0095,-1,202.91,139.2,10
OI0011776,O004752,P0065,3,270.21,125.01,10
OI0011777,O004753,P0008,2,223.03,120.69,0
OI0011778,O004753,P0052,1,142.04,68.52,0
OI0011779,O004753,P0073,1,372.75,170.56,0
OI0011780,O004754,P0110,-1,311.63,167.87,0
OI0011781,O004754,P0038,2,81.71,51.71,0
OI0011782,O004755,P0060,4,306.49,149.27,0
OI0011783,O004756,P0058,1,224.02,143.13,10
OI0011784,O004757,P0060,1,306.49,149.27,5
OI0011785,O004757,P0102,3,195.72,100.75,0
OI0011786,O004757,P0034,1,265.11,120.64,20
OI0011787,O004758,P0119,1,78.86,37.39,10
OI0011788,O004758,P0059,1,310.18,133.96,0
OI0011789,O004758,P0002,3,230.82,108.89,15
OI0011790,O004758,P0079,2,28.55,21.67,0
OI0011791,O004759,P0033,2,211.78,114.87,5
OI0011792,O004760,P0010,1,236.09,100.66,5
OI0011793,O004760,P0035,2,326.93,146.56,10
OI0011794,O004760,P0101,2,338.95,156.07,15
OI0011795,O004760,P0118,2,177.52,114.17,0
OI0011796,O004761,P0045,1,354.19,170.05,0
OI0011797,O004761,P0049,1,59.24,43.15,10
OI0011798,O004761,P0083,1,63.1,34.73,15
OI0011799,O004761,P0001,1,58.62,26.48,0
OI0011800,O004762,P0075,1,134.51,78.21,10
OI0011801,O004762,P0046,2,310.17,133.53,15
OI0011802,O004763,P0102,1,195.72,100.75,0
OI0011803,O004764,P0010,2,236.09,100.66,15
OI0011804,O004764,P0027,1,283.79,152.07,0
OI0011805,O004765,P0012,1,20.32,10.75,0
OI0011806,O004765,P0082,-1,64.05,28.14,20
OI0011807,O004766,P0019,2,36.3,22.04,15
OI0011808,O004767,P0040,1,214.96,89.94,0
OI0011809,O004768,P0081,1,96.93,49.39,20
OI0011810,O004768,P0087,4,136.09,59.78,5
OI0011811,O004768,P0033,2,211.78,114.87,15
OI0011812,O004768,P0013,3,127.84,91.01,15
OI0011813,O004769,P0077,1,9.56,6.81,15
OI0011814,O004769,P0081,2,96.93,49.39,0
OI0011815,O004770,P0074,3,62.08,27.78,0
OI0011816,O004771,P0087,1,136.09,59.78,25
OI0011817,O004772,P0026,1,187.78,112.59,0
OI0011818,O004772,P0079,1,28.55,21.67,0
OI0011819,O004773,P0012,1,20.32,10.75,5
OI0011820,O004773,P0093,1,64.09,40.65,15
OI0011821,O004773,P0028,4,307.09,179.34,10
OI0011822,O004774,P0016,2,182.65,108.43,0
OI0011823,O004775,P0041,4,46.27,32.89,15
OI0011824,O004776,P0053,2,23.29,11.09,0
OI0011825,O004776,P0048,1,316.06,150.66,5
OI0011826,O004777,P0078,4,268.06,129.83,20
OI0011827,O004777,P0045,4,354.19,170.05,20
OI0011828,O004778,P0077,2,9.56,6.81,0
OI0011829,O004778,P0035,1,326.93,146.56,5
OI0011830,O004778,P0029,1,35.33,21.58,0
OI0011831,O004778,P0074,1,62.08,27.78,0
OI0011832,O004779,P0053,1,23.29,11.09,0
OI0011833,O004780,P0031,3,254.7,145.72,15
OI0011834,O004781,P0076,2,81.73,46.21,0
OI0011835,O004781,P0024,2,169.87,104.81,10
OI0011836,O004782,P0017,3,30.38,15.75,0
OI0011837,O004782,P0009,-1,102.74,56.37,20
OI0011838,O004782,P0095,1,202.91,139.2,0
OI0011839,O004782,P0006,2,273.98,150.3,10
OI0011840,O004783,P0016,2,182.65,108.43,0
OI0011841,O004783,P0047,1,243.5,159.8,5
OI0011842,O004784,P0059,1,310.18,133.96,0
OI0011843,O004784,P0116,2,53.16,36.42,5
OI0011844,O004784,P0010,1,236.09,100.66,10
OI0011845,O004784,P0033,2,211.78,114.87,0
OI0011846,O004785,P0017,1,30.38,15.75,10
OI0011847,O004785,P0064,2,60.15,32.62,0
OI0011848,O004785,P0011,1,116.27,72.14,10
OI0011849,O004785,P0092,1,51.3,24.69,10
OI0011850,O004786,P0034,1,265.11,120.64,15
OI0011851,O004787,P0040,3,214.96,89.94,5
OI0011852,O004787,P0107,1,140.71,82.95,20
OI0011853,O004788,P0017,1,30.38,15.75,15
OI0011854,O004788,P0079,2,28.55,21.67,10
OI0011855,O004788,P0120,1,123.81,98.52,0
OI0011856,O004789,P0086,1,263.23,167.09,0
OI0011857,O004790,P0108,1,299.87,137.39,5
OI0011858,O004791,P0089,1,49.96,38.06,10
OI0011859,O004791,P0043,1,33.48,14.68,0
OI0011860,O004791,P0049,1,59.24,43.15,20
OI0011861,O004791,P0094,3,309.52,160.91,15
OI0011862,O004792,P0064,4,60.15,32.62,15
OI0011863,O004792,P0108,2,299.87,137.39,25
OI0011864,O004793,P0019,3,36.3,22.04,0
OI0011865,O004793,P0048,3,316.06,150.66,10
OI0011866,O004794,P0032,1,148.44,75.4,110
OI0011867,O004794,P0038,2,81.71,51.71,0
OI0011868,O004794,P0013,2,127.84,91.01,10
OI0011869,O004795,P0055,2,150.07,98.61,15
OI0011870,O004795,P0094,3,309.52,160.91,5
OI0011871,O004795,P0021,1,217.0,157.06,5
OI0011872,O004795,P0054,4,83.38,49.27,10
OI0011873,O004796,P0006,1,273.98,150.3,5
OI0011874,O004796,P0010,2,236.09,100.66,5
OI0011875,O004796,P0032,1,148.44,75.4,0
OI0011876,O004797,P0031,3,254.7,145.72,0
OI0011877,O004797,P0094,1,309.52,160.91,5
OI0011878,O004798,P0062,2,274.98,138.35,10
OI0011879,O004799,P0030,1,90.28,41.7,0
OI0011880,O004799,P0009,1,102.74,56.37,0
OI0011881,O004799,P0066,1,103.29,50.62,0
OI0011882,O004799,P0107,3,140.71,82.95,0
OI0011883,O004800,P0073,1,372.75,170.56,5
OI0011884,O004800,P0046,2,310.17,133.53,5
OI0011885,O004801,P0020,1,185.28,120.72,5
OI0011886,O004801,P0089,-1,49.96,38.06,20
OI0011887,O004802,P0079,1,28.55,21.67,5
OI0011888,O004803,P0120,1,123.81,98.52,20
OI0011889,O004803,P0070,2,131.06,75.18,0
OI0011890,O004803,P0017,2,30.38,15.75,5
OI0011891,O004804,P0022,2,192.12,85.66,0
OI0011892,O004804,P0063,1,8.2,5.54,5
OI0011893,O004804,P0096,1,280.31,123.46,5
OI0011894,O004804,P0057,3,95.09,41.82,0
OI0011895,O004805,P0009,2,102.74,56.37,0
OI0011896,O004805,P0017,-1,30.38,15.75,10
OI0011897,O004805,P0073,-1,372.75,170.56,10
OI0011898,O004806,P0015,1,147.82,103.39,10
OI0011899,O004806,P0028,2,307.09,179.34,0
OI0011900,O004806,P0041,4,46.27,32.89,0
OI0011901,O004806,P0104,-1,71.93,33.51,0
OI0011902,O004807,P0118,2,177.52,114.17,10
OI0011903,O004807,P0085,2,142.09,59.82,10
OI0011904,O004807,P0118,1,177.52,114.17,5
OI0011905,O004808,P0040,1,214.96,89.94,0
OI0011906,O004808,P0037,3,171.97,76.8,0
OI0011907,O004809,P0010,1,236.09,100.66,0
OI0011908,O004809,P0044,1,279.36,162.6,15
OI0011909,O004809,P0097,2,163.15,70.37,15
OI0011910,O004809,P0051,1,104.92,60.39,5
OI0011911,O004810,P0105,2,124.3,57.25,10
OI0011912,O004810,P0096,2,280.31,123.46,0
OI0011913,O004810,P0046,4,310.17,133.53,0
OI0011914,O004810,P0089,2,49.96,38.06,0
OI0011915,O004811,P0007,2,180.16,110.8,0
OI0011916,O004811,P0055,2,150.07,98.61,0
OI0011917,O004811,P0020,1,185.28,120.72,10
OI0011918,O004811,P0047,2,243.5,159.8,0
OI0011919,O004812,P0040,2,214.96,89.94,10
OI0011920,O004813,P0082,4,64.05,28.14,10
OI0011921,O004813,P0015,1,147.82,103.39,5
OI0011922,O004814,P0092,1,51.3,24.69,10
OI0011923,O004814,P0034,1,265.11,120.64,10
OI0011924,O004814,P0086,2,263.23,167.09,25
OI0011925,O004814,P0059,2,310.18,133.96,5
OI0011926,O004815,P0096,2,280.31,123.46,15
OI0011927,O004815,P0035,1,326.93,146.56,0
OI0011928,O004815,P0116,1,53.16,36.42,10
OI0011929,O004815,P0113,2,152.02,79.85,5
OI0011930,O004816,P0042,3,79.85,35.8,5
OI0011931,O004816,P0037,1,171.97,76.8,0
OI0011932,O004816,P0050,3,171.47,76.47,5
OI0011933,O004816,P0011,3,116.27,72.14,5
OI0011934,O004817,P0063,1,8.2,5.54,0
OI0011935,O004817,P0075,1,134.51,78.21,10
OI0011936,O004817,P0083,3,63.1,34.73,5
OI0011937,O004818,P0011,1,116.27,72.14,0
OI0011938,O004818,P0051,2,104.92,60.39,0
OI0011939,O004818,P0078,1,268.06,129.83,10
OI0011940,O004818,P0010,1,236.09,100.66,0
OI0011941,O004819,P0067,2,33.07,19.77,15
OI0011942,O004819,P0021,1,217.0,157.06,10
OI0011943,O004819,P0057,2,95.09,41.82,15
OI0011944,O004820,P0109,3,39.14,21.27,0
OI0011945,O004821,P0008,1,223.03,120.69,0
OI0011946,O004821,P0107,1,140.71,82.95,20
OI0011947,O004822,P0111,1,116.59,86.94,20
OI0011948,O004822,P0037,1,171.97,76.8,5
OI0011949,O004822,P0077,3,9.56,6.81,10
OI0011950,O004822,P0056,1,385.75,167.31,20
OI0011951,O004823,P0036,1,71.47,40.11,15
OI0011952,O004823,P0017,-1,30.38,15.75,5
OI0011953,O004823,P0102,4,195.72,100.75,0
OI0011954,O004824,P0033,2,211.78,114.87,5
OI0011955,O004824,P0106,1,56.39,27.98,15
OI0011956,O004824,P0063,4,8.2,5.54,10
OI0011957,O004824,P0027,1,283.79,152.07,0
OI0011958,O004825,P0006,1,273.98,150.3,5
OI0011959,O004825,P0005,1,181.52,92.02,5
OI0011960,O004825,P0048,1,316.06,150.66,0
OI0011961,O004825,P0029,3,35.33,21.58,10
OI0011962,O004826,P0083,1,63.1,34.73,20
OI0011963,O004826,P0108,3,299.87,137.39,10
OI0011964,O004827,P0011,1,116.27,72.14,5
OI0011965,O004827,P0113,1,152.02,79.85,5
OI0011966,O004827,P0034,3,265.11,120.64,0
OI0011967,O004827,P0016,4,182.65,108.43,25
OI0011968,O004828,P0036,1,71.47,40.11,20
OI0011969,O004829,P0032,1,148.44,75.4,10
OI0011970,O004829,P0091,2,196.39,82.27,5
OI0011971,O004829,P0117,4,252.27,158.43,0
OI0011972,O004829,P0054,2,83.38,49.27,0
OI0011973,O004830,P0105,3,124.3,57.25,0
OI0011974,O004830,P0045,2,354.19,170.05,5
OI0011975,O004830,P0117,2,252.27,158.43,5
OI0011976,O004830,P0054,1,83.38,49.27,0
OI0011977,O004831,P0043,1,33.48,14.68,15
OI0011978,O004831,P0110,2,311.63,167.87,0
OI0011979,O004831,P0027,3,283.79,152.07,0
OI0011980,O004831,P0097,1,163.15,70.37,20
OI0011981,O004832,P0071,3,66.14,34.77,5
OI0011982,O004832,P0005,1,181.52,92.02,5
OI0011983,O004833,P0066,1,103.29,50.62,15
OI0011984,O004833,P0026,1,187.78,112.59,20
OI0011985,O004833,P0023,3,15.34,8.57,0
OI0011986,O004833,P0012,1,20.32,10.75,5
OI0011987,O004834,P0066,3,103.29,50.62,0
OI0011988,O004835,P0118,2,177.52,114.17,0
OI0011989,O004835,P0036,1,71.47,40.11,10
OI0011990,O004835,P0006,3,273.98,150.3,5
OI0011991,O004835,P0061,1,241.21,110.37,5
OI0011992,O004836,P0107,1,140.71,82.95,0
OI0011993,O004836,P0042,4,79.85,35.8,0
OI0011994,O004837,P0071,2,66.14,34.77,10
OI0011995,O004837,P0086,1,263.23,167.09,0
OI0011996,O004837,P0108,2,299.87,137.39,0
OI0011997,O004837,P0041,1,46.27,32.89,0
OI0011998,O004838,P0053,2,23.29,11.09,0
OI0011999,O004838,P0053,1,23.29,11.09,0
OI0012000,O004838,P0002,4,230.82,108.89,15
OI0012001,O004838,P0027,1,283.79,152.07,5
OI0012002,O004839,P0095,4,202.91,139.2,10
OI0012003,O004840,P0083,4,63.1,34.73,10
OI0012004,O004840,P0035,2,326.93,146.56,20
OI0012005,O004840,P0071,2,66.14,34.77,0
OI0012006,O004840,P0013,1,127.84,91.01,0
OI0012007,O004841,P0061,2,241.21,110.37,15
OI0012008,O004841,P0035,1,326.93,146.56,20
OI0012009,O004842,P0022,2,192.12,85.66,15
OI0012010,O004842,P0012,1,20.32,10.75,5
OI0012011,O004842,P0047,1,243.5,159.8,0
OI0012012,O004843,P0069,1,259.35,175.47,0
OI0012013,O004843,P0076,2,81.73,46.21,5
OI0012014,O004843,P0050,1,171.47,76.47,0
OI0012015,O004844,P0031,1,254.7,145.72,10
OI0012016,O004844,P0046,1,310.17,133.53,0
OI0012017,O004844,P0098,2,17.88,10.05,0
OI0012018,O004844,P0057,1,95.09,41.82,10
OI0012019,O004845,P0020,2,185.28,120.72,5
OI0012020,O004845,P0011,1,116.27,72.14,0
OI0012021,O004845,P0018,2,281.84,146.67,25
OI0012022,O004846,P0056,1,385.75,167.31,5
OI0012023,O004846,P0102,3,195.72,100.75,0
OI0012024,O004846,P0075,2,134.51,78.21,5
OI0012025,O004846,P0018,1,281.84,146.67,25
OI0012026,O004847,P0051,1,104.92,60.39,0
OI0012027,O004847,P0041,1,46.27,32.89,15
OI0012028,O004848,P0001,1,58.62,26.48,10
OI0012029,O004848,P0096,2,280.31,123.46,5
OI0012030,O004848,P0082,1,64.05,28.14,0
OI0012031,O004848,P0028,1,307.09,179.34,5
OI0012032,O004849,P0026,1,187.78,112.59,10
OI0012033,O004849,P0087,2,136.09,59.78,0
OI0012034,O004850,P0021,1,217.0,157.06,10
OI0012035,O004850,P0061,1,241.21,110.37,5
OI0012036,O004850,P0106,1,56.39,27.98,0
OI0012037,O004850,P0112,3,361.01,177.23,25
OI0012038,O004851,P0001,1,58.62,26.48,0
OI0012039,O004851,P0004,2,114.79,53.81,15
OI0012040,O004851,P0109,1,39.14,21.27,20
OI0012041,O004851,P0084,2,42.76,20.69,0
OI0012042,O004852,P0027,1,283.79,152.07,20
OI0012043,O004853,P0048,2,316.06,150.66,0
OI0012044,O004853,P0069,4,259.35,175.47,10
OI0012045,O004853,P0057,2,95.09,41.82,20
OI0012046,O004853,P0112,1,361.01,177.23,10
OI0012047,O004854,P0062,1,274.98,138.35,15
OI0012048,O004854,P0052,1,142.04,68.52,5
OI0012049,O004854,P0078,1,268.06,129.83,0
OI0012050,O004855,P0103,2,100.44,47.01,10
OI0012051,O004855,P0059,4,310.18,133.96,5
OI0012052,O004855,P0043,1,33.48,14.68,5
OI0012053,O004856,P0063,1,8.2,5.54,5
OI0012054,O004856,P0027,1,283.79,152.07,10
OI0012055,O004857,P0110,2,311.63,167.87,0
OI0012056,O004857,P0015,4,147.82,103.39,0
OI0012057,O004857,P0068,2,103.65,44.29,0
OI0012058,O004857,P0049,1,59.24,43.15,5
OI0012059,O004858,P0118,2,177.52,114.17,0
OI0012060,O004858,P0058,1,224.02,143.13,0
OI0012061,O004858,P0011,1,116.27,72.14,20
OI0012062,O004859,P0030,1,90.28,41.7,5
OI0012063,O004859,P0033,1,211.78,114.87,15
OI0012064,O004859,P0008,1,223.03,120.69,0
OI0012065,O004860,P0024,1,169.87,104.81,5
OI0012066,O004860,P0011,1,116.27,72.14,15
OI0012067,O004860,P0013,1,127.84,91.01,0
OI0012068,O004861,P0047,1,243.5,159.8,0
OI0012069,O004861,P0041,3,46.27,32.89,5
OI0012070,O004861,P0053,1,23.29,11.09,20
OI0012071,O004861,P0039,1,66.47,46.73,0
OI0012072,O004862,P0118,1,177.52,114.17,0
OI0012073,O004862,P0035,1,326.93,146.56,0
OI0012074,O004862,P0102,1,195.72,100.75,0
OI0012075,O004862,P0004,2,114.79,53.81,10
OI0012076,O004863,P0114,1,41.45,23.84,5
OI0012077,O004863,P0065,1,270.21,125.01,10
OI0012078,O004863,P0025,1,187.19,125.9,0
OI0012079,O004863,P0024,2,169.87,104.81,0
OI0012080,O004864,P0012,1,20.32,10.75,0
OI0012081,O004865,P0021,2,217.0,157.06,10
OI0012082,O004865,P0070,3,131.06,75.18,25
OI0012083,O004865,P0065,1,270.21,125.01,5
OI0012084,O004865,P0070,2,131.06,75.18,15
OI0012085,O004866,P0016,4,182.65,108.43,0
OI0012086,O004866,P0002,1,230.82,108.89,25
OI0012087,O004867,P0032,1,148.44,75.4,5
OI0012088,O004867,P0044,3,279.36,162.6,0
OI0012089,O004867,P0106,2,56.39,27.98,25
OI0012090,O004868,P0068,3,103.65,44.29,20
OI0012091,O004868,P0029,1,35.33,21.58,0
OI0012092,O004868,P0004,1,114.79,53.81,0
OI0012093,O004868,P0065,1,270.21,125.01,5
OI0012094,O004869,P0052,1,142.04,68.52,15
OI0012095,O004869,P0068,1,103.65,44.29,5
OI0012096,O004869,P0053,2,23.29,11.09,0
OI0012097,O004869,P0103,2,100.44,47.01,0
OI0012098,O004870,P0050,1,171.47,76.47,15
OI0012099,O004870,P0017,3,30.38,15.75,20
OI0012100,O004870,P0063,1,8.2,5.54,0
OI0012101,O004871,P0061,1,241.21,110.37,5
OI0012102,O004871,P0026,1,187.78,112.59,0
OI0012103,O004871,P0092,1,51.3,24.69,10
OI0012104,O004871,P0056,2,385.75,167.31,20
OI0012105,O004872,P0041,2,46.27,32.89,0
OI0012106,O004872,P0035,2,326.93,146.56,0
OI0012107,O004873,P0007,2,180.16,110.8,5
OI0012108,O004873,P0016,1,182.65,108.43,20
OI0012109,O004874,P0028,2,307.09,179.34,5
OI0012110,O004875,P0002,1,230.82,108.89,20
OI0012111,O004876,P0103,1,100.44,47.01,0
OI0012112,O004876,P0088,1,236.31,102.24,10
OI0012113,O004877,P0082,1,64.05,28.14,10
OI0012114,O004877,P0025,1,187.19,125.9,0
OI0012115,O004877,P0022,1,192.12,85.66,5
OI0012116,O004877,P0046,1,310.17,133.53,0
OI0012117,O004878,P0061,2,241.21,110.37,10
OI0012118,O004878,P0042,1,79.85,35.8,10
OI0012119,O004879,P0087,3,136.09,59.78,10
OI0012120,O004879,P0039,3,66.47,46.73,0
OI0012121,O004879,P0091,2,196.39,82.27,15
OI0012122,O004879,P0106,3,56.39,27.98,10
OI0012123,O004880,P0115,2,66.66,49.6,0
OI0012124,O004880,P0115,2,66.66,49.6,0
OI0012125,O004880,P0059,2,310.18,133.96,0
OI0012126,O004881,P0071,1,66.14,34.77,0
OI0012127,O004881,P0027,3,283.79,152.07,0
OI0012128,O004882,P0115,4,66.66,49.6,5
OI0012129,O004882,P0095,3,202.91,139.2,5
OI0012130,O004883,P0067,2,33.07,19.77,0
OI0012131,O004883,P0086,-1,263.23,167.09,15
OI0012132,O004884,P0016,3,182.65,108.43,10
OI0012133,O004885,P0049,1,59.24,43.15,5
OI0012134,O004885,P0117,1,252.27,158.43,15
OI0012135,O004885,P0038,3,81.71,51.71,15
OI0012136,O004886,P0101,1,338.95,156.07,10
OI0012137,O004887,P0020,2,185.28,120.72,0
OI0012138,O004888,P0069,1,259.35,175.47,20
OI0012139,O004889,P0005,1,181.52,92.02,20
OI0012140,O004889,P0018,2,281.84,146.67,5
OI0012141,O004889,P0069,3,259.35,175.47,0
OI0012142,O004890,P0001,1,58.62,26.48,15
OI0012143,O004891,P0113,2,152.02,79.85,0
OI0012144,O004892,P0032,1,148.44,75.4,0
OI0012145,O004892,P0026,2,187.78,112.59,10
OI0012146,O004892,P0065,3,270.21,125.01,0
OI0012147,O004892,P0111,1,116.59,86.94,10
OI0012148,O004893,P0076,1,81.73,46.21,0
OI0012149,O004894,P0023,3,15.34,8.57,0
OI0012150,O004894,P0117,1,252.27,158.43,0
OI0012151,O004895,P0070,3,131.06,75.18,0
OI0012152,O004896,P0091,1,196.39,82.27,5
OI0012153,O004896,P0095,1,202.91,139.2,15
OI0012154,O004897,P0009,3,102.74,56.37,15
OI0012155,O004897,P0053,3,23.29,11.09,0
OI0012156,O004897,P0101,2,338.95,156.07,0
OI0012157,O004898,P0061,2,241.21,110.37,0
OI0012158,O004898,P0027,1,283.79,152.07,0
OI0012159,O004898,P0030,2,90.28,41.7,10
OI0012160,O004898,P0029,2,35.33,21.58,5
OI0012161,O004899,P0057,1,95.09,41.82,20
OI0012162,O004899,P0040,1,214.96,89.94,10
OI0012163,O004899,P0118,1,177.52,114.17,10
OI0012164,O004900,P0065,4,270.21,125.01,0
OI0012165,O004900,P0038,1,81.71,51.71,0
OI0012166,O004900,P0085,3,142.09,59.82,20
OI0012167,O004900,P0062,2,274.98,138.35,20
OI0012168,O004901,P0065,3,270.21,125.01,5
OI0012169,O004902,P0014,1,189.67,104.55,5
OI0012170,O004902,P0074,1,62.08,27.78,0
OI0012171,O004902,P0042,1,79.85,35.8,10
OI0012172,O004903,P0016,1,182.65,108.43,15
OI0012173,O004903,P0084,1,42.76,20.69,0
OI0012174,O004903,P0082,1,64.05,28.14,5
OI0012175,O004903,P0019,1,36.3,22.04,10
OI0012176,O004904,P0028,2,307.09,179.34,20
OI0012177,O004904,P0041,1,46.27,32.89,10
OI0012178,O004904,P0011,1,116.27,72.14,0
OI0012179,O004904,P0118,2,177.52,114.17,0
OI0012180,O004905,P0030,3,90.28,41.7,0
OI0012181,O004905,P0088,3,236.31,102.24,10
OI0012182,O004906,P0033,3,211.78,114.87,0
OI0012183,O004906,P0078,1,268.06,129.83,15
OI0012184,O004906,P0032,1,148.44,75.4,15
OI0012185,O004906,P0044,1,279.36,162.6,10
OI0012186,O004907,P0004,2,114.79,53.81,0
OI0012187,O004907,P0079,2,28.55,21.67,5
OI0012188,O004908,P0034,1,265.11,120.64,20
OI0012189,O004909,P0073,2,372.75,170.56,20
OI0012190,O004909,P0009,1,102.74,56.37,10
OI0012191,O004909,P0103,1,100.44,47.01,0
OI0012192,O004909,P0049,1,59.24,43.15,0
OI0012193,O004910,P0061,1,241.21,110.37,0
OI0012194,O004910,P0087,4,136.09,59.78,5
OI0012195,O004911,P0054,4,83.38,49.27,10
OI0012196,O004911,P0101,1,338.95,156.07,10
OI0012197,O004911,P0100,1,280.83,119.83,0
OI0012198,O004912,P0089,1,49.96,38.06,0
OI0012199,O004912,P0059,3,310.18,133.96,10
OI0012200,O004912,P0072,2,272.32,149.77,0
OI0012201,O004913,P0085,3,142.09,59.82,0
OI0012202,O004914,P0029,3,35.33,21.58,5
OI0012203,O004914,P0025,1,187.19,125.9,10
OI0012204,O004915,P0003,1,171.57,88.27,0
OI0012205,O004915,P0044,1,279.36,162.6,0
OI0012206,O004915,P0103,3,100.44,47.01,10
OI0012207,O004915,P0004,1,114.79,53.81,0
OI0012208,O004916,P0001,2,58.62,26.48,15
OI0012209,O004916,P0058,1,224.02,143.13,0
OI0012210,O004916,P0060,1,306.49,149.27,10
OI0012211,O004917,P0014,1,189.67,104.55,0
OI0012212,O004917,P0049,2,59.24,43.15,15
OI0012213,O004918,P0063,1,8.2,5.54,0
OI0012214,O004918,P0005,2,181.52,92.02,5
OI0012215,O004919,P0034,1,265.11,120.64,20
OI0012216,O004919,P0052,4,142.04,68.52,0
OI0012217,O004919,P0036,1,71.47,40.11,0
OI0012218,O004919,P0077,4,9.56,6.81,10
OI0012219,O004920,P0092,1,51.3,24.69,0
OI0012220,O004920,P0063,1,8.2,5.54,5
OI0012221,O004920,P0119,2,78.86,37.39,5
OI0012222,O004921,P0108,1,299.87,137.39,20
OI0012223,O004922,P0051,1,104.92,60.39,10
OI0012224,O004922,P0093,1,64.09,40.65,5
OI0012225,O004922,P0018,2,281.84,146.67,0
OI0012226,O004922,P0015,3,147.82,103.39,15
OI0012227,O004923,P0096,2,280.31,123.46,0
OI0012228,O004923,P0100,3,280.83,119.83,0
OI0012229,O004924,P0024,1,169.87,104.81,5
OI0012230,O004924,P0051,1,104.92,60.39,5
OI0012231,O004925,P0056,1,385.75,167.31,0
OI0012232,O004926,P0071,1,66.14,34.77,110
OI0012233,O004926,P0023,1,15.34,8.57,0
OI0012234,O004926,P0103,1,100.44,47.01,20
OI0012235,O004926,P0105,2,124.3,57.25,20
OI0012236,O004927,P0009,2,102.74,56.37,0
OI0012237,O004927,P0007,1,180.16,110.8,20
OI0012238,O004928,P0072,3,272.32,149.77,15
OI0012239,O004929,P0094,2,309.52,160.91,0
OI0012240,O004930,P0103,1,100.44,47.01,0
OI0012241,O004930,P0111,4,116.59,86.94,5
OI0012242,O004931,P0049,2,59.24,43.15,5
OI0012243,O004932,P0084,1,42.76,20.69,15
OI0012244,O004932,P0038,1,81.71,51.71,0
OI0012245,O004933,P0093,1,64.09,40.65,0
OI0012246,O004933,P0072,4,272.32,149.77,15
OI0012247,O004933,P0111,1,116.59,86.94,0
OI0012248,O004934,P0013,4,127.84,91.01,5
OI0012249,O004934,P0021,1,217.0,157.06,5
OI0012250,O004934,P0034,1,265.11,120.64,0
OI0012251,O004934,P0001,1,58.62,26.48,10
OI0012252,O004935,P0033,1,211.78,114.87,10
OI0012253,O004935,P0096,2,280.31,123.46,15
OI0012254,O004935,P0041,1,46.27,32.89,20
OI0012255,O004936,P0010,1,236.09,100.66,5
OI0012256,O004936,P0024,1,169.87,104.81,20
OI0012257,O004936,P0089,1,49.96,38.06,0
OI0012258,O004936,P0113,3,152.02,79.85,0
OI0012259,O004937,P0055,1,150.07,98.61,0
OI0012260,O004938,P0117,1,252.27,158.43,0
OI0012261,O004938,P0016,3,182.65,108.43,20
OI0012262,O004938,P0030,1,90.28,41.7,0
OI0012263,O004938,P0025,2,187.19,125.9,0
OI0012264,O004939,P0024,3,169.87,104.81,0
OI0012265,O004939,P0003,1,171.57,88.27,10
OI0012266,O004939,P0064,1,60.15,32.62,0
OI0012267,O004940,P0041,2,46.27,32.89,0
OI0012268,O004940,P0056,1,385.75,167.31,5
OI0012269,O004940,P0104,1,71.93,33.51,20
OI0012270,O004941,P0006,4,273.98,150.3,5
OI0012271,O004941,P0074,2,62.08,27.78,0
OI0012272,O004942,P0049,1,59.24,43.15,0
OI0012273,O004942,P0043,1,33.48,14.68,0
OI0012274,O004943,P0047,1,243.5,159.8,10
OI0012275,O004944,P0109,1,39.14,21.27,15
OI0012276,O004944,P0084,1,42.76,20.69,0
OI0012277,O004944,P0064,1,60.15,32.62,5
OI0012278,O004945,P0100,1,280.83,119.83,15
OI0012279,O004946,P0100,1,280.83,119.83,10
OI0012280,O004947,P0116,1,53.16,36.42,0
OI0012281,O004948,P0027,2,283.79,152.07,5
OI0012282,O004948,P0027,1,283.79,152.07,10
OI0012283,O004949,P0071,2,66.14,34.77,0
OI0012284,O004949,P0035,2,326.93,146.56,15
OI0012285,O004949,P0077,1,9.56,6.81,0
OI0012286,O004949,P0099,1,179.3,114.96,0
OI0012287,O004950,P0050,3,171.47,76.47,0
OI0012288,O004950,P0008,2,223.03,120.69,15
OI0012289,O004950,P0020,3,185.28,120.72,15
OI0012290,O004950,P0114,4,41.45,23.84,15
OI0012291,O004951,P0115,1,66.66,49.6,20
OI0012292,O004952,P0033,1,211.78,114.87,0
OI0012293,O004953,P0063,1,8.2,5.54,0
OI0012294,O004953,P0047,1,243.5,159.8,15
OI0012295,O004954,P0116,1,53.16,36.42,0
OI0012296,O004954,P0028,3,307.09,179.34,10
OI0012297,O004954,P0038,3,81.71,51.71,15
OI0012298,O004955,P0023,1,15.34,8.57,0
OI0012299,O004955,P0067,1,33.07,19.77,20
OI0012300,O004955,P0080,1,392.84,163.94,0
OI0012301,O004955,P0016,1,182.65,108.43,15
OI0012302,O004956,P0053,2,23.29,11.09,10
OI0012303,O004956,P0038,1,81.71,51.71,0
OI0012304,O004956,P0101,1,338.95,156.07,20
OI0012305,O004956,P0116,2,53.16,36.42,15
OI0012306,O004957,P0060,4,306.49,149.27,5
OI0012307,O004957,P0030,1,90.28,41.7,0
OI0012308,O004957,P0058,1,224.02,143.13,5
OI0012309,O004958,P0059,1,310.18,133.96,0
OI0012310,O004958,P0091,1,196.39,82.27,0
OI0012311,O004959,P0084,2,42.76,20.69,15
OI0012312,O004960,P0018,3,281.84,146.67,5
OI0012313,O004960,P0057,1,95.09,41.82,10
OI0012314,O004960,P0012,1,20.32,10.75,0
OI0012315,O004960,P0082,1,64.05,28.14,15
OI0012316,O004961,P0090,2,60.09,33.62,0
OI0012317,O004961,P0063,1,8.2,5.54,0
OI0012318,O004961,P0061,2,241.21,110.37,20
OI0012319,O004961,P0016,2,182.65,108.43,20
OI0012320,O004962,P0033,2,211.78,114.87,15
OI0012321,O004962,P0002,1,230.82,108.89,5
OI0012322,O004962,P0086,1,263.23,167.09,0
OI0012323,O004962,P0118,1,177.52,114.17,0
OI0012324,O004963,P0029,1,35.33,21.58,0
OI0012325,O004963,P0068,1,103.65,44.29,0
OI0012326,O004964,P0072,1,272.32,149.77,0
OI0012327,O004964,P0111,1,116.59,86.94,10
OI0012328,O004964,P0031,1,254.7,145.72,15
OI0012329,O004965,P0117,1,252.27,158.43,15
OI0012330,O004965,P0090,1,60.09,33.62,10
OI0012331,O004966,P0086,1,263.23,167.09,10
OI0012332,O004966,P0069,1,259.35,175.47,0
OI0012333,O004967,P0029,1,35.33,21.58,15
OI0012334,O004967,P0026,1,187.78,112.59,25
OI0012335,O004968,P0042,1,79.85,35.8,10
OI0012336,O004968,P0077,2,9.56,6.81,110
OI0012337,O004968,P0117,2,252.27,158.43,5
OI0012338,O004968,P0106,1,56.39,27.98,10
OI0012339,O004969,P0038,1,81.71,51.71,15
OI0012340,O004970,P0029,2,35.33,21.58,110
OI0012341,O004970,P0089,1,49.96,38.06,0
OI0012342,O004970,P0043,3,33.48,14.68,0
OI0012343,O004970,P0025,1,187.19,125.9,0
OI0012344,O004971,P0118,1,177.52,114.17,110
OI0012345,O004971,P0060,1,306.49,149.27,5
OI0012346,O004972,P0050,1,171.47,76.47,0
OI0012347,O004972,P0003,3,171.57,88.27,10
OI0012348,O004972,P0014,2,189.67,104.55,0
OI0012349,O004972,P0063,1,8.2,5.54,15
OI0012350,O004973,P0019,2,36.3,22.04,0
OI0012351,O004973,P0069,2,259.35,175.47,0
OI0012352,O004973,P0073,4,372.75,170.56,0
OI0012353,O004974,P0092,1,51.3,24.69,10
OI0012354,O004975,P0086,1,263.23,167.09,0
OI0012355,O004975,P0072,2,272.32,149.77,10
OI0012356,O004975,P0024,2,169.87,104.81,0
OI0012357,O004976,P0114,1,41.45,23.84,15
OI0012358,O004977,P0091,1,196.39,82.27,20
OI0012359,O004978,P0027,1,283.79,152.07,20
OI0012360,O004979,P0042,2,79.85,35.8,10
OI0012361,O004979,P0105,2,124.3,57.25,0
OI0012362,O004980,P0066,4,103.29,50.62,0
OI0012363,O004980,P0010,1,236.09,100.66,0
OI0012364,O004980,P0039,1,66.47,46.73,25
OI0012365,O004981,P0062,1,274.98,138.35,20
OI0012366,O004981,P0084,1,42.76,20.69,15
OI0012367,O004981,P0117,1,252.27,158.43,10
OI0012368,O004982,P0115,4,66.66,49.6,0
OI0012369,O004982,P0085,2,142.09,59.82,0
OI0012370,O004983,P0058,2,224.02,143.13,15
OI0012371,O004983,P0078,2,268.06,129.83,0
OI0012372,O004984,P0045,1,354.19,170.05,10
OI0012373,O004984,P0114,2,41.45,23.84,0
OI0012374,O004985,P0030,2,90.28,41.7,110
OI0012375,O004986,P0084,1,42.76,20.69,5
OI0012376,O004986,P0037,1,171.97,76.8,5
OI0012377,O004986,P0060,3,306.49,149.27,10
OI0012378,O004987,P0032,2,148.44,75.4,5
OI0012379,O004987,P0009,1,102.74,56.37,0
OI0012380,O004987,P0076,1,81.73,46.21,0
OI0012381,O004987,P0068,2,103.65,44.29,0
OI0012382,O004988,P0041,3,46.27,32.89,10
OI0012383,O004988,P0093,2,64.09,40.65,0
OI0012384,O004989,P0045,4,354.19,170.05,0
OI0012385,O004989,P0044,4,279.36,162.6,15
OI0012386,O004990,P0012,1,20.32,10.75,5
OI0012387,O004990,P0077,1,9.56,6.81,0
OI0012388,O004990,P0081,2,96.93,49.39,0
OI0012389,O004991,P0117,2,252.27,158.43,20
OI0012390,O004992,P0021,1,217.0,157.06,20
OI0012391,O004992,P0047,4,243.5,159.8,5
OI0012392,O004993,P0115,2,66.66,49.6,15
OI0012393,O004993,P0015,3,147.82,103.39,0
OI0012394,O004994,P0024,2,169.87,104.81,15
OI0012395,O004994,P0044,1,279.36,162.6,0
OI0012396,O004995,P0043,1,33.48,14.68,0
OI0012397,O004996,P0083,1,63.1,34.73,15
OI0012398,O004996,P0022,1,192.12,85.66,10
OI0012399,O004996,P0047,2,243.5,159.8,0
OI0012400,O004997,P0084,1,42.76,20.69,0
OI0012401,O004997,P0002,3,230.82,108.89,5
OI0012402,O004997,P0015,4,147.82,103.39,0
OI0012403,O004998,P0104,1,71.93,33.51,5
OI0012404,O004999,P0065,2,270.21,125.01,0
OI0012405,O004999,P0009,2,102.74,56.37,0
OI0012406,O004999,P0065,1,270.21,125.01,10
OI0012407,O004999,P0024,1,169.87,104.81,0
OI0012408,O005000,P0070,1,131.06,75.18,10
OI0012409,O005001,P0076,1,81.73,46.21,10
OI0012410,O005002,P0081,2,96.93,49.39,0
OI0012411,O005002,P0103,1,100.44,47.01,20
OI0012412,O005003,P0028,1,307.09,179.34,10
OI0012413,O005003,P0024,1,169.87,104.81,0
OI0012414,O005003,P0083,1,63.1,34.73,0
OI0012415,O005003,P0047,1,243.5,159.8,5
OI0012416,O005004,P0102,1,195.72,100.75,0
OI0012417,O005004,P0057,1,95.09,41.82,0
OI0012418,O005004,P0086,3,263.23,167.09,0
OI0012419,O005005,P0063,2,8.2,5.54,5
OI0012420,O005005,P0115,2,66.66,49.6,5
OI0012421,O005006,P0031,1,254.7,145.72,5
OI0012422,O005006,P0012,2,20.32,10.75,10
OI0012423,O005006,P0066,1,103.29,50.62,0
OI0012424,O005007,P0100,1,280.83,119.83,0
OI0012425,O005007,P0078,1,268.06,129.83,10
OI0012426,O005008,P0094,1,309.52,160.91,15
OI0012427,O005008,P0063,2,8.2,5.54,5
OI0012428,O005009,P0080,3,392.84,163.94,0
OI0012429,O005010,P0015,1,147.82,103.39,0
OI0012430,O005010,P0070,1,131.06,75.18,15
OI0012431,O005010,P0078,1,268.06,129.83,10
OI0012432,O005011,P0064,2,60.15,32.62,15
OI0012433,O005012,P0032,2,148.44,75.4,5
OI0012434,O005013,P0095,1,202.91,139.2,0
OI0012435,O005013,P0086,2,263.23,167.09,20
OI0012436,O005014,P0039,1,66.47,46.73,0
OI0012437,O005014,P0105,1,124.3,57.25,15
OI0012438,O005014,P0086,3,263.23,167.09,5
OI0012439,O005015,P0054,1,83.38,49.27,20
OI0012440,O005015,P0099,2,179.3,114.96,5
OI0012441,O005016,P0056,2,385.75,167.31,5
OI0012442,O005016,P0033,2,211.78,114.87,0
OI0012443,O005016,P0055,3,150.07,98.61,0
OI0012444,O005017,P0062,1,274.98,138.35,10
OI0012445,O005018,P0013,1,127.84,91.01,5
OI0012446,O005019,P0013,4,127.84,91.01,5
OI0012447,O005019,P0118,1,177.52,114.17,10
OI0012448,O005019,P0077,1,9.56,6.81,0
OI0012449,O005019,P0017,1,30.38,15.75,5
OI0012450,O005020,P0101,1,338.95,156.07,0
OI0012451,O005020,P0042,1,79.85,35.8,5
OI0012452,O005020,P0075,2,134.51,78.21,5
OI0012453,O005020,P0099,2,179.3,114.96,5
OI0012454,O005021,P0083,3,63.1,34.73,5
OI0012455,O005021,P0020,2,185.28,120.72,15
OI0012456,O005021,P0002,1,230.82,108.89,10
OI0012457,O005022,P0119,2,78.86,37.39,0
OI0012458,O005023,P0118,4,177.52,114.17,0
OI0012459,O005023,P0011,1,116.27,72.14,10
OI0012460,O005023,P0058,2,224.02,143.13,0
OI0012461,O005023,P0092,1,51.3,24.69,0
OI0012462,O005024,P0098,3,17.88,10.05,15
OI0012463,O005025,P0026,2,187.78,112.59,25
OI0012464,O005025,P0046,2,310.17,133.53,15
OI0012465,O005025,P0057,1,95.09,41.82,15
OI0012466,O005026,P0102,1,195.72,100.75,20
OI0012467,O005026,P0083,1,63.1,34.73,10
OI0012468,O005027,P0097,4,163.15,70.37,0
OI0012469,O005027,P0082,1,64.05,28.14,0
OI0012470,O005028,P0119,2,78.86,37.39,0
OI0012471,O005028,P0114,2,41.45,23.84,10
OI0012472,O005028,P0056,1,385.75,167.31,0
OI0012473,O005028,P0082,3,64.05,28.14,0
OI0012474,O005029,P0101,1,338.95,156.07,0
OI0012475,O005030,P0022,1,192.12,85.66,5
OI0012476,O005030,P0015,4,147.82,103.39,0
OI0012477,O005030,P0083,1,63.1,34.73,0
OI0012478,O005031,P0097,4,163.15,70.37,0
OI0012479,O005031,P0043,1,33.48,14.68,0
OI0012480,O005031,P0073,1,372.75,170.56,0
OI0012481,O005032,P0048,4,316.06,150.66,0
OI0012482,O005032,P0042,1,79.85,35.8,0
OI0012483,O005032,P0094,2,309.52,160.91,15
OI0012484,O005032,P0091,2,196.39,82.27,15
OI0012485,O005033,P0011,1,116.27,72.14,0
OI0012486,O005033,P0071,-1,66.14,34.77,0
OI0012487,O005033,P0111,2,116.59,86.94,5
OI0012488,O005034,P0056,1,385.75,167.31,5
OI0012489,O005034,P0070,1,131.06,75.18,15
OI0012490,O005034,P0003,2,171.57,88.27,0
OI0012491,O005035,P0118,2,177.52,114.17,0
OI0012492,O005036,P0098,2,17.88,10.05,0
OI0012493,O005037,P0074,4,62.08,27.78,25
OI0012494,O005038,P0097,2,163.15,70.37,0
OI0012495,O005039,P0015,1,147.82,103.39,0
OI0012496,O005039,P0091,1,196.39,82.27,5
OI0012497,O005039,P0041,1,46.27,32.89,5
OI0012498,O005040,P0108,1,299.87,137.39,5
OI0012499,O005040,P0082,1,64.05,28.14,5
OI0012500,O005040,P0106,1,56.39,27.98,15
OI0012501,O005040,P0048,1,316.06,150.66,0
OI0012502,O005041,P0066,3,103.29,50.62,20
OI0012503,O005041,P0091,3,196.39,82.27,20
OI0012504,O005042,P0044,1,279.36,162.6,5
OI0012505,O005042,P0090,2,60.09,33.62,0
OI0012506,O005043,P0119,1,78.86,37.39,20
OI0012507,O005043,P0100,1,280.83,119.83,5
OI0012508,O005043,P0007,2,180.16,110.8,15
OI0012509,O005043,P0059,1,310.18,133.96,20
OI0012510,O005044,P0115,1,66.66,49.6,0
OI0012511,O005044,P0018,3,281.84,146.67,0
OI0012512,O005044,P0110,1,311.63,167.87,0
OI0012513,O005045,P0014,2,189.67,104.55,10
OI0012514,O005045,P0086,1,263.23,167.09,0
OI0012515,O005046,P0065,3,270.21,125.01,0
OI0012516,O005046,P0108,1,299.87,137.39,20
OI0012517,O005046,P0042,3,79.85,35.8,0
OI0012518,O005046,P0080,1,392.84,163.94,0
OI0012519,O005047,P0083,-1,63.1,34.73,0
OI0012520,O005047,P0014,1,189.67,104.55,15
OI0012521,O005048,P0052,3,142.04,68.52,0
OI0012522,O005048,P0105,1,124.3,57.25,5
OI0012523,O005048,P0105,1,124.3,57.25,0
OI0012524,O005048,P0107,1,140.71,82.95,0
OI0012525,O005049,P0106,1,56.39,27.98,0
OI0012526,O005049,P0082,1,64.05,28.14,10
OI0012527,O005050,P0070,4,131.06,75.18,0
OI0012528,O005051,P0060,2,306.49,149.27,10
OI0012529,O005052,P0071,2,66.14,34.77,0
OI0012530,O005053,P0107,3,140.71,82.95,0
OI0012531,O005053,P0092,1,51.3,24.69,0
OI0012532,O005053,P0004,2,114.79,53.81,15
OI0012533,O005054,P0019,4,36.3,22.04,0
OI0012534,O005054,P0025,3,187.19,125.9,0
OI0012535,O005054,P0052,1,142.04,68.52,20
OI0012536,O005054,P0087,1,136.09,59.78,10
OI0012537,O005055,P0069,1,259.35,175.47,0
OI0012538,O005055,P0009,2,102.74,56.37,20
OI0012539,O005055,P0096,4,280.31,123.46,0
OI0012540,O005056,P0007,2,180.16,110.8,5
OI0012541,O005056,P0012,4,20.32,10.75,15
OI0012542,O005057,P0014,2,189.67,104.55,0
OI0012543,O005057,P0029,1,35.33,21.58,20
OI0012544,O005057,P0048,1,316.06,150.66,15
OI0012545,O005058,P0097,1,163.15,70.37,10
OI0012546,O005058,P0045,1,354.19,170.05,5
OI0012547,O005058,P0090,1,60.09,33.62,0
OI0012548,O005058,P0026,1,187.78,112.59,0
OI0012549,O005059,P0029,3,35.33,21.58,0
OI0012550,O005059,P0111,1,116.59,86.94,0
OI0012551,O005060,P0100,2,280.83,119.83,5
OI0012552,O005061,P0056,-1,385.75,167.31,0
OI0012553,O005061,P0107,2,140.71,82.95,0
OI0012554,O005062,P0026,4,187.78,112.59,0
OI0012555,O005062,P0013,1,127.84,91.01,5
OI0012556,O005062,P0010,1,236.09,100.66,0
OI0012557,O005062,P0020,1,185.28,120.72,20
OI0012558,O005063,P0081,2,96.93,49.39,15
OI0012559,O005064,P0066,3,103.29,50.62,0
OI0012560,O005064,P0009,4,102.74,56.37,15
OI0012561,O005065,P0038,1,81.71,51.71,25
OI0012562,O005065,P0103,2,100.44,47.01,10
OI0012563,O005065,P0117,1,252.27,158.43,10
OI0012564,O005065,P0037,4,171.97,76.8,10
OI0012565,O005066,P0063,2,8.2,5.54,0
OI0012566,O005066,P0090,1,60.09,33.62,5
OI0012567,O005066,P0101,1,338.95,156.07,0
OI0012568,O005067,P0001,1,58.62,26.48,15
OI0012569,O005068,P0074,1,62.08,27.78,0
OI0012570,O005068,P0052,2,142.04,68.52,10
OI0012571,O005068,P0050,2,171.47,76.47,25
OI0012572,O005069,P0015,1,147.82,103.39,0
OI0012573,O005069,P0066,1,103.29,50.62,20
OI0012574,O005070,P0068,3,103.65,44.29,10
OI0012575,O005070,P0115,1,66.66,49.6,0
OI0012576,O005070,P0017,1,30.38,15.75,5
OI0012577,O005070,P0114,1,41.45,23.84,20
OI0012578,O005071,P0018,1,281.84,146.67,15
OI0012579,O005072,P0089,1,49.96,38.06,10
OI0012580,O005072,P0033,1,211.78,114.87,5
OI0012581,O005072,P0011,1,116.27,72.14,10
OI0012582,O005072,P0066,1,103.29,50.62,0
OI0012583,O005073,P0022,2,192.12,85.66,5
OI0012584,O005073,P0114,1,41.45,23.84,0
OI0012585,O005073,P0057,1,95.09,41.82,0
OI0012586,O005074,P0028,1,307.09,179.34,0
OI0012587,O005074,P0036,2,71.47,40.11,0
OI0012588,O005074,P0020,1,185.28,120.72,0
OI0012589,O005075,P0083,1,63.1,34.73,0
OI0012590,O005075,P0015,1,147.82,103.39,110
OI0012591,O005075,P0067,3,33.07,19.77,0
OI0012592,O005076,P0051,4,104.92,60.39,0
OI0012593,O005076,P0053,1,23.29,11.09,15
OI0012594,O005076,P0081,1,96.93,49.39,0
OI0012595,O005077,P0030,1,90.28,41.7,5
OI0012596,O005077,P0092,1,51.3,24.69,0
OI0012597,O005078,P0074,1,62.08,27.78,0
OI0012598,O005078,P0082,1,64.05,28.14,0
OI0012599,O005078,P0116,1,53.16,36.42,15
OI0012600,O005078,P0115,2,66.66,49.6,10
OI0012601,O005079,P0051,1,104.92,60.39,5
OI0012602,O005080,P0074,4,62.08,27.78,5
OI0012603,O005081,P0103,2,100.44,47.01,0
OI0012604,O005081,P0038,1,81.71,51.71,25
OI0012605,O005081,P0052,-1,142.04,68.52,25
OI0012606,O005081,P0048,2,316.06,150.66,0
OI0012607,O005082,P0106,2,56.39,27.98,0
OI0012608,O005082,P0117,2,252.27,158.43,20
OI0012609,O005082,P0016,4,182.65,108.43,10
OI0012610,O005082,P0006,2,273.98,150.3,0
OI0012611,O005083,P0022,2,192.12,85.66,0
OI0012612,O005083,P0053,1,23.29,11.09,20
OI0012613,O005083,P0023,1,15.34,8.57,20
OI0012614,O005083,P0035,2,326.93,146.56,110
OI0012615,O005084,P0038,1,81.71,51.71,5
OI0012616,O005085,P0072,-1,272.32,149.77,5
OI0012617,O005085,P0002,1,230.82,108.89,10
OI0012618,O005085,P0035,2,326.93,146.56,10
OI0012619,O005086,P0106,3,56.39,27.98,20
OI0012620,O005086,P0014,1,189.67,104.55,5
OI0012621,O005086,P0034,1,265.11,120.64,0
OI0012622,O005086,P0016,3,182.65,108.43,0
OI0012623,O005087,P0108,1,299.87,137.39,0
OI0012624,O005087,P0080,1,392.84,163.94,15
OI0012625,O005087,P0004,3,114.79,53.81,10
OI0012626,O005087,P0003,1,171.57,88.27,0
OI0012627,O005088,P0084,1,42.76,20.69,0
OI0012628,O005088,P0094,1,309.52,160.91,0
OI0012629,O005089,P0119,2,78.86,37.39,15
OI0012630,O005089,P0104,1,71.93,33.51,0
OI0012631,O005090,P0039,1,66.47,46.73,5
OI0012632,O005091,P0007,1,180.16,110.8,0
OI0012633,O005091,P0029,4,35.33,21.58,0
OI0012634,O005091,P0068,4,103.65,44.29,5
OI0012635,O005092,P0020,1,185.28,120.72,0
OI0012636,O005093,P0019,2,36.3,22.04,15
OI0012637,O005093,P0062,1,274.98,138.35,0
OI0012638,O005094,P0077,1,9.56,6.81,20
OI0012639,O005095,P0050,2,171.47,76.47,20
OI0012640,O005095,P0018,2,281.84,146.67,15
OI0012641,O005095,P0010,3,236.09,100.66,20
OI0012642,O005095,P0051,2,104.92,60.39,5
OI0012643,O005096,P0090,1,60.09,33.62,0
OI0012644,O005096,P0054,1,83.38,49.27,5
OI0012645,O005096,P0117,-1,252.27,158.43,15
OI0012646,O005096,P0035,1,326.93,146.56,0
OI0012647,O005097,P0092,1,51.3,24.69,0
OI0012648,O005097,P0022,3,192.12,85.66,0
OI0012649,O005097,P0085,1,142.09,59.82,0
OI0012650,O005098,P0010,2,236.09,100.66,0
OI0012651,O005098,P0113,1,152.02,79.85,5
OI0012652,O005098,P0081,1,96.93,49.39,0
OI0012653,O005098,P0058,3,224.02,143.13,5
OI0012654,O005099,P0112,2,361.01,177.23,15
OI0012655,O005099,P0114,1,41.45,23.84,15
OI0012656,O005099,P0099,1,179.3,114.96,5
OI0012657,O005099,P0028,1,307.09,179.34,5
OI0012658,O005100,P0052,1,142.04,68.52,5
OI0012659,O005100,P0110,1,311.63,167.87,10
OI0012660,O005101,P0025,2,187.19,125.9,0
OI0012661,O005101,P0077,1,9.56,6.81,20
OI0012662,O005101,P0091,1,196.39,82.27,5
OI0012663,O005101,P0036,1,71.47,40.11,0
OI0012664,O005102,P0065,1,270.21,125.01,0
OI0012665,O005102,P0069,1,259.35,175.47,15
OI0012666,O005102,P0078,1,268.06,129.83,0
OI0012667,O005103,P0015,1,147.82,103.39,10
OI0012668,O005103,P0059,1,310.18,133.96,5
OI0012669,O005104,P0023,-1,15.34,8.57,0
OI0012670,O005104,P0101,1,338.95,156.07,0
OI0012671,O005104,P0115,1,66.66,49.6,0
OI0012672,O005105,P0062,1,274.98,138.35,0
OI0012673,O005106,P0017,1,30.38,15.75,0
OI0012674,O005106,P0107,1,140.71,82.95,5
OI0012675,O005106,P0097,3,163.15,70.37,0
OI0012676,O005106,P0071,2,66.14,34.77,15
OI0012677,O005107,P0037,2,171.97,76.8,0
OI0012678,O005107,P0037,2,171.97,76.8,0
OI0012679,O005108,P0069,1,259.35,175.47,15
OI0012680,O005108,P0022,3,192.12,85.66,0
OI0012681,O005109,P0115,1,66.66,49.6,0
OI0012682,O005109,P0119,1,78.86,37.39,10
OI0012683,O005110,P0021,2,217.0,157.06,0
OI0012684,O005111,P0079,1,28.55,21.67,15
OI0012685,O005111,P0039,2,66.47,46.73,0
OI0012686,O005111,P0084,1,42.76,20.69,0
OI0012687,O005111,P0046,1,310.17,133.53,0
OI0012688,O005112,P0001,1,58.62,26.48,110
OI0012689,O005112,P0095,1,202.91,139.2,0
OI0012690,O005113,P0052,1,142.04,68.52,5
OI0012691,O005113,P0099,4,179.3,114.96,0
OI0012692,O005114,P0038,1,81.71,51.71,0
OI0012693,O005114,P0001,2,58.62,26.48,0
OI0012694,O005115,P0029,1,35.33,21.58,0
OI0012695,O005116,P0105,1,124.3,57.25,5
OI0012696,O005116,P0066,1,103.29,50.62,5
OI0012697,O005117,P0110,4,311.63,167.87,0
OI0012698,O005118,P0094,2,309.52,160.91,5
OI0012699,O005119,P0060,2,306.49,149.27,0
OI0012700,O005119,P0101,1,338.95,156.07,0
OI0012701,O005119,P0076,1,81.73,46.21,0
OI0012702,O005120,P0015,2,147.82,103.39,10
OI0012703,O005121,P0120,2,123.81,98.52,0
OI0012704,O005121,P0109,1,39.14,21.27,0
OI0012705,O005121,P0038,3,81.71,51.71,5
OI0012706,O005121,P0084,1,42.76,20.69,5
OI0012707,O005122,P0062,1,274.98,138.35,25
OI0012708,O005122,P0089,2,49.96,38.06,0
OI0012709,O005122,P0026,1,187.78,112.59,5
OI0012710,O005122,P0075,1,134.51,78.21,0
OI0012711,O005123,P0064,1,60.15,32.62,5
OI0012712,O005123,P0054,1,83.38,49.27,0
OI0012713,O005124,P0116,1,53.16,36.42,5
OI0012714,O005125,P0066,2,103.29,50.62,110
OI0012715,O005126,P0091,1,196.39,82.27,0
OI0012716,O005127,P0094,1,309.52,160.91,10
OI0012717,O005127,P0056,1,385.75,167.31,10
OI0012718,O005128,P0018,2,281.84,146.67,0
OI0012719,O005128,P0040,3,214.96,89.94,15
OI0012720,O005128,P0019,1,36.3,22.04,5
OI0012721,O005129,P0039,2,66.47,46.73,10
OI0012722,O005129,P0114,1,41.45,23.84,20
OI0012723,O005130,P0095,3,202.91,139.2,0
OI0012724,O005131,P0031,1,254.7,145.72,0
OI0012725,O005131,P0109,1,39.14,21.27,20
OI0012726,O005131,P0064,3,60.15,32.62,0
OI0012727,O005132,P0058,1,224.02,143.13,10
OI0012728,O005132,P0004,1,114.79,53.81,5
OI0012729,O005132,P0098,1,17.88,10.05,0
OI0012730,O005132,P0096,2,280.31,123.46,10
OI0012731,O005133,P0018,1,281.84,146.67,5
OI0012732,O005133,P0020,1,185.28,120.72,25
OI0012733,O005133,P0092,2,51.3,24.69,5
OI0012734,O005134,P0105,1,124.3,57.25,0
OI0012735,O005135,P0046,1,310.17,133.53,0
OI0012736,O005135,P0046,2,310.17,133.53,5
OI0012737,O005135,P0059,2,310.18,133.96,10
OI0012738,O005136,P0071,2,66.14,34.77,10
OI0012739,O005136,P0101,1,338.95,156.07,20
OI0012740,O005136,P0067,3,33.07,19.77,5
OI0012741,O005137,P0081,1,96.93,49.39,25
OI0012742,O005138,P0006,1,273.98,150.3,10
OI0012743,O005138,P0013,1,127.84,91.01,20
OI0012744,O005138,P0029,-1,35.33,21.58,0
OI0012745,O005138,P0110,2,311.63,167.87,0
OI0012746,O005139,P0036,2,71.47,40.11,10
OI0012747,O005140,P0035,2,326.93,146.56,0
OI0012748,O005140,P0094,1,309.52,160.91,10
OI0012749,O005140,P0076,1,81.73,46.21,0
OI0012750,O005140,P0030,1,90.28,41.7,0
OI0012751,O005141,P0010,1,236.09,100.66,10
OI0012752,O005141,P0023,-1,15.34,8.57,10
OI0012753,O005141,P0047,3,243.5,159.8,0
OI0012754,O005142,P0120,1,123.81,98.52,10
OI0012755,O005142,P0033,1,211.78,114.87,0
OI0012756,O005142,P0076,1,81.73,46.21,5
OI0012757,O005143,P0089,2,49.96,38.06,20
OI0012758,O005144,P0002,2,230.82,108.89,5
OI0012759,O005144,P0022,1,192.12,85.66,0
OI0012760,O005145,P0084,2,42.76,20.69,0
OI0012761,O005145,P0089,1,49.96,38.06,25
OI0012762,O005146,P0016,1,182.65,108.43,0
OI0012763,O005146,P0069,2,259.35,175.47,0
OI0012764,O005147,P0093,1,64.09,40.65,10
OI0012765,O005148,P0073,2,372.75,170.56,0
OI0012766,O005149,P0074,1,62.08,27.78,20
OI0012767,O005149,P0010,4,236.09,100.66,15
OI0012768,O005149,P0023,4,15.34,8.57,0
OI0012769,O005150,P0043,1,33.48,14.68,110
OI0012770,O005150,P0065,2,270.21,125.01,5
OI0012771,O005151,P0041,2,46.27,32.89,0
OI0012772,O005151,P0009,1,102.74,56.37,10
OI0012773,O005151,P0087,2,136.09,59.78,0
OI0012774,O005151,P0022,1,192.12,85.66,10
OI0012775,O005152,P0119,3,78.86,37.39,5
OI0012776,O005152,P0112,1,361.01,177.23,10
OI0012777,O005152,P0034,1,265.11,120.64,0
OI0012778,O005152,P0004,2,114.79,53.81,5
OI0012779,O005153,P0059,2,310.18,133.96,10
OI0012780,O005153,P0001,1,58.62,26.48,0
OI0012781,O005153,P0096,1,280.31,123.46,20
OI0012782,O005154,P0092,1,51.3,24.69,5
OI0012783,O005154,P0118,1,177.52,114.17,0
OI0012784,O005154,P0088,2,236.31,102.24,10
OI0012785,O005155,P0089,1,49.96,38.06,10
OI0012786,O005155,P0025,1,187.19,125.9,0
OI0012787,O005155,P0023,1,15.34,8.57,25
OI0012788,O005156,P0075,2,134.51,78.21,20
OI0012789,O005156,P0085,1,142.09,59.82,15
OI0012790,O005157,P0071,1,66.14,34.77,25
OI0012791,O005157,P0015,1,147.82,103.39,15
OI0012792,O005157,P0001,1,58.62,26.48,0
OI0012793,O005157,P0096,1,280.31,123.46,10
OI0012794,O005158,P0050,1,171.47,76.47,0
OI0012795,O005158,P0052,2,142.04,68.52,5
OI0012796,O005158,P0042,1,79.85,35.8,0
OI0012797,O005159,P0030,1,90.28,41.7,20
OI0012798,O005159,P0064,2,60.15,32.62,0
OI0012799,O005159,P0013,1,127.84,91.01,10
OI0012800,O005159,P0094,2,309.52,160.91,15
OI0012801,O005160,P0009,1,102.74,56.37,10
OI0012802,O005160,P0049,1,59.24,43.15,15
OI0012803,O005161,P0006,1,273.98,150.3,20
OI0012804,O005161,P0081,1,96.93,49.39,10
OI0012805,O005161,P0093,2,64.09,40.65,15
OI0012806,O005161,P0115,2,66.66,49.6,5
OI0012807,O005162,P0087,1,136.09,59.78,0
OI0012808,O005162,P0018,1,281.84,146.67,0
OI0012809,O005162,P0118,2,177.52,114.17,0
OI0012810,O005162,P0043,1,33.48,14.68,5
OI0012811,O005163,P0081,-1,96.93,49.39,15
OI0012812,O005163,P0112,1,361.01,177.23,0
OI0012813,O005164,P0072,1,272.32,149.77,0
OI0012814,O005164,P0064,1,60.15,32.62,5
OI0012815,O005164,P0031,1,254.7,145.72,5
OI0012816,O005165,P0033,1,211.78,114.87,20
OI0012817,O005166,P0073,1,372.75,170.56,10
OI0012818,O005166,P0032,3,148.44,75.4,10
OI0012819,O005167,P0113,1,152.02,79.85,0
OI0012820,O005167,P0019,3,36.3,22.04,0
OI0012821,O005167,P0070,1,131.06,75.18,0
OI0012822,O005167,P0105,2,124.3,57.25,5
OI0012823,O005168,P0007,3,180.16,110.8,15
OI0012824,O005169,P0042,1,79.85,35.8,15
OI0012825,O005169,P0026,1,187.78,112.59,0
OI0012826,O005169,P0084,3,42.76,20.69,5
OI0012827,O005169,P0088,1,236.31,102.24,10
OI0012828,O005170,P0014,2,189.67,104.55,5
OI0012829,O005170,P0090,1,60.09,33.62,5
OI0012830,O005170,P0112,1,361.01,177.23,0
OI0012831,O005170,P0071,2,66.14,34.77,0
OI0012832,O005171,P0002,3,230.82,108.89,25
OI0012833,O005172,P0076,1,81.73,46.21,15
OI0012834,O005172,P0036,1,71.47,40.11,10
OI0012835,O005173,P0038,2,81.71,51.71,0
OI0012836,O005173,P0056,1,385.75,167.31,0
OI0012837,O005174,P0010,3,236.09,100.66,0
OI0012838,O005174,P0001,1,58.62,26.48,0
OI0012839,O005174,P0100,1,280.83,119.83,0
OI0012840,O005174,P0031,1,254.7,145.72,5
OI0012841,O005175,P0037,1,171.97,76.8,15
OI0012842,O005175,P0067,1,33.07,19.77,5
OI0012843,O005176,P0111,1,116.59,86.94,0
OI0012844,O005176,P0030,2,90.28,41.7,0
OI0012845,O005176,P0041,2,46.27,32.89,0
OI0012846,O005176,P0021,1,217.0,157.06,0
OI0012847,O005177,P0023,4,15.34,8.57,10
OI0012848,O005178,P0017,2,30.38,15.75,0
OI0012849,O005179,P0091,1,196.39,82.27,15
OI0012850,O005180,P0027,1,283.79,152.07,0
OI0012851,O005181,P0113,3,152.02,79.85,5
OI0012852,O005181,P0028,1,307.09,179.34,0
OI0012853,O005182,P0113,1,152.02,79.85,20
OI0012854,O005182,P0003,4,171.57,88.27,0
OI0012855,O005183,P0062,2,274.98,138.35,10
OI0012856,O005183,P0072,3,272.32,149.77,10
OI0012857,O005183,P0116,2,53.16,36.42,25
OI0012858,O005184,P0018,1,281.84,146.67,5
OI0012859,O005184,P0020,2,185.28,120.72,0
OI0012860,O005184,P0090,3,60.09,33.62,15
OI0012861,O005185,P0010,1,236.09,100.66,0
OI0012862,O005185,P0116,1,53.16,36.42,5
OI0012863,O005186,P0011,1,116.27,72.14,10
OI0012864,O005187,P0037,1,171.97,76.8,5
OI0012865,O005188,P0078,2,268.06,129.83,15
OI0012866,O005188,P0078,1,268.06,129.83,0
OI0012867,O005188,P0062,1,274.98,138.35,15
OI0012868,O005189,P0039,1,66.47,46.73,5
OI0012869,O005189,P0045,1,354.19,170.05,10
OI0012870,O005189,P0084,2,42.76,20.69,0
OI0012871,O005189,P0105,2,124.3,57.25,0
OI0012872,O005190,P0035,2,326.93,146.56,5
OI0012873,O005191,P0030,1,90.28,41.7,25
OI0012874,O005191,P0101,1,338.95,156.07,25
OI0012875,O005192,P0016,4,182.65,108.43,0
OI0012876,O005192,P0091,2,196.39,82.27,10
OI0012877,O005192,P0067,1,33.07,19.77,5
OI0012878,O005193,P0071,2,66.14,34.77,5
OI0012879,O005193,P0004,1,114.79,53.81,5
OI0012880,O005193,P0028,2,307.09,179.34,5
OI0012881,O005193,P0053,1,23.29,11.09,15
OI0012882,O005194,P0063,-1,8.2,5.54,5
OI0012883,O005194,P0096,1,280.31,123.46,15
OI0012884,O005194,P0015,1,147.82,103.39,15
OI0012885,O005194,P0079,3,28.55,21.67,0
OI0012886,O005195,P0082,1,64.05,28.14,20
OI0012887,O005195,P0086,1,263.23,167.09,15
OI0012888,O005196,P0055,1,150.07,98.61,15
OI0012889,O005197,P0074,1,62.08,27.78,0
OI0012890,O005197,P0062,2,274.98,138.35,5
OI0012891,O005198,P0022,1,192.12,85.66,20
OI0012892,O005198,P0030,1,90.28,41.7,10
OI0012893,O005199,P0075,4,134.51,78.21,5
OI0012894,O005200,P0090,1,60.09,33.62,0
OI0012895,O005201,P0098,1,17.88,10.05,0
OI0012896,O005201,P0017,3,30.38,15.75,5
OI0012897,O005202,P0100,3,280.83,119.83,10
OI0012898,O005202,P0019,3,36.3,22.04,0
OI0012899,O005203,P0062,1,274.98,138.35,0
OI0012900,O005203,P0019,2,36.3,22.04,0
OI0012901,O005204,P0082,1,64.05,28.14,0
OI0012902,O005204,P0024,1,169.87,104.81,0
OI0012903,O005204,P0038,2,81.71,51.71,0
OI0012904,O005204,P0080,1,392.84,163.94,0
OI0012905,O005205,P0022,1,192.12,85.66,0
OI0012906,O005205,P0068,1,103.65,44.29,5
OI0012907,O005206,P0037,1,171.97,76.8,0
OI0012908,O005207,P0087,2,136.09,59.78,0
OI0012909,O005207,P0078,1,268.06,129.83,0
OI0012910,O005208,P0094,1,309.52,160.91,15
OI0012911,O005208,P0056,3,385.75,167.31,5
OI0012912,O005208,P0073,2,372.75,170.56,5
OI0012913,O005209,P0112,1,361.01,177.23,110
OI0012914,O005209,P0075,1,134.51,78.21,15
OI0012915,O005210,P0046,1,310.17,133.53,10
OI0012916,O005210,P0091,1,196.39,82.27,0
OI0012917,O005210,P0043,1,33.48,14.68,5
OI0012918,O005211,P0055,1,150.07,98.61,0
OI0012919,O005211,P0008,1,223.03,120.69,0
OI0012920,O005212,P0031,3,254.7,145.72,0
OI0012921,O005212,P0001,4,58.62,26.48,10
OI0012922,O005212,P0056,1,385.75,167.31,0
OI0012923,O005212,P0099,2,179.3,114.96,5
OI0012924,O005213,P0060,4,306.49,149.27,0
OI0012925,O005214,P0066,1,103.29,50.62,5
OI0012926,O005214,P0098,2,17.88,10.05,10
OI0012927,O005214,P0049,2,59.24,43.15,0
OI0012928,O005215,P0030,1,90.28,41.7,0
OI0012929,O005215,P0049,1,59.24,43.15,15
OI0012930,O005216,P0074,2,62.08,27.78,0
OI0012931,O005216,P0025,1,187.19,125.9,15
OI0012932,O005216,P0062,3,274.98,138.35,0
OI0012933,O005217,P0112,1,361.01,177.23,0
OI0012934,O005218,P0038,1,81.71,51.71,5
OI0012935,O005218,P0114,1,41.45,23.84,15
OI0012936,O005219,P0097,3,163.15,70.37,0
OI0012937,O005219,P0100,1,280.83,119.83,5
OI0012938,O005219,P0019,2,36.3,22.04,0
OI0012939,O005220,P0071,1,66.14,34.77,0
OI0012940,O005220,P0048,1,316.06,150.66,0
OI0012941,O005221,P0089,2,49.96,38.06,0
OI0012942,O005221,P0111,3,116.59,86.94,5
OI0012943,O005221,P0065,1,270.21,125.01,5
OI0012944,O005222,P0069,1,259.35,175.47,0
OI0012945,O005222,P0045,1,354.19,170.05,20
OI0012946,O005222,P0108,4,299.87,137.39,15
OI0012947,O005222,P0071,2,66.14,34.77,10
OI0012948,O005223,P0101,1,338.95,156.07,15
OI0012949,O005224,P0006,2,273.98,150.3,5
OI0012950,O005224,P0085,4,142.09,59.82,110
OI0012951,O005224,P0023,3,15.34,8.57,10
OI0012952,O005224,P0078,4,268.06,129.83,0
OI0012953,O005225,P0025,1,187.19,125.9,0
OI0012954,O005225,P0043,3,33.48,14.68,10
OI0012955,O005226,P0051,1,104.92,60.39,10
OI0012956,O005226,P0106,1,56.39,27.98,20
OI0012957,O005226,P0089,3,49.96,38.06,0
OI0012958,O005227,P0080,1,392.84,163.94,20
OI0012959,O005228,P0064,3,60.15,32.62,20
OI0012960,O005228,P0110,3,311.63,167.87,10
OI0012961,O005228,P0095,1,202.91,139.2,5
OI0012962,O005229,P0054,1,83.38,49.27,5
OI0012963,O005229,P0038,1,81.71,51.71,15
OI0012964,O005230,P0010,2,236.09,100.66,0
OI0012965,O005230,P0015,2,147.82,103.39,5
OI0012966,O005231,P0062,1,274.98,138.35,0
OI0012967,O005231,P0031,2,254.7,145.72,10
OI0012968,O005231,P0076,1,81.73,46.21,20
OI0012969,O005232,P0042,1,79.85,35.8,0
OI0012970,O005232,P0020,2,185.28,120.72,5
OI0012971,O005233,P0007,1,180.16,110.8,10
OI0012972,O005233,P0115,1,66.66,49.6,10
OI0012973,O005233,P0028,2,307.09,179.34,0
OI0012974,O005234,P0048,1,316.06,150.66,20
OI0012975,O005234,P0033,4,211.78,114.87,10
OI0012976,O005234,P0096,1,280.31,123.46,0
OI0012977,O005235,P0021,1,217.0,157.06,0
OI0012978,O005235,P0080,1,392.84,163.94,5
OI0012979,O005235,P0032,1,148.44,75.4,15
OI0012980,O005235,P0014,3,189.67,104.55,10
OI0012981,O005236,P0113,1,152.02,79.85,5
OI0012982,O005236,P0002,1,230.82,108.89,5
OI0012983,O005236,P0042,1,79.85,35.8,15
OI0012984,O005236,P0062,1,274.98,138.35,0
OI0012985,O005237,P0009,1,102.74,56.37,0
OI0012986,O005238,P0093,1,64.09,40.65,0
OI0012987,O005238,P0050,1,171.47,76.47,5
OI0012988,O005239,P0047,1,243.5,159.8,0
OI0012989,O005239,P0014,1,189.67,104.55,15
OI0012990,O005239,P0054,3,83.38,49.27,15
OI0012991,O005240,P0113,1,152.02,79.85,0
OI0012992,O005240,P0074,2,62.08,27.78,0
OI0012993,O005241,P0100,1,280.83,119.83,0
OI0012994,O005242,P0052,1,142.04,68.52,0
OI0012995,O005242,P0081,1,96.93,49.39,0
OI0012996,O005243,P0105,1,124.3,57.25,0
OI0012997,O005243,P0086,1,263.23,167.09,0
OI0012998,O005243,P0085,2,142.09,59.82,5
OI0012999,O005243,P0113,1,152.02,79.85,5
OI0013000,O005244,P0101,1,338.95,156.07,15
OI0013001,O005244,P0108,1,299.87,137.39,5
OI0013002,O005244,P0116,1,53.16,36.42,0
OI0013003,O005244,P0093,1,64.09,40.65,5
OI0013004,O005245,P0025,1,187.19,125.9,0
OI0013005,O005245,P0010,3,236.09,100.66,10
OI0013006,O005245,P0078,2,268.06,129.83,10
OI0013007,O005245,P0097,1,163.15,70.37,0
OI0013008,O005246,P0098,2,17.88,10.05,0
OI0013009,O005247,P0059,4,310.18,133.96,10
OI0013010,O005247,P0057,1,95.09,41.82,5
OI0013011,O005248,P0074,1,62.08,27.78,10
OI0013012,O005248,P0043,2,33.48,14.68,5
OI0013013,O005249,P0106,2,56.39,27.98,10
OI0013014,O005250,P0050,1,171.47,76.47,15
OI0013015,O005250,P0013,3,127.84,91.01,20
OI0013016,O005251,P0081,3,96.93,49.39,5
OI0013017,O005252,P0117,1,252.27,158.43,5
OI0013018,O005252,P0003,1,171.57,88.27,110
OI0013019,O005253,P0099,1,179.3,114.96,15
OI0013020,O005253,P0065,1,270.21,125.01,5
OI0013021,O005253,P0071,3,66.14,34.77,5
OI0013022,O005253,P0097,1,163.15,70.37,15
OI0013023,O005254,P0023,1,15.34,8.57,0
OI0013024,O005254,P0082,1,64.05,28.14,10
OI0013025,O005254,P0021,1,217.0,157.06,0
OI0013026,O005254,P0054,2,83.38,49.27,25
OI0013027,O005255,P0013,2,127.84,91.01,0
OI0013028,O005255,P0085,3,142.09,59.82,0
OI0013029,O005255,P0069,1,259.35,175.47,0
OI0013030,O005255,P0017,2,30.38,15.75,0
OI0013031,O005256,P0029,1,35.33,21.58,10
OI0013032,O005256,P0060,2,306.49,149.27,20
OI0013033,O005256,P0010,1,236.09,100.66,0
OI0013034,O005257,P0093,1,64.09,40.65,0
OI0013035,O005257,P0114,2,41.45,23.84,15
OI0013036,O005257,P0008,1,223.03,120.69,0
OI0013037,O005258,P0099,1,179.3,114.96,5
OI0013038,O005258,P0064,2,60.15,32.62,10
OI0013039,O005258,P0036,1,71.47,40.11,20
OI0013040,O005259,P0089,2,49.96,38.06,0
OI0013041,O005259,P0104,1,71.93,33.51,0
OI0013042,O005259,P0004,1,114.79,53.81,0
OI0013043,O005259,P0024,3,169.87,104.81,20
OI0013044,O005260,P0041,1,46.27,32.89,20
OI0013045,O005260,P0052,1,142.04,68.52,0
OI0013046,O005260,P0065,1,270.21,125.01,20
OI0013047,O005260,P0032,1,148.44,75.4,0
OI0013048,O005261,P0074,1,62.08,27.78,10
OI0013049,O005262,P0001,2,58.62,26.48,10
OI0013050,O005262,P0108,1,299.87,137.39,0
OI0013051,O005263,P0057,4,95.09,41.82,15
OI0013052,O005263,P0085,3,142.09,59.82,15
OI0013053,O005264,P0066,2,103.29,50.62,0
OI0013054,O005264,P0030,2,90.28,41.7,0
OI0013055,O005264,P0039,1,66.47,46.73,25
OI0013056,O005264,P0052,2,142.04,68.52,0
OI0013057,O005265,P0111,1,116.59,86.94,20
OI0013058,O005265,P0094,1,309.52,160.91,20
OI0013059,O005265,P0065,2,270.21,125.01,5
OI0013060,O005266,P0025,3,187.19,125.9,20
OI0013061,O005266,P0010,2,236.09,100.66,5
OI0013062,O005266,P0056,3,385.75,167.31,10
OI0013063,O005266,P0048,3,316.06,150.66,0
OI0013064,O005267,P0057,4,95.09,41.82,10
OI0013065,O005267,P0011,1,116.27,72.14,0
OI0013066,O005267,P0012,3,20.32,10.75,15
OI0013067,O005267,P0105,2,124.3,57.25,0
OI0013068,O005268,P0052,4,142.04,68.52,0
OI0013069,O005269,P0035,3,326.93,146.56,0
OI0013070,O005269,P0089,4,49.96,38.06,0
OI0013071,O005270,P0065,3,270.21,125.01,5
OI0013072,O005270,P0012,1,20.32,10.75,15
OI0013073,O005270,P0090,2,60.09,33.62,0
OI0013074,O005271,P0045,1,354.19,170.05,0
OI0013075,O005272,P0060,1,306.49,149.27,20
OI0013076,O005272,P0011,2,116.27,72.14,5
OI0013077,O005273,P0083,1,63.1,34.73,0
OI0013078,O005273,P0004,3,114.79,53.81,15
OI0013079,O005274,P0024,1,169.87,104.81,0
OI0013080,O005275,P0002,1,230.82,108.89,0
OI0013081,O005275,P0074,1,62.08,27.78,10
OI0013082,O005276,P0118,3,177.52,114.17,5
OI0013083,O005276,P0092,1,51.3,24.69,20
OI0013084,O005276,P0084,1,42.76,20.69,0
OI0013085,O005276,P0015,1,147.82,103.39,0
OI0013086,O005277,P0077,1,9.56,6.81,10
OI0013087,O005278,P0083,-1,63.1,34.73,5
OI0013088,O005278,P0092,1,51.3,24.69,5
OI0013089,O005279,P0088,3,236.31,102.24,110
OI0013090,O005279,P0041,3,46.27,32.89,15
OI0013091,O005280,P0096,1,280.31,123.46,0
OI0013092,O005280,P0081,1,96.93,49.39,15
OI0013093,O005280,P0119,2,78.86,37.39,0
OI0013094,O005280,P0038,1,81.71,51.71,10
OI0013095,O005281,P0093,1,64.09,40.65,10
OI0013096,O005281,P0095,1,202.91,139.2,10
OI0013097,O005281,P0089,4,49.96,38.06,5
OI0013098,O005282,P0092,4,51.3,24.69,15
OI0013099,O005282,P0051,1,104.92,60.39,0
OI0013100,O005282,P0096,2,280.31,123.46,10
OI0013101,O005282,P0068,1,103.65,44.29,25
OI0013102,O005283,P0026,1,187.78,112.59,15
OI0013103,O005283,P0024,1,169.87,104.81,5
OI0013104,O005283,P0011,2,116.27,72.14,10
OI0013105,O005284,P0041,1,46.27,32.89,0
OI0013106,O005285,P0080,1,392.84,163.94,15
OI0013107,O005286,P0072,2,272.32,149.77,20
OI0013108,O005286,P0099,1,179.3,114.96,0
OI0013109,O005286,P0097,2,163.15,70.37,15
OI0013110,O005287,P0099,1,179.3,114.96,0
OI0013111,O005287,P0053,1,23.29,11.09,0
OI0013112,O005287,P0006,2,273.98,150.3,5
OI0013113,O005287,P0021,4,217.0,157.06,0
OI0013114,O005288,P0027,1,283.79,152.07,0
OI0013115,O005288,P0054,2,83.38,49.27,5
OI0013116,O005288,P0016,2,182.65,108.43,10
OI0013117,O005288,P0098,1,17.88,10.05,0
OI0013118,O005289,P0003,2,171.57,88.27,0
OI0013119,O005289,P0117,1,252.27,158.43,10
OI0013120,O005289,P0010,1,236.09,100.66,5
OI0013121,O005289,P0023,2,15.34,8.57,0
OI0013122,O005290,P0096,1,280.31,123.46,0
OI0013123,O005290,P0078,1,268.06,129.83,0
OI0013124,O005290,P0038,3,81.71,51.71,5
OI0013125,O005290,P0062,1,274.98,138.35,10
OI0013126,O005291,P0024,1,169.87,104.81,0
OI0013127,O005292,P0081,3,96.93,49.39,0
OI0013128,O005292,P0051,2,104.92,60.39,5
OI0013129,O005292,P0109,1,39.14,21.27,10
OI0013130,O005293,P0053,1,23.29,11.09,0
OI0013131,O005294,P0115,1,66.66,49.6,5
OI0013132,O005294,P0056,1,385.75,167.31,15
OI0013133,O005295,P0085,1,142.09,59.82,5
OI0013134,O005295,P0093,3,64.09,40.65,0
OI0013135,O005295,P0114,1,41.45,23.84,10
OI0013136,O005295,P0119,1,78.86,37.39,10
OI0013137,O005296,P0061,1,241.21,110.37,5
OI0013138,O005296,P0007,-1,180.16,110.8,20
OI0013139,O005296,P0107,1,140.71,82.95,0
OI0013140,O005296,P0071,1,66.14,34.77,20
OI0013141,O005297,P0110,1,311.63,167.87,10
OI0013142,O005298,P0031,1,254.7,145.72,0
OI0013143,O005298,P0112,2,361.01,177.23,10
OI0013144,O005298,P0056,1,385.75,167.31,10
OI0013145,O005298,P0025,2,187.19,125.9,0
OI0013146,O005299,P0104,1,71.93,33.51,0
OI0013147,O005299,P0065,2,270.21,125.01,25
OI0013148,O005299,P0029,1,35.33,21.58,20
OI0013149,O005299,P0113,3,152.02,79.85,0
OI0013150,O005300,P0048,2,316.06,150.66,5
OI0013151,O005300,P0055,1,150.07,98.61,10
OI0013152,O005300,P0020,1,185.28,120.72,110
OI0013153,O005300,P0034,1,265.11,120.64,5
OI0013154,O005301,P0085,3,142.09,59.82,0
OI0013155,O005301,P0055,1,150.07,98.61,0
OI0013156,O005302,P0085,1,142.09,59.82,10
OI0013157,O005302,P0062,2,274.98,138.35,0
OI0013158,O005302,P0115,1,66.66,49.6,10
OI0013159,O005303,P0023,1,15.34,8.57,110
OI0013160,O005304,P0114,1,41.45,23.84,0
OI0013161,O005304,P0102,4,195.72,100.75,0
OI0013162,O005304,P0030,2,90.28,41.7,20
OI0013163,O005304,P0015,2,147.82,103.39,0
OI0013164,O005305,P0098,2,17.88,10.05,15
OI0013165,O005305,P0065,-1,270.21,125.01,5
OI0013166,O005306,P0040,4,214.96,89.94,10
OI0013167,O005306,P0089,1,49.96,38.06,0
OI0013168,O005307,P0117,1,252.27,158.43,5
OI0013169,O005307,P0011,1,116.27,72.14,0
OI0013170,O005307,P0097,1,163.15,70.37,0
OI0013171,O005307,P0097,3,163.15,70.37,25
OI0013172,O005308,P0056,4,385.75,167.31,15
OI0013173,O005308,P0042,1,79.85,35.8,15
OI0013174,O005308,P0110,2,311.63,167.87,0
OI0013175,O005308,P0078,1,268.06,129.83,0
OI0013176,O005309,P0030,2,90.28,41.7,5
OI0013177,O005309,P0011,3,116.27,72.14,5
OI0013178,O005310,P0044,1,279.36,162.6,0
OI0013179,O005311,P0080,3,392.84,163.94,10
OI0013180,O005311,P0118,1,177.52,114.17,0
OI0013181,O005311,P0112,1,361.01,177.23,5
OI0013182,O005311,P0062,1,274.98,138.35,0
OI0013183,O005312,P0053,1,23.29,11.09,10
OI0013184,O005312,P0077,1,9.56,6.81,20
OI0013185,O005313,P0053,2,23.29,11.09,20
OI0013186,O005313,P0095,1,202.91,139.2,5
OI0013187,O005314,P0010,-1,236.09,100.66,20
OI0013188,O005314,P0076,1,81.73,46.21,15
OI0013189,O005314,P0024,1,169.87,104.81,110
OI0013190,O005314,P0100,1,280.83,119.83,0
OI0013191,O005315,P0088,1,236.31,102.24,15
OI0013192,O005315,P0102,1,195.72,100.75,0
OI0013193,O005316,P0060,2,306.49,149.27,5
OI0013194,O005316,P0030,1,90.28,41.7,0
OI0013195,O005316,P0021,1,217.0,157.06,0
OI0013196,O005316,P0031,3,254.7,145.72,0
OI0013197,O005317,P0114,2,41.45,23.84,5
OI0013198,O005318,P0006,1,273.98,150.3,10
OI0013199,O005319,P0097,2,163.15,70.37,110
OI0013200,O005319,P0075,2,134.51,78.21,10
OI0013201,O005319,P0111,1,116.59,86.94,0
OI0013202,O005319,P0014,1,189.67,104.55,0
OI0013203,O005320,P0027,1,283.79,152.07,5
OI0013204,O005321,P0001,3,58.62,26.48,5
OI0013205,O005321,P0016,2,182.65,108.43,10
OI0013206,O005321,P0095,2,202.91,139.2,5
OI0013207,O005322,P0112,1,361.01,177.23,15
OI0013208,O005322,P0016,3,182.65,108.43,5
OI0013209,O005322,P0070,1,131.06,75.18,15
OI0013210,O005322,P0010,1,236.09,100.66,0
OI0013211,O005323,P0107,2,140.71,82.95,20
OI0013212,O005323,P0046,2,310.17,133.53,10
OI0013213,O005323,P0010,1,236.09,100.66,5
OI0013214,O005323,P0053,1,23.29,11.09,15
OI0013215,O005324,P0019,1,36.3,22.04,5
OI0013216,O005324,P0080,3,392.84,163.94,10
OI0013217,O005324,P0106,1,56.39,27.98,15
OI0013218,O005324,P0107,2,140.71,82.95,10
OI0013219,O005325,P0038,4,81.71,51.71,15
OI0013220,O005325,P0083,1,63.1,34.73,15
OI0013221,O005326,P0105,3,124.3,57.25,0
OI0013222,O005326,P0041,3,46.27,32.89,0
OI0013223,O005326,P0078,2,268.06,129.83,0
OI0013224,O005326,P0019,1,36.3,22.04,0
OI0013225,O005327,P0087,1,136.09,59.78,0
OI0013226,O005328,P0066,1,103.29,50.62,15
OI0013227,O005328,P0059,2,310.18,133.96,10
OI0013228,O005329,P0042,1,79.85,35.8,5
OI0013229,O005329,P0014,2,189.67,104.55,20
OI0013230,O005330,P0042,1,79.85,35.8,0
OI0013231,O005330,P0002,3,230.82,108.89,0
OI0013232,O005330,P0099,1,179.3,114.96,0
OI0013233,O005330,P0051,1,104.92,60.39,10
OI0013234,O005331,P0115,1,66.66,49.6,5
OI0013235,O005332,P0028,1,307.09,179.34,0
OI0013236,O005332,P0045,1,354.19,170.05,15
OI0013237,O005333,P0019,1,36.3,22.04,0
OI0013238,O005334,P0051,1,104.92,60.39,0
OI0013239,O005335,P0072,1,272.32,149.77,10
OI0013240,O005335,P0026,1,187.78,112.59,0
OI0013241,O005335,P0104,3,71.93,33.51,15
OI0013242,O005336,P0013,3,127.84,91.01,5
OI0013243,O005337,P0058,3,224.02,143.13,0
OI0013244,O005338,P0105,1,124.3,57.25,15
OI0013245,O005338,P0012,4,20.32,10.75,10
OI0013246,O005338,P0036,2,71.47,40.11,10
OI0013247,O005338,P0012,1,20.32,10.75,15
OI0013248,O005339,P0104,1,71.93,33.51,0
OI0013249,O005339,P0057,1,95.09,41.82,15
OI0013250,O005339,P0025,1,187.19,125.9,0
OI0013251,O005339,P0031,4,254.7,145.72,10
OI0013252,O005340,P0111,3,116.59,86.94,10
OI0013253,O005341,P0006,1,273.98,150.3,5
OI0013254,O005342,P0113,1,152.02,79.85,25
OI0013255,O005342,P0086,1,263.23,167.09,0
OI0013256,O005342,P0066,2,103.29,50.62,15
OI0013257,O005343,P0065,2,270.21,125.01,0
OI0013258,O005343,P0043,1,33.48,14.68,0
OI0013259,O005343,P0094,1,309.52,160.91,0
OI0013260,O005344,P0120,1,123.81,98.52,5
OI0013261,O005344,P0008,2,223.03,120.69,10
OI0013262,O005344,P0028,1,307.09,179.34,25
OI0013263,O005345,P0082,2,64.05,28.14,15
OI0013264,O005345,P0037,2,171.97,76.8,5
OI0013265,O005345,P0001,2,58.62,26.48,10
OI0013266,O005346,P0086,1,263.23,167.09,20
OI0013267,O005346,P0023,1,15.34,8.57,5
OI0013268,O005346,P0089,1,49.96,38.06,0
OI0013269,O005346,P0058,1,224.02,143.13,20
OI0013270,O005347,P0093,1,64.09,40.65,20
OI0013271,O005348,P0049,1,59.24,43.15,20
OI0013272,O005349,P0065,1,270.21,125.01,5
OI0013273,O005349,P0106,3,56.39,27.98,5
OI0013274,O005349,P0073,1,372.75,170.56,0
OI0013275,O005349,P0057,1,95.09,41.82,0
OI0013276,O005350,P0043,1,33.48,14.68,0
OI0013277,O005350,P0058,2,224.02,143.13,10
OI0013278,O005350,P0101,2,338.95,156.07,10
OI0013279,O005350,P0065,4,270.21,125.01,0
OI0013280,O005351,P0037,1,171.97,76.8,0
OI0013281,O005351,P0037,2,171.97,76.8,0
OI0013282,O005352,P0093,1,64.09,40.65,25
OI0013283,O005353,P0099,2,179.3,114.96,0
OI0013284,O005353,P0013,2,127.84,91.01,15
OI0013285,O005353,P0075,1,134.51,78.21,15
OI0013286,O005354,P0061,1,241.21,110.37,0
OI0013287,O005354,P0011,3,116.27,72.14,10
OI0013288,O005354,P0034,2,265.11,120.64,5
OI0013289,O005354,P0012,1,20.32,10.75,15
OI0013290,O005355,P0089,2,49.96,38.06,20
OI0013291,O005356,P0103,1,100.44,47.01,0
OI0013292,O005357,P0053,2,23.29,11.09,0
OI0013293,O005358,P0062,3,274.98,138.35,0
OI0013294,O005358,P0114,1,41.45,23.84,0
OI0013295,O005358,P0006,1,273.98,150.3,0
OI0013296,O005358,P0027,2,283.79,152.07,10
OI0013297,O005359,P0074,3,62.08,27.78,5
OI0013298,O005359,P0119,1,78.86,37.39,15
OI0013299,O005360,P0024,3,169.87,104.81,5
OI0013300,O005360,P0046,3,310.17,133.53,0
OI0013301,O005360,P0085,1,142.09,59.82,5
OI0013302,O005360,P0076,2,81.73,46.21,5
OI0013303,O005361,P0056,1,385.75,167.31,0
OI0013304,O005362,P0119,2,78.86,37.39,0
OI0013305,O005362,P0087,1,136.09,59.78,15
OI0013306,O005363,P0040,4,214.96,89.94,10
OI0013307,O005364,P0037,2,171.97,76.8,5
OI0013308,O005365,P0115,1,66.66,49.6,20
OI0013309,O005366,P0019,1,36.3,22.04,15
OI0013310,O005367,P0055,2,150.07,98.61,5
OI0013311,O005367,P0118,1,177.52,114.17,10
OI0013312,O005367,P0051,1,104.92,60.39,0
OI0013313,O005367,P0086,-1,263.23,167.09,5
OI0013314,O005368,P0105,1,124.3,57.25,0
OI0013315,O005368,P0056,1,385.75,167.31,10
OI0013316,O005368,P0018,1,281.84,146.67,10
OI0013317,O005369,P0040,2,214.96,89.94,0
OI0013318,O005369,P0017,2,30.38,15.75,5
OI0013319,O005369,P0055,1,150.07,98.61,10
OI0013320,O005369,P0090,3,60.09,33.62,5
OI0013321,O005370,P0042,1,79.85,35.8,10
OI0013322,O005370,P0100,2,280.83,119.83,5
OI0013323,O005371,P0022,1,192.12,85.66,5
OI0013324,O005371,P0040,2,214.96,89.94,5
OI0013325,O005372,P0087,3,136.09,59.78,0
OI0013326,O005372,P0057,1,95.09,41.82,15
OI0013327,O005372,P0111,1,116.59,86.94,0
OI0013328,O005373,P0056,1,385.75,167.31,20
OI0013329,O005373,P0020,1,185.28,120.72,0
OI0013330,O005373,P0010,1,236.09,100.66,0
OI0013331,O005373,P0059,1,310.18,133.96,0
OI0013332,O005374,P0011,2,116.27,72.14,5
OI0013333,O005374,P0006,1,273.98,150.3,0
OI0013334,O005374,P0099,2,179.3,114.96,5
OI0013335,O005375,P0066,1,103.29,50.62,10
OI0013336,O005375,P0085,1,142.09,59.82,10
OI0013337,O005375,P0103,4,100.44,47.01,0
OI0013338,O005375,P0066,1,103.29,50.62,0
OI0013339,O005376,P0033,2,211.78,114.87,0
OI0013340,O005376,P0075,1,134.51,78.21,0
OI0013341,O005376,P0054,4,83.38,49.27,15
OI0013342,O005376,P0074,1,62.08,27.78,0
OI0013343,O005377,P0084,2,42.76,20.69,10
OI0013344,O005377,P0036,1,71.47,40.11,0
OI0013345,O005377,P0039,1,66.47,46.73,15
OI0013346,O005378,P0060,1,306.49,149.27,15
OI0013347,O005379,P0067,1,33.07,19.77,0
OI0013348,O005379,P0075,2,134.51,78.21,0
OI0013349,O005379,P0065,1,270.21,125.01,0
OI0013350,O005380,P0028,2,307.09,179.34,15
OI0013351,O005380,P0074,1,62.08,27.78,10
OI0013352,O005381,P0060,1,306.49,149.27,15
OI0013353,O005382,P0090,1,60.09,33.62,0
OI0013354,O005382,P0050,4,171.47,76.47,0
OI0013355,O005382,P0008,2,223.03,120.69,15
OI0013356,O005383,P0026,1,187.78,112.59,0
OI0013357,O005383,P0116,1,53.16,36.42,0
OI0013358,O005384,P0044,2,279.36,162.6,0
OI0013359,O005384,P0108,2,299.87,137.39,20
OI0013360,O005384,P0034,3,265.11,120.64,0
OI0013361,O005384,P0094,1,309.52,160.91,25
OI0013362,O005385,P0075,3,134.51,78.21,0
OI0013363,O005385,P0041,2,46.27,32.89,0
OI0013364,O005385,P0119,3,78.86,37.39,10
OI0013365,O005385,P0085,4,142.09,59.82,0
OI0013366,O005386,P0062,3,274.98,138.35,10
OI0013367,O005386,P0058,1,224.02,143.13,0
OI0013368,O005386,P0116,1,53.16,36.42,0
OI0013369,O005387,P0007,2,180.16,110.8,20
OI0013370,O005387,P0013,3,127.84,91.01,10
OI0013371,O005388,P0004,1,114.79,53.81,20
OI0013372,O005388,P0057,1,95.09,41.82,10
OI0013373,O005389,P0045,3,354.19,170.05,0
OI0013374,O005390,P0049,2,59.24,43.15,15
OI0013375,O005391,P0043,1,33.48,14.68,15
OI0013376,O005391,P0102,1,195.72,100.75,5
OI0013377,O005391,P0051,3,104.92,60.39,15
OI0013378,O005391,P0034,1,265.11,120.64,0
OI0013379,O005392,P0033,4,211.78,114.87,5
OI0013380,O005392,P0002,1,230.82,108.89,0
OI0013381,O005392,P0011,1,116.27,72.14,0
OI0013382,O005392,P0116,-1,53.16,36.42,10
OI0013383,O005393,P0079,3,28.55,21.67,0
OI0013384,O005393,P0053,1,23.29,11.09,15
OI0013385,O005393,P0106,1,56.39,27.98,5
OI0013386,O005394,P0071,1,66.14,34.77,0
OI0013387,O005394,P0039,1,66.47,46.73,0
OI0013388,O005394,P0079,1,28.55,21.67,0
OI0013389,O005395,P0006,2,273.98,150.3,0
OI0013390,O005396,P0055,1,150.07,98.61,10
OI0013391,O005397,P0105,2,124.3,57.25,10
OI0013392,O005397,P0048,1,316.06,150.66,0
OI0013393,O005397,P0073,1,372.75,170.56,0
OI0013394,O005397,P0088,1,236.31,102.24,0
OI0013395,O005398,P0062,1,274.98,138.35,5
OI0013396,O005399,P0111,1,116.59,86.94,5
OI0013397,O005399,P0058,1,224.02,143.13,5
OI0013398,O005400,P0107,1,140.71,82.95,5
OI0013399,O005401,P0073,1,372.75,170.56,10
OI0013400,O005401,P0008,1,223.03,120.69,15
OI0013401,O005401,P0104,1,71.93,33.51,0
OI0013402,O005401,P0095,1,202.91,139.2,0
OI0013403,O005402,P0030,2,90.28,41.7,0
OI0013404,O005402,P0091,1,196.39,82.27,5
OI0013405,O005402,P0037,1,171.97,76.8,0
OI0013406,O005403,P0003,2,171.57,88.27,10
OI0013407,O005403,P0004,3,114.79,53.81,0
OI0013408,O005404,P0015,-1,147.82,103.39,0
OI0013409,O005404,P0115,1,66.66,49.6,0
OI0013410,O005404,P0119,1,78.86,37.39,110
OI0013411,O005405,P0045,4,354.19,170.05,10
OI0013412,O005406,P0099,2,179.3,114.96,15
OI0013413,O005406,P0021,1,217.0,157.06,5
OI0013414,O005406,P0063,-1,8.2,5.54,0
OI0013415,O005406,P0066,1,103.29,50.62,20
OI0013416,O005407,P0067,3,33.07,19.77,0
OI0013417,O005407,P0054,2,83.38,49.27,110
OI0013418,O005407,P0037,1,171.97,76.8,0
OI0013419,O005408,P0019,1,36.3,22.04,5
OI0013420,O005408,P0085,1,142.09,59.82,5
OI0013421,O005408,P0109,2,39.14,21.27,0
OI0013422,O005408,P0052,1,142.04,68.52,0
OI0013423,O005409,P0075,1,134.51,78.21,0
OI0013424,O005409,P0033,1,211.78,114.87,15
OI0013425,O005410,P0095,1,202.91,139.2,0
OI0013426,O005411,P0089,2,49.96,38.06,0
OI0013427,O005411,P0116,2,53.16,36.42,0
OI0013428,O005412,P0093,1,64.09,40.65,25
OI0013429,O005413,P0106,1,56.39,27.98,0
OI0013430,O005413,P0109,1,39.14,21.27,0
OI0013431,O005413,P0026,1,187.78,112.59,0
OI0013432,O005413,P0079,4,28.55,21.67,25
OI0013433,O005414,P0099,2,179.3,114.96,0
OI0013434,O005414,P0082,1,64.05,28.14,20
OI0013435,O005414,P0049,1,59.24,43.15,0
OI0013436,O005415,P0116,1,53.16,36.42,0
OI0013437,O005416,P0090,1,60.09,33.62,20
OI0013438,O005416,P0076,1,81.73,46.21,0
OI0013439,O005416,P0085,1,142.09,59.82,0
OI0013440,O005417,P0011,1,116.27,72.14,10
OI0013441,O005418,P0077,1,9.56,6.81,15
OI0013442,O005419,P0028,2,307.09,179.34,0
OI0013443,O005419,P0028,2,307.09,179.34,5
OI0013444,O005419,P0048,4,316.06,150.66,0
OI0013445,O005420,P0084,2,42.76,20.69,0
OI0013446,O005420,P0053,1,23.29,11.09,0
OI0013447,O005420,P0032,1,148.44,75.4,20
OI0013448,O005420,P0025,1,187.19,125.9,0
OI0013449,O005421,P0024,1,169.87,104.81,0
OI0013450,O005422,P0094,2,309.52,160.91,0
OI0013451,O005422,P0051,1,104.92,60.39,5
OI0013452,O005423,P0103,1,100.44,47.01,15
OI0013453,O005423,P0014,1,189.67,104.55,0
OI0013454,O005424,P0033,1,211.78,114.87,10
OI0013455,O005424,P0081,1,96.93,49.39,10
OI0013456,O005425,P0065,1,270.21,125.01,20
OI0013457,O005425,P0039,2,66.47,46.73,10
OI0013458,O005425,P0011,2,116.27,72.14,0
OI0013459,O005425,P0023,2,15.34,8.57,0
OI0013460,O005426,P0010,1,236.09,100.66,15
OI0013461,O005426,P0019,1,36.3,22.04,0
OI0013462,O005426,P0075,4,134.51,78.21,25
OI0013463,O005426,P0037,2,171.97,76.8,15
OI0013464,O005427,P0109,4,39.14,21.27,10
OI0013465,O005428,P0093,1,64.09,40.65,0
OI0013466,O005428,P0093,1,64.09,40.65,0
OI0013467,O005428,P0034,1,265.11,120.64,0
OI0013468,O005428,P0036,2,71.47,40.11,10
OI0013469,O005429,P0034,1,265.11,120.64,15
OI0013470,O005429,P0011,4,116.27,72.14,0
OI0013471,O005429,P0008,1,223.03,120.69,5
OI0013472,O005429,P0083,1,63.1,34.73,0
OI0013473,O005430,P0052,3,142.04,68.52,5
OI0013474,O005430,P0040,1,214.96,89.94,0
OI0013475,O005430,P0037,2,171.97,76.8,0
OI0013476,O005431,P0039,4,66.47,46.73,25
OI0013477,O005431,P0052,1,142.04,68.52,0
OI0013478,O005432,P0071,1,66.14,34.77,5
OI0013479,O005433,P0097,1,163.15,70.37,15
OI0013480,O005433,P0089,1,49.96,38.06,25
OI0013481,O005433,P0025,1,187.19,125.9,10
OI0013482,O005433,P0046,1,310.17,133.53,0
OI0013483,O005434,P0079,1,28.55,21.67,0
OI0013484,O005434,P0064,1,60.15,32.62,10
OI0013485,O005434,P0019,1,36.3,22.04,10
OI0013486,O005434,P0038,2,81.71,51.71,5
OI0013487,O005435,P0015,1,147.82,103.39,25
OI0013488,O005436,P0046,1,310.17,133.53,0
OI0013489,O005436,P0036,1,71.47,40.11,15
OI0013490,O005437,P0029,3,35.33,21.58,110
OI0013491,O005438,P0078,1,268.06,129.83,0
OI0013492,O005438,P0107,2,140.71,82.95,10
OI0013493,O005438,P0105,1,124.3,57.25,20
OI0013494,O005438,P0099,1,179.3,114.96,0
OI0013495,O005439,P0063,3,8.2,5.54,10
OI0013496,O005439,P0106,3,56.39,27.98,15
OI0013497,O005440,P0049,2,59.24,43.15,10
OI0013498,O005441,P0029,3,35.33,21.58,0
OI0013499,O005441,P0041,1,46.27,32.89,20
OI0013500,O005441,P0086,1,263.23,167.09,0
OI0013501,O005442,P0009,2,102.74,56.37,5
OI0013502,O005442,P0004,1,114.79,53.81,0
OI0013503,O005443,P0088,1,236.31,102.24,25
OI0013504,O005443,P0032,2,148.44,75.4,20
OI0013505,O005444,P0070,3,131.06,75.18,0
OI0013506,O005445,P0098,1,17.88,10.05,5
OI0013507,O005445,P0013,2,127.84,91.01,0
OI0013508,O005445,P0052,1,142.04,68.52,0
OI0013509,O005446,P0024,1,169.87,104.81,5
OI0013510,O005446,P0109,1,39.14,21.27,20
OI0013511,O005447,P0005,1,181.52,92.02,0
OI0013512,O005447,P0092,1,51.3,24.69,0
OI0013513,O005448,P0033,2,211.78,114.87,0
OI0013514,O005448,P0089,1,49.96,38.06,5
OI0013515,O005449,P0037,2,171.97,76.8,15
OI0013516,O005449,P0105,1,124.3,57.25,0
OI0013517,O005450,P0013,2,127.84,91.01,0
OI0013518,O005450,P0011,1,116.27,72.14,15
OI0013519,O005450,P0100,3,280.83,119.83,15
OI0013520,O005451,P0041,1,46.27,32.89,5
OI0013521,O005452,P0049,1,59.24,43.15,0
OI0013522,O005453,P0067,1,33.07,19.77,20
OI0013523,O005454,P0027,1,283.79,152.07,15
OI0013524,O005454,P0062,2,274.98,138.35,0
OI0013525,O005455,P0080,2,392.84,163.94,15
OI0013526,O005455,P0023,1,15.34,8.57,5
OI0013527,O005456,P0030,2,90.28,41.7,110
OI0013528,O005456,P0113,1,152.02,79.85,15
OI0013529,O005457,P0047,1,243.5,159.8,0
OI0013530,O005457,P0010,4,236.09,100.66,10
OI0013531,O005458,P0016,2,182.65,108.43,15
OI0013532,O005458,P0008,1,223.03,120.69,0
OI0013533,O005459,P0087,1,136.09,59.78,20
OI0013534,O005459,P0098,2,17.88,10.05,20
OI0013535,O005459,P0068,1,103.65,44.29,0
OI0013536,O005460,P0075,1,134.51,78.21,0
OI0013537,O005460,P0027,3,283.79,152.07,10
OI0013538,O005460,P0111,1,116.59,86.94,0
OI0013539,O005460,P0098,2,17.88,10.05,0
OI0013540,O005461,P0005,3,181.52,92.02,0
OI0013541,O005461,P0097,3,163.15,70.37,0
OI0013542,O005462,P0066,3,103.29,50.62,5
OI0013543,O005462,P0117,1,252.27,158.43,15
OI0013544,O005463,P0050,4,171.47,76.47,10
OI0013545,O005463,P0026,1,187.78,112.59,5
OI0013546,O005463,P0075,1,134.51,78.21,0
OI0013547,O005464,P0118,2,177.52,114.17,20
OI0013548,O005464,P0114,1,41.45,23.84,15
OI0013549,O005465,P0084,4,42.76,20.69,25
OI0013550,O005465,P0075,3,134.51,78.21,5
OI0013551,O005465,P0052,1,142.04,68.52,10
OI0013552,O005465,P0082,1,64.05,28.14,5
OI0013553,O005466,P0036,2,71.47,40.11,15
OI0013554,O005466,P0096,1,280.31,123.46,0
OI0013555,O005466,P0059,2,310.18,133.96,0
OI0013556,O005466,P0099,4,179.3,114.96,0
OI0013557,O005467,P0079,3,28.55,21.67,0
OI0013558,O005467,P0105,1,124.3,57.25,0
OI0013559,O005467,P0069,3,259.35,175.47,0
OI0013560,O005467,P0069,2,259.35,175.47,5
OI0013561,O005468,P0077,2,9.56,6.81,10
OI0013562,O005468,P0014,2,189.67,104.55,20
OI0013563,O005469,P0072,1,272.32,149.77,0
OI0013564,O005469,P0019,3,36.3,22.04,10
OI0013565,O005469,P0112,2,361.01,177.23,15
OI0013566,O005469,P0021,1,217.0,157.06,0
OI0013567,O005470,P0025,2,187.19,125.9,0
OI0013568,O005470,P0091,3,196.39,82.27,20
OI0013569,O005470,P0075,1,134.51,78.21,0
OI0013570,O005471,P0075,2,134.51,78.21,0
OI0013571,O005471,P0073,4,372.75,170.56,15
OI0013572,O005472,P0114,1,41.45,23.84,10
OI0013573,O005473,P0071,1,66.14,34.77,0
OI0013574,O005473,P0112,2,361.01,177.23,0
OI0013575,O005474,P0074,2,62.08,27.78,15
OI0013576,O005474,P0023,3,15.34,8.57,0
OI0013577,O005474,P0024,1,169.87,104.81,0
OI0013578,O005475,P0021,1,217.0,157.06,10
OI0013579,O005475,P0084,1,42.76,20.69,10
OI0013580,O005475,P0044,3,279.36,162.6,0
OI0013581,O005476,P0051,1,104.92,60.39,20
OI0013582,O005476,P0032,-1,148.44,75.4,5
OI0013583,O005477,P0026,1,187.78,112.59,5
OI0013584,O005477,P0101,3,338.95,156.07,20
OI0013585,O005478,P0050,1,171.47,76.47,10
OI0013586,O005478,P0093,1,64.09,40.65,20
OI0013587,O005478,P0100,4,280.83,119.83,15
OI0013588,O005478,P0071,4,66.14,34.77,25
OI0013589,O005479,P0085,3,142.09,59.82,0
OI0013590,O005480,P0089,1,49.96,38.06,5
OI0013591,O005480,P0084,4,42.76,20.69,0
OI0013592,O005480,P0016,2,182.65,108.43,5
OI0013593,O005481,P0031,2,254.7,145.72,0
OI0013594,O005482,P0095,1,202.91,139.2,0
OI0013595,O005482,P0078,2,268.06,129.83,5
OI0013596,O005482,P0111,1,116.59,86.94,0
OI0013597,O005483,P0044,1,279.36,162.6,5
OI0013598,O005483,P0008,1,223.03,120.69,25
OI0013599,O005483,P0086,4,263.23,167.09,20
OI0013600,O005483,P0012,1,20.32,10.75,0
OI0013601,O005484,P0043,1,33.48,14.68,0
OI0013602,O005484,P0108,2,299.87,137.39,5
OI0013603,O005484,P0059,1,310.18,133.96,0
OI0013604,O005485,P0108,1,299.87,137.39,25
OI0013605,O005486,P0034,1,265.11,120.64,10
OI0013606,O005487,P0020,1,185.28,120.72,0
OI0013607,O005487,P0012,1,20.32,10.75,5
OI0013608,O005487,P0067,1,33.07,19.77,0
OI0013609,O005488,P0111,1,116.59,86.94,0
OI0013610,O005488,P0057,1,95.09,41.82,0
OI0013611,O005488,P0051,1,104.92,60.39,15
OI0013612,O005489,P0110,1,311.63,167.87,10
OI0013613,O005490,P0002,2,230.82,108.89,5
OI0013614,O005490,P0046,1,310.17,133.53,10
OI0013615,O005490,P0012,1,20.32,10.75,5
OI0013616,O005491,P0052,2,142.04,68.52,0
OI0013617,O005491,P0073,-1,372.75,170.56,0
OI0013618,O005491,P0061,1,241.21,110.37,15
OI0013619,O005492,P0109,1,39.14,21.27,10
OI0013620,O005492,P0035,4,326.93,146.56,0
OI0013621,O005492,P0020,2,185.28,120.72,10
OI0013622,O005492,P0085,2,142.09,59.82,5
OI0013623,O005493,P0041,1,46.27,32.89,5
OI0013624,O005493,P0042,1,79.85,35.8,5
OI0013625,O005493,P0042,1,79.85,35.8,0
OI0013626,O005493,P0028,1,307.09,179.34,0
OI0013627,O005494,P0061,1,241.21,110.37,5
OI0013628,O005494,P0119,-1,78.86,37.39,0
OI0013629,O005495,P0007,3,180.16,110.8,0
OI0013630,O005495,P0077,2,9.56,6.81,10
OI0013631,O005495,P0114,1,41.45,23.84,0
OI0013632,O005496,P0117,1,252.27,158.43,10
OI0013633,O005496,P0096,1,280.31,123.46,0
OI0013634,O005497,P0057,1,95.09,41.82,5
OI0013635,O005497,P0005,2,181.52,92.02,0
OI0013636,O005497,P0067,1,33.07,19.77,5
OI0013637,O005497,P0043,1,33.48,14.68,15
OI0013638,O005498,P0073,2,372.75,170.56,10
OI0013639,O005499,P0011,2,116.27,72.14,0
OI0013640,O005499,P0031,1,254.7,145.72,0
OI0013641,O005499,P0003,1,171.57,88.27,25
OI0013642,O005499,P0093,3,64.09,40.65,15
OI0013643,O005500,P0082,2,64.05,28.14,0
OI0013644,O005500,P0089,1,49.96,38.06,110
OI0013645,O005500,P0075,1,134.51,78.21,0
OI0013646,O005500,P0012,1,20.32,10.75,5
OI0013647,O005501,P0077,1,9.56,6.81,5
OI0013648,O005501,P0100,2,280.83,119.83,20
OI0013649,O005501,P0018,1,281.84,146.67,5
OI0013650,O005502,P0099,1,179.3,114.96,20
OI0013651,O005502,P0043,2,33.48,14.68,0
OI0013652,O005503,P0062,4,274.98,138.35,10
OI0013653,O005503,P0077,3,9.56,6.81,0
OI0013654,O005504,P0051,1,104.92,60.39,15
OI0013655,O005505,P0060,3,306.49,149.27,0
OI0013656,O005505,P0080,1,392.84,163.94,10
OI0013657,O005506,P0093,1,64.09,40.65,20
OI0013658,O005506,P0059,4,310.18,133.96,0
OI0013659,O005506,P0025,1,187.19,125.9,5
OI0013660,O005506,P0118,1,177.52,114.17,0
OI0013661,O005507,P0060,4,306.49,149.27,0
OI0013662,O005508,P0103,2,100.44,47.01,0
OI0013663,O005508,P0115,1,66.66,49.6,5
OI0013664,O005508,P0061,3,241.21,110.37,5
OI0013665,O005509,P0079,1,28.55,21.67,5
OI0013666,O005509,P0114,1,41.45,23.84,20
OI0013667,O005510,P0052,1,142.04,68.52,15
OI0013668,O005511,P0016,2,182.65,108.43,10
OI0013669,O005512,P0099,1,179.3,114.96,0
OI0013670,O005512,P0005,1,181.52,92.02,10
OI0013671,O005513,P0047,1,243.5,159.8,20
OI0013672,O005514,P0027,1,283.79,152.07,5
OI0013673,O005514,P0104,2,71.93,33.51,0
OI0013674,O005514,P0084,1,42.76,20.69,5
OI0013675,O005515,P0107,1,140.71,82.95,10
OI0013676,O005515,P0034,1,265.11,120.64,0
OI0013677,O005516,P0001,1,58.62,26.48,5
OI0013678,O005516,P0113,3,152.02,79.85,25
OI0013679,O005517,P0057,3,95.09,41.82,0
OI0013680,O005517,P0101,1,338.95,156.07,20
OI0013681,O005518,P0052,2,142.04,68.52,110
OI0013682,O005519,P0108,1,299.87,137.39,0
OI0013683,O005519,P0032,1,148.44,75.4,5
OI0013684,O005519,P0044,2,279.36,162.6,5
OI0013685,O005520,P0040,2,214.96,89.94,20
OI0013686,O005520,P0037,2,171.97,76.8,20
OI0013687,O005521,P0050,2,171.47,76.47,0
OI0013688,O005521,P0009,2,102.74,56.37,0
OI0013689,O005521,P0070,1,131.06,75.18,0
OI0013690,O005521,P0006,1,273.98,150.3,5
OI0013691,O005522,P0064,1,60.15,32.62,0
OI0013692,O005523,P0009,1,102.74,56.37,5
OI0013693,O005523,P0069,1,259.35,175.47,0
OI0013694,O005523,P0043,4,33.48,14.68,20
OI0013695,O005524,P0059,4,310.18,133.96,15
OI0013696,O005524,P0055,1,150.07,98.61,15
OI0013697,O005524,P0071,1,66.14,34.77,0
OI0013698,O005525,P0026,1,187.78,112.59,10
OI0013699,O005525,P0037,3,171.97,76.8,0
OI0013700,O005525,P0072,1,272.32,149.77,0
OI0013701,O005526,P0030,1,90.28,41.7,20
OI0013702,O005526,P0101,1,338.95,156.07,0
OI0013703,O005526,P0041,1,46.27,32.89,5
OI0013704,O005526,P0031,4,254.7,145.72,5
OI0013705,O005527,P0028,-1,307.09,179.34,5
OI0013706,O005527,P0108,1,299.87,137.39,15
OI0013707,O005527,P0073,1,372.75,170.56,0
OI0013708,O005528,P0068,1,103.65,44.29,0
OI0013709,O005528,P0052,2,142.04,68.52,0
OI0013710,O005528,P0003,2,171.57,88.27,15
OI0013711,O005528,P0056,2,385.75,167.31,10
OI0013712,O005529,P0086,1,263.23,167.09,5
OI0013713,O005529,P0025,1,187.19,125.9,0
OI0013714,O005529,P0021,1,217.0,157.06,0
OI0013715,O005530,P0091,1,196.39,82.27,20
OI0013716,O005530,P0105,4,124.3,57.25,0
OI0013717,O005530,P0081,1,96.93,49.39,20
OI0013718,O005531,P0111,1,116.59,86.94,5
OI0013719,O005531,P0065,1,270.21,125.01,10
OI0013720,O005531,P0109,1,39.14,21.27,0
OI0013721,O005532,P0051,1,104.92,60.39,5
OI0013722,O005532,P0067,1,33.07,19.77,20
OI0013723,O005532,P0059,1,310.18,133.96,5
OI0013724,O005532,P0069,3,259.35,175.47,0
OI0013725,O005533,P0058,1,224.02,143.13,20
OI0013726,O005533,P0092,1,51.3,24.69,0
OI0013727,O005533,P0025,1,187.19,125.9,10
OI0013728,O005533,P0019,1,36.3,22.04,15
OI0013729,O005534,P0092,1,51.3,24.69,15
OI0013730,O005534,P0118,-1,177.52,114.17,0
OI0013731,O005535,P0112,1,361.01,177.23,0
OI0013732,O005535,P0028,3,307.09,179.34,15
OI0013733,O005535,P0109,2,39.14,21.27,0
OI0013734,O005535,P0044,2,279.36,162.6,5
OI0013735,O005536,P0072,3,272.32,149.77,15
OI0013736,O005537,P0042,3,79.85,35.8,5
OI0013737,O005537,P0112,1,361.01,177.23,0
OI0013738,O005537,P0078,1,268.06,129.83,10
OI0013739,O005538,P0014,1,189.67,104.55,0
OI0013740,O005539,P0004,2,114.79,53.81,5
OI0013741,O005540,P0077,3,9.56,6.81,0
OI0013742,O005541,P0006,4,273.98,150.3,0
OI0013743,O005541,P0052,1,142.04,68.52,15
OI0013744,O005541,P0083,2,63.1,34.73,5
OI0013745,O005542,P0056,2,385.75,167.31,0
OI0013746,O005542,P0115,2,66.66,49.6,0
OI0013747,O005543,P0112,2,361.01,177.23,0
OI0013748,O005543,P0023,1,15.34,8.57,5
OI0013749,O005543,P0074,1,62.08,27.78,15
OI0013750,O005543,P0029,1,35.33,21.58,0
OI0013751,O005544,P0085,1,142.09,59.82,0
OI0013752,O005544,P0104,1,71.93,33.51,0
OI0013753,O005544,P0046,1,310.17,133.53,5
OI0013754,O005544,P0061,1,241.21,110.37,20
OI0013755,O005545,P0042,1,79.85,35.8,0
OI0013756,O005545,P0076,1,81.73,46.21,0
OI0013757,O005545,P0056,1,385.75,167.31,0
OI0013758,O005545,P0112,2,361.01,177.23,15
OI0013759,O005546,P0003,3,171.57,88.27,10
OI0013760,O005546,P0050,1,171.47,76.47,5
OI0013761,O005546,P0031,1,254.7,145.72,15
OI0013762,O005547,P0048,1,316.06,150.66,5
OI0013763,O005547,P0037,1,171.97,76.8,0
OI0013764,O005547,P0009,3,102.74,56.37,10
OI0013765,O005547,P0076,1,81.73,46.21,10
OI0013766,O005548,P0081,1,96.93,49.39,0
OI0013767,O005549,P0037,1,171.97,76.8,20
OI0013768,O005550,P0034,1,265.11,120.64,5
OI0013769,O005550,P0101,4,338.95,156.07,5
OI0013770,O005550,P0073,1,372.75,170.56,0
OI0013771,O005551,P0091,1,196.39,82.27,10
OI0013772,O005551,P0007,2,180.16,110.8,0
OI0013773,O005552,P0089,1,49.96,38.06,10
OI0013774,O005552,P0076,1,81.73,46.21,20
OI0013775,O005552,P0106,3,56.39,27.98,15
OI0013776,O005552,P0119,3,78.86,37.39,10
OI0013777,O005553,P0052,1,142.04,68.52,0
OI0013778,O005554,P0075,1,134.51,78.21,20
OI0013779,O005554,P0020,2,185.28,120.72,20
OI0013780,O005554,P0049,1,59.24,43.15,10
OI0013781,O005554,P0100,2,280.83,119.83,10
OI0013782,O005555,P0020,1,185.28,120.72,0
OI0013783,O005555,P0103,1,100.44,47.01,5
OI0013784,O005555,P0052,3,142.04,68.52,20
OI0013785,O005556,P0003,1,171.57,88.27,5
OI0013786,O005556,P0065,1,270.21,125.01,25
OI0013787,O005556,P0032,3,148.44,75.4,0
OI0013788,O005556,P0067,4,33.07,19.77,10
OI0013789,O005557,P0052,-1,142.04,68.52,5
OI0013790,O005557,P0037,2,171.97,76.8,0
OI0013791,O005557,P0118,1,177.52,114.17,0
OI0013792,O005557,P0084,2,42.76,20.69,0
OI0013793,O005558,P0102,2,195.72,100.75,20
OI0013794,O005558,P0120,3,123.81,98.52,25
OI0013795,O005559,P0026,3,187.78,112.59,5
OI0013796,O005559,P0064,1,60.15,32.62,10
OI0013797,O005560,P0048,2,316.06,150.66,0
OI0013798,O005560,P0071,1,66.14,34.77,0
OI0013799,O005560,P0066,2,103.29,50.62,5
OI0013800,O005560,P0075,1,134.51,78.21,0
OI0013801,O005561,P0048,2,316.06,150.66,0
OI0013802,O005561,P0094,1,309.52,160.91,20
OI0013803,O005561,P0074,1,62.08,27.78,0
OI0013804,O005562,P0003,3,171.57,88.27,10
OI0013805,O005562,P0055,1,150.07,98.61,5
OI0013806,O005562,P0108,1,299.87,137.39,5
OI0013807,O005563,P0074,1,62.08,27.78,5
OI0013808,O005563,P0108,3,299.87,137.39,5
OI0013809,O005564,P0084,1,42.76,20.69,10
OI0013810,O005564,P0094,3,309.52,160.91,0
OI0013811,O005564,P0098,2,17.88,10.05,0
OI0013812,O005565,P0037,2,171.97,76.8,15
OI0013813,O005565,P0021,1,217.0,157.06,0
OI0013814,O005566,P0107,1,140.71,82.95,15
OI0013815,O005567,P0043,1,33.48,14.68,15
OI0013816,O005568,P0029,1,35.33,21.58,0
OI0013817,O005568,P0045,1,354.19,170.05,10
OI0013818,O005569,P0090,2,60.09,33.62,10
OI0013819,O005569,P0085,2,142.09,59.82,0
OI0013820,O005569,P0025,-1,187.19,125.9,0
OI0013821,O005570,P0094,1,309.52,160.91,10
OI0013822,O005571,P0058,3,224.02,143.13,10
OI0013823,O005571,P0047,1,243.5,159.8,5
OI0013824,O005572,P0050,1,171.47,76.47,0
OI0013825,O005572,P0087,1,136.09,59.78,10
OI0013826,O005572,P0089,4,49.96,38.06,15
OI0013827,O005573,P0084,1,42.76,20.69,0
OI0013828,O005573,P0104,1,71.93,33.51,0
OI0013829,O005573,P0101,3,338.95,156.07,5
OI0013830,O005574,P0026,4,187.78,112.59,0
OI0013831,O005574,P0009,3,102.74,56.37,0
OI0013832,O005575,P0035,1,326.93,146.56,0
OI0013833,O005576,P0022,2,192.12,85.66,10
OI0013834,O005576,P0116,3,53.16,36.42,25
OI0013835,O005576,P0078,1,268.06,129.83,15
OI0013836,O005577,P0068,1,103.65,44.29,10
OI0013837,O005577,P0085,3,142.09,59.82,0
OI0013838,O005577,P0004,1,114.79,53.81,25
OI0013839,O005577,P0002,1,230.82,108.89,20
OI0013840,O005578,P0019,2,36.3,22.04,10
OI0013841,O005578,P0119,3,78.86,37.39,5
OI0013842,O005579,P0100,3,280.83,119.83,15
OI0013843,O005579,P0089,3,49.96,38.06,15
OI0013844,O005580,P0042,1,79.85,35.8,5
OI0013845,O005580,P0042,1,79.85,35.8,5
OI0013846,O005580,P0082,3,64.05,28.14,0
OI0013847,O005581,P0039,2,66.47,46.73,10
OI0013848,O005581,P0115,3,66.66,49.6,20
OI0013849,O005581,P0043,1,33.48,14.68,0
OI0013850,O005581,P0079,3,28.55,21.67,5
OI0013851,O005582,P0087,1,136.09,59.78,20
OI0013852,O005582,P0040,1,214.96,89.94,25
OI0013853,O005582,P0058,2,224.02,143.13,25
OI0013854,O005583,P0047,1,243.5,159.8,0
OI0013855,O005584,P0050,1,171.47,76.47,5
OI0013856,O005584,P0112,1,361.01,177.23,110
OI0013857,O005584,P0099,1,179.3,114.96,15
OI0013858,O005584,P0053,1,23.29,11.09,110
OI0013859,O005585,P0039,3,66.47,46.73,0
OI0013860,O005586,P0103,1,100.44,47.01,0
OI0013861,O005586,P0008,1,223.03,120.69,0
OI0013862,O005586,P0102,1,195.72,100.75,10
OI0013863,O005586,P0008,1,223.03,120.69,15
OI0013864,O005587,P0013,1,127.84,91.01,10
OI0013865,O005588,P0024,1,169.87,104.81,20
OI0013866,O005589,P0077,1,9.56,6.81,0
OI0013867,O005589,P0109,1,39.14,21.27,10
OI0013868,O005589,P0061,3,241.21,110.37,0
OI0013869,O005590,P0084,1,42.76,20.69,0
OI0013870,O005590,P0029,1,35.33,21.58,5
OI0013871,O005590,P0032,1,148.44,75.4,10
OI0013872,O005591,P0050,1,171.47,76.47,0
OI0013873,O005592,P0105,2,124.3,57.25,15
OI0013874,O005592,P0015,2,147.82,103.39,5
OI0013875,O005592,P0084,1,42.76,20.69,10
OI0013876,O005592,P0025,2,187.19,125.9,5
OI0013877,O005593,P0021,1,217.0,157.06,25
OI0013878,O005593,P0084,3,42.76,20.69,0
OI0013879,O005594,P0081,1,96.93,49.39,0
OI0013880,O005594,P0069,1,259.35,175.47,0
OI0013881,O005594,P0008,2,223.03,120.69,0
OI0013882,O005595,P0060,2,306.49,149.27,15
OI0013883,O005595,P0110,3,311.63,167.87,5
OI0013884,O005595,P0091,1,196.39,82.27,0
OI0013885,O005595,P0001,1,58.62,26.48,0
OI0013886,O005596,P0038,1,81.71,51.71,0
OI0013887,O005596,P0120,2,123.81,98.52,10
OI0013888,O005596,P0068,2,103.65,44.29,0
OI0013889,O005597,P0059,3,310.18,133.96,0
OI0013890,O005597,P0094,-1,309.52,160.91,0
OI0013891,O005598,P0050,1,171.47,76.47,0
OI0013892,O005599,P0108,1,299.87,137.39,0
OI0013893,O005599,P0116,2,53.16,36.42,20
OI0013894,O005600,P0008,1,223.03,120.69,15
OI0013895,O005601,P0056,2,385.75,167.31,5
OI0013896,O005602,P0029,2,35.33,21.58,0
OI0013897,O005602,P0068,2,103.65,44.29,0
OI0013898,O005602,P0099,2,179.3,114.96,5
OI0013899,O005603,P0039,2,66.47,46.73,10
OI0013900,O005603,P0058,-1,224.02,143.13,20
OI0013901,O005603,P0043,1,33.48,14.68,10
OI0013902,O005603,P0107,2,140.71,82.95,5
OI0013903,O005604,P0037,2,171.97,76.8,0
OI0013904,O005604,P0056,2,385.75,167.31,5
OI0013905,O005604,P0091,1,196.39,82.27,0
OI0013906,O005605,P0072,1,272.32,149.77,5
OI0013907,O005605,P0100,1,280.83,119.83,0
OI0013908,O005605,P0084,1,42.76,20.69,10
OI0013909,O005606,P0055,1,150.07,98.61,5
OI0013910,O005606,P0096,1,280.31,123.46,0
OI0013911,O005606,P0048,1,316.06,150.66,0
OI0013912,O005606,P0038,3,81.71,51.71,0
OI0013913,O005607,P0093,2,64.09,40.65,0
OI0013914,O005607,P0087,3,136.09,59.78,0
OI0013915,O005608,P0062,2,274.98,138.35,15
OI0013916,O005608,P0033,3,211.78,114.87,15
OI0013917,O005608,P0114,3,41.45,23.84,20
OI0013918,O005608,P0103,1,100.44,47.01,25
OI0013919,O005609,P0093,1,64.09,40.65,0
OI0013920,O005609,P0100,1,280.83,119.83,0
OI0013921,O005609,P0115,1,66.66,49.6,15
OI0013922,O005609,P0081,3,96.93,49.39,10
OI0013923,O005610,P0118,1,177.52,114.17,0
OI0013924,O005610,P0020,4,185.28,120.72,15
OI0013925,O005610,P0007,1,180.16,110.8,0
OI0013926,O005610,P0036,3,71.47,40.11,0
OI0013927,O005611,P0110,3,311.63,167.87,20
OI0013928,O005611,P0097,4,163.15,70.37,5
OI0013929,O005611,P0077,3,9.56,6.81,10
OI0013930,O005611,P0066,2,103.29,50.62,0
OI0013931,O005612,P0098,1,17.88,10.05,5
OI0013932,O005612,P0051,1,104.92,60.39,15
OI0013933,O005613,P0106,1,56.39,27.98,10
OI0013934,O005613,P0058,1,224.02,143.13,5
OI0013935,O005613,P0077,1,9.56,6.81,15
OI0013936,O005614,P0082,1,64.05,28.14,20
OI0013937,O005614,P0025,1,187.19,125.9,20
OI0013938,O005614,P0099,1,179.3,114.96,5
OI0013939,O005615,P0102,1,195.72,100.75,15
OI0013940,O005616,P0074,4,62.08,27.78,5
OI0013941,O005617,P0087,2,136.09,59.78,0
OI0013942,O005617,P0085,2,142.09,59.82,5
OI0013943,O005617,P0027,1,283.79,152.07,15
OI0013944,O005617,P0017,1,30.38,15.75,0
OI0013945,O005618,P0082,1,64.05,28.14,5
OI0013946,O005618,P0048,2,316.06,150.66,0
OI0013947,O005619,P0031,2,254.7,145.72,15
OI0013948,O005620,P0093,3,64.09,40.65,110
OI0013949,O005620,P0089,2,49.96,38.06,0
OI0013950,O005620,P0014,1,189.67,104.55,0
OI0013951,O005621,P0087,2,136.09,59.78,10
OI0013952,O005622,P0097,1,163.15,70.37,0
OI0013953,O005622,P0108,3,299.87,137.39,0
OI0013954,O005623,P0057,1,95.09,41.82,10
OI0013955,O005623,P0103,1,100.44,47.01,0
OI0013956,O005623,P0005,2,181.52,92.02,20
OI0013957,O005623,P0094,3,309.52,160.91,20
OI0013958,O005624,P0023,3,15.34,8.57,0
OI0013959,O005624,P0087,1,136.09,59.78,10
OI0013960,O005625,P0061,2,241.21,110.37,0
OI0013961,O005625,P0067,1,33.07,19.77,10
OI0013962,O005625,P0078,2,268.06,129.83,20
OI0013963,O005626,P0093,2,64.09,40.65,10
OI0013964,O005627,P0017,1,30.38,15.75,0
OI0013965,O005628,P0030,1,90.28,41.7,0
OI0013966,O005629,P0011,2,116.27,72.14,0
OI0013967,O005630,P0018,1,281.84,146.67,15
OI0013968,O005630,P0057,2,95.09,41.82,10
OI0013969,O005630,P0091,1,196.39,82.27,25
OI0013970,O005630,P0012,2,20.32,10.75,10
OI0013971,O005631,P0046,1,310.17,133.53,5
OI0013972,O005631,P0099,1,179.3,114.96,15
OI0013973,O005631,P0032,2,148.44,75.4,5
OI0013974,O005632,P0003,2,171.57,88.27,0
OI0013975,O005632,P0113,1,152.02,79.85,20
OI0013976,O005632,P0074,1,62.08,27.78,0
OI0013977,O005633,P0060,1,306.49,149.27,10
OI0013978,O005634,P0116,2,53.16,36.42,0
OI0013979,O005635,P0112,1,361.01,177.23,15
OI0013980,O005635,P0073,1,372.75,170.56,0
OI0013981,O005635,P0094,1,309.52,160.91,5
OI0013982,O005636,P0040,1,214.96,89.94,0
OI0013983,O005636,P0110,1,311.63,167.87,0
OI0013984,O005636,P0036,1,71.47,40.11,0
OI0013985,O005636,P0073,2,372.75,170.56,0
OI0013986,O005637,P0046,1,310.17,133.53,0
OI0013987,O005637,P0074,1,62.08,27.78,0
OI0013988,O005637,P0107,2,140.71,82.95,0
OI0013989,O005638,P0093,1,64.09,40.65,0
OI0013990,O005638,P0090,2,60.09,33.62,0
OI0013991,O005638,P0023,2,15.34,8.57,5
OI0013992,O005638,P0076,2,81.73,46.21,0
OI0013993,O005639,P0055,3,150.07,98.61,15
OI0013994,O005639,P0107,1,140.71,82.95,10
OI0013995,O005640,P0029,1,35.33,21.58,10
OI0013996,O005640,P0049,1,59.24,43.15,5
OI0013997,O005640,P0052,1,142.04,68.52,10
OI0013998,O005641,P0112,1,361.01,177.23,0
OI0013999,O005642,P0053,2,23.29,11.09,5
OI0014000,O005642,P0053,1,23.29,11.09,0
OI0014001,O005643,P0042,1,79.85,35.8,20
OI0014002,O005643,P0066,1,103.29,50.62,0
OI0014003,O005644,P0079,4,28.55,21.67,0
OI0014004,O005644,P0092,2,51.3,24.69,0
OI0014005,O005645,P0012,1,20.32,10.75,10
OI0014006,O005645,P0005,3,181.52,92.02,0
OI0014007,O005646,P0099,1,179.3,114.96,20
OI0014008,O005646,P0047,4,243.5,159.8,0
OI0014009,O005647,P0081,2,96.93,49.39,15
OI0014010,O005647,P0018,1,281.84,146.67,15
OI0014011,O005647,P0095,1,202.91,139.2,10
OI0014012,O005647,P0035,1,326.93,146.56,5
OI0014013,O005648,P0020,2,185.28,120.72,10
OI0014014,O005648,P0102,2,195.72,100.75,5
OI0014015,O005648,P0104,1,71.93,33.51,0
OI0014016,O005649,P0082,2,64.05,28.14,10
OI0014017,O005649,P0100,1,280.83,119.83,5
OI0014018,O005649,P0042,1,79.85,35.8,20
OI0014019,O005650,P0105,2,124.3,57.25,15
OI0014020,O005650,P0098,4,17.88,10.05,0
OI0014021,O005650,P0039,2,66.47,46.73,15
OI0014022,O005650,P0047,2,243.5,159.8,5
OI0014023,O005651,P0067,2,33.07,19.77,10
OI0014024,O005651,P0031,1,254.7,145.72,0
OI0014025,O005651,P0009,1,102.74,56.37,0
OI0014026,O005652,P0081,3,96.93,49.39,5
OI0014027,O005652,P0019,3,36.3,22.04,0
OI0014028,O005653,P0059,2,310.18,133.96,15
OI0014029,O005654,P0041,4,46.27,32.89,0
OI0014030,O005654,P0070,1,131.06,75.18,0
OI0014031,O005655,P0012,1,20.32,10.75,15
OI0014032,O005655,P0111,1,116.59,86.94,0
OI0014033,O005655,P0024,3,169.87,104.81,20
OI0014034,O005655,P0073,2,372.75,170.56,15
OI0014035,O005656,P0111,3,116.59,86.94,15
OI0014036,O005656,P0070,4,131.06,75.18,10
OI0014037,O005657,P0099,2,179.3,114.96,15
OI0014038,O005657,P0019,2,36.3,22.04,10
OI0014039,O005657,P0055,1,150.07,98.61,0
OI0014040,O005657,P0113,2,152.02,79.85,20
OI0014041,O005658,P0047,2,243.5,159.8,0
OI0014042,O005659,P0048,2,316.06,150.66,5
OI0014043,O005659,P0110,1,311.63,167.87,10
OI0014044,O005660,P0114,2,41.45,23.84,20
OI0014045,O005660,P0011,1,116.27,72.14,15
OI0014046,O005661,P0011,2,116.27,72.14,5
OI0014047,O005661,P0069,3,259.35,175.47,5
OI0014048,O005661,P0116,3,53.16,36.42,5
OI0014049,O005661,P0120,3,123.81,98.52,0
OI0014050,O005662,P0023,1,15.34,8.57,0
OI0014051,O005662,P0005,1,181.52,92.02,5
OI0014052,O005662,P0005,1,181.52,92.02,10
OI0014053,O005662,P0040,2,214.96,89.94,10
OI0014054,O005663,P0098,2,17.88,10.05,0
OI0014055,O005663,P0015,2,147.82,103.39,0
OI0014056,O005663,P0105,2,124.3,57.25,0
OI0014057,O005664,P0112,1,361.01,177.23,10
OI0014058,O005665,P0007,3,180.16,110.8,10
OI0014059,O005665,P0073,1,372.75,170.56,0
OI0014060,O005665,P0120,2,123.81,98.52,15
OI0014061,O005665,P0017,2,30.38,15.75,0
OI0014062,O005666,P0018,1,281.84,146.67,5
OI0014063,O005666,P0068,1,103.65,44.29,5
OI0014064,O005667,P0010,1,236.09,100.66,0
OI0014065,O005667,P0007,1,180.16,110.8,0
OI0014066,O005667,P0080,1,392.84,163.94,5
OI0014067,O005667,P0091,1,196.39,82.27,0
OI0014068,O005668,P0057,2,95.09,41.82,0
OI0014069,O005668,P0047,4,243.5,159.8,0
OI0014070,O005669,P0090,1,60.09,33.62,0
OI0014071,O005669,P0110,4,311.63,167.87,0
OI0014072,O005670,P0112,3,361.01,177.23,0
OI0014073,O005670,P0033,3,211.78,114.87,0
OI0014074,O005671,P0004,1,114.79,53.81,5
OI0014075,O005671,P0047,2,243.5,159.8,10
OI0014076,O005671,P0002,4,230.82,108.89,10
OI0014077,O005672,P0096,2,280.31,123.46,10
OI0014078,O005672,P0100,1,280.83,119.83,20
OI0014079,O005672,P0043,3,33.48,14.68,0
OI0014080,O005672,P0102,1,195.72,100.75,20
OI0014081,O005673,P0042,2,79.85,35.8,5
OI0014082,O005673,P0112,3,361.01,177.23,5
OI0014083,O005674,P0063,2,8.2,5.54,10
OI0014084,O005674,P0080,3,392.84,163.94,20
OI0014085,O005674,P0066,1,103.29,50.62,15
OI0014086,O005674,P0064,1,60.15,32.62,20
OI0014087,O005675,P0087,2,136.09,59.78,15
OI0014088,O005675,P0082,1,64.05,28.14,0
OI0014089,O005675,P0077,1,9.56,6.81,20
OI0014090,O005676,P0059,1,310.18,133.96,0
OI0014091,O005676,P0011,2,116.27,72.14,10
OI0014092,O005677,P0045,1,354.19,170.05,5
OI0014093,O005678,P0008,2,223.03,120.69,0
OI0014094,O005679,P0104,1,71.93,33.51,5
OI0014095,O005679,P0054,1,83.38,49.27,0
OI0014096,O005680,P0065,2,270.21,125.01,0
OI0014097,O005681,P0012,2,20.32,10.75,0
OI0014098,O005681,P0099,1,179.3,114.96,15
OI0014099,O005682,P0078,4,268.06,129.83,25
OI0014100,O005683,P0087,2,136.09,59.78,0
OI0014101,O005683,P0077,1,9.56,6.81,5
OI0014102,O005683,P0001,2,58.62,26.48,5
OI0014103,O005683,P0058,4,224.02,143.13,10
OI0014104,O005684,P0013,3,127.84,91.01,0
OI0014105,O005685,P0032,3,148.44,75.4,0
OI0014106,O005685,P0034,1,265.11,120.64,5
OI0014107,O005685,P0105,4,124.3,57.25,10
OI0014108,O005686,P0016,3,182.65,108.43,0
OI0014109,O005686,P0063,2,8.2,5.54,10
OI0014110,O005686,P0002,2,230.82,108.89,0
OI0014111,O005686,P0090,2,60.09,33.62,0
OI0014112,O005687,P0005,1,181.52,92.02,0
OI0014113,O005687,P0081,2,96.93,49.39,10
OI0014114,O005687,P0008,1,223.03,120.69,15
OI0014115,O005688,P0091,3,196.39,82.27,0
OI0014116,O005688,P0073,1,372.75,170.56,0
OI0014117,O005689,P0012,1,20.32,10.75,0
OI0014118,O005689,P0106,2,56.39,27.98,15
OI0014119,O005690,P0012,1,20.32,10.75,110
OI0014120,O005690,P0082,1,64.05,28.14,5
OI0014121,O005691,P0067,1,33.07,19.77,110
OI0014122,O005691,P0088,3,236.31,102.24,0
OI0014123,O005691,P0079,1,28.55,21.67,0
OI0014124,O005692,P0104,2,71.93,33.51,5
OI0014125,O005692,P0053,1,23.29,11.09,0
OI0014126,O005693,P0107,3,140.71,82.95,10
OI0014127,O005693,P0074,2,62.08,27.78,0
OI0014128,O005693,P0007,1,180.16,110.8,110
OI0014129,O005694,P0070,1,131.06,75.18,0
OI0014130,O005694,P0029,1,35.33,21.58,10
OI0014131,O005695,P0014,1,189.67,104.55,15
OI0014132,O005695,P0045,1,354.19,170.05,20
OI0014133,O005695,P0098,2,17.88,10.05,25
OI0014134,O005695,P0090,1,60.09,33.62,10
OI0014135,O005696,P0079,1,28.55,21.67,5
OI0014136,O005696,P0025,1,187.19,125.9,0
OI0014137,O005697,P0078,2,268.06,129.83,0
OI0014138,O005697,P0103,2,100.44,47.01,0
OI0014139,O005698,P0059,1,310.18,133.96,25
OI0014140,O005699,P0009,1,102.74,56.37,10
OI0014141,O005699,P0041,1,46.27,32.89,0
OI0014142,O005699,P0056,2,385.75,167.31,5
OI0014143,O005699,P0069,3,259.35,175.47,0
OI0014144,O005700,P0101,1,338.95,156.07,25
OI0014145,O005700,P0103,4,100.44,47.01,0
OI0014146,O005700,P0065,2,270.21,125.01,15
OI0014147,O005700,P0006,2,273.98,150.3,10
OI0014148,O005701,P0005,1,181.52,92.02,5
OI0014149,O005702,P0025,2,187.19,125.9,0
OI0014150,O005702,P0115,1,66.66,49.6,0
OI0014151,O005703,P0112,2,361.01,177.23,15
OI0014152,O005704,P0047,1,243.5,159.8,0
OI0014153,O005705,P0085,2,142.09,59.82,15
OI0014154,O005705,P0013,2,127.84,91.01,5
OI0014155,O005706,P0095,1,202.91,139.2,5
OI0014156,O005706,P0114,1,41.45,23.84,110
OI0014157,O005707,P0055,4,150.07,98.61,5
OI0014158,O005707,P0033,2,211.78,114.87,25
OI0014159,O005707,P0052,2,142.04,68.52,15
OI0014160,O005708,P0091,1,196.39,82.27,0
OI0014161,O005708,P0107,1,140.71,82.95,15
OI0014162,O005708,P0044,2,279.36,162.6,10
OI0014163,O005709,P0040,3,214.96,89.94,110
OI0014164,O005710,P0088,1,236.31,102.24,5
OI0014165,O005711,P0038,1,81.71,51.71,5
OI0014166,O005711,P0095,3,202.91,139.2,15
OI0014167,O005712,P0089,4,49.96,38.06,5
OI0014168,O005712,P0006,3,273.98,150.3,0
OI0014169,O005712,P0022,1,192.12,85.66,0
OI0014170,O005713,P0014,1,189.67,104.55,20
OI0014171,O005713,P0083,1,63.1,34.73,0
OI0014172,O005714,P0101,4,338.95,156.07,0
OI0014173,O005714,P0056,2,385.75,167.31,0
OI0014174,O005715,P0100,1,280.83,119.83,0
OI0014175,O005716,P0048,1,316.06,150.66,0
OI0014176,O005716,P0091,1,196.39,82.27,15
OI0014177,O005716,P0044,1,279.36,162.6,0
OI0014178,O005717,P0011,2,116.27,72.14,0
OI0014179,O005717,P0085,1,142.09,59.82,15
OI0014180,O005717,P0062,-1,274.98,138.35,0
OI0014181,O005718,P0016,1,182.65,108.43,0
OI0014182,O005719,P0120,1,123.81,98.52,10
OI0014183,O005719,P0094,2,309.52,160.91,5
OI0014184,O005720,P0008,2,223.03,120.69,25
OI0014185,O005720,P0021,3,217.0,157.06,0
OI0014186,O005721,P0058,1,224.02,143.13,25
OI0014187,O005722,P0018,1,281.84,146.67,20
OI0014188,O005723,P0038,2,81.71,51.71,5
OI0014189,O005723,P0023,1,15.34,8.57,20
OI0014190,O005723,P0107,1,140.71,82.95,0
OI0014191,O005724,P0090,1,60.09,33.62,15
OI0014192,O005724,P0073,3,372.75,170.56,15
OI0014193,O005724,P0038,2,81.71,51.71,10
OI0014194,O005725,P0087,1,136.09,59.78,0
OI0014195,O005726,P0057,1,95.09,41.82,0
OI0014196,O005726,P0058,1,224.02,143.13,0
OI0014197,O005726,P0005,1,181.52,92.02,0
OI0014198,O005726,P0025,1,187.19,125.9,0
OI0014199,O005727,P0091,1,196.39,82.27,0
OI0014200,O005727,P0073,1,372.75,170.56,0
OI0014201,O005728,P0005,1,181.52,92.02,20
OI0014202,O005728,P0047,1,243.5,159.8,0
OI0014203,O005728,P0073,1,372.75,170.56,10
OI0014204,O005729,P0102,2,195.72,100.75,0
OI0014205,O005729,P0037,1,171.97,76.8,0
OI0014206,O005729,P0024,3,169.87,104.81,0
OI0014207,O005729,P0047,1,243.5,159.8,5
OI0014208,O005730,P0036,3,71.47,40.11,0
OI0014209,O005730,P0120,1,123.81,98.52,20
OI0014210,O005730,P0010,1,236.09,100.66,0
OI0014211,O005731,P0109,1,39.14,21.27,5
OI0014212,O005731,P0078,1,268.06,129.83,5
OI0014213,O005731,P0049,2,59.24,43.15,0
OI0014214,O005732,P0023,1,15.34,8.57,5
OI0014215,O005732,P0028,2,307.09,179.34,0
OI0014216,O005732,P0044,1,279.36,162.6,110
OI0014217,O005733,P0088,3,236.31,102.24,15
OI0014218,O005733,P0043,1,33.48,14.68,0
OI0014219,O005734,P0117,3,252.27,158.43,5
OI0014220,O005734,P0116,1,53.16,36.42,0
OI0014221,O005734,P0052,2,142.04,68.52,10
OI0014222,O005734,P0113,1,152.02,79.85,0
OI0014223,O005735,P0062,3,274.98,138.35,15
OI0014224,O005735,P0012,3,20.32,10.75,0
OI0014225,O005735,P0034,1,265.11,120.64,0
OI0014226,O005736,P0004,1,114.79,53.81,5
OI0014227,O005736,P0087,2,136.09,59.78,0
OI0014228,O005736,P0033,1,211.78,114.87,5
OI0014229,O005737,P0016,1,182.65,108.43,10
OI0014230,O005737,P0079,2,28.55,21.67,0
OI0014231,O005737,P0041,1,46.27,32.89,20
OI0014232,O005737,P0070,1,131.06,75.18,0
OI0014233,O005738,P0091,1,196.39,82.27,0
OI0014234,O005738,P0057,2,95.09,41.82,5
OI0014235,O005738,P0014,1,189.67,104.55,5
OI0014236,O005738,P0116,1,53.16,36.42,10
OI0014237,O005739,P0078,3,268.06,129.83,10
OI0014238,O005739,P0051,1,104.92,60.39,0
OI0014239,O005739,P0042,1,79.85,35.8,5
OI0014240,O005740,P0078,1,268.06,129.83,10
OI0014241,O005740,P0064,1,60.15,32.62,0
OI0014242,O005740,P0008,4,223.03,120.69,20
OI0014243,O005741,P0004,2,114.79,53.81,5
OI0014244,O005741,P0095,-1,202.91,139.2,10
OI0014245,O005741,P0051,1,104.92,60.39,0
OI0014246,O005742,P0079,2,28.55,21.67,0
OI0014247,O005742,P0048,2,316.06,150.66,5
OI0014248,O005742,P0100,1,280.83,119.83,10
OI0014249,O005742,P0045,1,354.19,170.05,0
OI0014250,O005743,P0105,2,124.3,57.25,25
OI0014251,O005743,P0114,1,41.45,23.84,0
OI0014252,O005744,P0047,3,243.5,159.8,5
OI0014253,O005744,P0082,2,64.05,28.14,5
OI0014254,O005744,P0033,-1,211.78,114.87,5
OI0014255,O005745,P0037,3,171.97,76.8,0
OI0014256,O005745,P0022,1,192.12,85.66,0
OI0014257,O005746,P0093,1,64.09,40.65,0
OI0014258,O005746,P0117,2,252.27,158.43,20
OI0014259,O005746,P0057,4,95.09,41.82,0
OI0014260,O005746,P0023,-1,15.34,8.57,5
OI0014261,O005747,P0033,3,211.78,114.87,5
OI0014262,O005748,P0080,1,392.84,163.94,0
OI0014263,O005749,P0010,1,236.09,100.66,0
OI0014264,O005750,P0081,1,96.93,49.39,5
OI0014265,O005750,P0038,1,81.71,51.71,25
OI0014266,O005751,P0017,1,30.38,15.75,0
OI0014267,O005751,P0017,2,30.38,15.75,0
OI0014268,O005752,P0118,1,177.52,114.17,20
OI0014269,O005752,P0051,1,104.92,60.39,110
OI0014270,O005753,P0059,1,310.18,133.96,15
OI0014271,O005753,P0002,1,230.82,108.89,15
OI0014272,O005753,P0031,1,254.7,145.72,10
OI0014273,O005754,P0014,1,189.67,104.55,15
OI0014274,O005754,P0101,2,338.95,156.07,10
OI0014275,O005755,P0015,1,147.82,103.39,0
OI0014276,O005755,P0004,1,114.79,53.81,0
OI0014277,O005755,P0013,2,127.84,91.01,0
OI0014278,O005756,P0091,2,196.39,82.27,0
OI0014279,O005757,P0028,1,307.09,179.34,0
OI0014280,O005757,P0022,1,192.12,85.66,0
OI0014281,O005757,P0081,1,96.93,49.39,15
OI0014282,O005757,P0001,1,58.62,26.48,110
OI0014283,O005758,P0071,1,66.14,34.77,10
OI0014284,O005758,P0068,4,103.65,44.29,20
OI0014285,O005758,P0050,2,171.47,76.47,5
OI0014286,O005759,P0054,3,83.38,49.27,0
OI0014287,O005759,P0037,3,171.97,76.8,5
OI0014288,O005759,P0002,1,230.82,108.89,5
OI0014289,O005760,P0111,2,116.59,86.94,5
OI0014290,O005760,P0115,2,66.66,49.6,0
OI0014291,O005760,P0050,1,171.47,76.47,15
OI0014292,O005761,P0030,1,90.28,41.7,0
OI0014293,O005761,P0084,1,42.76,20.69,15
OI0014294,O005761,P0082,1,64.05,28.14,25
OI0014295,O005761,P0083,1,63.1,34.73,10
OI0014296,O005762,P0089,2,49.96,38.06,0
OI0014297,O005762,P0070,1,131.06,75.18,20
OI0014298,O005762,P0030,2,90.28,41.7,0
OI0014299,O005763,P0011,2,116.27,72.14,15
OI0014300,O005764,P0034,1,265.11,120.64,10
OI0014301,O005764,P0038,1,81.71,51.71,10
OI0014302,O005764,P0068,1,103.65,44.29,10
OI0014303,O005764,P0059,1,310.18,133.96,10
OI0014304,O005765,P0048,1,316.06,150.66,0
OI0014305,O005766,P0110,2,311.63,167.87,110
OI0014306,O005766,P0078,2,268.06,129.83,5
OI0014307,O005766,P0103,1,100.44,47.01,5
OI0014308,O005767,P0081,1,96.93,49.39,5
OI0014309,O005767,P0056,1,385.75,167.31,0
OI0014310,O005767,P0007,1,180.16,110.8,15
OI0014311,O005767,P0036,2,71.47,40.11,0
OI0014312,O005768,P0065,1,270.21,125.01,0
OI0014313,O005769,P0084,1,42.76,20.69,0
OI0014314,O005770,P0012,3,20.32,10.75,0
OI0014315,O005770,P0001,1,58.62,26.48,10
OI0014316,O005771,P0068,1,103.65,44.29,5
OI0014317,O005771,P0035,2,326.93,146.56,0
OI0014318,O005771,P0118,3,177.52,114.17,20
OI0014319,O005771,P0098,3,17.88,10.05,10
OI0014320,O005772,P0052,1,142.04,68.52,0
OI0014321,O005772,P0007,2,180.16,110.8,0
OI0014322,O005772,P0021,1,217.0,157.06,0
OI0014323,O005772,P0044,1,279.36,162.6,15
OI0014324,O005773,P0090,1,60.09,33.62,0
OI0014325,O005773,P0009,1,102.74,56.37,0
OI0014326,O005773,P0070,3,131.06,75.18,5
OI0014327,O005773,P0005,3,181.52,92.02,10
OI0014328,O005774,P0073,1,372.75,170.56,0
OI0014329,O005774,P0058,1,224.02,143.13,0
OI0014330,O005774,P0081,1,96.93,49.39,25
OI0014331,O005775,P0017,2,30.38,15.75,25
OI0014332,O005776,P0074,1,62.08,27.78,0
OI0014333,O005776,P0013,1,127.84,91.01,0
OI0014334,O005776,P0077,4,9.56,6.81,15
OI0014335,O005777,P0086,2,263.23,167.09,5
OI0014336,O005777,P0040,2,214.96,89.94,20
OI0014337,O005777,P0113,2,152.02,79.85,10
OI0014338,O005778,P0091,1,196.39,82.27,10
OI0014339,O005779,P0103,1,100.44,47.01,0
OI0014340,O005779,P0046,1,310.17,133.53,0
OI0014341,O005780,P0027,2,283.79,152.07,5
OI0014342,O005781,P0052,1,142.04,68.52,5
OI0014343,O005781,P0045,1,354.19,170.05,0
OI0014344,O005781,P0090,2,60.09,33.62,10
OI0014345,O005781,P0021,-1,217.0,157.06,5
OI0014346,O005782,P0110,1,311.63,167.87,15
OI0014347,O005783,P0076,3,81.73,46.21,0
OI0014348,O005783,P0071,3,66.14,34.77,15
OI0014349,O005783,P0087,3,136.09,59.78,10
OI0014350,O005783,P0029,1,35.33,21.58,5
OI0014351,O005784,P0090,1,60.09,33.62,15
OI0014352,O005785,P0092,1,51.3,24.69,20
OI0014353,O005786,P0057,1,95.09,41.82,0
OI0014354,O005786,P0061,2,241.21,110.37,10
OI0014355,O005786,P0007,2,180.16,110.8,0
OI0014356,O005787,P0084,1,42.76,20.69,20
OI0014357,O005788,P0058,1,224.02,143.13,110
OI0014358,O005788,P0070,1,131.06,75.18,5
OI0014359,O005789,P0022,3,192.12,85.66,20
OI0014360,O005789,P0084,1,42.76,20.69,0
OI0014361,O005790,P0110,3,311.63,167.87,0
OI0014362,O005791,P0006,3,273.98,150.3,15
OI0014363,O005791,P0114,1,41.45,23.84,20
OI0014364,O005791,P0073,4,372.75,170.56,0
OI0014365,O005792,P0101,1,338.95,156.07,0
OI0014366,O005792,P0011,1,116.27,72.14,5
OI0014367,O005793,P0031,1,254.7,145.72,0
OI0014368,O005793,P0101,1,338.95,156.07,0
OI0014369,O005793,P0021,1,217.0,157.06,20
OI0014370,O005793,P0099,1,179.3,114.96,15
OI0014371,O005794,P0030,1,90.28,41.7,0
OI0014372,O005794,P0084,1,42.76,20.69,0
OI0014373,O005795,P0056,2,385.75,167.31,20
OI0014374,O005795,P0050,1,171.47,76.47,10
OI0014375,O005795,P0051,3,104.92,60.39,10
OI0014376,O005796,P0051,1,104.92,60.39,20
OI0014377,O005796,P0087,1,136.09,59.78,0
OI0014378,O005796,P0094,2,309.52,160.91,0
OI0014379,O005797,P0030,1,90.28,41.7,5
OI0014380,O005797,P0093,1,64.09,40.65,0
OI0014381,O005797,P0001,1,58.62,26.48,5
OI0014382,O005798,P0076,1,81.73,46.21,0
OI0014383,O005798,P0043,1,33.48,14.68,0
OI0014384,O005799,P0017,2,30.38,15.75,0
OI0014385,O005799,P0111,2,116.59,86.94,15
OI0014386,O005799,P0066,1,103.29,50.62,0
OI0014387,O005800,P0075,1,134.51,78.21,10
OI0014388,O005800,P0023,1,15.34,8.57,0
OI0014389,O005801,P0017,1,30.38,15.75,5
OI0014390,O005801,P0015,2,147.82,103.39,0
OI0014391,O005801,P0053,1,23.29,11.09,5
OI0014392,O005801,P0084,2,42.76,20.69,5
OI0014393,O005802,P0029,2,35.33,21.58,0
OI0014394,O005802,P0024,1,169.87,104.81,0
OI0014395,O005803,P0043,1,33.48,14.68,20
OI0014396,O005803,P0054,1,83.38,49.27,10
OI0014397,O005804,P0001,1,58.62,26.48,5
OI0014398,O005804,P0069,1,259.35,175.47,15
OI0014399,O005804,P0088,4,236.31,102.24,0
OI0014400,O005805,P0036,1,71.47,40.11,5
OI0014401,O005805,P0067,1,33.07,19.77,0
OI0014402,O005805,P0104,1,71.93,33.51,0
OI0014403,O005805,P0067,1,33.07,19.77,10
OI0014404,O005806,P0048,3,316.06,150.66,5
OI0014405,O005806,P0030,3,90.28,41.7,25
OI0014406,O005806,P0104,2,71.93,33.51,0
OI0014407,O005807,P0081,3,96.93,49.39,15
OI0014408,O005808,P0053,2,23.29,11.09,15
OI0014409,O005808,P0072,3,272.32,149.77,0
OI0014410,O005808,P0085,1,142.09,59.82,0
OI0014411,O005809,P0026,1,187.78,112.59,0
OI0014412,O005809,P0096,2,280.31,123.46,20
OI0014413,O005809,P0030,2,90.28,41.7,0
OI0014414,O005810,P0044,2,279.36,162.6,5
OI0014415,O005811,P0064,1,60.15,32.62,0
OI0014416,O005811,P0034,4,265.11,120.64,0
OI0014417,O005811,P0062,1,274.98,138.35,10
OI0014418,O005811,P0093,1,64.09,40.65,15
OI0014419,O005812,P0111,2,116.59,86.94,10
OI0014420,O005813,P0098,3,17.88,10.05,10
OI0014421,O005813,P0062,2,274.98,138.35,25
OI0014422,O005814,P0019,1,36.3,22.04,0
OI0014423,O005815,P0083,1,63.1,34.73,10
OI0014424,O005815,P0015,2,147.82,103.39,15
OI0014425,O005815,P0090,2,60.09,33.62,0
OI0014426,O005816,P0029,1,35.33,21.58,0
OI0014427,O005816,P0020,1,185.28,120.72,10
OI0014428,O005816,P0029,3,35.33,21.58,110
OI0014429,O005816,P0001,2,58.62,26.48,25
OI0014430,O005817,P0083,1,63.1,34.73,20
OI0014431,O005818,P0076,1,81.73,46.21,0
OI0014432,O005818,P0119,2,78.86,37.39,10
OI0014433,O005819,P0076,1,81.73,46.21,25
OI0014434,O005820,P0067,3,33.07,19.77,20
OI0014435,O005821,P0008,2,223.03,120.69,5
OI0014436,O005822,P0099,1,179.3,114.96,25
OI0014437,O005822,P0010,3,236.09,100.66,0
OI0014438,O005823,P0089,1,49.96,38.06,20
OI0014439,O005824,P0114,2,41.45,23.84,10
OI0014440,O005824,P0002,1,230.82,108.89,10
OI0014441,O005825,P0101,2,338.95,156.07,0
OI0014442,O005826,P0111,1,116.59,86.94,10
OI0014443,O005826,P0004,3,114.79,53.81,0
OI0014444,O005827,P0029,1,35.33,21.58,0
OI0014445,O005828,P0047,1,243.5,159.8,0
OI0014446,O005828,P0108,1,299.87,137.39,0
OI0014447,O005828,P0094,1,309.52,160.91,0
OI0014448,O005829,P0106,1,56.39,27.98,5
OI0014449,O005830,P0006,2,273.98,150.3,15
OI0014450,O005830,P0007,3,180.16,110.8,15
OI0014451,O005830,P0038,2,81.71,51.71,0
OI0014452,O005831,P0050,3,171.47,76.47,5
OI0014453,O005831,P0077,-1,9.56,6.81,110
OI0014454,O005832,P0039,3,66.47,46.73,110
OI0014455,O005832,P0062,2,274.98,138.35,15
OI0014456,O005832,P0005,2,181.52,92.02,0
OI0014457,O005833,P0037,1,171.97,76.8,5
OI0014458,O005833,P0057,3,95.09,41.82,10
OI0014459,O005833,P0106,1,56.39,27.98,5
OI0014460,O005834,P0085,2,142.09,59.82,10
OI0014461,O005835,P0101,4,338.95,156.07,0
OI0014462,O005835,P0063,2,8.2,5.54,0
OI0014463,O005835,P0112,1,361.01,177.23,0
OI0014464,O005836,P0072,1,272.32,149.77,10
OI0014465,O005836,P0050,2,171.47,76.47,0
OI0014466,O005836,P0005,1,181.52,92.02,10
OI0014467,O005836,P0046,1,310.17,133.53,5
OI0014468,O005837,P0069,1,259.35,175.47,15
OI0014469,O005838,P0075,1,134.51,78.21,5
OI0014470,O005838,P0016,1,182.65,108.43,5
OI0014471,O005838,P0033,1,211.78,114.87,20
OI0014472,O005838,P0048,1,316.06,150.66,25
OI0014473,O005839,P0094,4,309.52,160.91,10
OI0014474,O005839,P0054,2,83.38,49.27,0
OI0014475,O005840,P0065,1,270.21,125.01,0
OI0014476,O005840,P0117,1,252.27,158.43,0
OI0014477,O005840,P0064,1,60.15,32.62,0
OI0014478,O005841,P0019,1,36.3,22.04,15
OI0014479,O005841,P0114,2,41.45,23.84,0
OI0014480,O005841,P0068,4,103.65,44.29,0
OI0014481,O005841,P0118,2,177.52,114.17,5
OI0014482,O005842,P0032,1,148.44,75.4,0
OI0014483,O005842,P0101,3,338.95,156.07,20
OI0014484,O005842,P0005,2,181.52,92.02,0
OI0014485,O005843,P0019,2,36.3,22.04,0
OI0014486,O005843,P0004,1,114.79,53.81,0
OI0014487,O005843,P0042,3,79.85,35.8,0
OI0014488,O005844,P0070,3,131.06,75.18,0
OI0014489,O005845,P0027,1,283.79,152.07,5
OI0014490,O005845,P0058,1,224.02,143.13,5
OI0014491,O005846,P0069,2,259.35,175.47,0
OI0014492,O005846,P0088,1,236.31,102.24,15
OI0014493,O005846,P0021,2,217.0,157.06,0
OI0014494,O005846,P0101,1,338.95,156.07,5
OI0014495,O005847,P0113,3,152.02,79.85,0
OI0014496,O005848,P0063,1,8.2,5.54,5
OI0014497,O005848,P0023,2,15.34,8.57,0
OI0014498,O005848,P0120,3,123.81,98.52,0
OI0014499,O005848,P0043,1,33.48,14.68,0
OI0014500,O005849,P0031,2,254.7,145.72,15
OI0014501,O005849,P0103,2,100.44,47.01,0
OI0014502,O005850,P0063,1,8.2,5.54,15
OI0014503,O005851,P0108,1,299.87,137.39,0
OI0014504,O005852,P0094,3,309.52,160.91,0
OI0014505,O005852,P0107,2,140.71,82.95,10
OI0014506,O005852,P0078,1,268.06,129.83,15
OI0014507,O005852,P0011,3,116.27,72.14,0
OI0014508,O005853,P0058,1,224.02,143.13,0
OI0014509,O005853,P0045,2,354.19,170.05,25
OI0014510,O005854,P0017,3,30.38,15.75,0
OI0014511,O005854,P0082,1,64.05,28.14,5
OI0014512,O005854,P0093,1,64.09,40.65,5
OI0014513,O005855,P0111,1,116.59,86.94,5
OI0014514,O005855,P0118,1,177.52,114.17,10
OI0014515,O005855,P0054,1,83.38,49.27,0
OI0014516,O005855,P0105,1,124.3,57.25,10
OI0014517,O005856,P0082,2,64.05,28.14,0
OI0014518,O005856,P0108,2,299.87,137.39,0
OI0014519,O005856,P0022,4,192.12,85.66,10
OI0014520,O005856,P0102,1,195.72,100.75,0
OI0014521,O005857,P0015,4,147.82,103.39,15
OI0014522,O005858,P0115,1,66.66,49.6,15
OI0014523,O005858,P0040,1,214.96,89.94,0
OI0014524,O005858,P0029,1,35.33,21.58,0
OI0014525,O005858,P0023,2,15.34,8.57,0
OI0014526,O005859,P0070,1,131.06,75.18,15
OI0014527,O005859,P0012,2,20.32,10.75,20
OI0014528,O005859,P0067,1,33.07,19.77,0
OI0014529,O005860,P0013,1,127.84,91.01,5
OI0014530,O005860,P0044,2,279.36,162.6,0
OI0014531,O005861,P0018,3,281.84,146.67,10
OI0014532,O005862,P0041,1,46.27,32.89,15
OI0014533,O005862,P0071,1,66.14,34.77,0
OI0014534,O005863,P0033,1,211.78,114.87,0
OI0014535,O005864,P0096,1,280.31,123.46,0
OI0014536,O005864,P0049,1,59.24,43.15,5
OI0014537,O005865,P0120,1,123.81,98.52,5
OI0014538,O005865,P0049,1,59.24,43.15,15
OI0014539,O005866,P0048,1,316.06,150.66,0
OI0014540,O005866,P0095,4,202.91,139.2,10
OI0014541,O005867,P0021,2,217.0,157.06,0
OI0014542,O005867,P0012,2,20.32,10.75,15
OI0014543,O005868,P0068,1,103.65,44.29,20
OI0014544,O005868,P0119,2,78.86,37.39,25
OI0014545,O005868,P0093,2,64.09,40.65,25
OI0014546,O005868,P0004,2,114.79,53.81,15
OI0014547,O005869,P0102,3,195.72,100.75,0
OI0014548,O005869,P0066,2,103.29,50.62,15
OI0014549,O005869,P0039,1,66.47,46.73,0
OI0014550,O005870,P0091,1,196.39,82.27,5
OI0014551,O005870,P0058,1,224.02,143.13,0
OI0014552,O005871,P0032,3,148.44,75.4,15
OI0014553,O005871,P0046,3,310.17,133.53,0
OI0014554,O005871,P0005,1,181.52,92.02,0
OI0014555,O005871,P0006,1,273.98,150.3,0
OI0014556,O005872,P0089,4,49.96,38.06,0
OI0014557,O005872,P0093,2,64.09,40.65,0
OI0014558,O005872,P0025,1,187.19,125.9,15
OI0014559,O005873,P0024,1,169.87,104.81,5
OI0014560,O005873,P0008,2,223.03,120.69,5
OI0014561,O005873,P0036,-1,71.47,40.11,0
OI0014562,O005874,P0031,1,254.7,145.72,0
OI0014563,O005874,P0062,1,274.98,138.35,0
OI0014564,O005874,P0051,3,104.92,60.39,5
OI0014565,O005875,P0013,1,127.84,91.01,0
OI0014566,O005876,P0104,1,71.93,33.51,0
OI0014567,O005876,P0115,1,66.66,49.6,0
OI0014568,O005876,P0115,1,66.66,49.6,10
OI0014569,O005877,P0008,1,223.03,120.69,5
OI0014570,O005877,P0013,1,127.84,91.01,25
OI0014571,O005877,P0046,2,310.17,133.53,0
OI0014572,O005877,P0011,1,116.27,72.14,15
OI0014573,O005878,P0054,1,83.38,49.27,0
OI0014574,O005878,P0115,1,66.66,49.6,0
OI0014575,O005879,P0110,2,311.63,167.87,15
OI0014576,O005879,P0047,2,243.5,159.8,5
OI0014577,O005879,P0073,2,372.75,170.56,0
OI0014578,O005879,P0089,1,49.96,38.06,0
OI0014579,O005880,P0066,1,103.29,50.62,0
OI0014580,O005880,P0113,2,152.02,79.85,0
OI0014581,O005880,P0049,2,59.24,43.15,5
OI0014582,O005881,P0076,2,81.73,46.21,15
OI0014583,O005882,P0043,1,33.48,14.68,20
OI0014584,O005882,P0057,1,95.09,41.82,0
OI0014585,O005883,P0017,4,30.38,15.75,5
OI0014586,O005883,P0055,1,150.07,98.61,0
OI0014587,O005883,P0092,2,51.3,24.69,25
OI0014588,O005883,P0044,4,279.36,162.6,0
OI0014589,O005884,P0113,1,152.02,79.85,5
OI0014590,O005884,P0095,1,202.91,139.2,5
OI0014591,O005885,P0104,1,71.93,33.51,10
OI0014592,O005885,P0081,1,96.93,49.39,5
OI0014593,O005886,P0044,1,279.36,162.6,0
OI0014594,O005887,P0035,2,326.93,146.56,0
OI0014595,O005887,P0038,1,81.71,51.71,0
OI0014596,O005887,P0077,1,9.56,6.81,25
OI0014597,O005888,P0104,2,71.93,33.51,0
OI0014598,O005888,P0093,1,64.09,40.65,15
OI0014599,O005888,P0050,1,171.47,76.47,20
OI0014600,O005888,P0001,1,58.62,26.48,0
OI0014601,O005889,P0103,1,100.44,47.01,10
OI0014602,O005889,P0042,1,79.85,35.8,20
OI0014603,O005890,P0026,1,187.78,112.59,20
OI0014604,O005890,P0034,2,265.11,120.64,10
OI0014605,O005891,P0016,3,182.65,108.43,20
OI0014606,O005892,P0097,1,163.15,70.37,5
OI0014607,O005892,P0006,2,273.98,150.3,15
OI0014608,O005893,P0079,1,28.55,21.67,10
OI0014609,O005893,P0035,3,326.93,146.56,15
OI0014610,O005893,P0064,1,60.15,32.62,10
OI0014611,O005893,P0047,1,243.5,159.8,0
OI0014612,O005894,P0118,1,177.52,114.17,5
OI0014613,O005895,P0102,2,195.72,100.75,0
OI0014614,O005895,P0097,1,163.15,70.37,15
OI0014615,O005896,P0076,2,81.73,46.21,10
OI0014616,O005896,P0114,4,41.45,23.84,0
OI0014617,O005897,P0071,1,66.14,34.77,15
OI0014618,O005897,P0017,1,30.38,15.75,20
OI0014619,O005898,P0004,1,114.79,53.81,25
OI0014620,O005898,P0079,1,28.55,21.67,5
OI0014621,O005898,P0090,2,60.09,33.62,15
OI0014622,O005899,P0049,1,59.24,43.15,0
OI0014623,O005899,P0022,1,192.12,85.66,5
OI0014624,O005899,P0068,1,103.65,44.29,0
OI0014625,O005900,P0049,1,59.24,43.15,5
OI0014626,O005901,P0001,1,58.62,26.48,0
OI0014627,O005902,P0037,4,171.97,76.8,15
OI0014628,O005902,P0056,1,385.75,167.31,0
OI0014629,O005903,P0037,1,171.97,76.8,5
OI0014630,O005903,P0109,1,39.14,21.27,0
OI0014631,O005903,P0014,1,189.67,104.55,0
OI0014632,O005904,P0029,1,35.33,21.58,0
OI0014633,O005905,P0097,1,163.15,70.37,10
OI0014634,O005905,P0006,1,273.98,150.3,5
OI0014635,O005905,P0022,2,192.12,85.66,0
OI0014636,O005905,P0107,2,140.71,82.95,20
OI0014637,O005906,P0061,1,241.21,110.37,10
OI0014638,O005907,P0095,1,202.91,139.2,25
OI0014639,O005908,P0010,-1,236.09,100.66,15
OI0014640,O005908,P0020,1,185.28,120.72,15
OI0014641,O005909,P0078,2,268.06,129.83,15
OI0014642,O005910,P0091,1,196.39,82.27,5
OI0014643,O005910,P0055,1,150.07,98.61,0
OI0014644,O005910,P0100,1,280.83,119.83,0
OI0014645,O005911,P0061,2,241.21,110.37,0
OI0014646,O005911,P0043,1,33.48,14.68,15
OI0014647,O005911,P0006,3,273.98,150.3,0
OI0014648,O005911,P0001,2,58.62,26.48,20
OI0014649,O005912,P0055,1,150.07,98.61,10
OI0014650,O005912,P0020,1,185.28,120.72,0
OI0014651,O005912,P0003,2,171.57,88.27,0
OI0014652,O005913,P0109,1,39.14,21.27,5
OI0014653,O005913,P0041,1,46.27,32.89,0
OI0014654,O005914,P0085,1,142.09,59.82,15
OI0014655,O005915,P0063,1,8.2,5.54,5
OI0014656,O005915,P0002,4,230.82,108.89,0
OI0014657,O005915,P0024,3,169.87,104.81,25
OI0014658,O005915,P0020,2,185.28,120.72,15
OI0014659,O005916,P0101,1,338.95,156.07,20
OI0014660,O005916,P0078,3,268.06,129.83,0
OI0014661,O005916,P0100,1,280.83,119.83,0
OI0014662,O005916,P0046,1,310.17,133.53,0
OI0014663,O005917,P0006,1,273.98,150.3,0
OI0014664,O005918,P0025,1,187.19,125.9,0
OI0014665,O005918,P0076,1,81.73,46.21,0
OI0014666,O005919,P0094,1,309.52,160.91,0
OI0014667,O005919,P0045,2,354.19,170.05,15
OI0014668,O005919,P0087,1,136.09,59.78,0
OI0014669,O005919,P0060,1,306.49,149.27,0
OI0014670,O005920,P0021,-1,217.0,157.06,0
OI0014671,O005920,P0081,1,96.93,49.39,10
OI0014672,O005920,P0020,1,185.28,120.72,5
OI0014673,O005920,P0095,1,202.91,139.2,0
OI0014674,O005921,P0119,1,78.86,37.39,0
OI0014675,O005921,P0046,3,310.17,133.53,5
OI0014676,O005921,P0072,1,272.32,149.77,0
OI0014677,O005922,P0076,4,81.73,46.21,0
OI0014678,O005922,P0049,1,59.24,43.15,15
OI0014679,O005922,P0103,3,100.44,47.01,15
OI0014680,O005922,P0077,3,9.56,6.81,5
OI0014681,O005923,P0117,4,252.27,158.43,0
OI0014682,O005923,P0113,1,152.02,79.85,5
OI0014683,O005923,P0088,-1,236.31,102.24,0
OI0014684,O005924,P0032,1,148.44,75.4,0
OI0014685,O005924,P0120,3,123.81,98.52,10
OI0014686,O005925,P0004,1,114.79,53.81,5
OI0014687,O005926,P0120,1,123.81,98.52,5
OI0014688,O005926,P0072,1,272.32,149.77,10
OI0014689,O005926,P0020,2,185.28,120.72,10
OI0014690,O005927,P0020,2,185.28,120.72,0
OI0014691,O005927,P0004,2,114.79,53.81,5
OI0014692,O005927,P0005,3,181.52,92.02,20
OI0014693,O005927,P0047,1,243.5,159.8,5
OI0014694,O005928,P0012,1,20.32,10.75,15
OI0014695,O005928,P0016,2,182.65,108.43,0
OI0014696,O005928,P0103,3,100.44,47.01,20
OI0014697,O005928,P0097,1,163.15,70.37,0
OI0014698,O005929,P0008,1,223.03,120.69,0
OI0014699,O005929,P0077,1,9.56,6.81,0
OI0014700,O005929,P0020,1,185.28,120.72,10
OI0014701,O005929,P0094,2,309.52,160.91,0
OI0014702,O005930,P0103,3,100.44,47.01,15
OI0014703,O005930,P0101,2,338.95,156.07,0
OI0014704,O005930,P0099,2,179.3,114.96,0
OI0014705,O005930,P0098,1,17.88,10.05,0
OI0014706,O005931,P0001,2,58.62,26.48,15
OI0014707,O005931,P0033,2,211.78,114.87,15
OI0014708,O005931,P0040,1,214.96,89.94,0
OI0014709,O005931,P0093,1,64.09,40.65,0
OI0014710,O005932,P0116,1,53.16,36.42,10
OI0014711,O005932,P0105,1,124.3,57.25,15
OI0014712,O005932,P0055,2,150.07,98.61,0
OI0014713,O005933,P0098,1,17.88,10.05,0
OI0014714,O005933,P0046,1,310.17,133.53,5
OI0014715,O005933,P0050,3,171.47,76.47,10
OI0014716,O005934,P0051,2,104.92,60.39,5
OI0014717,O005934,P0001,2,58.62,26.48,5
OI0014718,O005934,P0102,2,195.72,100.75,5
OI0014719,O005935,P0040,1,214.96,89.94,5
OI0014720,O005936,P0036,1,71.47,40.11,5
OI0014721,O005936,P0108,1,299.87,137.39,10
OI0014722,O005937,P0118,1,177.52,114.17,0
OI0014723,O005937,P0001,1,58.62,26.48,0
OI0014724,O005937,P0017,1,30.38,15.75,10
OI0014725,O005938,P0116,1,53.16,36.42,10
OI0014726,O005938,P0073,3,372.75,170.56,15
OI0014727,O005938,P0033,2,211.78,114.87,0
OI0014728,O005938,P0052,4,142.04,68.52,10
OI0014729,O005939,P0033,1,211.78,114.87,5
OI0014730,O005940,P0108,2,299.87,137.39,20
OI0014731,O005940,P0038,2,81.71,51.71,15
OI0014732,O005940,P0077,1,9.56,6.81,5
OI0014733,O005941,P0077,2,9.56,6.81,10
OI0014734,O005941,P0086,3,263.23,167.09,0
OI0014735,O005941,P0006,1,273.98,150.3,20
OI0014736,O005942,P0104,1,71.93,33.51,0
OI0014737,O005942,P0052,1,142.04,68.52,15
OI0014738,O005943,P0071,2,66.14,34.77,5
OI0014739,O005943,P0111,1,116.59,86.94,20
OI0014740,O005944,P0110,2,311.63,167.87,0
OI0014741,O005944,P0102,3,195.72,100.75,25
OI0014742,O005944,P0106,4,56.39,27.98,15
OI0014743,O005944,P0039,1,66.47,46.73,5
OI0014744,O005945,P0088,2,236.31,102.24,0
OI0014745,O005945,P0102,4,195.72,100.75,0
OI0014746,O005945,P0051,1,104.92,60.39,0
OI0014747,O005945,P0087,1,136.09,59.78,0
OI0014748,O005946,P0116,1,53.16,36.42,0
OI0014749,O005946,P0011,4,116.27,72.14,0
OI0014750,O005946,P0064,1,60.15,32.62,5
OI0014751,O005947,P0042,2,79.85,35.8,0
OI0014752,O005947,P0052,1,142.04,68.52,0
OI0014753,O005948,P0070,1,131.06,75.18,15
OI0014754,O005949,P0067,4,33.07,19.77,15
OI0014755,O005949,P0021,1,217.0,157.06,5
OI0014756,O005949,P0025,1,187.19,125.9,5
OI0014757,O005950,P0077,2,9.56,6.81,0
OI0014758,O005950,P0112,1,361.01,177.23,25
OI0014759,O005950,P0098,1,17.88,10.05,0
OI0014760,O005951,P0011,1,116.27,72.14,0
OI0014761,O005951,P0059,1,310.18,133.96,5
OI0014762,O005952,P0094,1,309.52,160.91,10
OI0014763,O005952,P0050,3,171.47,76.47,10
OI0014764,O005952,P0024,1,169.87,104.81,0
OI0014765,O005952,P0012,2,20.32,10.75,10
OI0014766,O005953,P0041,4,46.27,32.89,0
OI0014767,O005953,P0028,1,307.09,179.34,0
OI0014768,O005954,P0066,1,103.29,50.62,0
OI0014769,O005954,P0002,3,230.82,108.89,5
OI0014770,O005955,P0108,1,299.87,137.39,15
OI0014771,O005955,P0053,4,23.29,11.09,0
OI0014772,O005955,P0011,1,116.27,72.14,10
OI0014773,O005955,P0016,1,182.65,108.43,20
OI0014774,O005956,P0063,2,8.2,5.54,5
OI0014775,O005956,P0014,1,189.67,104.55,0
OI0014776,O005957,P0019,2,36.3,22.04,0
OI0014777,O005957,P0072,2,272.32,149.77,25
OI0014778,O005957,P0111,1,116.59,86.94,25
OI0014779,O005957,P0046,2,310.17,133.53,5
OI0014780,O005958,P0069,2,259.35,175.47,15
OI0014781,O005958,P0017,3,30.38,15.75,0
OI0014782,O005958,P0118,2,177.52,114.17,10
OI0014783,O005959,P0115,1,66.66,49.6,0
OI0014784,O005960,P0105,1,124.3,57.25,0
OI0014785,O005960,P0067,1,33.07,19.77,5
OI0014786,O005961,P0010,1,236.09,100.66,10
OI0014787,O005962,P0085,1,142.09,59.82,5
OI0014788,O005962,P0101,4,338.95,156.07,15
OI0014789,O005963,P0095,1,202.91,139.2,5
OI0014790,O005964,P0109,1,39.14,21.27,0
OI0014791,O005965,P0028,3,307.09,179.34,20
OI0014792,O005965,P0065,4,270.21,125.01,0
OI0014793,O005965,P0018,2,281.84,146.67,0
OI0014794,O005965,P0019,2,36.3,22.04,0
OI0014795,O005966,P0021,1,217.0,157.06,0
OI0014796,O005967,P0087,1,136.09,59.78,20
OI0014797,O005968,P0027,2,283.79,152.07,5
OI0014798,O005968,P0085,1,142.09,59.82,20
OI0014799,O005969,P0108,1,299.87,137.39,0
OI0014800,O005969,P0062,2,274.98,138.35,0
OI0014801,O005969,P0067,2,33.07,19.77,15
OI0014802,O005969,P0042,2,79.85,35.8,10
OI0014803,O005970,P0005,4,181.52,92.02,0
OI0014804,O005970,P0080,1,392.84,163.94,0
OI0014805,O005970,P0067,1,33.07,19.77,0
OI0014806,O005971,P0018,2,281.84,146.67,5
OI0014807,O005971,P0055,1,150.07,98.61,20
OI0014808,O005972,P0075,1,134.51,78.21,0
OI0014809,O005972,P0016,2,182.65,108.43,15
OI0014810,O005973,P0070,1,131.06,75.18,10
OI0014811,O005973,P0090,1,60.09,33.62,5
OI0014812,O005973,P0084,1,42.76,20.69,10
OI0014813,O005973,P0008,2,223.03,120.69,20
OI0014814,O005974,P0021,1,217.0,157.06,5
OI0014815,O005974,P0116,1,53.16,36.42,20
OI0014816,O005975,P0082,1,64.05,28.14,10
OI0014817,O005975,P0025,1,187.19,125.9,5
OI0014818,O005976,P0108,1,299.87,137.39,0
OI0014819,O005976,P0066,1,103.29,50.62,0
OI0014820,O005976,P0082,1,64.05,28.14,10
OI0014821,O005976,P0105,4,124.3,57.25,10
OI0014822,O005977,P0059,1,310.18,133.96,0
OI0014823,O005977,P0063,1,8.2,5.54,0
OI0014824,O005978,P0058,1,224.02,143.13,0
OI0014825,O005978,P0068,3,103.65,44.29,5
OI0014826,O005979,P0110,3,311.63,167.87,0
OI0014827,O005980,P0088,4,236.31,102.24,15
OI0014828,O005981,P0116,2,53.16,36.42,0
OI0014829,O005981,P0068,1,103.65,44.29,20
OI0014830,O005981,P0064,1,60.15,32.62,5
OI0014831,O005981,P0001,3,58.62,26.48,25
OI0014832,O005982,P0079,1,28.55,21.67,15
OI0014833,O005982,P0114,1,41.45,23.84,0
OI0014834,O005983,P0070,2,131.06,75.18,0
OI0014835,O005984,P0004,1,114.79,53.81,0
OI0014836,O005984,P0027,1,283.79,152.07,15
OI0014837,O005984,P0077,1,9.56,6.81,5
OI0014838,O005984,P0102,2,195.72,100.75,15
OI0014839,O005985,P0093,3,64.09,40.65,10
OI0014840,O005985,P0087,2,136.09,59.78,10
OI0014841,O005986,P0096,1,280.31,123.46,10
OI0014842,O005987,P0080,-1,392.84,163.94,15
OI0014843,O005987,P0006,3,273.98,150.3,0
OI0014844,O005987,P0102,1,195.72,100.75,15
OI0014845,O005988,P0104,2,71.93,33.51,0
OI0014846,O005989,P0094,2,309.52,160.91,0
OI0014847,O005989,P0114,-1,41.45,23.84,5
OI0014848,O005989,P0072,-1,272.32,149.77,5
OI0014849,O005989,P0089,1,49.96,38.06,0
OI0014850,O005990,P0013,2,127.84,91.01,5
OI0014851,O005990,P0072,2,272.32,149.77,0
OI0014852,O005991,P0042,-1,79.85,35.8,0
OI0014853,O005991,P0024,1,169.87,104.81,0
OI0014854,O005992,P0058,1,224.02,143.13,0
OI0014855,O005992,P0120,1,123.81,98.52,15
OI0014856,O005992,P0082,2,64.05,28.14,5
OI0014857,O005992,P0063,2,8.2,5.54,0
OI0014858,O005993,P0032,4,148.44,75.4,10
OI0014859,O005994,P0113,1,152.02,79.85,0
OI0014860,O005994,P0004,2,114.79,53.81,5
OI0014861,O005995,P0065,1,270.21,125.01,0
OI0014862,O005996,P0052,2,142.04,68.52,10
OI0014863,O005996,P0072,3,272.32,149.77,5
OI0014864,O005997,P0076,1,81.73,46.21,0
OI0014865,O005997,P0005,1,181.52,92.02,5
OI0014866,O005997,P0069,1,259.35,175.47,0
OI0014867,O005997,P0091,1,196.39,82.27,0
OI0014868,O005998,P0073,1,372.75,170.56,0
OI0014869,O005999,P0055,2,150.07,98.61,0
OI0014870,O005999,P0044,2,279.36,162.6,5
OI0014871,O006000,P0088,1,236.31,102.24,15
OI0014872,O006000,P0014,1,189.67,104.55,5
OI0014873,O006000,P0104,1,71.93,33.51,0
OI0014874,O006001,P0032,4,148.44,75.4,5
OI0014875,O006001,P0075,-1,134.51,78.21,0
OI0014876,O006002,P0087,1,136.09,59.78,0
OI0014877,O006002,P0104,3,71.93,33.51,0
OI0014878,O006002,P0091,2,196.39,82.27,0
OI0014879,O006003,P0018,1,281.84,146.67,0
OI0014880,O006004,P0062,-1,274.98,138.35,15
OI0014881,O006004,P0112,1,361.01,177.23,0
OI0014882,O006004,P0087,3,136.09,59.78,15
OI0014883,O006004,P0090,1,60.09,33.62,15
OI0014884,O006005,P0005,3,181.52,92.02,15
OI0014885,O006005,P0058,2,224.02,143.13,10
OI0014886,O006006,P0026,1,187.78,112.59,0
OI0014887,O006006,P0047,2,243.5,159.8,0
OI0014888,O006007,P0114,3,41.45,23.84,15
OI0014889,O006007,P0065,1,270.21,125.01,10
OI0014890,O006008,P0062,1,274.98,138.35,0
OI0014891,O006008,P0061,2,241.21,110.37,10
OI0014892,O006009,P0047,2,243.5,159.8,15
OI0014893,O006009,P0088,1,236.31,102.24,10
OI0014894,O006009,P0055,2,150.07,98.61,0
OI0014895,O006010,P0110,1,311.63,167.87,5
OI0014896,O006011,P0092,2,51.3,24.69,0
OI0014897,O006011,P0065,1,270.21,125.01,0
OI0014898,O006012,P0088,3,236.31,102.24,20
OI0014899,O006012,P0049,1,59.24,43.15,10
OI0014900,O006013,P0074,1,62.08,27.78,15
OI0014901,O006013,P0007,2,180.16,110.8,10
OI0014902,O006013,P0079,1,28.55,21.67,10
OI0014903,O006013,P0028,1,307.09,179.34,0
OI0014904,O006014,P0054,4,83.38,49.27,0
OI0014905,O006014,P0009,1,102.74,56.37,15
OI0014906,O006014,P0082,2,64.05,28.14,20
OI0014907,O006015,P0051,4,104.92,60.39,0
OI0014908,O006015,P0116,1,53.16,36.42,10
OI0014909,O006015,P0018,2,281.84,146.67,0
OI0014910,O006016,P0092,2,51.3,24.69,0
OI0014911,O006017,P0110,1,311.63,167.87,10
OI0014912,O006017,P0044,1,279.36,162.6,0
OI0014913,O006017,P0018,-1,281.84,146.67,10
OI0014914,O006017,P0094,2,309.52,160.91,10
OI0014915,O006018,P0095,1,202.91,139.2,0
OI0014916,O006018,P0033,1,211.78,114.87,0
OI0014917,O006018,P0100,3,280.83,119.83,0
OI0014918,O006019,P0065,1,270.21,125.01,15
OI0014919,O006019,P0073,1,372.75,170.56,0
OI0014920,O006020,P0041,2,46.27,32.89,15
OI0014921,O006020,P0035,1,326.93,146.56,0
OI0014922,O006020,P0019,2,36.3,22.04,25
OI0014923,O006021,P0083,3,63.1,34.73,0
OI0014924,O006021,P0037,3,171.97,76.8,5
OI0014925,O006021,P0027,1,283.79,152.07,15
OI0014926,O006021,P0082,2,64.05,28.14,0
OI0014927,O006022,P0037,3,171.97,76.8,0
OI0014928,O006022,P0115,1,66.66,49.6,15
OI0014929,O006022,P0063,1,8.2,5.54,10
OI0014930,O006023,P0023,1,15.34,8.57,0
OI0014931,O006023,P0009,1,102.74,56.37,0
OI0014932,O006024,P0032,1,148.44,75.4,0
OI0014933,O006025,P0099,1,179.3,114.96,5
OI0014934,O006025,P0103,1,100.44,47.01,0
OI0014935,O006026,P0016,1,182.65,108.43,10
OI0014936,O006026,P0015,2,147.82,103.39,15
OI0014937,O006027,P0075,3,134.51,78.21,5
OI0014938,O006027,P0022,1,192.12,85.66,0
OI0014939,O006028,P0071,2,66.14,34.77,15
OI0014940,O006029,P0070,1,131.06,75.18,5
OI0014941,O006029,P0050,2,171.47,76.47,5
OI0014942,O006030,P0026,3,187.78,112.59,15
OI0014943,O006030,P0061,2,241.21,110.37,10
OI0014944,O006030,P0095,1,202.91,139.2,0
OI0014945,O006031,P0114,1,41.45,23.84,5
OI0014946,O006031,P0030,1,90.28,41.7,25
OI0014947,O006032,P0077,4,9.56,6.81,0
OI0014948,O006032,P0054,2,83.38,49.27,0
OI0014949,O006032,P0060,3,306.49,149.27,10
OI0014950,O006033,P0119,3,78.86,37.39,0
OI0014951,O006033,P0003,1,171.57,88.27,0
OI0014952,O006034,P0092,2,51.3,24.69,20
OI0014953,O006034,P0089,1,49.96,38.06,0
OI0014954,O006034,P0111,2,116.59,86.94,0
OI0014955,O006034,P0117,1,252.27,158.43,10
OI0014956,O006035,P0118,1,177.52,114.17,0
OI0014957,O006036,P0046,1,310.17,133.53,0
OI0014958,O006036,P0050,2,171.47,76.47,15
OI0014959,O006037,P0012,3,20.32,10.75,10
OI0014960,O006037,P0118,4,177.52,114.17,25
OI0014961,O006037,P0093,2,64.09,40.65,10
OI0014962,O006037,P0116,1,53.16,36.42,0
OI0014963,O006038,P0024,1,169.87,104.81,0
OI0014964,O006038,P0064,2,60.15,32.62,5
OI0014965,O006038,P0106,3,56.39,27.98,0
OI0014966,O006038,P0119,2,78.86,37.39,0
OI0014967,O006039,P0026,1,187.78,112.59,15
OI0014968,O006039,P0070,1,131.06,75.18,5
OI0014969,O006040,P0120,1,123.81,98.52,15
OI0014970,O006041,P0101,-1,338.95,156.07,5
OI0014971,O006042,P0066,1,103.29,50.62,5
OI0014972,O006042,P0079,2,28.55,21.67,0
OI0014973,O006043,P0034,1,265.11,120.64,5
OI0014974,O006043,P0078,2,268.06,129.83,5
OI0014975,O006044,P0099,2,179.3,114.96,15
OI0014976,O006044,P0078,4,268.06,129.83,0
OI0014977,O006044,P0088,1,236.31,102.24,10
OI0014978,O006045,P0023,1,15.34,8.57,5
OI0014979,O006045,P0082,2,64.05,28.14,0
OI0014980,O006045,P0017,2,30.38,15.75,5
OI0014981,O006046,P0048,2,316.06,150.66,5
OI0014982,O006047,P0014,1,189.67,104.55,20
OI0014983,O006047,P0059,1,310.18,133.96,5
OI0014984,O006047,P0064,1,60.15,32.62,5
OI0014985,O006048,P0033,1,211.78,114.87,110
OI0014986,O006048,P0080,1,392.84,163.94,0
OI0014987,O006048,P0072,1,272.32,149.77,15
OI0014988,O006049,P0025,1,187.19,125.9,5
OI0014989,O006050,P0105,1,124.3,57.25,10
OI0014990,O006051,P0112,2,361.01,177.23,10
OI0014991,O006051,P0103,4,100.44,47.01,0
OI0014992,O006052,P0034,3,265.11,120.64,0
OI0014993,O006052,P0051,3,104.92,60.39,20
OI0014994,O006052,P0029,1,35.33,21.58,10
OI0014995,O006052,P0084,2,42.76,20.69,15
OI0014996,O006053,P0028,3,307.09,179.34,10
OI0014997,O006054,P0114,2,41.45,23.84,0
OI0014998,O006054,P0048,2,316.06,150.66,0
OI0014999,O006055,P0100,1,280.83,119.83,0
OI0015000,O006055,P0061,1,241.21,110.37,5
OI0015001,O006055,P0115,2,66.66,49.6,0
OI0015002,O006055,P0097,2,163.15,70.37,0
OI0015003,O006056,P0041,-1,46.27,32.89,0
OI0015004,O006056,P0079,1,28.55,21.67,0
OI0015005,O006056,P0072,1,272.32,149.77,10
OI0015006,O006057,P0105,1,124.3,57.25,15
OI0015007,O006057,P0069,2,259.35,175.47,10
OI0015008,O006057,P0075,4,134.51,78.21,5
OI0015009,O006057,P0026,4,187.78,112.59,5
OI0015010,O006058,P0012,2,20.32,10.75,5
OI0015011,O006058,P0003,1,171.57,88.27,0
OI0015012,O006059,P0066,2,103.29,50.62,15
OI0015013,O006059,P0102,1,195.72,100.75,0
OI0015014,O006060,P0061,1,241.21,110.37,0
OI0015015,O006060,P0063,2,8.2,5.54,20
OI0015016,O006061,P0022,4,192.12,85.66,0
OI0015017,O006061,P0028,2,307.09,179.34,20
OI0015018,O006062,P0078,-1,268.06,129.83,0
OI0015019,O006062,P0003,1,171.57,88.27,10
OI0015020,O006062,P0015,1,147.82,103.39,15
OI0015021,O006063,P0066,4,103.29,50.62,0
OI0015022,O006063,P0026,-1,187.78,112.59,10
OI0015023,O006063,P0071,1,66.14,34.77,20
OI0015024,O006064,P0050,1,171.47,76.47,10
OI0015025,O006065,P0058,1,224.02,143.13,0
OI0015026,O006065,P0036,1,71.47,40.11,0
OI0015027,O006066,P0024,2,169.87,104.81,0
OI0015028,O006067,P0104,3,71.93,33.51,0
OI0015029,O006067,P0087,1,136.09,59.78,10
OI0015030,O006068,P0110,2,311.63,167.87,0
OI0015031,O006068,P0070,1,131.06,75.18,0
OI0015032,O006068,P0004,1,114.79,53.81,5
OI0015033,O006068,P0098,1,17.88,10.05,5
OI0015034,O006069,P0115,3,66.66,49.6,10
OI0015035,O006070,P0065,1,270.21,125.01,0
OI0015036,O006070,P0037,3,171.97,76.8,10
OI0015037,O006070,P0114,1,41.45,23.84,0
OI0015038,O006070,P0119,1,78.86,37.39,5
OI0015039,O006071,P0110,1,311.63,167.87,0
OI0015040,O006071,P0067,4,33.07,19.77,0
OI0015041,O006071,P0027,2,283.79,152.07,0
OI0015042,O006072,P0099,1,179.3,114.96,10
OI0015043,O006072,P0090,2,60.09,33.62,10
OI0015044,O006073,P0010,1,236.09,100.66,0
OI0015045,O006073,P0097,1,163.15,70.37,0
OI0015046,O006073,P0048,1,316.06,150.66,15
OI0015047,O006073,P0014,4,189.67,104.55,15
OI0015048,O006074,P0075,2,134.51,78.21,5
OI0015049,O006074,P0035,3,326.93,146.56,0
OI0015050,O006075,P0092,1,51.3,24.69,5
OI0015051,O006076,P0018,3,281.84,146.67,0
OI0015052,O006076,P0116,1,53.16,36.42,5
OI0015053,O006076,P0017,3,30.38,15.75,110
OI0015054,O006077,P0095,2,202.91,139.2,0
OI0015055,O006078,P0105,1,124.3,57.25,5
OI0015056,O006078,P0108,3,299.87,137.39,10
OI0015057,O006079,P0017,1,30.38,15.75,0
OI0015058,O006079,P0007,2,180.16,110.8,15
OI0015059,O006080,P0049,2,59.24,43.15,5
OI0015060,O006080,P0042,1,79.85,35.8,10
OI0015061,O006080,P0040,2,214.96,89.94,15
OI0015062,O006080,P0106,2,56.39,27.98,0
OI0015063,O006081,P0028,1,307.09,179.34,0
OI0015064,O006082,P0046,3,310.17,133.53,0
OI0015065,O006082,P0037,1,171.97,76.8,0
OI0015066,O006082,P0059,1,310.18,133.96,10
OI0015067,O006083,P0102,1,195.72,100.75,5
OI0015068,O006083,P0024,2,169.87,104.81,10
OI0015069,O006083,P0048,2,316.06,150.66,0
OI0015070,O006083,P0031,1,254.7,145.72,5
OI0015071,O006084,P0057,2,95.09,41.82,0
OI0015072,O006085,P0034,1,265.11,120.64,15
OI0015073,O006086,P0069,1,259.35,175.47,0
OI0015074,O006086,P0108,2,299.87,137.39,0
OI0015075,O006086,P0103,2,100.44,47.01,0
OI0015076,O006086,P0039,1,66.47,46.73,0
OI0015077,O006087,P0012,1,20.32,10.75,0
OI0015078,O006087,P0060,1,306.49,149.27,5
OI0015079,O006087,P0104,1,71.93,33.51,15
OI0015080,O006087,P0111,1,116.59,86.94,15
OI0015081,O006088,P0118,1,177.52,114.17,10
OI0015082,O006088,P0030,4,90.28,41.7,0
OI0015083,O006088,P0110,3,311.63,167.87,10
OI0015084,O006089,P0092,3,51.3,24.69,20
OI0015085,O006089,P0002,1,230.82,108.89,0
OI0015086,O006089,P0015,1,147.82,103.39,0
OI0015087,O006090,P0095,4,202.91,139.2,5
OI0015088,O006091,P0062,1,274.98,138.35,15
OI0015089,O006091,P0090,1,60.09,33.62,15
OI0015090,O006091,P0096,1,280.31,123.46,10
OI0015091,O006092,P0085,1,142.09,59.82,0
OI0015092,O006093,P0037,1,171.97,76.8,0
OI0015093,O006093,P0099,1,179.3,114.96,10
OI0015094,O006093,P0106,1,56.39,27.98,0
OI0015095,O006093,P0021,3,217.0,157.06,10
OI0015096,O006094,P0038,1,81.71,51.71,0
OI0015097,O006094,P0070,1,131.06,75.18,15
OI0015098,O006094,P0079,4,28.55,21.67,5
OI0015099,O006095,P0117,1,252.27,158.43,5
OI0015100,O006096,P0049,2,59.24,43.15,5
OI0015101,O006096,P0016,3,182.65,108.43,0
OI0015102,O006096,P0038,2,81.71,51.71,15
OI0015103,O006096,P0017,3,30.38,15.75,0
OI0015104,O006097,P0044,2,279.36,162.6,5
OI0015105,O006097,P0089,3,49.96,38.06,5
OI0015106,O006098,P0046,1,310.17,133.53,15
OI0015107,O006098,P0104,4,71.93,33.51,0
OI0015108,O006098,P0054,1,83.38,49.27,10
OI0015109,O006098,P0101,1,338.95,156.07,0
OI0015110,O006099,P0034,1,265.11,120.64,10
OI0015111,O006099,P0037,1,171.97,76.8,10
OI0015112,O006099,P0113,3,152.02,79.85,0
OI0015113,O006100,P0027,2,283.79,152.07,0
OI0015114,O006100,P0104,1,71.93,33.51,0
OI0015115,O006100,P0021,1,217.0,157.06,0
OI0015116,O006100,P0084,3,42.76,20.69,10
OI0015117,O006101,P0003,2,171.57,88.27,0
OI0015118,O006101,P0090,4,60.09,33.62,5
OI0015119,O006102,P0018,2,281.84,146.67,25
OI0015120,O006103,P0066,1,103.29,50.62,0
OI0015121,O006103,P0078,1,268.06,129.83,10
OI0015122,O006103,P0006,1,273.98,150.3,10
OI0015123,O006103,P0013,2,127.84,91.01,0
OI0015124,O006104,P0055,-1,150.07,98.61,20
OI0015125,O006104,P0037,1,171.97,76.8,0
OI0015126,O006105,P0107,3,140.71,82.95,15
OI0015127,O006105,P0014,1,189.67,104.55,10
OI0015128,O006105,P0062,1,274.98,138.35,10
OI0015129,O006105,P0032,2,148.44,75.4,5
OI0015130,O006106,P0023,1,15.34,8.57,20
OI0015131,O006106,P0037,1,171.97,76.8,5
OI0015132,O006106,P0100,1,280.83,119.83,15
OI0015133,O006107,P0058,1,224.02,143.13,20
OI0015134,O006108,P0047,1,243.5,159.8,0
OI0015135,O006108,P0093,2,64.09,40.65,20
OI0015136,O006108,P0026,2,187.78,112.59,10
OI0015137,O006108,P0112,1,361.01,177.23,0
OI0015138,O006109,P0024,3,169.87,104.81,0
OI0015139,O006109,P0089,4,49.96,38.06,0
OI0015140,O006109,P0073,2,372.75,170.56,15
OI0015141,O006109,P0102,4,195.72,100.75,0
OI0015142,O006110,P0117,2,252.27,158.43,0
OI0015143,O006110,P0086,1,263.23,167.09,5
OI0015144,O006111,P0016,2,182.65,108.43,15
OI0015145,O006112,P0030,2,90.28,41.7,0
OI0015146,O006112,P0086,3,263.23,167.09,5
OI0015147,O006112,P0053,1,23.29,11.09,15
OI0015148,O006112,P0036,2,71.47,40.11,110
OI0015149,O006113,P0083,1,63.1,34.73,20
OI0015150,O006114,P0078,2,268.06,129.83,20
OI0015151,O006114,P0118,4,177.52,114.17,0
OI0015152,O006115,P0094,2,309.52,160.91,0
OI0015153,O006115,P0027,2,283.79,152.07,15
OI0015154,O006116,P0048,2,316.06,150.66,15
OI0015155,O006117,P0090,1,60.09,33.62,0
OI0015156,O006117,P0040,1,214.96,89.94,0
OI0015157,O006117,P0005,2,181.52,92.02,10
OI0015158,O006118,P0086,1,263.23,167.09,0
OI0015159,O006118,P0101,1,338.95,156.07,0
OI0015160,O006119,P0054,1,83.38,49.27,0
OI0015161,O006120,P0106,2,56.39,27.98,0
OI0015162,O006120,P0078,1,268.06,129.83,5
OI0015163,O006120,P0056,1,385.75,167.31,15
OI0015164,O006121,P0119,-1,78.86,37.39,0
OI0015165,O006121,P0073,4,372.75,170.56,0
OI0015166,O006121,P0037,2,171.97,76.8,15
OI0015167,O006122,P0052,1,142.04,68.52,15
OI0015168,O006122,P0028,1,307.09,179.34,0
OI0015169,O006122,P0070,1,131.06,75.18,0
OI0015170,O006123,P0083,3,63.1,34.73,5
OI0015171,O006124,P0048,2,316.06,150.66,0
OI0015172,O006124,P0062,1,274.98,138.35,10
OI0015173,O006124,P0117,1,252.27,158.43,5
OI0015174,O006124,P0067,2,33.07,19.77,110
OI0015175,O006125,P0096,3,280.31,123.46,5
OI0015176,O006125,P0001,1,58.62,26.48,0
OI0015177,O006125,P0043,2,33.48,14.68,5
OI0015178,O006126,P0089,1,49.96,38.06,10
OI0015179,O006126,P0038,2,81.71,51.71,25
OI0015180,O006126,P0100,4,280.83,119.83,20
OI0015181,O006127,P0099,3,179.3,114.96,25
OI0015182,O006127,P0119,4,78.86,37.39,0
OI0015183,O006127,P0086,3,263.23,167.09,10
OI0015184,O006127,P0070,1,131.06,75.18,0
OI0015185,O006128,P0066,2,103.29,50.62,20
OI0015186,O006129,P0031,3,254.7,145.72,5
OI0015187,O006129,P0023,2,15.34,8.57,10
OI0015188,O006129,P0099,4,179.3,114.96,0
OI0015189,O006130,P0119,1,78.86,37.39,0
OI0015190,O006131,P0107,1,140.71,82.95,25
OI0015191,O006132,P0047,1,243.5,159.8,20
OI0015192,O006132,P0072,2,272.32,149.77,0
OI0015193,O006132,P0019,1,36.3,22.04,0
OI0015194,O006132,P0062,1,274.98,138.35,0
OI0015195,O006133,P0119,1,78.86,37.39,20
OI0015196,O006133,P0072,1,272.32,149.77,0
OI0015197,O006133,P0114,1,41.45,23.84,10
OI0015198,O006134,P0054,2,83.38,49.27,0
OI0015199,O006134,P0021,1,217.0,157.06,10
OI0015200,O006135,P0022,3,192.12,85.66,5
OI0015201,O006136,P0089,2,49.96,38.06,0
OI0015202,O006136,P0002,1,230.82,108.89,5
OI0015203,O006137,P0056,2,385.75,167.31,10
OI0015204,O006137,P0049,2,59.24,43.15,20
OI0015205,O006137,P0092,1,51.3,24.69,110
OI0015206,O006137,P0028,4,307.09,179.34,5
OI0015207,O006138,P0084,1,42.76,20.69,15
OI0015208,O006138,P0073,1,372.75,170.56,10
OI0015209,O006139,P0011,1,116.27,72.14,10
OI0015210,O006139,P0057,1,95.09,41.82,0
OI0015211,O006139,P0108,4,299.87,137.39,20
OI0015212,O006140,P0049,1,59.24,43.15,5
OI0015213,O006141,P0074,2,62.08,27.78,0
OI0015214,O006141,P0066,1,103.29,50.62,0
OI0015215,O006141,P0085,1,142.09,59.82,0
OI0015216,O006142,P0036,1,71.47,40.11,0
OI0015217,O006142,P0004,1,114.79,53.81,0
OI0015218,O006142,P0012,2,20.32,10.75,10
OI0015219,O006143,P0098,1,17.88,10.05,25
OI0015220,O006143,P0077,1,9.56,6.81,10
OI0015221,O006143,P0004,1,114.79,53.81,0
OI0015222,O006144,P0094,1,309.52,160.91,10
OI0015223,O006145,P0046,1,310.17,133.53,0
OI0015224,O006145,P0071,3,66.14,34.77,20
OI0015225,O006145,P0093,1,64.09,40.65,5
OI0015226,O006145,P0009,2,102.74,56.37,0
OI0015227,O006146,P0059,2,310.18,133.96,5
OI0015228,O006146,P0035,2,326.93,146.56,0
OI0015229,O006146,P0065,3,270.21,125.01,0
OI0015230,O006147,P0058,2,224.02,143.13,25
OI0015231,O006147,P0065,1,270.21,125.01,0
OI0015232,O006148,P0103,1,100.44,47.01,0
OI0015233,O006148,P0026,1,187.78,112.59,5
OI0015234,O006148,P0120,3,123.81,98.52,5
OI0015235,O006148,P0108,2,299.87,137.39,0
OI0015236,O006149,P0057,4,95.09,41.82,20
OI0015237,O006150,P0076,1,81.73,46.21,10
OI0015238,O006151,P0029,3,35.33,21.58,15
OI0015239,O006152,P0007,2,180.16,110.8,0
OI0015240,O006153,P0047,1,243.5,159.8,15
OI0015241,O006154,P0008,1,223.03,120.69,5
OI0015242,O006154,P0081,2,96.93,49.39,0
OI0015243,O006154,P0072,2,272.32,149.77,5
OI0015244,O006154,P0032,1,148.44,75.4,0
OI0015245,O006155,P0103,3,100.44,47.01,5
OI0015246,O006155,P0050,1,171.47,76.47,0
OI0015247,O006156,P0012,1,20.32,10.75,0
OI0015248,O006156,P0109,1,39.14,21.27,15
OI0015249,O006157,P0010,2,236.09,100.66,15
OI0015250,O006157,P0069,1,259.35,175.47,0
OI0015251,O006157,P0071,2,66.14,34.77,0
OI0015252,O006157,P0113,3,152.02,79.85,0
OI0015253,O006158,P0103,1,100.44,47.01,5
OI0015254,O006158,P0072,2,272.32,149.77,5
OI0015255,O006158,P0096,1,280.31,123.46,15
OI0015256,O006158,P0008,2,223.03,120.69,0
OI0015257,O006159,P0034,1,265.11,120.64,5
OI0015258,O006159,P0080,2,392.84,163.94,20
OI0015259,O006159,P0062,2,274.98,138.35,5
OI0015260,O006160,P0047,2,243.5,159.8,20
OI0015261,O006160,P0049,2,59.24,43.15,10
OI0015262,O006160,P0078,1,268.06,129.83,0
OI0015263,O006161,P0073,4,372.75,170.56,5
OI0015264,O006161,P0106,2,56.39,27.98,5
OI0015265,O006161,P0083,1,63.1,34.73,0
OI0015266,O006162,P0047,1,243.5,159.8,0
OI0015267,O006163,P0099,1,179.3,114.96,5
OI0015268,O006163,P0107,1,140.71,82.95,5
OI0015269,O006163,P0069,3,259.35,175.47,0
OI0015270,O006164,P0025,2,187.19,125.9,0
OI0015271,O006165,P0095,3,202.91,139.2,10
OI0015272,O006166,P0057,2,95.09,41.82,15
OI0015273,O006166,P0063,2,8.2,5.54,0
OI0015274,O006166,P0049,2,59.24,43.15,20
OI0015275,O006166,P0068,2,103.65,44.29,0
OI0015276,O006167,P0063,1,8.2,5.54,0
OI0015277,O006167,P0112,1,361.01,177.23,10
OI0015278,O006168,P0090,1,60.09,33.62,10
OI0015279,O006169,P0072,1,272.32,149.77,10
OI0015280,O006170,P0039,4,66.47,46.73,10
OI0015281,O006170,P0064,1,60.15,32.62,25
OI0015282,O006171,P0071,2,66.14,34.77,10
OI0015283,O006171,P0111,1,116.59,86.94,0
OI0015284,O006172,P0120,3,123.81,98.52,20
OI0015285,O006172,P0101,2,338.95,156.07,5
OI0015286,O006172,P0015,4,147.82,103.39,0
OI0015287,O006173,P0052,2,142.04,68.52,5
OI0015288,O006174,P0109,1,39.14,21.27,20
OI0015289,O006174,P0017,2,30.38,15.75,0
OI0015290,O006175,P0098,1,17.88,10.05,10
OI0015291,O006175,P0041,1,46.27,32.89,15
OI0015292,O006176,P0021,1,217.0,157.06,110
OI0015293,O006177,P0099,2,179.3,114.96,110
OI0015294,O006177,P0001,2,58.62,26.48,10
OI0015295,O006177,P0015,3,147.82,103.39,5
OI0015296,O006177,P0019,1,36.3,22.04,0
OI0015297,O006178,P0046,1,310.17,133.53,15
OI0015298,O006178,P0045,2,354.19,170.05,20
OI0015299,O006178,P0094,1,309.52,160.91,10
OI0015300,O006178,P0021,1,217.0,157.06,15
OI0015301,O006179,P0116,1,53.16,36.42,5
OI0015302,O006180,P0049,1,59.24,43.15,15
OI0015303,O006180,P0039,1,66.47,46.73,0
OI0015304,O006181,P0053,1,23.29,11.09,15
OI0015305,O006182,P0031,1,254.7,145.72,15
OI0015306,O006182,P0052,1,142.04,68.52,15
OI0015307,O006183,P0021,1,217.0,157.06,110
OI0015308,O006183,P0024,2,169.87,104.81,5
OI0015309,O006183,P0073,3,372.75,170.56,15
OI0015310,O006183,P0042,1,79.85,35.8,10
OI0015311,O006184,P0085,3,142.09,59.82,10
OI0015312,O006184,P0103,3,100.44,47.01,0
OI0015313,O006184,P0116,2,53.16,36.42,0
OI0015314,O006185,P0062,3,274.98,138.35,0
OI0015315,O006186,P0013,1,127.84,91.01,0
OI0015316,O006186,P0101,1,338.95,156.07,5
OI0015317,O006187,P0094,1,309.52,160.91,10
OI0015318,O006187,P0082,1,64.05,28.14,10
OI0015319,O006188,P0065,3,270.21,125.01,0
OI0015320,O006188,P0060,1,306.49,149.27,0
OI0015321,O006189,P0119,2,78.86,37.39,5
OI0015322,O006190,P0015,1,147.82,103.39,15
OI0015323,O006190,P0097,1,163.15,70.37,5
OI0015324,O006190,P0078,2,268.06,129.83,20
OI0015325,O006191,P0085,1,142.09,59.82,10
OI0015326,O006192,P0038,3,81.71,51.71,5
OI0015327,O006192,P0032,1,148.44,75.4,10
OI0015328,O006192,P0089,3,49.96,38.06,0
OI0015329,O006192,P0037,1,171.97,76.8,15
OI0015330,O006193,P0064,1,60.15,32.62,0
OI0015331,O006193,P0043,4,33.48,14.68,0
OI0015332,O006194,P0092,1,51.3,24.69,10
OI0015333,O006194,P0116,3,53.16,36.42,15
OI0015334,O006194,P0104,1,71.93,33.51,5
OI0015335,O006194,P0065,2,270.21,125.01,5
OI0015336,O006195,P0051,2,104.92,60.39,0
OI0015337,O006196,P0120,-1,123.81,98.52,15
OI0015338,O006196,P0050,3,171.47,76.47,0
OI0015339,O006196,P0046,2,310.17,133.53,0
OI0015340,O006197,P0026,1,187.78,112.59,5
OI0015341,O006197,P0110,1,311.63,167.87,10
OI0015342,O006197,P0069,2,259.35,175.47,10
OI0015343,O006198,P0110,1,311.63,167.87,0
OI0015344,O006198,P0079,1,28.55,21.67,5
OI0015345,O006198,P0099,3,179.3,114.96,0
OI0015346,O006198,P0044,3,279.36,162.6,110
OI0015347,O006199,P0074,2,62.08,27.78,0
OI0015348,O006199,P0053,1,23.29,11.09,5
OI0015349,O006199,P0018,2,281.84,146.67,5
OI0015350,O006199,P0094,3,309.52,160.91,5
OI0015351,O006200,P0034,1,265.11,120.64,5
OI0015352,O006200,P0050,1,171.47,76.47,0
OI0015353,O006200,P0060,1,306.49,149.27,5
OI0015354,O006201,P0116,2,53.16,36.42,10
OI0015355,O006201,P0075,1,134.51,78.21,0
OI0015356,O006201,P0031,1,254.7,145.72,10
OI0015357,O006202,P0104,1,71.93,33.51,0
OI0015358,O006202,P0028,1,307.09,179.34,0
OI0015359,O006202,P0012,1,20.32,10.75,5
OI0015360,O006202,P0085,1,142.09,59.82,15
OI0015361,O006203,P0038,1,81.71,51.71,0
OI0015362,O006203,P0050,1,171.47,76.47,15
OI0015363,O006204,P0005,1,181.52,92.02,5
OI0015364,O006204,P0086,1,263.23,167.09,0
OI0015365,O006204,P0038,1,81.71,51.71,5
OI0015366,O006205,P0074,2,62.08,27.78,0
OI0015367,O006205,P0056,2,385.75,167.31,10
OI0015368,O006205,P0108,2,299.87,137.39,0
OI0015369,O006206,P0104,1,71.93,33.51,20
OI0015370,O006206,P0067,1,33.07,19.77,25
OI0015371,O006206,P0068,1,103.65,44.29,20
OI0015372,O006206,P0089,2,49.96,38.06,0
OI0015373,O006207,P0042,3,79.85,35.8,20
OI0015374,O006207,P0005,1,181.52,92.02,25
OI0015375,O006207,P0048,1,316.06,150.66,110
OI0015376,O006207,P0027,1,283.79,152.07,0
OI0015377,O006208,P0022,1,192.12,85.66,20
OI0015378,O006208,P0106,1,56.39,27.98,5
OI0015379,O006208,P0010,2,236.09,100.66,15
OI0015380,O006208,P0056,1,385.75,167.31,0
OI0015381,O006209,P0094,1,309.52,160.91,0
OI0015382,O006209,P0108,3,299.87,137.39,5
OI0015383,O006209,P0089,1,49.96,38.06,15
OI0015384,O006210,P0027,1,283.79,152.07,0
OI0015385,O006210,P0021,2,217.0,157.06,0
OI0015386,O006211,P0058,2,224.02,143.13,5
OI0015387,O006211,P0097,2,163.15,70.37,0
OI0015388,O006211,P0001,1,58.62,26.48,5
OI0015389,O006212,P0006,3,273.98,150.3,0
OI0015390,O006212,P0035,1,326.93,146.56,0
OI0015391,O006212,P0047,1,243.5,159.8,0
OI0015392,O006213,P0072,1,272.32,149.77,0
OI0015393,O006213,P0047,4,243.5,159.8,0
OI0015394,O006214,P0041,2,46.27,32.89,10
OI0015395,O006215,P0021,1,217.0,157.06,0
OI0015396,O006215,P0006,2,273.98,150.3,20
OI0015397,O006215,P0031,1,254.7,145.72,10
OI0015398,O006215,P0067,2,33.07,19.77,15
OI0015399,O006216,P0102,1,195.72,100.75,10
OI0015400,O006216,P0023,4,15.34,8.57,0
OI0015401,O006217,P0075,2,134.51,78.21,10
OI0015402,O006217,P0009,1,102.74,56.37,10
OI0015403,O006218,P0011,1,116.27,72.14,0
OI0015404,O006218,P0003,1,171.57,88.27,15
OI0015405,O006218,P0037,2,171.97,76.8,5
OI0015406,O006219,P0089,2,49.96,38.06,15
OI0015407,O006219,P0102,2,195.72,100.75,0
OI0015408,O006220,P0016,3,182.65,108.43,5
OI0015409,O006220,P0034,3,265.11,120.64,15
OI0015410,O006220,P0094,2,309.52,160.91,20
OI0015411,O006221,P0054,2,83.38,49.27,10
OI0015412,O006221,P0015,2,147.82,103.39,5
OI0015413,O006221,P0022,3,192.12,85.66,0
OI0015414,O006221,P0043,2,33.48,14.68,10
OI0015415,O006222,P0053,1,23.29,11.09,10
OI0015416,O006222,P0006,-1,273.98,150.3,15
OI0015417,O006223,P0102,1,195.72,100.75,15
OI0015418,O006223,P0019,1,36.3,22.04,0
OI0015419,O006224,P0052,2,142.04,68.52,0
OI0015420,O006224,P0064,3,60.15,32.62,0
OI0015421,O006224,P0020,3,185.28,120.72,15
OI0015422,O006225,P0040,2,214.96,89.94,0
OI0015423,O006225,P0010,1,236.09,100.66,25
OI0015424,O006225,P0056,1,385.75,167.31,15
OI0015425,O006225,P0003,2,171.57,88.27,0
OI0015426,O006226,P0119,1,78.86,37.39,10
OI0015427,O006226,P0074,3,62.08,27.78,15
OI0015428,O006226,P0020,2,185.28,120.72,0
OI0015429,O006227,P0029,1,35.33,21.58,25
OI0015430,O006228,P0117,2,252.27,158.43,0
OI0015431,O006228,P0068,1,103.65,44.29,0
OI0015432,O006228,P0118,3,177.52,114.17,0
OI0015433,O006229,P0047,1,243.5,159.8,5
OI0015434,O006229,P0096,2,280.31,123.46,0
OI0015435,O006229,P0051,2,104.92,60.39,15
OI0015436,O006230,P0018,1,281.84,146.67,15
OI0015437,O006230,P0001,2,58.62,26.48,10
OI0015438,O006230,P0076,3,81.73,46.21,10
OI0015439,O006230,P0118,1,177.52,114.17,20
OI0015440,O006231,P0089,1,49.96,38.06,20
OI0015441,O006231,P0024,2,169.87,104.81,10
OI0015442,O006231,P0080,1,392.84,163.94,0
OI0015443,O006232,P0026,1,187.78,112.59,0
OI0015444,O006232,P0067,3,33.07,19.77,0
OI0015445,O006232,P0005,2,181.52,92.02,0
OI0015446,O006233,P0042,1,79.85,35.8,0
OI0015447,O006233,P0118,2,177.52,114.17,0
OI0015448,O006234,P0028,1,307.09,179.34,0
OI0015449,O006234,P0055,1,150.07,98.61,0
OI0015450,O006234,P0010,1,236.09,100.66,0
OI0015451,O006235,P0015,1,147.82,103.39,0
OI0015452,O006235,P0013,1,127.84,91.01,5
OI0015453,O006235,P0083,3,63.1,34.73,15
OI0015454,O006236,P0063,1,8.2,5.54,15
OI0015455,O006236,P0046,1,310.17,133.53,5
OI0015456,O006236,P0081,1,96.93,49.39,5
OI0015457,O006237,P0022,-1,192.12,85.66,5
OI0015458,O006237,P0002,1,230.82,108.89,0
OI0015459,O006238,P0025,2,187.19,125.9,0
OI0015460,O006238,P0010,1,236.09,100.66,10
OI0015461,O006238,P0023,1,15.34,8.57,15
OI0015462,O006238,P0061,1,241.21,110.37,5
OI0015463,O006239,P0001,1,58.62,26.48,25
OI0015464,O006240,P0013,2,127.84,91.01,5
OI0015465,O006240,P0059,1,310.18,133.96,5
OI0015466,O006240,P0048,2,316.06,150.66,10
OI0015467,O006240,P0090,1,60.09,33.62,5
OI0015468,O006241,P0098,-1,17.88,10.05,0
OI0015469,O006241,P0068,2,103.65,44.29,5
OI0015470,O006241,P0060,1,306.49,149.27,5
OI0015471,O006241,P0082,1,64.05,28.14,0
OI0015472,O006242,P0092,1,51.3,24.69,20
OI0015473,O006243,P0042,2,79.85,35.8,10
OI0015474,O006243,P0048,3,316.06,150.66,5
OI0015475,O006243,P0044,1,279.36,162.6,0
OI0015476,O006243,P0091,1,196.39,82.27,20
OI0015477,O006244,P0026,2,187.78,112.59,0
OI0015478,O006244,P0015,1,147.82,103.39,15
OI0015479,O006244,P0110,1,311.63,167.87,10
OI0015480,O006245,P0113,2,152.02,79.85,15
OI0015481,O006246,P0074,4,62.08,27.78,0
OI0015482,O006246,P0109,1,39.14,21.27,25
OI0015483,O006247,P0074,4,62.08,27.78,0
OI0015484,O006247,P0055,1,150.07,98.61,20
OI0015485,O006247,P0069,1,259.35,175.47,0
OI0015486,O006248,P0020,2,185.28,120.72,5
OI0015487,O006248,P0016,3,182.65,108.43,0
OI0015488,O006248,P0019,1,36.3,22.04,0
OI0015489,O006248,P0071,3,66.14,34.77,10
OI0015490,O006249,P0096,1,280.31,123.46,0
OI0015491,O006249,P0052,4,142.04,68.52,0
OI0015492,O006250,P0064,1,60.15,32.62,0
OI0015493,O006251,P0102,1,195.72,100.75,15
OI0015494,O006252,P0033,4,211.78,114.87,10
OI0015495,O006253,P0065,2,270.21,125.01,20
OI0015496,O006254,P0070,1,131.06,75.18,20
OI0015497,O006254,P0079,1,28.55,21.67,0
OI0015498,O006254,P0095,1,202.91,139.2,15
OI0015499,O006254,P0046,3,310.17,133.53,110
OI0015500,O006255,P0102,2,195.72,100.75,10
OI0015501,O006255,P0076,2,81.73,46.21,0
OI0015502,O006256,P0009,2,102.74,56.37,0
OI0015503,O006256,P0001,1,58.62,26.48,10
OI0015504,O006256,P0089,4,49.96,38.06,0
OI0015505,O006256,P0021,3,217.0,157.06,0
OI0015506,O006257,P0102,-1,195.72,100.75,5
OI0015507,O006257,P0067,1,33.07,19.77,0
OI0015508,O006258,P0007,4,180.16,110.8,10
OI0015509,O006258,P0115,1,66.66,49.6,10
OI0015510,O006259,P0033,-1,211.78,114.87,5
OI0015511,O006260,P0096,2,280.31,123.46,5
OI0015512,O006260,P0055,1,150.07,98.61,15
OI0015513,O006260,P0035,2,326.93,146.56,0
OI0015514,O006261,P0049,1,59.24,43.15,0
OI0015515,O006261,P0040,1,214.96,89.94,10
OI0015516,O006261,P0049,3,59.24,43.15,0
OI0015517,O006261,P0112,2,361.01,177.23,0
OI0015518,O006262,P0002,4,230.82,108.89,10
OI0015519,O006262,P0061,2,241.21,110.37,0
OI0015520,O006262,P0083,1,63.1,34.73,0
OI0015521,O006262,P0010,1,236.09,100.66,0
OI0015522,O006263,P0066,-1,103.29,50.62,0
OI0015523,O006263,P0020,1,185.28,120.72,0
OI0015524,O006263,P0094,1,309.52,160.91,0
OI0015525,O006263,P0077,2,9.56,6.81,0
OI0015526,O006264,P0011,1,116.27,72.14,0
OI0015527,O006264,P0112,1,361.01,177.23,0
OI0015528,O006264,P0028,2,307.09,179.34,10
OI0015529,O006265,P0039,1,66.47,46.73,0
OI0015530,O006265,P0038,1,81.71,51.71,0
OI0015531,O006266,P0081,1,96.93,49.39,5
OI0015532,O006266,P0091,1,196.39,82.27,0
OI0015533,O006266,P0114,4,41.45,23.84,10
OI0015534,O006267,P0036,4,71.47,40.11,10
OI0015535,O006268,P0106,4,56.39,27.98,20
OI0015536,O006269,P0102,2,195.72,100.75,15
OI0015537,O006269,P0064,2,60.15,32.62,15
OI0015538,O006269,P0065,1,270.21,125.01,15
OI0015539,O006270,P0065,2,270.21,125.01,0
OI0015540,O006270,P0045,2,354.19,170.05,20
OI0015541,O006270,P0103,1,100.44,47.01,10
OI0015542,O006271,P0093,1,64.09,40.65,15
OI0015543,O006271,P0012,1,20.32,10.75,10
OI0015544,O006272,P0018,2,281.84,146.67,5
OI0015545,O006273,P0104,1,71.93,33.51,0
OI0015546,O006273,P0050,4,171.47,76.47,0
OI0015547,O006273,P0027,1,283.79,152.07,0
OI0015548,O006273,P0037,1,171.97,76.8,10
OI0015549,O006274,P0045,1,354.19,170.05,15
OI0015550,O006275,P0049,4,59.24,43.15,0
OI0015551,O006276,P0081,1,96.93,49.39,5
OI0015552,O006277,P0094,2,309.52,160.91,5
OI0015553,O006277,P0102,1,195.72,100.75,15
OI0015554,O006277,P0045,1,354.19,170.05,0
OI0015555,O006277,P0044,3,279.36,162.6,0
OI0015556,O006278,P0120,2,123.81,98.52,15
OI0015557,O006278,P0026,2,187.78,112.59,0
OI0015558,O006278,P0025,1,187.19,125.9,0
OI0015559,O006279,P0070,3,131.06,75.18,0
OI0015560,O006279,P0071,2,66.14,34.77,10
OI0015561,O006279,P0040,1,214.96,89.94,0
OI0015562,O006279,P0088,2,236.31,102.24,15
OI0015563,O006280,P0039,1,66.47,46.73,15
OI0015564,O006280,P0014,1,189.67,104.55,5
OI0015565,O006281,P0071,1,66.14,34.77,0
OI0015566,O006282,P0083,1,63.1,34.73,15
OI0015567,O006282,P0119,3,78.86,37.39,0
OI0015568,O006283,P0009,4,102.74,56.37,0
OI0015569,O006283,P0057,-1,95.09,41.82,0
OI0015570,O006283,P0054,3,83.38,49.27,0
OI0015571,O006283,P0115,1,66.66,49.6,0
OI0015572,O006284,P0032,1,148.44,75.4,0
OI0015573,O006284,P0090,1,60.09,33.62,0
OI0015574,O006285,P0062,1,274.98,138.35,10
OI0015575,O006285,P0054,1,83.38,49.27,0
OI0015576,O006286,P0088,4,236.31,102.24,0
OI0015577,O006286,P0045,1,354.19,170.05,0
OI0015578,O006287,P0077,1,9.56,6.81,10
OI0015579,O006287,P0104,3,71.93,33.51,5
OI0015580,O006288,P0117,1,252.27,158.43,0
OI0015581,O006288,P0056,1,385.75,167.31,0
OI0015582,O006288,P0077,1,9.56,6.81,15
OI0015583,O006288,P0015,3,147.82,103.39,15
OI0015584,O006289,P0067,1,33.07,19.77,10
OI0015585,O006289,P0030,2,90.28,41.7,0
OI0015586,O006289,P0101,2,338.95,156.07,10
OI0015587,O006290,P0066,1,103.29,50.62,0
OI0015588,O006290,P0103,3,100.44,47.01,0
OI0015589,O006290,P0113,1,152.02,79.85,0
OI0015590,O006291,P0108,1,299.87,137.39,0
OI0015591,O006291,P0028,2,307.09,179.34,5
OI0015592,O006291,P0042,1,79.85,35.8,0
OI0015593,O006291,P0060,2,306.49,149.27,0
OI0015594,O006292,P0022,2,192.12,85.66,0
OI0015595,O006292,P0107,2,140.71,82.95,0
OI0015596,O006292,P0101,1,338.95,156.07,5
OI0015597,O006293,P0119,1,78.86,37.39,0
OI0015598,O006293,P0035,2,326.93,146.56,10
OI0015599,O006293,P0062,3,274.98,138.35,15
OI0015600,O006293,P0047,1,243.5,159.8,15
OI0015601,O006294,P0067,2,33.07,19.77,0
OI0015602,O006295,P0072,1,272.32,149.77,10
OI0015603,O006295,P0053,1,23.29,11.09,0
OI0015604,O006295,P0116,2,53.16,36.42,20
OI0015605,O006295,P0077,2,9.56,6.81,0
OI0015606,O006296,P0079,1,28.55,21.67,20
OI0015607,O006296,P0100,1,280.83,119.83,20
OI0015608,O006297,P0058,3,224.02,143.13,5
OI0015609,O006297,P0082,1,64.05,28.14,15
OI0015610,O006297,P0044,3,279.36,162.6,15
OI0015611,O006298,P0064,1,60.15,32.62,20
OI0015612,O006298,P0091,1,196.39,82.27,0
OI0015613,O006299,P0102,3,195.72,100.75,0
OI0015614,O006299,P0061,3,241.21,110.37,5
OI0015615,O006299,P0086,2,263.23,167.09,20
OI0015616,O006300,P0046,1,310.17,133.53,10
OI0015617,O006300,P0106,1,56.39,27.98,15
OI0015618,O006301,P0017,1,30.38,15.75,5
OI0015619,O006301,P0070,2,131.06,75.18,0
OI0015620,O006302,P0089,1,49.96,38.06,0
OI0015621,O006302,P0062,1,274.98,138.35,0
OI0015622,O006302,P0001,2,58.62,26.48,0
OI0015623,O006303,P0067,2,33.07,19.77,0
OI0015624,O006303,P0009,1,102.74,56.37,20
OI0015625,O006303,P0003,1,171.57,88.27,10
OI0015626,O006303,P0089,1,49.96,38.06,5
OI0015627,O006304,P0003,1,171.57,88.27,0
OI0015628,O006304,P0009,2,102.74,56.37,0
OI0015629,O006304,P0094,2,309.52,160.91,5
OI0015630,O006305,P0104,3,71.93,33.51,15
OI0015631,O006305,P0012,4,20.32,10.75,5
OI0015632,O006306,P0068,1,103.65,44.29,0
OI0015633,O006306,P0035,2,326.93,146.56,0
OI0015634,O006306,P0103,1,100.44,47.01,10
OI0015635,O006307,P0079,4,28.55,21.67,0
OI0015636,O006307,P0072,1,272.32,149.77,0
OI0015637,O006307,P0003,3,171.57,88.27,15
OI0015638,O006308,P0050,1,171.47,76.47,0
OI0015639,O006308,P0039,1,66.47,46.73,5
OI0015640,O006308,P0115,2,66.66,49.6,0
OI0015641,O006309,P0042,4,79.85,35.8,15
OI0015642,O006309,P0060,1,306.49,149.27,0
OI0015643,O006310,P0086,3,263.23,167.09,0
OI0015644,O006310,P0074,4,62.08,27.78,0
OI0015645,O006310,P0019,3,36.3,22.04,0
OI0015646,O006310,P0103,2,100.44,47.01,0
OI0015647,O006311,P0050,2,171.47,76.47,0
OI0015648,O006311,P0063,1,8.2,5.54,10
OI0015649,O006311,P0019,1,36.3,22.04,5
OI0015650,O006311,P0089,1,49.96,38.06,15
OI0015651,O006312,P0091,1,196.39,82.27,25
OI0015652,O006312,P0072,1,272.32,149.77,0
OI0015653,O006312,P0012,3,20.32,10.75,20
OI0015654,O006312,P0115,3,66.66,49.6,20
OI0015655,O006313,P0038,1,81.71,51.71,0
OI0015656,O006314,P0032,1,148.44,75.4,0
OI0015657,O006314,P0108,1,299.87,137.39,0
OI0015658,O006314,P0014,2,189.67,104.55,0
OI0015659,O006314,P0102,3,195.72,100.75,20
OI0015660,O006315,P0008,1,223.03,120.69,15
OI0015661,O006316,P0029,1,35.33,21.58,0
OI0015662,O006316,P0015,1,147.82,103.39,25
OI0015663,O006316,P0103,1,100.44,47.01,5
OI0015664,O006316,P0061,1,241.21,110.37,10
OI0015665,O006317,P0029,-1,35.33,21.58,0
OI0015666,O006317,P0008,1,223.03,120.69,5
OI0015667,O006318,P0030,2,90.28,41.7,20
OI0015668,O006319,P0032,1,148.44,75.4,0
OI0015669,O006319,P0019,1,36.3,22.04,0
OI0015670,O006319,P0049,1,59.24,43.15,20
OI0015671,O006319,P0074,3,62.08,27.78,0
OI0015672,O006320,P0044,3,279.36,162.6,15
OI0015673,O006321,P0019,1,36.3,22.04,5
OI0015674,O006321,P0012,1,20.32,10.75,10
OI0015675,O006321,P0014,1,189.67,104.55,5
OI0015676,O006321,P0015,2,147.82,103.39,15
OI0015677,O006322,P0086,1,263.23,167.09,10
OI0015678,O006322,P0008,1,223.03,120.69,0
OI0015679,O006322,P0053,1,23.29,11.09,10
OI0015680,O006323,P0100,1,280.83,119.83,15
OI0015681,O006323,P0102,-1,195.72,100.75,0
OI0015682,O006324,P0040,2,214.96,89.94,0
OI0015683,O006325,P0098,1,17.88,10.05,5
OI0015684,O006325,P0030,1,90.28,41.7,5
OI0015685,O006326,P0113,-1,152.02,79.85,0
OI0015686,O006326,P0109,3,39.14,21.27,20
OI0015687,O006326,P0056,1,385.75,167.31,5
OI0015688,O006327,P0088,2,236.31,102.24,5
OI0015689,O006327,P0012,1,20.32,10.75,20
OI0015690,O006327,P0027,2,283.79,152.07,5
OI0015691,O006327,P0096,1,280.31,123.46,5
OI0015692,O006328,P0048,1,316.06,150.66,5
OI0015693,O006329,P0062,1,274.98,138.35,0
OI0015694,O006329,P0012,1,20.32,10.75,20
OI0015695,O006329,P0116,1,53.16,36.42,0
OI0015696,O006330,P0003,1,171.57,88.27,5
OI0015697,O006330,P0027,1,283.79,152.07,15
OI0015698,O006331,P0115,1,66.66,49.6,0
OI0015699,O006331,P0005,1,181.52,92.02,5
OI0015700,O006331,P0048,4,316.06,150.66,15
OI0015701,O006331,P0053,1,23.29,11.09,0
OI0015702,O006332,P0091,3,196.39,82.27,10
OI0015703,O006332,P0036,2,71.47,40.11,0
OI0015704,O006332,P0068,1,103.65,44.29,0
OI0015705,O006332,P0071,1,66.14,34.77,20
OI0015706,O006333,P0078,2,268.06,129.83,0
OI0015707,O006333,P0033,1,211.78,114.87,5
OI0015708,O006333,P0069,1,259.35,175.47,5
OI0015709,O006334,P0075,2,134.51,78.21,5
OI0015710,O006335,P0012,1,20.32,10.75,0
OI0015711,O006336,P0098,2,17.88,10.05,0
OI0015712,O006337,P0008,3,223.03,120.69,20
OI0015713,O006337,P0106,2,56.39,27.98,20
OI0015714,O006337,P0058,1,224.02,143.13,0
OI0015715,O006337,P0089,1,49.96,38.06,0
OI0015716,O006338,P0063,1,8.2,5.54,15
OI0015717,O006338,P0031,4,254.7,145.72,0
OI0015718,O006338,P0057,3,95.09,41.82,0
OI0015719,O006339,P0076,2,81.73,46.21,0
OI0015720,O006339,P0091,2,196.39,82.27,5
OI0015721,O006339,P0061,2,241.21,110.37,25
OI0015722,O006339,P0114,2,41.45,23.84,0
OI0015723,O006340,P0016,2,182.65,108.43,0
OI0015724,O006340,P0016,1,182.65,108.43,15
OI0015725,O006340,P0066,4,103.29,50.62,5
OI0015726,O006340,P0071,1,66.14,34.77,0
OI0015727,O006341,P0011,3,116.27,72.14,5
OI0015728,O006341,P0021,1,217.0,157.06,20
OI0015729,O006341,P0032,1,148.44,75.4,5
OI0015730,O006341,P0117,1,252.27,158.43,10
OI0015731,O006342,P0015,1,147.82,103.39,0
OI0015732,O006342,P0025,4,187.19,125.9,0
OI0015733,O006342,P0114,4,41.45,23.84,0
OI0015734,O006343,P0080,1,392.84,163.94,10
OI0015735,O006343,P0114,1,41.45,23.84,5
OI0015736,O006343,P0101,1,338.95,156.07,0
OI0015737,O006343,P0044,1,279.36,162.6,5
OI0015738,O006344,P0073,1,372.75,170.56,0
OI0015739,O006344,P0091,4,196.39,82.27,10
OI0015740,O006344,P0035,1,326.93,146.56,10
OI0015741,O006344,P0027,1,283.79,152.07,20
OI0015742,O006345,P0022,1,192.12,85.66,10
OI0015743,O006346,P0051,1,104.92,60.39,15
OI0015744,O006346,P0042,1,79.85,35.8,10
OI0015745,O006346,P0028,1,307.09,179.34,0
OI0015746,O006346,P0090,1,60.09,33.62,5
OI0015747,O006347,P0015,4,147.82,103.39,0
OI0015748,O006348,P0111,3,116.59,86.94,5
OI0015749,O006348,P0071,1,66.14,34.77,5
OI0015750,O006349,P0009,1,102.74,56.37,5
OI0015751,O006349,P0015,2,147.82,103.39,5
OI0015752,O006349,P0020,1,185.28,120.72,0
OI0015753,O006349,P0108,2,299.87,137.39,0
OI0015754,O006350,P0089,2,49.96,38.06,5
OI0015755,O006350,P0095,2,202.91,139.2,0
OI0015756,O006350,P0056,2,385.75,167.31,10
OI0015757,O006351,P0114,1,41.45,23.84,0
OI0015758,O006351,P0082,1,64.05,28.14,0
OI0015759,O006351,P0096,2,280.31,123.46,0
OI0015760,O006351,P0080,1,392.84,163.94,0
OI0015761,O006352,P0018,1,281.84,146.67,5
OI0015762,O006352,P0087,2,136.09,59.78,15
OI0015763,O006353,P0089,1,49.96,38.06,5
OI0015764,O006353,P0052,1,142.04,68.52,10
OI0015765,O006354,P0050,1,171.47,76.47,0
OI0015766,O006354,P0050,2,171.47,76.47,0
OI0015767,O006354,P0083,3,63.1,34.73,5
OI0015768,O006355,P0045,2,354.19,170.05,0
OI0015769,O006355,P0051,2,104.92,60.39,5
OI0015770,O006356,P0037,1,171.97,76.8,0
OI0015771,O006356,P0065,-1,270.21,125.01,15
OI0015772,O006356,P0073,1,372.75,170.56,0
OI0015773,O006356,P0101,3,338.95,156.07,10
OI0015774,O006357,P0056,1,385.75,167.31,10
OI0015775,O006357,P0071,1,66.14,34.77,15
OI0015776,O006357,P0080,2,392.84,163.94,0
OI0015777,O006358,P0055,2,150.07,98.61,10
OI0015778,O006358,P0120,2,123.81,98.52,5
OI0015779,O006359,P0048,1,316.06,150.66,0
OI0015780,O006359,P0029,3,35.33,21.58,5
OI0015781,O006359,P0011,1,116.27,72.14,5
OI0015782,O006360,P0116,1,53.16,36.42,10
OI0015783,O006360,P0051,3,104.92,60.39,15
OI0015784,O006360,P0024,1,169.87,104.81,15
OI0015785,O006360,P0044,2,279.36,162.6,15
OI0015786,O006361,P0046,2,310.17,133.53,5
OI0015787,O006362,P0083,3,63.1,34.73,5
OI0015788,O006363,P0119,1,78.86,37.39,15
OI0015789,O006363,P0092,1,51.3,24.69,10
OI0015790,O006364,P0097,1,163.15,70.37,0
OI0015791,O006364,P0050,3,171.47,76.47,0
OI0015792,O006365,P0062,2,274.98,138.35,0
OI0015793,O006366,P0092,2,51.3,24.69,20
OI0015794,O006366,P0110,1,311.63,167.87,0
OI0015795,O006367,P0095,3,202.91,139.2,25
OI0015796,O006368,P0102,1,195.72,100.75,0
OI0015797,O006368,P0018,3,281.84,146.67,0
OI0015798,O006368,P0064,1,60.15,32.62,0
OI0015799,O006369,P0056,1,385.75,167.31,15
OI0015800,O006369,P0084,1,42.76,20.69,0
OI0015801,O006369,P0068,4,103.65,44.29,0
OI0015802,O006370,P0051,4,104.92,60.39,5
OI0015803,O006370,P0075,4,134.51,78.21,5
OI0015804,O006370,P0098,-1,17.88,10.05,0
OI0015805,O006371,P0109,3,39.14,21.27,0
OI0015806,O006372,P0112,1,361.01,177.23,10
OI0015807,O006372,P0118,1,177.52,114.17,0
OI0015808,O006372,P0049,1,59.24,43.15,5
OI0015809,O006373,P0017,2,30.38,15.75,10
OI0015810,O006374,P0022,-1,192.12,85.66,15
OI0015811,O006374,P0116,1,53.16,36.42,5
OI0015812,O006374,P0058,-1,224.02,143.13,5
OI0015813,O006374,P0074,-1,62.08,27.78,5
OI0015814,O006375,P0051,1,104.92,60.39,0
OI0015815,O006376,P0047,4,243.5,159.8,0
OI0015816,O006376,P0107,1,140.71,82.95,5
OI0015817,O006377,P0047,2,243.5,159.8,0
OI0015818,O006378,P0114,1,41.45,23.84,10
OI0015819,O006378,P0093,1,64.09,40.65,0
OI0015820,O006378,P0046,1,310.17,133.53,10
OI0015821,O006378,P0007,3,180.16,110.8,10
OI0015822,O006379,P0096,1,280.31,123.46,5
OI0015823,O006379,P0119,1,78.86,37.39,0
OI0015824,O006379,P0080,1,392.84,163.94,10
OI0015825,O006380,P0086,1,263.23,167.09,0
OI0015826,O006381,P0021,1,217.0,157.06,5
OI0015827,O006382,P0101,3,338.95,156.07,20
OI0015828,O006382,P0061,2,241.21,110.37,5
OI0015829,O006383,P0072,1,272.32,149.77,5
OI0015830,O006383,P0067,1,33.07,19.77,15
OI0015831,O006383,P0062,4,274.98,138.35,0
OI0015832,O006384,P0082,2,64.05,28.14,5
OI0015833,O006384,P0020,3,185.28,120.72,15
OI0015834,O006384,P0118,1,177.52,114.17,20
OI0015835,O006384,P0022,1,192.12,85.66,15
OI0015836,O006385,P0041,3,46.27,32.89,10
OI0015837,O006386,P0027,1,283.79,152.07,0
OI0015838,O006386,P0109,1,39.14,21.27,0
OI0015839,O006386,P0046,1,310.17,133.53,10
OI0015840,O006386,P0043,1,33.48,14.68,20
OI0015841,O006387,P0021,2,217.0,157.06,10
OI0015842,O006387,P0114,2,41.45,23.84,5
OI0015843,O006387,P0048,1,316.06,150.66,10
OI0015844,O006388,P0037,1,171.97,76.8,5
OI0015845,O006389,P0007,1,180.16,110.8,25
OI0015846,O006389,P0057,1,95.09,41.82,5
OI0015847,O006390,P0017,1,30.38,15.75,0
OI0015848,O006391,P0106,2,56.39,27.98,5
OI0015849,O006391,P0020,2,185.28,120.72,0
OI0015850,O006391,P0022,1,192.12,85.66,0
OI0015851,O006391,P0003,1,171.57,88.27,0
OI0015852,O006392,P0065,4,270.21,125.01,0
OI0015853,O006392,P0044,1,279.36,162.6,0
OI0015854,O006392,P0098,3,17.88,10.05,10
OI0015855,O006392,P0016,1,182.65,108.43,10
OI0015856,O006393,P0065,2,270.21,125.01,0
OI0015857,O006393,P0017,1,30.38,15.75,0
OI0015858,O006393,P0095,1,202.91,139.2,15
OI0015859,O006394,P0063,1,8.2,5.54,5
OI0015860,O006394,P0005,1,181.52,92.02,20
OI0015861,O006395,P0086,1,263.23,167.09,0
OI0015862,O006395,P0050,1,171.47,76.47,20
OI0015863,O006395,P0013,1,127.84,91.01,5
OI0015864,O006396,P0045,1,354.19,170.05,0
OI0015865,O006396,P0092,1,51.3,24.69,0
OI0015866,O006396,P0094,4,309.52,160.91,0
OI0015867,O006396,P0033,4,211.78,114.87,15
OI0015868,O006397,P0091,3,196.39,82.27,10
OI0015869,O006398,P0103,1,100.44,47.01,0
OI0015870,O006398,P0093,1,64.09,40.65,0
OI0015871,O006399,P0052,1,142.04,68.52,15
OI0015872,O006399,P0019,1,36.3,22.04,10
OI0015873,O006400,P0118,3,177.52,114.17,5
OI0015874,O006400,P0084,1,42.76,20.69,0
OI0015875,O006401,P0059,1,310.18,133.96,0
OI0015876,O006402,P0058,1,224.02,143.13,0
OI0015877,O006402,P0041,4,46.27,32.89,5
OI0015878,O006402,P0025,1,187.19,125.9,20
OI0015879,O006402,P0095,1,202.91,139.2,10
OI0015880,O006403,P0084,1,42.76,20.69,10
OI0015881,O006403,P0088,1,236.31,102.24,0
OI0015882,O006403,P0115,2,66.66,49.6,0
OI0015883,O006403,P0049,1,59.24,43.15,0
OI0015884,O006404,P0005,1,181.52,92.02,5
OI0015885,O006404,P0001,2,58.62,26.48,15
OI0015886,O006404,P0055,1,150.07,98.61,0
OI0015887,O006404,P0054,1,83.38,49.27,10
OI0015888,O006405,P0077,1,9.56,6.81,0
OI0015889,O006405,P0093,1,64.09,40.65,0
OI0015890,O006405,P0095,1,202.91,139.2,20
OI0015891,O006405,P0096,2,280.31,123.46,20
OI0015892,O006406,P0115,2,66.66,49.6,0
OI0015893,O006406,P0027,2,283.79,152.07,10
OI0015894,O006406,P0016,1,182.65,108.43,15
OI0015895,O006406,P0055,1,150.07,98.61,0
OI0015896,O006407,P0076,1,81.73,46.21,0
OI0015897,O006407,P0055,2,150.07,98.61,15
OI0015898,O006407,P0026,2,187.78,112.59,0
OI0015899,O006408,P0077,-1,9.56,6.81,10
OI0015900,O006408,P0007,1,180.16,110.8,10
OI0015901,O006409,P0092,1,51.3,24.69,5
OI0015902,O006409,P0013,1,127.84,91.01,20
OI0015903,O006409,P0106,1,56.39,27.98,20
OI0015904,O006410,P0055,1,150.07,98.61,10
OI0015905,O006410,P0016,1,182.65,108.43,5
OI0015906,O006411,P0081,2,96.93,49.39,25
OI0015907,O006411,P0064,1,60.15,32.62,10
OI0015908,O006411,P0037,3,171.97,76.8,10
OI0015909,O006412,P0040,1,214.96,89.94,0
OI0015910,O006412,P0086,1,263.23,167.09,5
OI0015911,O006412,P0120,1,123.81,98.52,0
OI0015912,O006412,P0008,2,223.03,120.69,0
OI0015913,O006413,P0027,1,283.79,152.07,25
OI0015914,O006414,P0110,2,311.63,167.87,20
OI0015915,O006414,P0025,2,187.19,125.9,5
OI0015916,O006414,P0086,2,263.23,167.09,0
OI0015917,O006415,P0075,-1,134.51,78.21,20
OI0015918,O006415,P0028,2,307.09,179.34,20
OI0015919,O006415,P0008,1,223.03,120.69,15
OI0015920,O006416,P0045,2,354.19,170.05,10
OI0015921,O006417,P0086,1,263.23,167.09,10
OI0015922,O006417,P0030,3,90.28,41.7,5
OI0015923,O006417,P0076,2,81.73,46.21,10
OI0015924,O006417,P0047,2,243.5,159.8,0
OI0015925,O006418,P0019,1,36.3,22.04,0
OI0015926,O006418,P0050,1,171.47,76.47,110
OI0015927,O006418,P0010,1,236.09,100.66,0
OI0015928,O006418,P0008,1,223.03,120.69,10
OI0015929,O006419,P0008,2,223.03,120.69,0
OI0015930,O006419,P0003,1,171.57,88.27,0
OI0015931,O006420,P0009,2,102.74,56.37,0
OI0015932,O006420,P0049,3,59.24,43.15,5
OI0015933,O006421,P0069,2,259.35,175.47,10
OI0015934,O006422,P0046,3,310.17,133.53,5
OI0015935,O006422,P0084,3,42.76,20.69,0
OI0015936,O006422,P0101,1,338.95,156.07,0
OI0015937,O006422,P0073,2,372.75,170.56,110
OI0015938,O006423,P0011,1,116.27,72.14,20
OI0015939,O006423,P0049,1,59.24,43.15,20
OI0015940,O006424,P0031,1,254.7,145.72,0
OI0015941,O006424,P0025,1,187.19,125.9,10
OI0015942,O006425,P0024,1,169.87,104.81,0
OI0015943,O006425,P0091,2,196.39,82.27,0
OI0015944,O006426,P0071,1,66.14,34.77,25
OI0015945,O006427,P0052,1,142.04,68.52,0
OI0015946,O006427,P0088,1,236.31,102.24,0
OI0015947,O006427,P0070,1,131.06,75.18,20
OI0015948,O006428,P0091,1,196.39,82.27,10
OI0015949,O006428,P0025,1,187.19,125.9,5
OI0015950,O006428,P0105,1,124.3,57.25,25
OI0015951,O006428,P0027,1,283.79,152.07,5
OI0015952,O006429,P0003,4,171.57,88.27,15
OI0015953,O006429,P0030,2,90.28,41.7,5
OI0015954,O006429,P0002,4,230.82,108.89,15
OI0015955,O006430,P0078,1,268.06,129.83,5
OI0015956,O006431,P0105,1,124.3,57.25,0
OI0015957,O006431,P0068,2,103.65,44.29,0
OI0015958,O006431,P0098,1,17.88,10.05,0
OI0015959,O006432,P0026,1,187.78,112.59,0
OI0015960,O006432,P0045,2,354.19,170.05,15
OI0015961,O006432,P0069,1,259.35,175.47,25
OI0015962,O006433,P0032,3,148.44,75.4,0
OI0015963,O006433,P0105,2,124.3,57.25,5
OI0015964,O006433,P0048,2,316.06,150.66,10
OI0015965,O006434,P0060,1,306.49,149.27,20
OI0015966,O006435,P0117,2,252.27,158.43,25
OI0015967,O006435,P0010,1,236.09,100.66,5
OI0015968,O006435,P0083,4,63.1,34.73,0
OI0015969,O006436,P0014,2,189.67,104.55,0
OI0015970,O006437,P0088,1,236.31,102.24,0
OI0015971,O006438,P0113,1,152.02,79.85,5
OI0015972,O006438,P0017,1,30.38,15.75,0
OI0015973,O006439,P0101,1,338.95,156.07,0
OI0015974,O006439,P0095,3,202.91,139.2,0
OI0015975,O006440,P0043,1,33.48,14.68,10
OI0015976,O006440,P0078,1,268.06,129.83,20
OI0015977,O006440,P0043,1,33.48,14.68,5
OI0015978,O006440,P0030,1,90.28,41.7,5
OI0015979,O006441,P0029,2,35.33,21.58,5
OI0015980,O006441,P0102,1,195.72,100.75,5
OI0015981,O006442,P0016,4,182.65,108.43,10
OI0015982,O006442,P0080,2,392.84,163.94,0
OI0015983,O006442,P0079,1,28.55,21.67,10
OI0015984,O006443,P0055,2,150.07,98.61,0
OI0015985,O006444,P0062,3,274.98,138.35,0
OI0015986,O006444,P0119,1,78.86,37.39,0
OI0015987,O006444,P0006,2,273.98,150.3,0
OI0015988,O006444,P0019,1,36.3,22.04,5
OI0015989,O006445,P0102,4,195.72,100.75,0
OI0015990,O006445,P0118,1,177.52,114.17,15
OI0015991,O006445,P0028,1,307.09,179.34,15
OI0015992,O006445,P0050,1,171.47,76.47,0
OI0015993,O006446,P0024,3,169.87,104.81,15
OI0015994,O006446,P0036,1,71.47,40.11,25
OI0015995,O006447,P0029,3,35.33,21.58,0
OI0015996,O006447,P0069,1,259.35,175.47,25
OI0015997,O006447,P0067,3,33.07,19.77,10
OI0015998,O006447,P0071,1,66.14,34.77,0
OI0015999,O006448,P0053,1,23.29,11.09,0
OI0016000,O006449,P0046,2,310.17,133.53,5
OI0016001,O006449,P0102,4,195.72,100.75,0
OI0016002,O006450,P0113,1,152.02,79.85,20
OI0016003,O006450,P0012,1,20.32,10.75,10
OI0016004,O006450,P0078,1,268.06,129.83,0
OI0016005,O006451,P0114,1,41.45,23.84,0
OI0016006,O006451,P0027,1,283.79,152.07,5
OI0016007,O006451,P0073,1,372.75,170.56,0
OI0016008,O006451,P0107,3,140.71,82.95,5
OI0016009,O006452,P0116,2,53.16,36.42,0
OI0016010,O006452,P0048,1,316.06,150.66,15
OI0016011,O006452,P0113,3,152.02,79.85,10
OI0016012,O006452,P0056,1,385.75,167.31,0
OI0016013,O006453,P0019,2,36.3,22.04,0
OI0016014,O006453,P0078,4,268.06,129.83,20
OI0016015,O006454,P0013,2,127.84,91.01,0
OI0016016,O006455,P0113,1,152.02,79.85,0
OI0016017,O006456,P0041,2,46.27,32.89,5
OI0016018,O006456,P0085,1,142.09,59.82,10
OI0016019,O006456,P0054,1,83.38,49.27,0
OI0016020,O006457,P0099,1,179.3,114.96,0
OI0016021,O006457,P0038,1,81.71,51.71,20
OI0016022,O006457,P0103,1,100.44,47.01,10
OI0016023,O006458,P0106,2,56.39,27.98,20
OI0016024,O006458,P0017,2,30.38,15.75,10
OI0016025,O006458,P0036,1,71.47,40.11,0
OI0016026,O006458,P0020,2,185.28,120.72,0
OI0016027,O006459,P0035,2,326.93,146.56,0
OI0016028,O006460,P0110,2,311.63,167.87,20
OI0016029,O006461,P0120,1,123.81,98.52,5
OI0016030,O006462,P0029,2,35.33,21.58,0
OI0016031,O006462,P0045,1,354.19,170.05,5
OI0016032,O006462,P0089,1,49.96,38.06,0
OI0016033,O006462,P0093,1,64.09,40.65,0
OI0016034,O006463,P0042,1,79.85,35.8,0
OI0016035,O006463,P0104,1,71.93,33.51,20
OI0016036,O006464,P0022,1,192.12,85.66,0
OI0016037,O006464,P0086,1,263.23,167.09,5
OI0016038,O006464,P0018,1,281.84,146.67,15
OI0016039,O006464,P0083,3,63.1,34.73,15
OI0016040,O006465,P0075,3,134.51,78.21,0
OI0016041,O006465,P0053,1,23.29,11.09,0
OI0016042,O006465,P0007,1,180.16,110.8,0
OI0016043,O006466,P0061,3,241.21,110.37,20
OI0016044,O006466,P0019,4,36.3,22.04,0
OI0016045,O006466,P0085,1,142.09,59.82,0
OI0016046,O006466,P0094,2,309.52,160.91,15
OI0016047,O006467,P0110,2,311.63,167.87,0
OI0016048,O006468,P0101,3,338.95,156.07,10
OI0016049,O006468,P0101,3,338.95,156.07,0
OI0016050,O006469,P0030,2,90.28,41.7,5
OI0016051,O006470,P0025,2,187.19,125.9,5
OI0016052,O006470,P0045,2,354.19,170.05,20
OI0016053,O006471,P0091,2,196.39,82.27,0
OI0016054,O006471,P0009,3,102.74,56.37,10
OI0016055,O006471,P0047,1,243.5,159.8,0
OI0016056,O006472,P0085,1,142.09,59.82,0
OI0016057,O006472,P0115,3,66.66,49.6,0
OI0016058,O006473,P0070,1,131.06,75.18,0
OI0016059,O006474,P0031,3,254.7,145.72,10
OI0016060,O006474,P0091,2,196.39,82.27,10
OI0016061,O006474,P0086,2,263.23,167.09,15
OI0016062,O006475,P0041,2,46.27,32.89,15
OI0016063,O006475,P0016,3,182.65,108.43,0
OI0016064,O006476,P0002,1,230.82,108.89,15
OI0016065,O006477,P0015,1,147.82,103.39,0
OI0016066,O006478,P0007,3,180.16,110.8,5
OI0016067,O006478,P0102,1,195.72,100.75,0
OI0016068,O006479,P0023,2,15.34,8.57,5
OI0016069,O006479,P0096,1,280.31,123.46,0
OI0016070,O006479,P0069,2,259.35,175.47,0
OI0016071,O006479,P0094,1,309.52,160.91,10
OI0016072,O006480,P0068,2,103.65,44.29,0
OI0016073,O006480,P0065,2,270.21,125.01,5
OI0016074,O006480,P0024,2,169.87,104.81,0
OI0016075,O006481,P0003,1,171.57,88.27,10
OI0016076,O006481,P0024,1,169.87,104.81,0
OI0016077,O006481,P0117,1,252.27,158.43,5
OI0016078,O006481,P0092,2,51.3,24.69,5
OI0016079,O006482,P0017,2,30.38,15.75,25
OI0016080,O006482,P0042,1,79.85,35.8,0
OI0016081,O006482,P0088,1,236.31,102.24,0
OI0016082,O006482,P0081,1,96.93,49.39,20
OI0016083,O006483,P0010,2,236.09,100.66,0
OI0016084,O006484,P0040,1,214.96,89.94,20
OI0016085,O006485,P0092,4,51.3,24.69,5
OI0016086,O006485,P0103,2,100.44,47.01,0
OI0016087,O006485,P0099,1,179.3,114.96,20
OI0016088,O006486,P0007,1,180.16,110.8,10
OI0016089,O006487,P0056,3,385.75,167.31,20
OI0016090,O006487,P0071,3,66.14,34.77,15
OI0016091,O006487,P0046,1,310.17,133.53,0
OI0016092,O006488,P0120,2,123.81,98.52,15
OI0016093,O006488,P0060,4,306.49,149.27,10
OI0016094,O006489,P0053,4,23.29,11.09,0
OI0016095,O006489,P0058,4,224.02,143.13,25
OI0016096,O006489,P0075,1,134.51,78.21,0
OI0016097,O006489,P0088,2,236.31,102.24,0
OI0016098,O006490,P0058,2,224.02,143.13,5
OI0016099,O006490,P0038,3,81.71,51.71,20
OI0016100,O006490,P0069,2,259.35,175.47,25
OI0016101,O006491,P0027,1,283.79,152.07,10
OI0016102,O006491,P0043,2,33.48,14.68,0
OI0016103,O006491,P0005,2,181.52,92.02,15
OI0016104,O006491,P0012,1,20.32,10.75,20
OI0016105,O006492,P0078,1,268.06,129.83,20
OI0016106,O006492,P0092,2,51.3,24.69,5
OI0016107,O006492,P0064,1,60.15,32.62,10
OI0016108,O006493,P0094,2,309.52,160.91,0
OI0016109,O006493,P0017,1,30.38,15.75,15
OI0016110,O006493,P0070,1,131.06,75.18,20
OI0016111,O006494,P0072,2,272.32,149.77,5
OI0016112,O006494,P0048,3,316.06,150.66,20
OI0016113,O006494,P0084,1,42.76,20.69,5
OI0016114,O006494,P0021,3,217.0,157.06,0
OI0016115,O006495,P0047,1,243.5,159.8,5
OI0016116,O006495,P0093,1,64.09,40.65,20
OI0016117,O006495,P0105,1,124.3,57.25,5
OI0016118,O006496,P0093,1,64.09,40.65,10
OI0016119,O006496,P0053,1,23.29,11.09,10
OI0016120,O006497,P0108,1,299.87,137.39,10
OI0016121,O006497,P0004,1,114.79,53.81,0
OI0016122,O006497,P0035,1,326.93,146.56,0
OI0016123,O006498,P0043,2,33.48,14.68,0
OI0016124,O006498,P0081,1,96.93,49.39,0
OI0016125,O006498,P0071,4,66.14,34.77,0
OI0016126,O006498,P0061,1,241.21,110.37,0
OI0016127,O006499,P0091,1,196.39,82.27,0
OI0016128,O006500,P0029,1,35.33,21.58,0
OI0016129,O006501,P0119,2,78.86,37.39,5
OI0016130,O006501,P0120,1,123.81,98.52,15
OI0016131,O006501,P0082,2,64.05,28.14,20
OI0016132,O006501,P0117,1,252.27,158.43,15
OI0016133,O006502,P0062,3,274.98,138.35,5
OI0016134,O006503,P0076,3,81.73,46.21,0
OI0016135,O006503,P0002,1,230.82,108.89,0
OI0016136,O006504,P0051,3,104.92,60.39,5
OI0016137,O006504,P0009,1,102.74,56.37,0
OI0016138,O006505,P0006,3,273.98,150.3,0
OI0016139,O006505,P0036,4,71.47,40.11,0
OI0016140,O006505,P0104,2,71.93,33.51,5
OI0016141,O006506,P0105,1,124.3,57.25,25
OI0016142,O006506,P0049,2,59.24,43.15,15
OI0016143,O006507,P0010,1,236.09,100.66,5
OI0016144,O006507,P0022,4,192.12,85.66,0
OI0016145,O006507,P0105,2,124.3,57.25,0
OI0016146,O006507,P0101,1,338.95,156.07,0
OI0016147,O006508,P0071,1,66.14,34.77,10
OI0016148,O006509,P0055,3,150.07,98.61,25
OI0016149,O006509,P0079,1,28.55,21.67,15
OI0016150,O006509,P0106,2,56.39,27.98,0
OI0016151,O006509,P0119,2,78.86,37.39,0
OI0016152,O006510,P0020,1,185.28,120.72,0
OI0016153,O006510,P0100,1,280.83,119.83,0
OI0016154,O006511,P0113,-1,152.02,79.85,0
OI0016155,O006511,P0100,2,280.83,119.83,0
OI0016156,O006511,P0101,1,338.95,156.07,20
OI0016157,O006511,P0002,4,230.82,108.89,0
OI0016158,O006512,P0079,1,28.55,21.67,20
OI0016159,O006512,P0024,1,169.87,104.81,0
OI0016160,O006513,P0097,2,163.15,70.37,0
OI0016161,O006513,P0032,2,148.44,75.4,0
OI0016162,O006513,P0042,2,79.85,35.8,5
OI0016163,O006514,P0016,2,182.65,108.43,0
OI0016164,O006514,P0115,3,66.66,49.6,0
OI0016165,O006515,P0102,-1,195.72,100.75,10
OI0016166,O006516,P0065,4,270.21,125.01,20
OI0016167,O006517,P0078,1,268.06,129.83,0
OI0016168,O006518,P0030,4,90.28,41.7,0
OI0016169,O006519,P0110,1,311.63,167.87,20
OI0016170,O006519,P0017,1,30.38,15.75,5
OI0016171,O006519,P0044,1,279.36,162.6,20
OI0016172,O006519,P0012,1,20.32,10.75,10
OI0016173,O006520,P0023,2,15.34,8.57,15
OI0016174,O006520,P0120,1,123.81,98.52,0
OI0016175,O006520,P0064,2,60.15,32.62,15
OI0016176,O006520,P0082,4,64.05,28.14,0
OI0016177,O006521,P0068,2,103.65,44.29,5
OI0016178,O006521,P0035,1,326.93,146.56,0
OI0016179,O006521,P0021,2,217.0,157.06,20
OI0016180,O006522,P0061,3,241.21,110.37,20
OI0016181,O006523,P0056,1,385.75,167.31,15
OI0016182,O006523,P0034,1,265.11,120.64,15
OI0016183,O006523,P0015,1,147.82,103.39,10
OI0016184,O006523,P0070,2,131.06,75.18,0
OI0016185,O006524,P0054,3,83.38,49.27,0
OI0016186,O006524,P0016,2,182.65,108.43,5
OI0016187,O006524,P0074,1,62.08,27.78,15
OI0016188,O006525,P0022,3,192.12,85.66,15
OI0016189,O006525,P0030,1,90.28,41.7,0
OI0016190,O006525,P0055,1,150.07,98.61,5
OI0016191,O006526,P0100,4,280.83,119.83,0
OI0016192,O006526,P0096,3,280.31,123.46,0
OI0016193,O006527,P0007,1,180.16,110.8,20
OI0016194,O006527,P0060,2,306.49,149.27,0
OI0016195,O006528,P0106,1,56.39,27.98,0
OI0016196,O006528,P0079,1,28.55,21.67,10
OI0016197,O006528,P0113,1,152.02,79.85,10
OI0016198,O006529,P0063,2,8.2,5.54,0
OI0016199,O006530,P0046,1,310.17,133.53,5
OI0016200,O006530,P0045,3,354.19,170.05,0
OI0016201,O006531,P0003,2,171.57,88.27,0
OI0016202,O006531,P0028,1,307.09,179.34,0
OI0016203,O006531,P0081,2,96.93,49.39,0
OI0016204,O006532,P0079,1,28.55,21.67,20
OI0016205,O006532,P0063,1,8.2,5.54,0
OI0016206,O006532,P0066,1,103.29,50.62,20
OI0016207,O006533,P0052,3,142.04,68.52,15
OI0016208,O006534,P0092,2,51.3,24.69,0
OI0016209,O006534,P0077,1,9.56,6.81,15
OI0016210,O006534,P0004,2,114.79,53.81,5
OI0016211,O006535,P0120,3,123.81,98.52,20
OI0016212,O006535,P0066,1,103.29,50.62,0
OI0016213,O006535,P0010,2,236.09,100.66,5
OI0016214,O006536,P0018,1,281.84,146.67,5
OI0016215,O006537,P0016,2,182.65,108.43,0
OI0016216,O006537,P0114,1,41.45,23.84,10
OI0016217,O006537,P0035,1,326.93,146.56,10
OI0016218,O006537,P0080,2,392.84,163.94,0
OI0016219,O006538,P0102,2,195.72,100.75,0
OI0016220,O006539,P0040,2,214.96,89.94,5
OI0016221,O006540,P0034,1,265.11,120.64,10
OI0016222,O006540,P0012,2,20.32,10.75,0
OI0016223,O006540,P0009,1,102.74,56.37,0
OI0016224,O006540,P0019,1,36.3,22.04,5
OI0016225,O006541,P0039,3,66.47,46.73,0
OI0016226,O006542,P0022,1,192.12,85.66,0
OI0016227,O006542,P0008,3,223.03,120.69,0
OI0016228,O006543,P0075,1,134.51,78.21,0
OI0016229,O006544,P0005,1,181.52,92.02,5
OI0016230,O006544,P0015,2,147.82,103.39,5
OI0016231,O006545,P0091,1,196.39,82.27,0
OI0016232,O006545,P0049,2,59.24,43.15,0
OI0016233,O006545,P0036,3,71.47,40.11,5
OI0016234,O006545,P0095,2,202.91,139.2,5
OI0016235,O006546,P0114,1,41.45,23.84,5
OI0016236,O006546,P0051,1,104.92,60.39,5
OI0016237,O006547,P0081,1,96.93,49.39,5
OI0016238,O006548,P0026,1,187.78,112.59,5
OI0016239,O006548,P0097,1,163.15,70.37,0
OI0016240,O006548,P0068,1,103.65,44.29,20
OI0016241,O006549,P0024,1,169.87,104.81,10
OI0016242,O006549,P0076,1,81.73,46.21,20
OI0016243,O006550,P0060,1,306.49,149.27,110
OI0016244,O006550,P0096,1,280.31,123.46,0
OI0016245,O006550,P0074,3,62.08,27.78,20
OI0016246,O006550,P0023,1,15.34,8.57,0
OI0016247,O006551,P0065,4,270.21,125.01,5
OI0016248,O006551,P0052,1,142.04,68.52,0
OI0016249,O006551,P0076,1,81.73,46.21,0
OI0016250,O006552,P0019,1,36.3,22.04,0
OI0016251,O006552,P0003,1,171.57,88.27,0
OI0016252,O006553,P0112,2,361.01,177.23,10
OI0016253,O006553,P0005,1,181.52,92.02,10
OI0016254,O006553,P0058,1,224.02,143.13,5
OI0016255,O006553,P0092,3,51.3,24.69,20
OI0016256,O006554,P0005,1,181.52,92.02,0
OI0016257,O006554,P0105,1,124.3,57.25,25
OI0016258,O006554,P0039,1,66.47,46.73,5
OI0016259,O006555,P0040,1,214.96,89.94,15
OI0016260,O006556,P0103,3,100.44,47.01,0
OI0016261,O006556,P0072,2,272.32,149.77,5
OI0016262,O006556,P0045,1,354.19,170.05,0
OI0016263,O006557,P0037,-1,171.97,76.8,15
OI0016264,O006557,P0070,3,131.06,75.18,0
OI0016265,O006557,P0065,1,270.21,125.01,10
OI0016266,O006557,P0064,2,60.15,32.62,15
OI0016267,O006558,P0110,3,311.63,167.87,0
OI0016268,O006558,P0114,1,41.45,23.84,15
OI0016269,O006558,P0106,1,56.39,27.98,0
OI0016270,O006559,P0089,1,49.96,38.06,5
OI0016271,O006559,P0012,1,20.32,10.75,0
OI0016272,O006560,P0036,1,71.47,40.11,15
OI0016273,O006560,P0083,1,63.1,34.73,5
OI0016274,O006560,P0023,1,15.34,8.57,0
OI0016275,O006560,P0067,1,33.07,19.77,15
OI0016276,O006561,P0049,1,59.24,43.15,0
OI0016277,O006561,P0098,2,17.88,10.05,0
OI0016278,O006561,P0019,3,36.3,22.04,15
OI0016279,O006561,P0063,4,8.2,5.54,15
OI0016280,O006562,P0092,1,51.3,24.69,0
OI0016281,O006562,P0074,1,62.08,27.78,0
OI0016282,O006563,P0015,1,147.82,103.39,0
OI0016283,O006564,P0040,1,214.96,89.94,20
OI0016284,O006564,P0080,1,392.84,163.94,10
OI0016285,O006564,P0052,2,142.04,68.52,5
OI0016286,O006565,P0054,2,83.38,49.27,5
OI0016287,O006565,P0032,1,148.44,75.4,5
OI0016288,O006565,P0095,1,202.91,139.2,20
OI0016289,O006566,P0054,2,83.38,49.27,0
OI0016290,O006567,P0119,1,78.86,37.39,0
OI0016291,O006568,P0065,1,270.21,125.01,20
OI0016292,O006569,P0010,1,236.09,100.66,5
OI0016293,O006569,P0041,1,46.27,32.89,0
OI0016294,O006569,P0114,2,41.45,23.84,10
OI0016295,O006569,P0109,1,39.14,21.27,0
OI0016296,O006570,P0069,1,259.35,175.47,10
OI0016297,O006570,P0072,1,272.32,149.77,25
OI0016298,O006570,P0032,2,148.44,75.4,15
OI0016299,O006571,P0108,1,299.87,137.39,110
OI0016300,O006571,P0020,3,185.28,120.72,10
OI0016301,O006571,P0024,1,169.87,104.81,5
OI0016302,O006572,P0119,3,78.86,37.39,10
OI0016303,O006573,P0107,4,140.71,82.95,0
OI0016304,O006573,P0065,2,270.21,125.01,20
OI0016305,O006573,P0031,4,254.7,145.72,0
OI0016306,O006573,P0057,2,95.09,41.82,0
OI0016307,O006574,P0113,1,152.02,79.85,15
OI0016308,O006574,P0017,1,30.38,15.75,5
OI0016309,O006574,P0023,1,15.34,8.57,10
OI0016310,O006575,P0002,2,230.82,108.89,0
OI0016311,O006575,P0089,1,49.96,38.06,0
OI0016312,O006575,P0109,1,39.14,21.27,10
OI0016313,O006575,P0104,2,71.93,33.51,0
OI0016314,O006576,P0047,1,243.5,159.8,0
OI0016315,O006577,P0072,1,272.32,149.77,20
OI0016316,O006577,P0080,1,392.84,163.94,5
OI0016317,O006578,P0114,1,41.45,23.84,5
OI0016318,O006579,P0022,2,192.12,85.66,0
OI0016319,O006579,P0102,1,195.72,100.75,20
OI0016320,O006579,P0030,1,90.28,41.7,20
OI0016321,O006579,P0087,3,136.09,59.78,20
OI0016322,O006580,P0061,3,241.21,110.37,20
OI0016323,O006580,P0017,2,30.38,15.75,10
OI0016324,O006580,P0006,2,273.98,150.3,5
OI0016325,O006581,P0013,1,127.84,91.01,0
OI0016326,O006581,P0082,4,64.05,28.14,5
OI0016327,O006581,P0018,1,281.84,146.67,0
OI0016328,O006581,P0006,1,273.98,150.3,20
OI0016329,O006582,P0077,1,9.56,6.81,10
OI0016330,O006583,P0115,2,66.66,49.6,5
OI0016331,O006584,P0110,2,311.63,167.87,0
OI0016332,O006585,P0078,1,268.06,129.83,10
OI0016333,O006585,P0075,2,134.51,78.21,20
OI0016334,O006585,P0073,1,372.75,170.56,10
OI0016335,O006586,P0060,1,306.49,149.27,10
OI0016336,O006586,P0093,1,64.09,40.65,5
OI0016337,O006587,P0104,2,71.93,33.51,10
OI0016338,O006587,P0120,1,123.81,98.52,5
OI0016339,O006588,P0098,3,17.88,10.05,20
OI0016340,O006588,P0075,4,134.51,78.21,10
OI0016341,O006588,P0113,1,152.02,79.85,15
OI0016342,O006588,P0058,2,224.02,143.13,0
OI0016343,O006589,P0047,1,243.5,159.8,15
OI0016344,O006590,P0057,-1,95.09,41.82,0
OI0016345,O006590,P0050,4,171.47,76.47,10
OI0016346,O006591,P0009,2,102.74,56.37,15
OI0016347,O006591,P0035,2,326.93,146.56,0
OI0016348,O006591,P0035,4,326.93,146.56,0
OI0016349,O006591,P0056,1,385.75,167.31,0
OI0016350,O006592,P0082,2,64.05,28.14,110
OI0016351,O006592,P0089,1,49.96,38.06,0
OI0016352,O006593,P0099,3,179.3,114.96,0
OI0016353,O006594,P0009,1,102.74,56.37,25
OI0016354,O006594,P0049,1,59.24,43.15,10
OI0016355,O006594,P0022,1,192.12,85.66,0
OI0016356,O006594,P0042,1,79.85,35.8,20
OI0016357,O006595,P0021,1,217.0,157.06,5
OI0016358,O006595,P0055,1,150.07,98.61,5
OI0016359,O006595,P0061,3,241.21,110.37,0
OI0016360,O006596,P0094,3,309.52,160.91,5
OI0016361,O006597,P0044,1,279.36,162.6,10
OI0016362,O006598,P0008,2,223.03,120.69,10
OI0016363,O006598,P0050,3,171.47,76.47,0
OI0016364,O006598,P0006,3,273.98,150.3,15
OI0016365,O006598,P0063,1,8.2,5.54,0
OI0016366,O006599,P0068,2,103.65,44.29,15
OI0016367,O006599,P0059,2,310.18,133.96,5
OI0016368,O006600,P0020,1,185.28,120.72,15
OI0016369,O006601,P0056,1,385.75,167.31,0
OI0016370,O006601,P0023,1,15.34,8.57,5
OI0016371,O006601,P0092,1,51.3,24.69,0
OI0016372,O006601,P0033,2,211.78,114.87,0
OI0016373,O006602,P0023,1,15.34,8.57,0
OI0016374,O006603,P0061,1,241.21,110.37,0
OI0016375,O006604,P0061,1,241.21,110.37,15
OI0016376,O006604,P0002,1,230.82,108.89,0
OI0016377,O006604,P0075,1,134.51,78.21,0
OI0016378,O006604,P0093,1,64.09,40.65,0
OI0016379,O006605,P0067,1,33.07,19.77,10
OI0016380,O006605,P0016,1,182.65,108.43,15
OI0016381,O006606,P0113,1,152.02,79.85,10
OI0016382,O006607,P0104,-1,71.93,33.51,0
OI0016383,O006607,P0057,1,95.09,41.82,0
OI0016384,O006607,P0105,2,124.3,57.25,0
OI0016385,O006607,P0114,1,41.45,23.84,5
OI0016386,O006608,P0027,1,283.79,152.07,0
OI0016387,O006609,P0052,1,142.04,68.52,10
OI0016388,O006610,P0088,2,236.31,102.24,15
OI0016389,O006610,P0025,2,187.19,125.9,15
OI0016390,O006610,P0079,1,28.55,21.67,10
OI0016391,O006611,P0057,2,95.09,41.82,20
OI0016392,O006611,P0063,1,8.2,5.54,20
OI0016393,O006611,P0017,1,30.38,15.75,15
OI0016394,O006611,P0029,1,35.33,21.58,0
OI0016395,O006612,P0035,1,326.93,146.56,5
OI0016396,O006612,P0050,2,171.47,76.47,0
OI0016397,O006612,P0045,4,354.19,170.05,0
OI0016398,O006612,P0094,1,309.52,160.91,15
OI0016399,O006613,P0011,1,116.27,72.14,0
OI0016400,O006613,P0014,4,189.67,104.55,10
OI0016401,O006613,P0113,1,152.02,79.85,15
OI0016402,O006614,P0010,2,236.09,100.66,0
OI0016403,O006614,P0016,1,182.65,108.43,15
OI0016404,O006614,P0022,3,192.12,85.66,15
OI0016405,O006615,P0036,1,71.47,40.11,5
OI0016406,O006615,P0016,1,182.65,108.43,0
OI0016407,O006615,P0106,1,56.39,27.98,15
OI0016408,O006615,P0001,1,58.62,26.48,0
OI0016409,O006616,P0001,1,58.62,26.48,0
OI0016410,O006616,P0067,2,33.07,19.77,10
OI0016411,O006616,P0044,3,279.36,162.6,0
OI0016412,O006617,P0042,2,79.85,35.8,0
OI0016413,O006617,P0095,4,202.91,139.2,0
OI0016414,O006617,P0003,3,171.57,88.27,15
OI0016415,O006617,P0089,1,49.96,38.06,10
OI0016416,O006618,P0064,-1,60.15,32.62,10
OI0016417,O006619,P0032,1,148.44,75.4,0
OI0016418,O006620,P0118,1,177.52,114.17,0
OI0016419,O006621,P0030,2,90.28,41.7,0
OI0016420,O006622,P0080,1,392.84,163.94,0
OI0016421,O006622,P0031,2,254.7,145.72,0
OI0016422,O006622,P0045,1,354.19,170.05,0
OI0016423,O006623,P0041,1,46.27,32.89,10
OI0016424,O006623,P0095,2,202.91,139.2,10
OI0016425,O006623,P0010,1,236.09,100.66,0
OI0016426,O006624,P0037,4,171.97,76.8,0
OI0016427,O006625,P0114,1,41.45,23.84,20
OI0016428,O006625,P0049,1,59.24,43.15,5
OI0016429,O006625,P0088,1,236.31,102.24,0
OI0016430,O006625,P0086,2,263.23,167.09,10
OI0016431,O006626,P0070,1,131.06,75.18,15
OI0016432,O006626,P0095,2,202.91,139.2,15
OI0016433,O006627,P0002,2,230.82,108.89,10
OI0016434,O006627,P0111,1,116.59,86.94,0
OI0016435,O006627,P0053,2,23.29,11.09,0
OI0016436,O006628,P0044,3,279.36,162.6,15
OI0016437,O006628,P0066,2,103.29,50.62,0
OI0016438,O006628,P0021,3,217.0,157.06,5
OI0016439,O006629,P0013,1,127.84,91.01,0
OI0016440,O006629,P0010,1,236.09,100.66,0
OI0016441,O006629,P0078,1,268.06,129.83,0
OI0016442,O006629,P0092,1,51.3,24.69,0
OI0016443,O006630,P0112,1,361.01,177.23,15
OI0016444,O006630,P0002,4,230.82,108.89,5
OI0016445,O006631,P0091,4,196.39,82.27,10
OI0016446,O006631,P0050,1,171.47,76.47,0
OI0016447,O006631,P0033,1,211.78,114.87,0
OI0016448,O006631,P0068,1,103.65,44.29,15
OI0016449,O006632,P0058,1,224.02,143.13,20
OI0016450,O006632,P0066,2,103.29,50.62,0
OI0016451,O006633,P0018,1,281.84,146.67,10
OI0016452,O006633,P0009,1,102.74,56.37,20
OI0016453,O006633,P0019,1,36.3,22.04,0
OI0016454,O006633,P0088,1,236.31,102.24,20
OI0016455,O006634,P0113,1,152.02,79.85,0
OI0016456,O006634,P0097,1,163.15,70.37,0
OI0016457,O006634,P0026,1,187.78,112.59,0
OI0016458,O006635,P0118,3,177.52,114.17,20
OI0016459,O006636,P0051,1,104.92,60.39,0
OI0016460,O006636,P0118,1,177.52,114.17,10
OI0016461,O006636,P0091,2,196.39,82.27,5
OI0016462,O006637,P0019,1,36.3,22.04,0
OI0016463,O006638,P0013,2,127.84,91.01,5
OI0016464,O006638,P0089,1,49.96,38.06,0
OI0016465,O006638,P0092,-1,51.3,24.69,0
OI0016466,O006639,P0051,1,104.92,60.39,0
OI0016467,O006640,P0080,1,392.84,163.94,0
OI0016468,O006640,P0090,1,60.09,33.62,0
OI0016469,O006641,P0018,2,281.84,146.67,0
OI0016470,O006641,P0070,2,131.06,75.18,0
OI0016471,O006641,P0060,2,306.49,149.27,15
OI0016472,O006642,P0063,2,8.2,5.54,5
OI0016473,O006643,P0065,1,270.21,125.01,10
OI0016474,O006644,P0105,1,124.3,57.25,15
OI0016475,O006644,P0072,1,272.32,149.77,20
OI0016476,O006644,P0086,1,263.23,167.09,0
OI0016477,O006644,P0038,2,81.71,51.71,5
OI0016478,O006645,P0076,2,81.73,46.21,5
OI0016479,O006645,P0009,1,102.74,56.37,10
OI0016480,O006646,P0005,3,181.52,92.02,0
OI0016481,O006646,P0119,4,78.86,37.39,0
OI0016482,O006646,P0042,1,79.85,35.8,0
OI0016483,O006647,P0026,1,187.78,112.59,0
OI0016484,O006647,P0100,2,280.83,119.83,10
OI0016485,O006648,P0046,1,310.17,133.53,0
OI0016486,O006649,P0095,2,202.91,139.2,0
OI0016487,O006649,P0075,2,134.51,78.21,25
OI0016488,O006649,P0098,1,17.88,10.05,20
OI0016489,O006650,P0002,4,230.82,108.89,0
OI0016490,O006650,P0002,4,230.82,108.89,20
OI0016491,O006650,P0047,1,243.5,159.8,5
OI0016492,O006650,P0074,2,62.08,27.78,0
OI0016493,O006651,P0077,1,9.56,6.81,20
OI0016494,O006651,P0019,2,36.3,22.04,15
OI0016495,O006651,P0049,3,59.24,43.15,0
OI0016496,O006652,P0106,3,56.39,27.98,5
OI0016497,O006652,P0003,4,171.57,88.27,110
OI0016498,O006653,P0048,1,316.06,150.66,10
OI0016499,O006653,P0019,3,36.3,22.04,10
OI0016500,O006654,P0087,1,136.09,59.78,0
OI0016501,O006654,P0101,1,338.95,156.07,0
OI0016502,O006655,P0096,1,280.31,123.46,20
OI0016503,O006656,P0043,1,33.48,14.68,5
OI0016504,O006657,P0094,4,309.52,160.91,0
OI0016505,O006657,P0107,1,140.71,82.95,0
OI0016506,O006657,P0005,1,181.52,92.02,15
OI0016507,O006658,P0006,1,273.98,150.3,15
OI0016508,O006659,P0034,1,265.11,120.64,10
OI0016509,O006659,P0113,1,152.02,79.85,10
OI0016510,O006659,P0116,4,53.16,36.42,0
OI0016511,O006660,P0119,2,78.86,37.39,5
OI0016512,O006660,P0118,1,177.52,114.17,0
OI0016513,O006660,P0056,2,385.75,167.31,5
OI0016514,O006660,P0001,1,58.62,26.48,0
OI0016515,O006661,P0022,1,192.12,85.66,5
OI0016516,O006661,P0047,2,243.5,159.8,0
OI0016517,O006661,P0093,1,64.09,40.65,0
OI0016518,O006662,P0103,1,100.44,47.01,0
OI0016519,O006662,P0066,2,103.29,50.62,0
OI0016520,O006662,P0018,1,281.84,146.67,10
OI0016521,O006662,P0106,1,56.39,27.98,15
OI0016522,O006663,P0085,2,142.09,59.82,5
OI0016523,O006664,P0027,1,283.79,152.07,5
OI0016524,O006664,P0044,3,279.36,162.6,10
OI0016525,O006664,P0070,2,131.06,75.18,0
OI0016526,O006664,P0114,3,41.45,23.84,5
OI0016527,O006665,P0097,1,163.15,70.37,10
OI0016528,O006665,P0053,1,23.29,11.09,10
OI0016529,O006665,P0077,3,9.56,6.81,0
OI0016530,O006666,P0105,1,124.3,57.25,0
OI0016531,O006667,P0052,1,142.04,68.52,0
OI0016532,O006667,P0061,1,241.21,110.37,20
OI0016533,O006667,P0077,3,9.56,6.81,5
OI0016534,O006668,P0103,1,100.44,47.01,10
OI0016535,O006668,P0094,1,309.52,160.91,0
OI0016536,O006668,P0030,1,90.28,41.7,20
OI0016537,O006668,P0012,1,20.32,10.75,20
OI0016538,O006669,P0029,4,35.33,21.58,0
OI0016539,O006669,P0093,2,64.09,40.65,5
OI0016540,O006670,P0029,1,35.33,21.58,5
OI0016541,O006670,P0101,-1,338.95,156.07,0
OI0016542,O006671,P0086,2,263.23,167.09,5
OI0016543,O006671,P0112,1,361.01,177.23,10
OI0016544,O006672,P0035,1,326.93,146.56,25
OI0016545,O006673,P0110,1,311.63,167.87,5
OI0016546,O006673,P0033,1,211.78,114.87,5
OI0016547,O006674,P0071,1,66.14,34.77,15
OI0016548,O006674,P0078,4,268.06,129.83,0
OI0016549,O006674,P0101,1,338.95,156.07,10
OI0016550,O006674,P0063,1,8.2,5.54,0
OI0016551,O006675,P0112,1,361.01,177.23,0
OI0016552,O006675,P0094,1,309.52,160.91,15
OI0016553,O006675,P0091,2,196.39,82.27,0
OI0016554,O006676,P0034,2,265.11,120.64,110
OI0016555,O006676,P0119,3,78.86,37.39,0
OI0016556,O006677,P0054,3,83.38,49.27,0
OI0016557,O006677,P0001,1,58.62,26.48,5
OI0016558,O006678,P0092,1,51.3,24.69,0
OI0016559,O006678,P0005,1,181.52,92.02,0
OI0016560,O006678,P0011,2,116.27,72.14,5
OI0016561,O006679,P0099,1,179.3,114.96,0
OI0016562,O006679,P0033,3,211.78,114.87,15
OI0016563,O006679,P0072,3,272.32,149.77,15
OI0016564,O006680,P0100,2,280.83,119.83,5
OI0016565,O006680,P0054,1,83.38,49.27,0
OI0016566,O006680,P0028,1,307.09,179.34,20
OI0016567,O006680,P0046,1,310.17,133.53,0
OI0016568,O006681,P0099,1,179.3,114.96,5
OI0016569,O006682,P0072,1,272.32,149.77,5
OI0016570,O006683,P0103,2,100.44,47.01,10
OI0016571,O006683,P0077,1,9.56,6.81,0
OI0016572,O006684,P0011,1,116.27,72.14,0
OI0016573,O006684,P0020,1,185.28,120.72,0
OI0016574,O006684,P0094,1,309.52,160.91,15
OI0016575,O006684,P0081,2,96.93,49.39,5
OI0016576,O006685,P0117,1,252.27,158.43,0
OI0016577,O006686,P0025,1,187.19,125.9,0
OI0016578,O006686,P0044,3,279.36,162.6,0
OI0016579,O006687,P0024,1,169.87,104.81,15
OI0016580,O006688,P0085,1,142.09,59.82,5
OI0016581,O006688,P0112,2,361.01,177.23,0
OI0016582,O006688,P0001,2,58.62,26.48,0
OI0016583,O006689,P0088,2,236.31,102.24,10
OI0016584,O006689,P0114,1,41.45,23.84,5
OI0016585,O006689,P0056,1,385.75,167.31,0
OI0016586,O006689,P0023,2,15.34,8.57,5
OI0016587,O006690,P0027,1,283.79,152.07,15
OI0016588,O006690,P0103,1,100.44,47.01,5
OI0016589,O006690,P0099,1,179.3,114.96,0
OI0016590,O006690,P0046,1,310.17,133.53,15
OI0016591,O006691,P0086,1,263.23,167.09,20
OI0016592,O006691,P0091,4,196.39,82.27,0
OI0016593,O006691,P0048,1,316.06,150.66,0
OI0016594,O006691,P0068,2,103.65,44.29,20
OI0016595,O006692,P0047,2,243.5,159.8,0
OI0016596,O006693,P0057,1,95.09,41.82,10
OI0016597,O006693,P0023,2,15.34,8.57,0
OI0016598,O006694,P0020,1,185.28,120.72,15
OI0016599,O006694,P0006,1,273.98,150.3,0
OI0016600,O006694,P0100,1,280.83,119.83,20
OI0016601,O006694,P0008,2,223.03,120.69,5
OI0016602,O006695,P0096,1,280.31,123.46,0
OI0016603,O006695,P0037,2,171.97,76.8,0
OI0016604,O006695,P0035,2,326.93,146.56,10
OI0016605,O006696,P0057,3,95.09,41.82,5
OI0016606,O006696,P0040,-1,214.96,89.94,0
OI0016607,O006697,P0014,2,189.67,104.55,5
OI0016608,O006697,P0019,1,36.3,22.04,0
OI0016609,O006698,P0103,-1,100.44,47.01,5
OI0016610,O006698,P0030,1,90.28,41.7,10
OI0016611,O006698,P0034,3,265.11,120.64,5
OI0016612,O006699,P0002,3,230.82,108.89,15
OI0016613,O006699,P0114,1,41.45,23.84,10
OI0016614,O006700,P0002,1,230.82,108.89,5
OI0016615,O006700,P0082,1,64.05,28.14,15
OI0016616,O006700,P0109,-1,39.14,21.27,10
OI0016617,O006700,P0058,1,224.02,143.13,0
OI0016618,O006701,P0100,3,280.83,119.83,5
OI0016619,O006701,P0051,1,104.92,60.39,15
OI0016620,O006701,P0003,2,171.57,88.27,0
OI0016621,O006702,P0048,2,316.06,150.66,10
OI0016622,O006702,P0033,2,211.78,114.87,15
OI0016623,O006702,P0007,1,180.16,110.8,0
OI0016624,O006702,P0109,2,39.14,21.27,25
OI0016625,O006703,P0035,1,326.93,146.56,0
OI0016626,O006704,P0027,1,283.79,152.07,0
OI0016627,O006704,P0037,3,171.97,76.8,0
OI0016628,O006705,P0039,2,66.47,46.73,20
OI0016629,O006705,P0072,1,272.32,149.77,10
OI0016630,O006706,P0100,1,280.83,119.83,15
OI0016631,O006706,P0023,1,15.34,8.57,5
OI0016632,O006706,P0083,4,63.1,34.73,0
OI0016633,O006707,P0068,2,103.65,44.29,10
OI0016634,O006708,P0016,3,182.65,108.43,15
OI0016635,O006708,P0062,1,274.98,138.35,110
OI0016636,O006708,P0103,1,100.44,47.01,0
OI0016637,O006709,P0009,1,102.74,56.37,15
OI0016638,O006710,P0111,1,116.59,86.94,5
OI0016639,O006710,P0061,1,241.21,110.37,5
OI0016640,O006711,P0114,2,41.45,23.84,0
OI0016641,O006711,P0051,2,104.92,60.39,5
OI0016642,O006711,P0053,1,23.29,11.09,0
OI0016643,O006711,P0004,2,114.79,53.81,5
OI0016644,O006712,P0087,2,136.09,59.78,5
OI0016645,O006713,P0096,1,280.31,123.46,10
OI0016646,O006714,P0034,4,265.11,120.64,0
OI0016647,O006714,P0079,3,28.55,21.67,0
OI0016648,O006715,P0009,1,102.74,56.37,10
OI0016649,O006715,P0004,1,114.79,53.81,10
OI0016650,O006715,P0087,1,136.09,59.78,0
OI0016651,O006716,P0015,1,147.82,103.39,0
OI0016652,O006716,P0014,1,189.67,104.55,0
OI0016653,O006717,P0065,1,270.21,125.01,20
OI0016654,O006717,P0109,1,39.14,21.27,5
OI0016655,O006717,P0005,2,181.52,92.02,15
OI0016656,O006717,P0119,1,78.86,37.39,0
OI0016657,O006718,P0062,1,274.98,138.35,25
OI0016658,O006718,P0031,1,254.7,145.72,0
OI0016659,O006719,P0098,1,17.88,10.05,5
OI0016660,O006719,P0025,2,187.19,125.9,0
OI0016661,O006719,P0015,1,147.82,103.39,0
OI0016662,O006719,P0074,1,62.08,27.78,5
OI0016663,O006720,P0105,1,124.3,57.25,15
OI0016664,O006721,P0014,-1,189.67,104.55,5
OI0016665,O006721,P0030,1,90.28,41.7,0
OI0016666,O006721,P0087,1,136.09,59.78,15
OI0016667,O006722,P0120,1,123.81,98.52,20
OI0016668,O006722,P0097,3,163.15,70.37,15
OI0016669,O006722,P0026,3,187.78,112.59,0
OI0016670,O006723,P0105,1,124.3,57.25,0
OI0016671,O006724,P0070,2,131.06,75.18,5
OI0016672,O006724,P0114,1,41.45,23.84,0
OI0016673,O006724,P0059,1,310.18,133.96,0
OI0016674,O006724,P0088,2,236.31,102.24,15
OI0016675,O006725,P0056,1,385.75,167.31,0
OI0016676,O006726,P0074,1,62.08,27.78,15
OI0016677,O006726,P0051,1,104.92,60.39,0
OI0016678,O006726,P0118,2,177.52,114.17,10
OI0016679,O006727,P0035,3,326.93,146.56,10
OI0016680,O006727,P0069,1,259.35,175.47,15
OI0016681,O006727,P0113,3,152.02,79.85,15
OI0016682,O006727,P0066,3,103.29,50.62,25
OI0016683,O006728,P0048,1,316.06,150.66,15
OI0016684,O006728,P0108,1,299.87,137.39,5
OI0016685,O006729,P0096,1,280.31,123.46,5
OI0016686,O006730,P0023,2,15.34,8.57,15
OI0016687,O006731,P0033,1,211.78,114.87,5
OI0016688,O006731,P0110,4,311.63,167.87,5
OI0016689,O006732,P0019,2,36.3,22.04,20
OI0016690,O006732,P0044,1,279.36,162.6,15
OI0016691,O006732,P0040,1,214.96,89.94,0
OI0016692,O006732,P0111,1,116.59,86.94,5
OI0016693,O006733,P0014,3,189.67,104.55,15
OI0016694,O006733,P0085,1,142.09,59.82,5
OI0016695,O006733,P0031,1,254.7,145.72,20
OI0016696,O006733,P0065,2,270.21,125.01,25
OI0016697,O006734,P0071,1,66.14,34.77,15
OI0016698,O006734,P0006,1,273.98,150.3,10
OI0016699,O006734,P0111,1,116.59,86.94,20
OI0016700,O006735,P0025,1,187.19,125.9,0
OI0016701,O006735,P0026,1,187.78,112.59,0
OI0016702,O006735,P0073,1,372.75,170.56,0
OI0016703,O006735,P0062,1,274.98,138.35,0
OI0016704,O006736,P0017,1,30.38,15.75,5
OI0016705,O006736,P0040,1,214.96,89.94,5
OI0016706,O006737,P0023,3,15.34,8.57,10
OI0016707,O006737,P0030,1,90.28,41.7,0
OI0016708,O006738,P0079,2,28.55,21.67,5
OI0016709,O006738,P0017,1,30.38,15.75,10
OI0016710,O006738,P0080,1,392.84,163.94,0
OI0016711,O006738,P0116,1,53.16,36.42,20
OI0016712,O006739,P0019,2,36.3,22.04,0
OI0016713,O006739,P0119,1,78.86,37.39,10
OI0016714,O006740,P0048,1,316.06,150.66,15
OI0016715,O006740,P0021,1,217.0,157.06,0
OI0016716,O006740,P0065,1,270.21,125.01,5
OI0016717,O006741,P0080,1,392.84,163.94,0
OI0016718,O006741,P0073,2,372.75,170.56,5
OI0016719,O006741,P0078,2,268.06,129.83,0
OI0016720,O006741,P0064,1,60.15,32.62,10
OI0016721,O006742,P0056,1,385.75,167.31,10
OI0016722,O006742,P0090,1,60.09,33.62,0
OI0016723,O006742,P0064,1,60.15,32.62,15
OI0016724,O006743,P0041,1,46.27,32.89,5
OI0016725,O006744,P0036,1,71.47,40.11,0
OI0016726,O006745,P0115,3,66.66,49.6,5
OI0016727,O006745,P0045,1,354.19,170.05,5
OI0016728,O006745,P0082,1,64.05,28.14,0
OI0016729,O006746,P0120,2,123.81,98.52,15
OI0016730,O006746,P0059,1,310.18,133.96,10
OI0016731,O006746,P0079,1,28.55,21.67,5
OI0016732,O006746,P0015,2,147.82,103.39,10
OI0016733,O006747,P0019,2,36.3,22.04,5
OI0016734,O006747,P0039,1,66.47,46.73,15
OI0016735,O006748,P0073,3,372.75,170.56,5
OI0016736,O006748,P0085,3,142.09,59.82,5
OI0016737,O006749,P0104,1,71.93,33.51,0
OI0016738,O006749,P0115,1,66.66,49.6,20
OI0016739,O006750,P0086,1,263.23,167.09,5
OI0016740,O006750,P0056,1,385.75,167.31,20
OI0016741,O006750,P0083,2,63.1,34.73,0
OI0016742,O006750,P0118,1,177.52,114.17,15
OI0016743,O006751,P0039,2,66.47,46.73,5
OI0016744,O006751,P0059,1,310.18,133.96,15
OI0016745,O006751,P0117,4,252.27,158.43,0
OI0016746,O006752,P0016,1,182.65,108.43,20
OI0016747,O006752,P0037,2,171.97,76.8,5
OI0016748,O006753,P0100,2,280.83,119.83,0
OI0016749,O006753,P0091,2,196.39,82.27,0
OI0016750,O006753,P0026,1,187.78,112.59,5
OI0016751,O006753,P0054,2,83.38,49.27,0
OI0016752,O006754,P0042,1,79.85,35.8,10
OI0016753,O006754,P0023,1,15.34,8.57,10
OI0016754,O006754,P0052,1,142.04,68.52,20
OI0016755,O006755,P0105,3,124.3,57.25,5
OI0016756,O006755,P0105,1,124.3,57.25,15
OI0016757,O006756,P0119,1,78.86,37.39,0
OI0016758,O006757,P0084,2,42.76,20.69,5
OI0016759,O006757,P0028,1,307.09,179.34,5
OI0016760,O006758,P0021,3,217.0,157.06,0
OI0016761,O006758,P0019,1,36.3,22.04,0
OI0016762,O006759,P0094,1,309.52,160.91,0
OI0016763,O006760,P0008,1,223.03,120.69,15
OI0016764,O006761,P0038,2,81.71,51.71,0
OI0016765,O006761,P0101,2,338.95,156.07,0
OI0016766,O006761,P0108,3,299.87,137.39,0
OI0016767,O006761,P0009,-1,102.74,56.37,0
OI0016768,O006762,P0042,1,79.85,35.8,0
OI0016769,O006762,P0119,2,78.86,37.39,5
OI0016770,O006762,P0114,3,41.45,23.84,5
OI0016771,O006762,P0042,1,79.85,35.8,0
OI0016772,O006763,P0087,1,136.09,59.78,0
OI0016773,O006764,P0070,1,131.06,75.18,110
OI0016774,O006765,P0026,1,187.78,112.59,25
OI0016775,O006765,P0060,2,306.49,149.27,5
OI0016776,O006766,P0083,3,63.1,34.73,0
OI0016777,O006766,P0058,3,224.02,143.13,10
OI0016778,O006766,P0062,3,274.98,138.35,5
OI0016779,O006767,P0010,1,236.09,100.66,20
OI0016780,O006767,P0101,1,338.95,156.07,20
OI0016781,O006767,P0114,2,41.45,23.84,20
OI0016782,O006767,P0120,1,123.81,98.52,10
OI0016783,O006768,P0051,1,104.92,60.39,5
OI0016784,O006768,P0103,2,100.44,47.01,10
OI0016785,O006768,P0115,1,66.66,49.6,10
OI0016786,O006769,P0026,1,187.78,112.59,15
OI0016787,O006770,P0060,2,306.49,149.27,0
OI0016788,O006771,P0010,3,236.09,100.66,15
OI0016789,O006772,P0037,1,171.97,76.8,20
OI0016790,O006772,P0017,2,30.38,15.75,5
OI0016791,O006773,P0049,1,59.24,43.15,25
OI0016792,O006774,P0084,1,42.76,20.69,0
OI0016793,O006775,P0093,1,64.09,40.65,0
OI0016794,O006776,P0019,1,36.3,22.04,0
OI0016795,O006777,P0025,-1,187.19,125.9,10
OI0016796,O006778,P0060,1,306.49,149.27,5
OI0016797,O006778,P0084,3,42.76,20.69,5
OI0016798,O006778,P0108,1,299.87,137.39,0
OI0016799,O006778,P0085,1,142.09,59.82,10
OI0016800,O006779,P0081,1,96.93,49.39,20
OI0016801,O006779,P0028,1,307.09,179.34,15
OI0016802,O006780,P0050,2,171.47,76.47,10
OI0016803,O006781,P0029,1,35.33,21.58,5
OI0016804,O006781,P0089,1,49.96,38.06,0
OI0016805,O006781,P0099,1,179.3,114.96,25
OI0016806,O006781,P0071,1,66.14,34.77,0
OI0016807,O006782,P0093,-1,64.09,40.65,15
OI0016808,O006782,P0058,1,224.02,143.13,0
OI0016809,O006782,P0005,2,181.52,92.02,0
OI0016810,O006782,P0090,1,60.09,33.62,20
OI0016811,O006783,P0067,1,33.07,19.77,15
OI0016812,O006783,P0117,2,252.27,158.43,0
OI0016813,O006784,P0115,-1,66.66,49.6,20
OI0016814,O006784,P0063,4,8.2,5.54,0
OI0016815,O006784,P0068,2,103.65,44.29,5
OI0016816,O006784,P0099,1,179.3,114.96,0
OI0016817,O006785,P0040,3,214.96,89.94,20
OI0016818,O006785,P0090,3,60.09,33.62,0
OI0016819,O006785,P0006,2,273.98,150.3,10
OI0016820,O006785,P0008,2,223.03,120.69,15
OI0016821,O006786,P0113,-1,152.02,79.85,15
OI0016822,O006787,P0096,1,280.31,123.46,0
OI0016823,O006787,P0033,1,211.78,114.87,0
OI0016824,O006787,P0041,1,46.27,32.89,5
OI0016825,O006788,P0044,3,279.36,162.6,0
OI0016826,O006788,P0068,1,103.65,44.29,0
OI0016827,O006788,P0014,3,189.67,104.55,0
OI0016828,O006788,P0101,2,338.95,156.07,10
OI0016829,O006789,P0004,4,114.79,53.81,10
OI0016830,O006789,P0053,1,23.29,11.09,0
OI0016831,O006790,P0099,2,179.3,114.96,15
OI0016832,O006791,P0007,3,180.16,110.8,0
OI0016833,O006791,P0018,1,281.84,146.67,5
OI0016834,O006791,P0102,3,195.72,100.75,0
OI0016835,O006791,P0094,3,309.52,160.91,0
OI0016836,O006792,P0109,3,39.14,21.27,0
OI0016837,O006792,P0062,1,274.98,138.35,5
OI0016838,O006793,P0065,1,270.21,125.01,0
OI0016839,O006793,P0027,2,283.79,152.07,110
OI0016840,O006793,P0053,1,23.29,11.09,15
OI0016841,O006794,P0117,1,252.27,158.43,0
OI0016842,O006794,P0016,4,182.65,108.43,15
OI0016843,O006794,P0080,1,392.84,163.94,0
OI0016844,O006795,P0100,2,280.83,119.83,10
OI0016845,O006796,P0078,3,268.06,129.83,5
OI0016846,O006796,P0066,1,103.29,50.62,10
OI0016847,O006796,P0051,1,104.92,60.39,20
OI0016848,O006797,P0098,1,17.88,10.05,0
OI0016849,O006797,P0006,1,273.98,150.3,15
OI0016850,O006797,P0062,2,274.98,138.35,0
OI0016851,O006797,P0015,2,147.82,103.39,5
OI0016852,O006798,P0082,1,64.05,28.14,0
OI0016853,O006798,P0053,1,23.29,11.09,10
OI0016854,O006799,P0028,2,307.09,179.34,0
OI0016855,O006799,P0108,1,299.87,137.39,5
OI0016856,O006799,P0103,1,100.44,47.01,10
OI0016857,O006799,P0061,2,241.21,110.37,20
OI0016858,O006800,P0107,1,140.71,82.95,10
OI0016859,O006800,P0009,2,102.74,56.37,0
OI0016860,O006800,P0077,3,9.56,6.81,5
OI0016861,O006800,P0100,1,280.83,119.83,15
OI0016862,O006801,P0100,1,280.83,119.83,0
OI0016863,O006801,P0105,1,124.3,57.25,25
OI0016864,O006802,P0119,3,78.86,37.39,5
OI0016865,O006802,P0001,2,58.62,26.48,0
OI0016866,O006802,P0096,2,280.31,123.46,5
OI0016867,O006802,P0086,1,263.23,167.09,5
OI0016868,O006803,P0057,1,95.09,41.82,0
OI0016869,O006804,P0014,3,189.67,104.55,0
OI0016870,O006804,P0058,2,224.02,143.13,0
OI0016871,O006804,P0056,3,385.75,167.31,0
OI0016872,O006805,P0038,2,81.71,51.71,15
OI0016873,O006805,P0049,4,59.24,43.15,10
OI0016874,O006806,P0032,1,148.44,75.4,0
OI0016875,O006807,P0012,4,20.32,10.75,20
OI0016876,O006808,P0042,1,79.85,35.8,15
OI0016877,O006809,P0073,4,372.75,170.56,0
OI0016878,O006809,P0057,3,95.09,41.82,20
OI0016879,O006810,P0010,1,236.09,100.66,0
OI0016880,O006810,P0097,1,163.15,70.37,0
OI0016881,O006811,P0120,1,123.81,98.52,5
OI0016882,O006811,P0013,2,127.84,91.01,10
OI0016883,O006811,P0076,2,81.73,46.21,0
OI0016884,O006811,P0115,1,66.66,49.6,5
OI0016885,O006812,P0064,2,60.15,32.62,0
OI0016886,O006812,P0101,1,338.95,156.07,5
OI0016887,O006813,P0106,2,56.39,27.98,0
OI0016888,O006813,P0042,1,79.85,35.8,5
OI0016889,O006813,P0059,3,310.18,133.96,15
OI0016890,O006814,P0118,2,177.52,114.17,10
OI0016891,O006814,P0055,2,150.07,98.61,5
OI0016892,O006814,P0053,1,23.29,11.09,0
OI0016893,O006814,P0001,2,58.62,26.48,10
OI0016894,O006815,P0002,2,230.82,108.89,15
OI0016895,O006815,P0025,2,187.19,125.9,0
OI0016896,O006815,P0019,1,36.3,22.04,15
OI0016897,O006816,P0053,1,23.29,11.09,10
OI0016898,O006816,P0103,1,100.44,47.01,10
OI0016899,O006817,P0018,1,281.84,146.67,0
OI0016900,O006817,P0049,1,59.24,43.15,0
OI0016901,O006817,P0107,3,140.71,82.95,20
OI0016902,O006817,P0086,3,263.23,167.09,0
OI0016903,O006818,P0058,2,224.02,143.13,10
OI0016904,O006818,P0050,4,171.47,76.47,15
OI0016905,O006818,P0034,1,265.11,120.64,0
OI0016906,O006818,P0109,3,39.14,21.27,20
OI0016907,O006819,P0070,1,131.06,75.18,0
OI0016908,O006819,P0034,2,265.11,120.64,0
OI0016909,O006819,P0052,1,142.04,68.52,15
OI0016910,O006820,P0059,1,310.18,133.96,5
OI0016911,O006820,P0061,1,241.21,110.37,0
OI0016912,O006820,P0073,1,372.75,170.56,0
OI0016913,O006821,P0097,1,163.15,70.37,0
OI0016914,O006822,P0047,2,243.5,159.8,20
OI0016915,O006822,P0084,3,42.76,20.69,0
OI0016916,O006822,P0087,3,136.09,59.78,15
OI0016917,O006823,P0111,3,116.59,86.94,5
OI0016918,O006824,P0092,1,51.3,24.69,15
OI0016919,O006825,P0114,1,41.45,23.84,0
OI0016920,O006825,P0055,2,150.07,98.61,0
OI0016921,O006825,P0088,3,236.31,102.24,0
OI0016922,O006826,P0113,1,152.02,79.85,0
OI0016923,O006826,P0116,2,53.16,36.42,5
OI0016924,O006826,P0012,3,20.32,10.75,0
OI0016925,O006827,P0068,1,103.65,44.29,10
OI0016926,O006827,P0031,1,254.7,145.72,0
OI0016927,O006827,P0057,1,95.09,41.82,110
OI0016928,O006828,P0010,2,236.09,100.66,5
OI0016929,O006828,P0097,2,163.15,70.37,0
OI0016930,O006828,P0037,1,171.97,76.8,5
OI0016931,O006829,P0031,1,254.7,145.72,0
OI0016932,O006830,P0022,2,192.12,85.66,0
OI0016933,O006830,P0119,1,78.86,37.39,0
OI0016934,O006830,P0089,1,49.96,38.06,0
OI0016935,O006831,P0047,1,243.5,159.8,20
OI0016936,O006832,P0032,2,148.44,75.4,0
OI0016937,O006832,P0111,1,116.59,86.94,5
OI0016938,O006832,P0075,2,134.51,78.21,0
OI0016939,O006832,P0046,1,310.17,133.53,0
OI0016940,O006833,P0106,1,56.39,27.98,15
OI0016941,O006833,P0060,1,306.49,149.27,0
OI0016942,O006833,P0109,3,39.14,21.27,15
OI0016943,O006834,P0070,2,131.06,75.18,0
OI0016944,O006834,P0022,1,192.12,85.66,10
OI0016945,O006834,P0060,1,306.49,149.27,15
OI0016946,O006834,P0108,1,299.87,137.39,5
OI0016947,O006835,P0029,2,35.33,21.58,5
OI0016948,O006836,P0028,4,307.09,179.34,0
OI0016949,O006837,P0080,1,392.84,163.94,5
OI0016950,O006837,P0046,2,310.17,133.53,20
OI0016951,O006837,P0046,1,310.17,133.53,5
OI0016952,O006838,P0076,1,81.73,46.21,5
OI0016953,O006839,P0083,2,63.1,34.73,5
OI0016954,O006839,P0038,4,81.71,51.71,5
OI0016955,O006839,P0008,2,223.03,120.69,10
OI0016956,O006840,P0043,1,33.48,14.68,25
OI0016957,O006841,P0009,2,102.74,56.37,15
OI0016958,O006841,P0037,4,171.97,76.8,20
OI0016959,O006841,P0104,2,71.93,33.51,10
OI0016960,O006842,P0083,1,63.1,34.73,15
OI0016961,O006843,P0112,1,361.01,177.23,20
OI0016962,O006844,P0067,4,33.07,19.77,0
OI0016963,O006845,P0051,4,104.92,60.39,0
OI0016964,O006845,P0083,1,63.1,34.73,10
OI0016965,O006846,P0030,1,90.28,41.7,0
OI0016966,O006847,P0077,1,9.56,6.81,0
OI0016967,O006847,P0051,2,104.92,60.39,20
OI0016968,O006847,P0045,1,354.19,170.05,5
OI0016969,O006847,P0030,1,90.28,41.7,0
OI0016970,O006848,P0073,3,372.75,170.56,0
OI0016971,O006849,P0112,1,361.01,177.23,5
OI0016972,O006849,P0011,1,116.27,72.14,5
OI0016973,O006849,P0105,2,124.3,57.25,0
OI0016974,O006849,P0056,3,385.75,167.31,10
OI0016975,O006850,P0066,4,103.29,50.62,5
OI0016976,O006850,P0030,3,90.28,41.7,0
OI0016977,O006851,P0052,2,142.04,68.52,15
OI0016978,O006851,P0094,2,309.52,160.91,5
OI0016979,O006851,P0005,1,181.52,92.02,10
OI0016980,O006852,P0048,1,316.06,150.66,0
OI0016981,O006852,P0022,2,192.12,85.66,0
OI0016982,O006852,P0018,1,281.84,146.67,0
OI0016983,O006853,P0027,1,283.79,152.07,20
OI0016984,O006853,P0099,2,179.3,114.96,0
OI0016985,O006853,P0007,1,180.16,110.8,0
OI0016986,O006854,P0067,3,33.07,19.77,5
OI0016987,O006854,P0066,1,103.29,50.62,0
OI0016988,O006854,P0104,1,71.93,33.51,5
OI0016989,O006854,P0046,2,310.17,133.53,20
OI0016990,O006855,P0027,2,283.79,152.07,20
OI0016991,O006855,P0105,3,124.3,57.25,20
OI0016992,O006856,P0017,1,30.38,15.75,5
OI0016993,O006856,P0081,3,96.93,49.39,5
OI0016994,O006856,P0071,1,66.14,34.77,5
OI0016995,O006856,P0020,2,185.28,120.72,15
OI0016996,O006857,P0018,1,281.84,146.67,10
OI0016997,O006857,P0049,1,59.24,43.15,5
OI0016998,O006857,P0077,1,9.56,6.81,0
OI0016999,O006857,P0106,1,56.39,27.98,5
OI0017000,O006858,P0058,2,224.02,143.13,15
OI0017001,O006859,P0111,1,116.59,86.94,0
OI0017002,O006859,P0063,3,8.2,5.54,0
OI0017003,O006859,P0042,1,79.85,35.8,5
OI0017004,O006860,P0017,1,30.38,15.75,0
OI0017005,O006860,P0045,3,354.19,170.05,5
OI0017006,O006860,P0079,1,28.55,21.67,20
OI0017007,O006860,P0082,1,64.05,28.14,0
OI0017008,O006861,P0044,2,279.36,162.6,20
OI0017009,O006861,P0109,1,39.14,21.27,0
OI0017010,O006862,P0049,2,59.24,43.15,0
OI0017011,O006863,P0105,3,124.3,57.25,0
OI0017012,O006863,P0012,1,20.32,10.75,0
OI0017013,O006864,P0117,1,252.27,158.43,5
OI0017014,O006864,P0039,2,66.47,46.73,0
OI0017015,O006865,P0078,1,268.06,129.83,15
OI0017016,O006865,P0050,1,171.47,76.47,15
OI0017017,O006866,P0111,1,116.59,86.94,5
OI0017018,O006866,P0047,2,243.5,159.8,10
OI0017019,O006867,P0005,1,181.52,92.02,5
OI0017020,O006867,P0071,2,66.14,34.77,10
OI0017021,O006867,P0099,1,179.3,114.96,0
OI0017022,O006868,P0051,1,104.92,60.39,5
OI0017023,O006869,P0106,2,56.39,27.98,5
OI0017024,O006869,P0104,2,71.93,33.51,0
OI0017025,O006869,P0084,1,42.76,20.69,0
OI0017026,O006870,P0060,2,306.49,149.27,20
OI0017027,O006870,P0099,1,179.3,114.96,0
OI0017028,O006871,P0021,1,217.0,157.06,0
OI0017029,O006871,P0022,2,192.12,85.66,15
OI0017030,O006872,P0051,3,104.92,60.39,20
OI0017031,O006872,P0024,1,169.87,104.81,0
OI0017032,O006873,P0094,2,309.52,160.91,0
OI0017033,O006874,P0050,4,171.47,76.47,10
OI0017034,O006874,P0058,1,224.02,143.13,10
OI0017035,O006874,P0021,1,217.0,157.06,0
OI0017036,O006874,P0040,1,214.96,89.94,0
OI0017037,O006875,P0065,1,270.21,125.01,10
OI0017038,O006875,P0012,1,20.32,10.75,0
OI0017039,O006875,P0019,2,36.3,22.04,0
OI0017040,O006876,P0086,2,263.23,167.09,10
OI0017041,O006876,P0102,-1,195.72,100.75,0
OI0017042,O006876,P0092,-1,51.3,24.69,15
OI0017043,O006877,P0031,1,254.7,145.72,20
OI0017044,O006878,P0118,3,177.52,114.17,0
OI0017045,O006879,P0034,2,265.11,120.64,15
OI0017046,O006879,P0042,1,79.85,35.8,25
OI0017047,O006880,P0028,3,307.09,179.34,5
OI0017048,O006880,P0062,1,274.98,138.35,0
OI0017049,O006881,P0075,3,134.51,78.21,5
OI0017050,O006881,P0045,4,354.19,170.05,20
OI0017051,O006882,P0083,2,63.1,34.73,0
OI0017052,O006882,P0059,4,310.18,133.96,0
OI0017053,O006882,P0011,1,116.27,72.14,20
OI0017054,O006883,P0071,1,66.14,34.77,0
OI0017055,O006884,P0052,2,142.04,68.52,0
OI0017056,O006884,P0002,3,230.82,108.89,15
OI0017057,O006885,P0066,1,103.29,50.62,5
OI0017058,O006885,P0062,1,274.98,138.35,10
OI0017059,O006885,P0055,3,150.07,98.61,0
OI0017060,O006885,P0112,2,361.01,177.23,0
OI0017061,O006886,P0092,2,51.3,24.69,10
OI0017062,O006886,P0033,2,211.78,114.87,0
OI0017063,O006887,P0091,1,196.39,82.27,0
OI0017064,O006888,P0115,1,66.66,49.6,0
OI0017065,O006888,P0051,1,104.92,60.39,15
OI0017066,O006889,P0113,2,152.02,79.85,0
OI0017067,O006890,P0052,2,142.04,68.52,15
OI0017068,O006890,P0120,1,123.81,98.52,15
OI0017069,O006891,P0062,3,274.98,138.35,10
OI0017070,O006891,P0031,1,254.7,145.72,10
OI0017071,O006891,P0023,1,15.34,8.57,5
OI0017072,O006891,P0033,1,211.78,114.87,10
OI0017073,O006892,P0059,1,310.18,133.96,0
OI0017074,O006892,P0057,2,95.09,41.82,5
OI0017075,O006893,P0003,1,171.57,88.27,25
OI0017076,O006893,P0080,1,392.84,163.94,0
OI0017077,O006893,P0028,1,307.09,179.34,0
OI0017078,O006893,P0010,1,236.09,100.66,0
OI0017079,O006894,P0027,2,283.79,152.07,0
OI0017080,O006894,P0044,2,279.36,162.6,20
OI0017081,O006894,P0026,1,187.78,112.59,0
OI0017082,O006894,P0110,2,311.63,167.87,20
OI0017083,O006895,P0004,1,114.79,53.81,15
OI0017084,O006895,P0050,1,171.47,76.47,0
OI0017085,O006896,P0117,2,252.27,158.43,10
OI0017086,O006896,P0119,1,78.86,37.39,0
OI0017087,O006896,P0008,2,223.03,120.69,15
OI0017088,O006896,P0043,1,33.48,14.68,0
OI0017089,O006897,P0058,1,224.02,143.13,10
OI0017090,O006897,P0076,1,81.73,46.21,15
OI0017091,O006898,P0016,1,182.65,108.43,5
OI0017092,O006898,P0073,1,372.75,170.56,0
OI0017093,O006899,P0019,1,36.3,22.04,110
OI0017094,O006899,P0064,2,60.15,32.62,15
OI0017095,O006899,P0028,1,307.09,179.34,110
OI0017096,O006900,P0107,2,140.71,82.95,15
OI0017097,O006900,P0037,1,171.97,76.8,0
OI0017098,O006901,P0033,3,211.78,114.87,0
OI0017099,O006901,P0103,1,100.44,47.01,110
OI0017100,O006902,P0087,2,136.09,59.78,20
OI0017101,O006902,P0048,4,316.06,150.66,15
OI0017102,O006902,P0041,1,46.27,32.89,0
OI0017103,O006902,P0114,1,41.45,23.84,10
OI0017104,O006903,P0001,1,58.62,26.48,0
OI0017105,O006903,P0003,1,171.57,88.27,25
OI0017106,O006903,P0078,1,268.06,129.83,0
OI0017107,O006904,P0040,1,214.96,89.94,0
OI0017108,O006905,P0029,1,35.33,21.58,0
OI0017109,O006905,P0029,1,35.33,21.58,0
OI0017110,O006905,P0003,2,171.57,88.27,0
OI0017111,O006906,P0020,3,185.28,120.72,0
OI0017112,O006906,P0013,1,127.84,91.01,0
OI0017113,O006906,P0002,1,230.82,108.89,20
OI0017114,O006907,P0040,2,214.96,89.94,0
OI0017115,O006907,P0014,1,189.67,104.55,5
OI0017116,O006907,P0024,2,169.87,104.81,0
OI0017117,O006908,P0079,2,28.55,21.67,10
OI0017118,O006908,P0048,1,316.06,150.66,20
OI0017119,O006909,P0051,4,104.92,60.39,15
OI0017120,O006910,P0108,1,299.87,137.39,0
OI0017121,O006910,P0047,2,243.5,159.8,0
OI0017122,O006911,P0118,1,177.52,114.17,0
OI0017123,O006912,P0094,2,309.52,160.91,0
OI0017124,O006913,P0100,3,280.83,119.83,0
OI0017125,O006913,P0015,3,147.82,103.39,5
OI0017126,O006913,P0086,1,263.23,167.09,15
OI0017127,O006913,P0091,1,196.39,82.27,10
OI0017128,O006914,P0065,1,270.21,125.01,0
OI0017129,O006914,P0087,1,136.09,59.78,0
OI0017130,O006914,P0060,1,306.49,149.27,0
OI0017131,O006914,P0080,1,392.84,163.94,5
OI0017132,O006915,P0015,1,147.82,103.39,0
OI0017133,O006915,P0046,1,310.17,133.53,5
OI0017134,O006915,P0091,3,196.39,82.27,0
OI0017135,O006916,P0040,1,214.96,89.94,0
OI0017136,O006916,P0056,1,385.75,167.31,0
OI0017137,O006916,P0005,1,181.52,92.02,0
OI0017138,O006916,P0028,2,307.09,179.34,0
OI0017139,O006917,P0073,1,372.75,170.56,15
OI0017140,O006918,P0039,1,66.47,46.73,25
OI0017141,O006918,P0070,1,131.06,75.18,15
OI0017142,O006918,P0002,1,230.82,108.89,5
OI0017143,O006919,P0009,1,102.74,56.37,20
OI0017144,O006919,P0014,1,189.67,104.55,10
OI0017145,O006920,P0093,1,64.09,40.65,5
OI0017146,O006920,P0085,1,142.09,59.82,10
OI0017147,O006921,P0020,2,185.28,120.72,20
OI0017148,O006921,P0118,2,177.52,114.17,0
OI0017149,O006921,P0003,1,171.57,88.27,15
OI0017150,O006922,P0096,3,280.31,123.46,5
OI0017151,O006922,P0102,2,195.72,100.75,5
OI0017152,O006922,P0116,1,53.16,36.42,0
OI0017153,O006923,P0067,4,33.07,19.77,15
OI0017154,O006923,P0066,2,103.29,50.62,10
OI0017155,O006923,P0036,1,71.47,40.11,0
OI0017156,O006924,P0085,2,142.09,59.82,0
OI0017157,O006924,P0046,-1,310.17,133.53,10
OI0017158,O006924,P0026,1,187.78,112.59,0
OI0017159,O006924,P0110,1,311.63,167.87,0
OI0017160,O006925,P0061,1,241.21,110.37,0
OI0017161,O006925,P0098,3,17.88,10.05,20
OI0017162,O006925,P0061,2,241.21,110.37,0
OI0017163,O006926,P0008,1,223.03,120.69,0
OI0017164,O006926,P0019,3,36.3,22.04,25
OI0017165,O006927,P0113,1,152.02,79.85,20
OI0017166,O006928,P0055,4,150.07,98.61,15
OI0017167,O006929,P0115,1,66.66,49.6,0
OI0017168,O006929,P0030,1,90.28,41.7,20
OI0017169,O006929,P0100,4,280.83,119.83,0
OI0017170,O006929,P0021,1,217.0,157.06,0
OI0017171,O006930,P0067,-1,33.07,19.77,5
OI0017172,O006930,P0007,1,180.16,110.8,0
OI0017173,O006930,P0005,1,181.52,92.02,25
OI0017174,O006931,P0047,3,243.5,159.8,0
OI0017175,O006931,P0090,3,60.09,33.62,0
OI0017176,O006931,P0098,1,17.88,10.05,20
OI0017177,O006932,P0015,3,147.82,103.39,10
OI0017178,O006932,P0039,1,66.47,46.73,10
OI0017179,O006933,P0120,2,123.81,98.52,10
OI0017180,O006933,P0093,2,64.09,40.65,10
OI0017181,O006933,P0108,4,299.87,137.39,10
OI0017182,O006934,P0024,1,169.87,104.81,0
OI0017183,O006934,P0099,1,179.3,114.96,10
OI0017184,O006934,P0024,4,169.87,104.81,15
OI0017185,O006934,P0001,1,58.62,26.48,5
OI0017186,O006935,P0065,1,270.21,125.01,0
OI0017187,O006935,P0016,2,182.65,108.43,0
OI0017188,O006935,P0075,1,134.51,78.21,0
OI0017189,O006935,P0056,2,385.75,167.31,20
OI0017190,O006936,P0097,1,163.15,70.37,0
OI0017191,O006937,P0014,1,189.67,104.55,5
OI0017192,O006937,P0012,3,20.32,10.75,0
OI0017193,O006937,P0024,1,169.87,104.81,5
OI0017194,O006937,P0075,1,134.51,78.21,0
OI0017195,O006938,P0022,2,192.12,85.66,0
OI0017196,O006939,P0086,1,263.23,167.09,5
OI0017197,O006939,P0097,-1,163.15,70.37,0
OI0017198,O006939,P0072,1,272.32,149.77,10
OI0017199,O006940,P0103,-1,100.44,47.01,10
OI0017200,O006940,P0117,2,252.27,158.43,0
OI0017201,O006940,P0079,1,28.55,21.67,0
OI0017202,O006940,P0097,1,163.15,70.37,0
OI0017203,O006941,P0005,2,181.52,92.02,0
OI0017204,O006941,P0113,1,152.02,79.85,15
OI0017205,O006941,P0044,1,279.36,162.6,0
OI0017206,O006942,P0083,1,63.1,34.73,25
OI0017207,O006942,P0085,1,142.09,59.82,0
OI0017208,O006943,P0083,1,63.1,34.73,0
OI0017209,O006943,P0021,1,217.0,157.06,10
OI0017210,O006944,P0049,3,59.24,43.15,0
OI0017211,O006944,P0005,2,181.52,92.02,0
OI0017212,O006945,P0062,1,274.98,138.35,0
OI0017213,O006946,P0020,1,185.28,120.72,5
OI0017214,O006946,P0009,2,102.74,56.37,5
OI0017215,O006947,P0043,3,33.48,14.68,0
OI0017216,O006947,P0050,1,171.47,76.47,0
OI0017217,O006947,P0102,1,195.72,100.75,5
OI0017218,O006948,P0096,2,280.31,123.46,0
OI0017219,O006948,P0078,1,268.06,129.83,5
OI0017220,O006948,P0040,1,214.96,89.94,0
OI0017221,O006949,P0016,1,182.65,108.43,0
OI0017222,O006949,P0086,1,263.23,167.09,0
OI0017223,O006949,P0062,2,274.98,138.35,5
OI0017224,O006950,P0029,1,35.33,21.58,10
OI0017225,O006950,P0032,3,148.44,75.4,0
OI0017226,O006950,P0065,2,270.21,125.01,10
OI0017227,O006951,P0024,2,169.87,104.81,0
OI0017228,O006952,P0115,1,66.66,49.6,5
OI0017229,O006952,P0080,3,392.84,163.94,5
OI0017230,O006952,P0042,2,79.85,35.8,5
OI0017231,O006953,P0080,2,392.84,163.94,20
OI0017232,O006953,P0104,2,71.93,33.51,15
OI0017233,O006953,P0103,1,100.44,47.01,5
OI0017234,O006954,P0013,1,127.84,91.01,5
OI0017235,O006954,P0120,1,123.81,98.52,20
OI0017236,O006955,P0067,3,33.07,19.77,0
OI0017237,O006955,P0028,2,307.09,179.34,0
OI0017238,O006956,P0053,3,23.29,11.09,15
OI0017239,O006956,P0033,1,211.78,114.87,5
OI0017240,O006957,P0010,1,236.09,100.66,0
OI0017241,O006957,P0107,2,140.71,82.95,10
OI0017242,O006958,P0108,1,299.87,137.39,10
OI0017243,O006958,P0006,1,273.98,150.3,5
OI0017244,O006958,P0008,4,223.03,120.69,5
OI0017245,O006958,P0083,1,63.1,34.73,0
OI0017246,O006959,P0036,-1,71.47,40.11,5
OI0017247,O006959,P0022,2,192.12,85.66,15
OI0017248,O006959,P0021,1,217.0,157.06,15
OI0017249,O006959,P0023,2,15.34,8.57,5
OI0017250,O006960,P0029,1,35.33,21.58,10
OI0017251,O006960,P0048,2,316.06,150.66,5
OI0017252,O006961,P0036,3,71.47,40.11,20
OI0017253,O006962,P0070,1,131.06,75.18,15
OI0017254,O006962,P0084,1,42.76,20.69,0
OI0017255,O006962,P0090,1,60.09,33.62,0
OI0017256,O006963,P0070,1,131.06,75.18,20
OI0017257,O006963,P0035,3,326.93,146.56,15
OI0017258,O006963,P0033,1,211.78,114.87,15
OI0017259,O006963,P0041,1,46.27,32.89,10
OI0017260,O006964,P0056,2,385.75,167.31,0
OI0017261,O006965,P0112,1,361.01,177.23,10
OI0017262,O006965,P0029,3,35.33,21.58,0
OI0017263,O006965,P0097,1,163.15,70.37,0
OI0017264,O006966,P0036,2,71.47,40.11,0
OI0017265,O006966,P0083,1,63.1,34.73,0
OI0017266,O006966,P0039,1,66.47,46.73,0
OI0017267,O006967,P0039,1,66.47,46.73,0
OI0017268,O006968,P0012,2,20.32,10.75,5
OI0017269,O006968,P0052,1,142.04,68.52,20
OI0017270,O006968,P0116,1,53.16,36.42,5
OI0017271,O006968,P0120,1,123.81,98.52,20
OI0017272,O006969,P0063,2,8.2,5.54,15
OI0017273,O006970,P0018,2,281.84,146.67,0
OI0017274,O006970,P0050,1,171.47,76.47,5
OI0017275,O006970,P0087,1,136.09,59.78,15
OI0017276,O006971,P0116,1,53.16,36.42,15
OI0017277,O006971,P0069,1,259.35,175.47,5
OI0017278,O006971,P0025,2,187.19,125.9,15
OI0017279,O006971,P0007,2,180.16,110.8,20
OI0017280,O006972,P0119,1,78.86,37.39,5
OI0017281,O006972,P0086,2,263.23,167.09,0
OI0017282,O006972,P0058,1,224.02,143.13,0
OI0017283,O006972,P0060,3,306.49,149.27,0
OI0017284,O006973,P0026,3,187.78,112.59,10
OI0017285,O006973,P0078,1,268.06,129.83,10
OI0017286,O006973,P0104,4,71.93,33.51,15
OI0017287,O006974,P0068,2,103.65,44.29,0
OI0017288,O006974,P0074,1,62.08,27.78,0
OI0017289,O006975,P0052,4,142.04,68.52,15
OI0017290,O006975,P0018,3,281.84,146.67,10
OI0017291,O006975,P0014,3,189.67,104.55,5
OI0017292,O006975,P0007,1,180.16,110.8,10
OI0017293,O006976,P0115,1,66.66,49.6,10
OI0017294,O006976,P0095,2,202.91,139.2,0
OI0017295,O006976,P0065,2,270.21,125.01,0
OI0017296,O006977,P0095,1,202.91,139.2,20
OI0017297,O006977,P0014,1,189.67,104.55,0
OI0017298,O006977,P0120,1,123.81,98.52,15
OI0017299,O006978,P0110,1,311.63,167.87,0
OI0017300,O006978,P0090,1,60.09,33.62,0
OI0017301,O006978,P0031,1,254.7,145.72,0
OI0017302,O006978,P0011,1,116.27,72.14,5
OI0017303,O006979,P0095,2,202.91,139.2,10
OI0017304,O006979,P0096,1,280.31,123.46,0
OI0017305,O006979,P0003,1,171.57,88.27,5
OI0017306,O006980,P0088,-1,236.31,102.24,15
OI0017307,O006981,P0032,1,148.44,75.4,5
OI0017308,O006982,P0043,1,33.48,14.68,5
OI0017309,O006982,P0053,2,23.29,11.09,20
OI0017310,O006982,P0114,2,41.45,23.84,0
OI0017311,O006982,P0118,4,177.52,114.17,15
OI0017312,O006983,P0111,1,116.59,86.94,0
OI0017313,O006983,P0005,1,181.52,92.02,20
OI0017314,O006984,P0062,1,274.98,138.35,0
OI0017315,O006984,P0046,1,310.17,133.53,0
OI0017316,O006984,P0034,2,265.11,120.64,10
OI0017317,O006984,P0058,2,224.02,143.13,5
OI0017318,O006985,P0065,2,270.21,125.01,0
OI0017319,O006985,P0031,2,254.7,145.72,15
OI0017320,O006985,P0057,4,95.09,41.82,0
OI0017321,O006986,P0115,3,66.66,49.6,0
OI0017322,O006986,P0093,1,64.09,40.65,0
OI0017323,O006986,P0114,1,41.45,23.84,5
OI0017324,O006987,P0120,1,123.81,98.52,0
OI0017325,O006987,P0062,4,274.98,138.35,10
OI0017326,O006987,P0016,1,182.65,108.43,0
OI0017327,O006988,P0092,2,51.3,24.69,5
OI0017328,O006989,P0041,2,46.27,32.89,0
OI0017329,O006989,P0083,1,63.1,34.73,5
OI0017330,O006989,P0046,2,310.17,133.53,0
OI0017331,O006989,P0089,3,49.96,38.06,15
OI0017332,O006990,P0085,1,142.09,59.82,0
OI0017333,O006990,P0062,1,274.98,138.35,5
OI0017334,O006990,P0070,1,131.06,75.18,0
OI0017335,O006990,P0071,1,66.14,34.77,5
OI0017336,O006991,P0005,1,181.52,92.02,5
OI0017337,O006992,P0038,1,81.71,51.71,15
OI0017338,O006992,P0096,1,280.31,123.46,0
OI0017339,O006992,P0036,3,71.47,40.11,15
OI0017340,O006992,P0031,1,254.7,145.72,0
OI0017341,O006993,P0055,-1,150.07,98.61,5
OI0017342,O006994,P0036,1,71.47,40.11,5
OI0017343,O006994,P0021,3,217.0,157.06,0
OI0017344,O006995,P0072,1,272.32,149.77,0
OI0017345,O006995,P0084,1,42.76,20.69,0
OI0017346,O006995,P0003,1,171.57,88.27,5
OI0017347,O006995,P0011,1,116.27,72.14,0
OI0017348,O006996,P0058,3,224.02,143.13,0
OI0017349,O006996,P0033,2,211.78,114.87,0
OI0017350,O006996,P0008,2,223.03,120.69,15
OI0017351,O006996,P0022,2,192.12,85.66,0
OI0017352,O006997,P0098,2,17.88,10.05,10
OI0017353,O006997,P0076,1,81.73,46.21,5
OI0017354,O006997,P0004,3,114.79,53.81,0
OI0017355,O006997,P0117,2,252.27,158.43,0
OI0017356,O006998,P0049,1,59.24,43.15,5
OI0017357,O006998,P0072,2,272.32,149.77,110
OI0017358,O006998,P0014,4,189.67,104.55,20
OI0017359,O006999,P0061,3,241.21,110.37,10
OI0017360,O006999,P0115,3,66.66,49.6,0
OI0017361,O007000,P0025,2,187.19,125.9,0
OI0017362,O007000,P0008,2,223.03,120.69,0
OI0017363,O007000,P0039,1,66.47,46.73,5
OI0017364,O007001,P0019,2,36.3,22.04,0
OI0017365,O007001,P0069,1,259.35,175.47,10
OI0017366,O007001,P0075,2,134.51,78.21,0
OI0017367,O007002,P0077,2,9.56,6.81,10
OI0017368,O007002,P0017,2,30.38,15.75,0
OI0017369,O007002,P0108,2,299.87,137.39,20
OI0017370,O007003,P0034,3,265.11,120.64,15
OI0017371,O007003,P0034,2,265.11,120.64,25
OI0017372,O007003,P0057,1,95.09,41.82,10
OI0017373,O007003,P0005,1,181.52,92.02,0
OI0017374,O007004,P0015,3,147.82,103.39,0
OI0017375,O007004,P0045,1,354.19,170.05,10
OI0017376,O007004,P0075,1,134.51,78.21,15
OI0017377,O007005,P0114,1,41.45,23.84,0
OI0017378,O007005,P0023,3,15.34,8.57,0
OI0017379,O007005,P0013,4,127.84,91.01,15
OI0017380,O007005,P0093,1,64.09,40.65,0
OI0017381,O007006,P0099,1,179.3,114.96,0
OI0017382,O007006,P0070,1,131.06,75.18,15
OI0017383,O007006,P0061,1,241.21,110.37,15
OI0017384,O007007,P0108,2,299.87,137.39,5
OI0017385,O007007,P0023,1,15.34,8.57,20
OI0017386,O007007,P0079,1,28.55,21.67,0
OI0017387,O007008,P0117,1,252.27,158.43,10
OI0017388,O007009,P0018,2,281.84,146.67,0
OI0017389,O007009,P0044,1,279.36,162.6,0
OI0017390,O007010,P0058,2,224.02,143.13,0
OI0017391,O007010,P0100,1,280.83,119.83,0
OI0017392,O007011,P0083,3,63.1,34.73,10
OI0017393,O007011,P0025,1,187.19,125.9,0
OI0017394,O007011,P0023,1,15.34,8.57,0
OI0017395,O007011,P0067,2,33.07,19.77,0
OI0017396,O007012,P0097,1,163.15,70.37,0
OI0017397,O007012,P0034,1,265.11,120.64,10
OI0017398,O007012,P0044,1,279.36,162.6,0
OI0017399,O007012,P0017,2,30.38,15.75,5
OI0017400,O007013,P0002,1,230.82,108.89,5
OI0017401,O007013,P0052,1,142.04,68.52,0
OI0017402,O007013,P0085,4,142.09,59.82,20
OI0017403,O007013,P0100,2,280.83,119.83,15
OI0017404,O007014,P0096,3,280.31,123.46,0
OI0017405,O007015,P0093,2,64.09,40.65,5
OI0017406,O007015,P0084,1,42.76,20.69,5
OI0017407,O007016,P0041,1,46.27,32.89,10
OI0017408,O007017,P0108,3,299.87,137.39,0
OI0017409,O007017,P0007,1,180.16,110.8,0
OI0017410,O007018,P0059,3,310.18,133.96,0
OI0017411,O007018,P0065,1,270.21,125.01,20
OI0017412,O007019,P0116,4,53.16,36.42,0
OI0017413,O007019,P0063,3,8.2,5.54,0
OI0017414,O007019,P0068,1,103.65,44.29,0
OI0017415,O007020,P0001,2,58.62,26.48,0
OI0017416,O007020,P0009,1,102.74,56.37,25
OI0017417,O007020,P0060,2,306.49,149.27,15
OI0017418,O007021,P0070,1,131.06,75.18,5
OI0017419,O007021,P0080,2,392.84,163.94,10
OI0017420,O007021,P0034,1,265.11,120.64,0
OI0017421,O007022,P0097,1,163.15,70.37,0
OI0017422,O007023,P0052,3,142.04,68.52,20
OI0017423,O007024,P0043,1,33.48,14.68,0
OI0017424,O007025,P0115,2,66.66,49.6,0
OI0017425,O007026,P0118,1,177.52,114.17,20
OI0017426,O007026,P0078,1,268.06,129.83,5
OI0017427,O007026,P0019,1,36.3,22.04,25
OI0017428,O007026,P0059,1,310.18,133.96,0
OI0017429,O007027,P0105,1,124.3,57.25,5
OI0017430,O007028,P0068,1,103.65,44.29,0
OI0017431,O007028,P0036,3,71.47,40.11,0
OI0017432,O007028,P0052,1,142.04,68.52,5
OI0017433,O007029,P0011,1,116.27,72.14,5
OI0017434,O007029,P0081,2,96.93,49.39,10
OI0017435,O007030,P0064,3,60.15,32.62,0
OI0017436,O007030,P0119,1,78.86,37.39,0
OI0017437,O007030,P0029,1,35.33,21.58,0
OI0017438,O007031,P0025,2,187.19,125.9,25
OI0017439,O007031,P0084,2,42.76,20.69,5
OI0017440,O007032,P0117,1,252.27,158.43,0
OI0017441,O007032,P0117,1,252.27,158.43,5
OI0017442,O007033,P0030,2,90.28,41.7,0
OI0017443,O007033,P0095,1,202.91,139.2,0
OI0017444,O007033,P0027,2,283.79,152.07,10
OI0017445,O007034,P0094,3,309.52,160.91,0
OI0017446,O007035,P0119,1,78.86,37.39,0
OI0017447,O007035,P0005,3,181.52,92.02,20
OI0017448,O007035,P0034,1,265.11,120.64,0
OI0017449,O007035,P0105,2,124.3,57.25,10
OI0017450,O007036,P0119,-1,78.86,37.39,15
OI0017451,O007037,P0057,1,95.09,41.82,10
OI0017452,O007037,P0040,4,214.96,89.94,5
OI0017453,O007038,P0028,4,307.09,179.34,110
OI0017454,O007039,P0083,1,63.1,34.73,0
OI0017455,O007039,P0117,1,252.27,158.43,0
OI0017456,O007039,P0114,1,41.45,23.84,20
OI0017457,O007039,P0103,1,100.44,47.01,10
OI0017458,O007040,P0044,1,279.36,162.6,10
OI0017459,O007041,P0058,4,224.02,143.13,0
OI0017460,O007041,P0002,1,230.82,108.89,10
OI0017461,O007042,P0090,3,60.09,33.62,5
OI0017462,O007042,P0063,2,8.2,5.54,0
OI0017463,O007042,P0111,2,116.59,86.94,15
OI0017464,O007042,P0089,2,49.96,38.06,15
OI0017465,O007043,P0112,1,361.01,177.23,5
OI0017466,O007043,P0024,1,169.87,104.81,5
OI0017467,O007043,P0037,1,171.97,76.8,0
OI0017468,O007043,P0103,1,100.44,47.01,0
OI0017469,O007044,P0073,2,372.75,170.56,5
OI0017470,O007044,P0060,2,306.49,149.27,25
OI0017471,O007044,P0111,-1,116.59,86.94,5
OI0017472,O007044,P0104,1,71.93,33.51,0
OI0017473,O007045,P0112,4,361.01,177.23,25
OI0017474,O007046,P0037,1,171.97,76.8,110
OI0017475,O007047,P0046,1,310.17,133.53,0
OI0017476,O007047,P0093,2,64.09,40.65,10
OI0017477,O007047,P0034,1,265.11,120.64,15
OI0017478,O007048,P0048,1,316.06,150.66,10
OI0017479,O007049,P0112,2,361.01,177.23,0
OI0017480,O007049,P0053,1,23.29,11.09,20
OI0017481,O007050,P0059,3,310.18,133.96,5
OI0017482,O007050,P0063,2,8.2,5.54,0
OI0017483,O007050,P0021,-1,217.0,157.06,0
OI0017484,O007051,P0062,3,274.98,138.35,25
OI0017485,O007052,P0028,-1,307.09,179.34,10
OI0017486,O007052,P0076,2,81.73,46.21,0
OI0017487,O007052,P0099,1,179.3,114.96,10
OI0017488,O007053,P0074,1,62.08,27.78,15
OI0017489,O007054,P0093,1,64.09,40.65,10
OI0017490,O007054,P0098,3,17.88,10.05,15
OI0017491,O007054,P0033,1,211.78,114.87,0
OI0017492,O007055,P0016,1,182.65,108.43,5
OI0017493,O007055,P0005,1,181.52,92.02,0
OI0017494,O007055,P0051,3,104.92,60.39,0
OI0017495,O007056,P0111,1,116.59,86.94,0
OI0017496,O007057,P0033,-1,211.78,114.87,0
OI0017497,O007057,P0107,1,140.71,82.95,15
OI0017498,O007058,P0105,1,124.3,57.25,0
OI0017499,O007058,P0118,1,177.52,114.17,0
OI0017500,O007059,P0022,1,192.12,85.66,0
OI0017501,O007060,P0027,1,283.79,152.07,0
OI0017502,O007060,P0007,1,180.16,110.8,0
OI0017503,O007061,P0071,1,66.14,34.77,10
OI0017504,O007061,P0086,1,263.23,167.09,5
OI0017505,O007061,P0070,1,131.06,75.18,0
OI0017506,O007062,P0083,1,63.1,34.73,0
OI0017507,O007063,P0015,1,147.82,103.39,5
OI0017508,O007063,P0060,1,306.49,149.27,0
OI0017509,O007063,P0102,1,195.72,100.75,10
OI0017510,O007063,P0089,1,49.96,38.06,25
OI0017511,O007064,P0114,4,41.45,23.84,15
OI0017512,O007065,P0043,2,33.48,14.68,5
OI0017513,O007066,P0083,4,63.1,34.73,25
OI0017514,O007067,P0007,2,180.16,110.8,5
OI0017515,O007068,P0032,1,148.44,75.4,0
OI0017516,O007068,P0003,2,171.57,88.27,5
OI0017517,O007068,P0048,3,316.06,150.66,0
OI0017518,O007068,P0039,3,66.47,46.73,0
OI0017519,O007069,P0026,1,187.78,112.59,20
OI0017520,O007070,P0066,4,103.29,50.62,0
OI0017521,O007070,P0094,1,309.52,160.91,10
OI0017522,O007070,P0034,2,265.11,120.64,0
OI0017523,O007071,P0067,1,33.07,19.77,5
OI0017524,O007071,P0105,1,124.3,57.25,0
OI0017525,O007071,P0045,1,354.19,170.05,5
OI0017526,O007071,P0030,1,90.28,41.7,0
OI0017527,O007072,P0048,3,316.06,150.66,10
OI0017528,O007072,P0051,1,104.92,60.39,5
OI0017529,O007072,P0027,2,283.79,152.07,10
OI0017530,O007072,P0014,1,189.67,104.55,10
OI0017531,O007073,P0028,1,307.09,179.34,0
OI0017532,O007074,P0039,2,66.47,46.73,20
OI0017533,O007074,P0039,2,66.47,46.73,5
OI0017534,O007074,P0042,2,79.85,35.8,0
OI0017535,O007074,P0020,1,185.28,120.72,0
OI0017536,O007075,P0030,1,90.28,41.7,5
OI0017537,O007075,P0056,2,385.75,167.31,15
OI0017538,O007075,P0079,1,28.55,21.67,20
OI0017539,O007076,P0002,2,230.82,108.89,15
OI0017540,O007077,P0063,1,8.2,5.54,10
OI0017541,O007077,P0042,1,79.85,35.8,20
OI0017542,O007077,P0091,1,196.39,82.27,0
OI0017543,O007078,P0029,1,35.33,21.58,15
OI0017544,O007078,P0114,2,41.45,23.84,10
OI0017545,O007078,P0045,4,354.19,170.05,15
OI0017546,O007079,P0032,1,148.44,75.4,0
OI0017547,O007079,P0082,2,64.05,28.14,15
OI0017548,O007079,P0046,4,310.17,133.53,0
OI0017549,O007080,P0067,1,33.07,19.77,15
OI0017550,O007080,P0014,1,189.67,104.55,20
OI0017551,O007080,P0073,1,372.75,170.56,20
OI0017552,O007081,P0055,2,150.07,98.61,0
OI0017553,O007082,P0073,1,372.75,170.56,10
OI0017554,O007083,P0118,2,177.52,114.17,5
OI0017555,O007084,P0091,1,196.39,82.27,5
OI0017556,O007084,P0011,1,116.27,72.14,0
OI0017557,O007085,P0047,2,243.5,159.8,15
OI0017558,O007085,P0097,1,163.15,70.37,5
OI0017559,O007086,P0036,1,71.47,40.11,5
OI0017560,O007086,P0077,1,9.56,6.81,0
OI0017561,O007086,P0042,-1,79.85,35.8,5
OI0017562,O007086,P0105,1,124.3,57.25,0
OI0017563,O007087,P0040,1,214.96,89.94,0
OI0017564,O007087,P0029,1,35.33,21.58,0
OI0017565,O007088,P0078,1,268.06,129.83,10
OI0017566,O007088,P0003,1,171.57,88.27,10
OI0017567,O007089,P0109,2,39.14,21.27,20
OI0017568,O007089,P0034,1,265.11,120.64,15
OI0017569,O007090,P0023,1,15.34,8.57,10
OI0017570,O007091,P0074,4,62.08,27.78,5
OI0017571,O007091,P0004,1,114.79,53.81,10
OI0017572,O007091,P0120,1,123.81,98.52,0
OI0017573,O007092,P0070,1,131.06,75.18,0
OI0017574,O007093,P0085,1,142.09,59.82,5
OI0017575,O007094,P0109,3,39.14,21.27,10
OI0017576,O007095,P0073,3,372.75,170.56,0
OI0017577,O007095,P0117,1,252.27,158.43,0
OI0017578,O007095,P0099,1,179.3,114.96,0
OI0017579,O007095,P0061,3,241.21,110.37,10
OI0017580,O007096,P0108,1,299.87,137.39,10
OI0017581,O007096,P0047,3,243.5,159.8,5
OI0017582,O007097,P0009,3,102.74,56.37,0
OI0017583,O007098,P0104,4,71.93,33.51,5
OI0017584,O007098,P0120,1,123.81,98.52,0
OI0017585,O007098,P0016,1,182.65,108.43,0
OI0017586,O007099,P0073,1,372.75,170.56,15
OI0017587,O007099,P0014,1,189.67,104.55,0
OI0017588,O007100,P0104,2,71.93,33.51,0
OI0017589,O007100,P0035,1,326.93,146.56,0
OI0017590,O007100,P0052,2,142.04,68.52,0
OI0017591,O007100,P0061,1,241.21,110.37,5
OI0017592,O007101,P0083,1,63.1,34.73,5
OI0017593,O007101,P0100,1,280.83,119.83,15
OI0017594,O007101,P0098,2,17.88,10.05,0
OI0017595,O007102,P0075,1,134.51,78.21,0
OI0017596,O007102,P0033,2,211.78,114.87,0
OI0017597,O007102,P0070,1,131.06,75.18,5
OI0017598,O007102,P0024,3,169.87,104.81,0
OI0017599,O007103,P0016,2,182.65,108.43,10
OI0017600,O007103,P0089,1,49.96,38.06,0
OI0017601,O007103,P0027,1,283.79,152.07,0
OI0017602,O007104,P0057,4,95.09,41.82,0
OI0017603,O007104,P0095,3,202.91,139.2,0
OI0017604,O007104,P0027,1,283.79,152.07,10
OI0017605,O007104,P0017,1,30.38,15.75,20
OI0017606,O007105,P0027,1,283.79,152.07,10
OI0017607,O007105,P0064,1,60.15,32.62,0
OI0017608,O007105,P0100,-1,280.83,119.83,0
OI0017609,O007106,P0045,1,354.19,170.05,20
OI0017610,O007106,P0103,2,100.44,47.01,15
OI0017611,O007106,P0111,2,116.59,86.94,5
OI0017612,O007106,P0080,1,392.84,163.94,5
OI0017613,O007107,P0088,3,236.31,102.24,10
OI0017614,O007107,P0109,1,39.14,21.27,0
OI0017615,O007108,P0083,1,63.1,34.73,5
OI0017616,O007109,P0112,1,361.01,177.23,0
OI0017617,O007109,P0031,1,254.7,145.72,0
OI0017618,O007109,P0044,4,279.36,162.6,0
OI0017619,O007110,P0018,1,281.84,146.67,0
OI0017620,O007110,P0115,-1,66.66,49.6,0
OI0017621,O007110,P0065,1,270.21,125.01,0
OI0017622,O007110,P0001,2,58.62,26.48,10
OI0017623,O007111,P0013,1,127.84,91.01,0
OI0017624,O007111,P0063,1,8.2,5.54,10
OI0017625,O007111,P0001,1,58.62,26.48,0
OI0017626,O007111,P0033,2,211.78,114.87,0
OI0017627,O007112,P0007,1,180.16,110.8,0
OI0017628,O007112,P0088,3,236.31,102.24,0
OI0017629,O007113,P0027,2,283.79,152.07,0
OI0017630,O007113,P0108,4,299.87,137.39,0
OI0017631,O007114,P0078,1,268.06,129.83,0
OI0017632,O007115,P0101,-1,338.95,156.07,25
OI0017633,O007116,P0076,1,81.73,46.21,0
OI0017634,O007117,P0048,1,316.06,150.66,5
OI0017635,O007117,P0102,3,195.72,100.75,5
OI0017636,O007118,P0083,1,63.1,34.73,10
OI0017637,O007118,P0048,1,316.06,150.66,10
OI0017638,O007118,P0030,1,90.28,41.7,20
OI0017639,O007118,P0008,1,223.03,120.69,0
OI0017640,O007119,P0085,1,142.09,59.82,10
OI0017641,O007120,P0101,1,338.95,156.07,10
OI0017642,O007120,P0048,2,316.06,150.66,5
OI0017643,O007121,P0078,1,268.06,129.83,0
OI0017644,O007121,P0095,1,202.91,139.2,10
OI0017645,O007121,P0086,1,263.23,167.09,0
OI0017646,O007121,P0038,1,81.71,51.71,10
OI0017647,O007122,P0030,1,90.28,41.7,15
OI0017648,O007122,P0100,3,280.83,119.83,110
OI0017649,O007123,P0032,1,148.44,75.4,0
OI0017650,O007123,P0018,2,281.84,146.67,0
OI0017651,O007123,P0046,1,310.17,133.53,10
OI0017652,O007124,P0024,2,169.87,104.81,5
OI0017653,O007125,P0068,1,103.65,44.29,0
OI0017654,O007125,P0035,2,326.93,146.56,20
OI0017655,O007126,P0070,1,131.06,75.18,0
OI0017656,O007127,P0012,1,20.32,10.75,15
OI0017657,O007127,P0077,-1,9.56,6.81,5
OI0017658,O007127,P0013,2,127.84,91.01,10
OI0017659,O007127,P0040,1,214.96,89.94,0
OI0017660,O007128,P0066,4,103.29,50.62,0
OI0017661,O007128,P0071,1,66.14,34.77,0
OI0017662,O007129,P0010,1,236.09,100.66,5
OI0017663,O007129,P0103,2,100.44,47.01,10
OI0017664,O007129,P0015,2,147.82,103.39,0
OI0017665,O007129,P0045,1,354.19,170.05,0
OI0017666,O007130,P0008,2,223.03,120.69,15
OI0017667,O007130,P0007,1,180.16,110.8,0
OI0017668,O007130,P0100,1,280.83,119.83,5
OI0017669,O007130,P0003,1,171.57,88.27,20
OI0017670,O007131,P0018,1,281.84,146.67,0
OI0017671,O007132,P0037,1,171.97,76.8,0
OI0017672,O007132,P0007,4,180.16,110.8,0
OI0017673,O007132,P0003,3,171.57,88.27,10
OI0017674,O007133,P0016,1,182.65,108.43,0
OI0017675,O007134,P0078,2,268.06,129.83,0
OI0017676,O007134,P0114,1,41.45,23.84,0
OI0017677,O007134,P0092,1,51.3,24.69,10
OI0017678,O007135,P0085,3,142.09,59.82,0
OI0017679,O007136,P0004,4,114.79,53.81,0
OI0017680,O007136,P0065,2,270.21,125.01,10
OI0017681,O007136,P0075,1,134.51,78.21,0
OI0017682,O007137,P0065,1,270.21,125.01,15
OI0017683,O007137,P0119,1,78.86,37.39,5
OI0017684,O007138,P0028,1,307.09,179.34,0
OI0017685,O007139,P0062,2,274.98,138.35,5
OI0017686,O007139,P0075,2,134.51,78.21,15
OI0017687,O007139,P0065,2,270.21,125.01,0
OI0017688,O007139,P0014,1,189.67,104.55,5
OI0017689,O007140,P0017,2,30.38,15.75,10
OI0017690,O007140,P0093,1,64.09,40.65,5
OI0017691,O007140,P0024,2,169.87,104.81,0
OI0017692,O007140,P0087,1,136.09,59.78,10
OI0017693,O007141,P0003,2,171.57,88.27,0
OI0017694,O007141,P0113,2,152.02,79.85,0
OI0017695,O007141,P0108,1,299.87,137.39,0
OI0017696,O007142,P0078,1,268.06,129.83,5
OI0017697,O007142,P0035,2,326.93,146.56,10
OI0017698,O007142,P0087,1,136.09,59.78,110
OI0017699,O007143,P0088,1,236.31,102.24,5
OI0017700,O007143,P0035,1,326.93,146.56,10
OI0017701,O007143,P0092,2,51.3,24.69,10
OI0017702,O007144,P0105,1,124.3,57.25,20
OI0017703,O007145,P0078,3,268.06,129.83,20
OI0017704,O007146,P0045,1,354.19,170.05,0
OI0017705,O007146,P0033,1,211.78,114.87,10
OI0017706,O007146,P0096,1,280.31,123.46,10
OI0017707,O007146,P0038,3,81.71,51.71,0
OI0017708,O007147,P0093,1,64.09,40.65,20
OI0017709,O007147,P0109,2,39.14,21.27,0
OI0017710,O007147,P0115,1,66.66,49.6,0
OI0017711,O007148,P0058,1,224.02,143.13,5
OI0017712,O007148,P0094,1,309.52,160.91,0
OI0017713,O007148,P0039,2,66.47,46.73,0
OI0017714,O007148,P0072,2,272.32,149.77,0
OI0017715,O007149,P0011,2,116.27,72.14,0
OI0017716,O007149,P0051,2,104.92,60.39,5
OI0017717,O007149,P0061,2,241.21,110.37,15
OI0017718,O007149,P0112,1,361.01,177.23,0
OI0017719,O007150,P0015,4,147.82,103.39,0
OI0017720,O007150,P0014,1,189.67,104.55,110
OI0017721,O007151,P0029,1,35.33,21.58,5
OI0017722,O007151,P0052,1,142.04,68.52,5
OI0017723,O007152,P0035,2,326.93,146.56,10
OI0017724,O007153,P0098,3,17.88,10.05,15
OI0017725,O007153,P0013,3,127.84,91.01,5
OI0017726,O007153,P0085,-1,142.09,59.82,0
OI0017727,O007154,P0113,1,152.02,79.85,20
OI0017728,O007155,P0031,3,254.7,145.72,10
OI0017729,O007155,P0013,1,127.84,91.01,0
OI0017730,O007155,P0027,1,283.79,152.07,10
OI0017731,O007156,P0050,1,171.47,76.47,5
OI0017732,O007157,P0065,2,270.21,125.01,20
OI0017733,O007157,P0026,2,187.78,112.59,0
OI0017734,O007157,P0082,3,64.05,28.14,0
OI0017735,O007157,P0105,1,124.3,57.25,0
OI0017736,O007158,P0086,2,263.23,167.09,0
OI0017737,O007159,P0053,1,23.29,11.09,20
OI0017738,O007160,P0098,2,17.88,10.05,5
OI0017739,O007160,P0089,3,49.96,38.06,0
OI0017740,O007160,P0053,1,23.29,11.09,15
OI0017741,O007161,P0057,3,95.09,41.82,10
OI0017742,O007161,P0114,2,41.45,23.84,0
OI0017743,O007161,P0066,1,103.29,50.62,10
OI0017744,O007162,P0095,1,202.91,139.2,10
OI0017745,O007162,P0056,2,385.75,167.31,20
OI0017746,O007163,P0069,2,259.35,175.47,15
OI0017747,O007164,P0030,2,90.28,41.7,20
OI0017748,O007165,P0028,2,307.09,179.34,0
OI0017749,O007165,P0040,2,214.96,89.94,5
OI0017750,O007165,P0065,2,270.21,125.01,5
OI0017751,O007166,P0115,1,66.66,49.6,0
OI0017752,O007166,P0006,1,273.98,150.3,0
OI0017753,O007166,P0019,2,36.3,22.04,0
OI0017754,O007167,P0054,1,83.38,49.27,0
OI0017755,O007167,P0011,1,116.27,72.14,25
OI0017756,O007167,P0067,2,33.07,19.77,0
OI0017757,O007167,P0120,4,123.81,98.52,20
OI0017758,O007168,P0057,2,95.09,41.82,0
OI0017759,O007168,P0113,1,152.02,79.85,20
OI0017760,O007168,P0096,1,280.31,123.46,0
OI0017761,O007168,P0112,1,361.01,177.23,10
OI0017762,O007169,P0111,1,116.59,86.94,25
OI0017763,O007170,P0069,3,259.35,175.47,15
OI0017764,O007171,P0023,2,15.34,8.57,5
OI0017765,O007171,P0106,1,56.39,27.98,0
OI0017766,O007171,P0075,3,134.51,78.21,0
OI0017767,O007172,P0026,1,187.78,112.59,10
OI0017768,O007173,P0117,1,252.27,158.43,15
OI0017769,O007174,P0014,3,189.67,104.55,0
OI0017770,O007174,P0014,3,189.67,104.55,0
OI0017771,O007175,P0113,1,152.02,79.85,5
OI0017772,O007175,P0026,1,187.78,112.59,5
OI0017773,O007176,P0086,2,263.23,167.09,5
OI0017774,O007177,P0011,4,116.27,72.14,5
OI0017775,O007177,P0053,1,23.29,11.09,5
OI0017776,O007178,P0104,2,71.93,33.51,0
OI0017777,O007179,P0104,3,71.93,33.51,0
OI0017778,O007179,P0078,1,268.06,129.83,10
OI0017779,O007179,P0050,1,171.47,76.47,5
OI0017780,O007179,P0033,4,211.78,114.87,0
OI0017781,O007180,P0075,1,134.51,78.21,0
OI0017782,O007180,P0035,2,326.93,146.56,20
OI0017783,O007180,P0004,1,114.79,53.81,5
OI0017784,O007181,P0010,1,236.09,100.66,5
OI0017785,O007182,P0112,1,361.01,177.23,0
OI0017786,O007183,P0076,2,81.73,46.21,20
OI0017787,O007184,P0086,4,263.23,167.09,0
OI0017788,O007184,P0060,1,306.49,149.27,0
OI0017789,O007185,P0071,1,66.14,34.77,5
OI0017790,O007185,P0014,1,189.67,104.55,10
OI0017791,O007185,P0044,2,279.36,162.6,0
OI0017792,O007186,P0082,1,64.05,28.14,5
OI0017793,O007187,P0061,1,241.21,110.37,0
OI0017794,O007187,P0052,1,142.04,68.52,5
OI0017795,O007187,P0117,1,252.27,158.43,5
OI0017796,O007188,P0041,2,46.27,32.89,15
OI0017797,O007188,P0084,2,42.76,20.69,5
OI0017798,O007188,P0031,4,254.7,145.72,25
OI0017799,O007189,P0009,4,102.74,56.37,0
OI0017800,O007189,P0015,1,147.82,103.39,0
OI0017801,O007190,P0116,1,53.16,36.42,5
OI0017802,O007190,P0028,1,307.09,179.34,0
OI0017803,O007191,P0110,-1,311.63,167.87,0
OI0017804,O007191,P0112,-1,361.01,177.23,110
OI0017805,O007191,P0042,4,79.85,35.8,0
OI0017806,O007192,P0041,1,46.27,32.89,10
OI0017807,O007193,P0025,1,187.19,125.9,10
OI0017808,O007193,P0064,1,60.15,32.62,0
OI0017809,O007193,P0002,3,230.82,108.89,5
OI0017810,O007193,P0087,1,136.09,59.78,10
OI0017811,O007194,P0113,2,152.02,79.85,5
OI0017812,O007195,P0004,3,114.79,53.81,5
OI0017813,O007195,P0115,2,66.66,49.6,0
OI0017814,O007195,P0046,2,310.17,133.53,0
OI0017815,O007196,P0119,3,78.86,37.39,5
OI0017816,O007197,P0042,4,79.85,35.8,20
OI0017817,O007197,P0060,3,306.49,149.27,15
OI0017818,O007197,P0082,1,64.05,28.14,0
OI0017819,O007197,P0022,2,192.12,85.66,0
OI0017820,O007198,P0118,1,177.52,114.17,15
OI0017821,O007199,P0070,2,131.06,75.18,0
OI0017822,O007199,P0012,2,20.32,10.75,0
OI0017823,O007199,P0086,1,263.23,167.09,10
OI0017824,O007200,P0050,2,171.47,76.47,10
OI0017825,O007200,P0027,1,283.79,152.07,0
OI0017826,O007200,P0096,1,280.31,123.46,10
OI0017827,O007200,P0007,3,180.16,110.8,0
OI0017828,O007201,P0023,2,15.34,8.57,0
OI0017829,O007201,P0111,1,116.59,86.94,0
OI0017830,O007201,P0081,1,96.93,49.39,5
OI0017831,O007201,P0068,1,103.65,44.29,10
OI0017832,O007202,P0007,1,180.16,110.8,5
OI0017833,O007202,P0009,1,102.74,56.37,0
OI0017834,O007203,P0091,4,196.39,82.27,0
OI0017835,O007203,P0097,2,163.15,70.37,15
OI0017836,O007203,P0034,1,265.11,120.64,0
OI0017837,O007203,P0027,3,283.79,152.07,10
OI0017838,O007204,P0011,1,116.27,72.14,5
OI0017839,O007205,P0108,3,299.87,137.39,20
OI0017840,O007205,P0066,1,103.29,50.62,0
OI0017841,O007205,P0061,1,241.21,110.37,0
OI0017842,O007206,P0067,2,33.07,19.77,0
OI0017843,O007206,P0107,3,140.71,82.95,5
OI0017844,O007206,P0081,1,96.93,49.39,0
OI0017845,O007207,P0063,1,8.2,5.54,15
OI0017846,O007207,P0033,1,211.78,114.87,0
OI0017847,O007207,P0009,1,102.74,56.37,5
OI0017848,O007208,P0069,2,259.35,175.47,10
OI0017849,O007208,P0001,1,58.62,26.48,0
OI0017850,O007208,P0071,1,66.14,34.77,10
OI0017851,O007209,P0058,3,224.02,143.13,5
OI0017852,O007209,P0080,2,392.84,163.94,10
OI0017853,O007210,P0110,2,311.63,167.87,20
OI0017854,O007210,P0094,1,309.52,160.91,0
OI0017855,O007211,P0038,1,81.71,51.71,10
OI0017856,O007211,P0027,1,283.79,152.07,0
OI0017857,O007212,P0091,2,196.39,82.27,15
OI0017858,O007212,P0085,2,142.09,59.82,0
OI0017859,O007212,P0109,1,39.14,21.27,0
OI0017860,O007213,P0106,2,56.39,27.98,10
OI0017861,O007213,P0049,3,59.24,43.15,10
OI0017862,O007213,P0033,1,211.78,114.87,20
OI0017863,O007213,P0037,1,171.97,76.8,20
OI0017864,O007214,P0040,1,214.96,89.94,0
OI0017865,O007214,P0082,1,64.05,28.14,10
OI0017866,O007214,P0048,1,316.06,150.66,0
OI0017867,O007215,P0006,2,273.98,150.3,10
OI0017868,O007215,P0003,2,171.57,88.27,0
OI0017869,O007215,P0059,1,310.18,133.96,0
OI0017870,O007216,P0104,4,71.93,33.51,15
OI0017871,O007216,P0111,1,116.59,86.94,10
OI0017872,O007217,P0021,2,217.0,157.06,5
OI0017873,O007218,P0109,2,39.14,21.27,5
OI0017874,O007219,P0054,2,83.38,49.27,10
OI0017875,O007220,P0100,1,280.83,119.83,5
OI0017876,O007220,P0118,1,177.52,114.17,0
OI0017877,O007220,P0010,2,236.09,100.66,5
OI0017878,O007220,P0084,1,42.76,20.69,15
OI0017879,O007221,P0006,1,273.98,150.3,0
OI0017880,O007222,P0081,3,96.93,49.39,20
OI0017881,O007222,P0002,1,230.82,108.89,0
OI0017882,O007222,P0091,1,196.39,82.27,10
OI0017883,O007223,P0017,2,30.38,15.75,5
OI0017884,O007223,P0087,1,136.09,59.78,0
OI0017885,O007224,P0046,1,310.17,133.53,20
OI0017886,O007224,P0015,2,147.82,103.39,0
OI0017887,O007224,P0087,1,136.09,59.78,20
OI0017888,O007225,P0086,1,263.23,167.09,110
OI0017889,O007226,P0066,2,103.29,50.62,15
OI0017890,O007227,P0010,1,236.09,100.66,20
OI0017891,O007227,P0037,2,171.97,76.8,0
OI0017892,O007227,P0069,1,259.35,175.47,0
OI0017893,O007228,P0017,1,30.38,15.75,0
OI0017894,O007228,P0118,2,177.52,114.17,0
OI0017895,O007228,P0074,2,62.08,27.78,0
OI0017896,O007229,P0091,1,196.39,82.27,5
OI0017897,O007229,P0053,1,23.29,11.09,0
OI0017898,O007229,P0059,1,310.18,133.96,0
OI0017899,O007229,P0109,1,39.14,21.27,20
OI0017900,O007230,P0118,2,177.52,114.17,0
OI0017901,O007230,P0105,3,124.3,57.25,20
OI0017902,O007230,P0102,1,195.72,100.75,5
OI0017903,O007230,P0106,1,56.39,27.98,0
OI0017904,O007231,P0120,1,123.81,98.52,0
OI0017905,O007231,P0113,1,152.02,79.85,20
OI0017906,O007231,P0032,3,148.44,75.4,0
OI0017907,O007232,P0012,3,20.32,10.75,5
OI0017908,O007232,P0109,1,39.14,21.27,15
OI0017909,O007232,P0049,1,59.24,43.15,0
OI0017910,O007232,P0055,1,150.07,98.61,0
OI0017911,O007233,P0005,2,181.52,92.02,5
OI0017912,O007233,P0016,4,182.65,108.43,20
OI0017913,O007234,P0046,1,310.17,133.53,0
OI0017914,O007234,P0070,1,131.06,75.18,15
OI0017915,O007234,P0088,1,236.31,102.24,10
OI0017916,O007235,P0024,4,169.87,104.81,5
OI0017917,O007236,P0023,2,15.34,8.57,15
OI0017918,O007237,P0026,1,187.78,112.59,0
OI0017919,O007237,P0092,2,51.3,24.69,0
OI0017920,O007238,P0060,1,306.49,149.27,110
OI0017921,O007238,P0114,2,41.45,23.84,0
OI0017922,O007238,P0107,4,140.71,82.95,5
OI0017923,O007238,P0053,1,23.29,11.09,5
OI0017924,O007239,P0016,2,182.65,108.43,0
OI0017925,O007239,P0039,1,66.47,46.73,10
OI0017926,O007239,P0012,2,20.32,10.75,10
OI0017927,O007240,P0073,2,372.75,170.56,5
OI0017928,O007240,P0068,2,103.65,44.29,0
OI0017929,O007241,P0043,1,33.48,14.68,15
OI0017930,O007241,P0054,1,83.38,49.27,5
OI0017931,O007242,P0079,2,28.55,21.67,15
OI0017932,O007243,P0031,3,254.7,145.72,5
OI0017933,O007244,P0069,2,259.35,175.47,5
OI0017934,O007244,P0119,1,78.86,37.39,25
OI0017935,O007245,P0011,1,116.27,72.14,20
OI0017936,O007245,P0110,2,311.63,167.87,15
OI0017937,O007245,P0089,1,49.96,38.06,0
OI0017938,O007245,P0075,1,134.51,78.21,0
OI0017939,O007246,P0009,1,102.74,56.37,5
OI0017940,O007246,P0090,2,60.09,33.62,10
OI0017941,O007247,P0060,2,306.49,149.27,5
OI0017942,O007247,P0070,1,131.06,75.18,25
OI0017943,O007248,P0111,2,116.59,86.94,25
OI0017944,O007249,P0120,-1,123.81,98.52,15
OI0017945,O007249,P0087,2,136.09,59.78,0
OI0017946,O007250,P0050,2,171.47,76.47,0
OI0017947,O007250,P0101,1,338.95,156.07,10
OI0017948,O007250,P0111,1,116.59,86.94,5
OI0017949,O007250,P0080,1,392.84,163.94,5
OI0017950,O007251,P0110,2,311.63,167.87,10
OI0017951,O007251,P0060,1,306.49,149.27,15
OI0017952,O007251,P0068,3,103.65,44.29,0
OI0017953,O007252,P0113,1,152.02,79.85,10
OI0017954,O007253,P0087,4,136.09,59.78,15
OI0017955,O007254,P0041,1,46.27,32.89,0
OI0017956,O007255,P0023,1,15.34,8.57,15
OI0017957,O007256,P0063,1,8.2,5.54,0
OI0017958,O007257,P0023,1,15.34,8.57,0
OI0017959,O007257,P0110,1,311.63,167.87,20
OI0017960,O007257,P0064,1,60.15,32.62,110
OI0017961,O007258,P0043,1,33.48,14.68,0
OI0017962,O007258,P0070,1,131.06,75.18,15
OI0017963,O007258,P0077,4,9.56,6.81,25
OI0017964,O007259,P0112,2,361.01,177.23,0
OI0017965,O007260,P0117,1,252.27,158.43,5
OI0017966,O007260,P0104,3,71.93,33.51,20
OI0017967,O007260,P0113,3,152.02,79.85,0
OI0017968,O007261,P0042,1,79.85,35.8,0
OI0017969,O007261,P0104,1,71.93,33.51,0
OI0017970,O007261,P0104,1,71.93,33.51,10
OI0017971,O007262,P0064,3,60.15,32.62,0
OI0017972,O007262,P0108,4,299.87,137.39,5
OI0017973,O007263,P0034,2,265.11,120.64,0
OI0017974,O007263,P0025,1,187.19,125.9,0
OI0017975,O007263,P0087,4,136.09,59.78,5
OI0017976,O007263,P0120,2,123.81,98.52,5
OI0017977,O007264,P0045,1,354.19,170.05,10
OI0017978,O007264,P0034,1,265.11,120.64,10
OI0017979,O007264,P0024,3,169.87,104.81,15
OI0017980,O007264,P0106,1,56.39,27.98,5
OI0017981,O007265,P0030,3,90.28,41.7,15
OI0017982,O007265,P0020,2,185.28,120.72,0
OI0017983,O007265,P0084,1,42.76,20.69,0
OI0017984,O007266,P0116,1,53.16,36.42,5
OI0017985,O007267,P0119,3,78.86,37.39,0
OI0017986,O007267,P0023,3,15.34,8.57,0
OI0017987,O007267,P0109,1,39.14,21.27,0
OI0017988,O007267,P0060,4,306.49,149.27,20
OI0017989,O007268,P0094,1,309.52,160.91,5
OI0017990,O007268,P0005,1,181.52,92.02,25
OI0017991,O007268,P0068,1,103.65,44.29,5
OI0017992,O007269,P0022,2,192.12,85.66,20
OI0017993,O007269,P0002,1,230.82,108.89,0
OI0017994,O007269,P0098,3,17.88,10.05,0
OI0017995,O007269,P0037,1,171.97,76.8,0
OI0017996,O007270,P0109,1,39.14,21.27,10
OI0017997,O007270,P0047,1,243.5,159.8,20
OI0017998,O007271,P0092,1,51.3,24.69,0
OI0017999,O007271,P0070,3,131.06,75.18,0
OI0018000,O007272,P0066,4,103.29,50.62,0
OI0018001,O007273,P0075,2,134.51,78.21,15
OI0018002,O007274,P0096,2,280.31,123.46,0
OI0018003,O007274,P0118,2,177.52,114.17,10
OI0018004,O007274,P0037,4,171.97,76.8,10
OI0018005,O007274,P0089,1,49.96,38.06,15
OI0018006,O007275,P0075,1,134.51,78.21,15
OI0018007,O007275,P0041,1,46.27,32.89,15
OI0018008,O007275,P0085,1,142.09,59.82,0
OI0018009,O007275,P0013,2,127.84,91.01,10
OI0018010,O007276,P0014,1,189.67,104.55,0
OI0018011,O007277,P0009,1,102.74,56.37,0
OI0018012,O007277,P0106,1,56.39,27.98,15
OI0018013,O007277,P0036,1,71.47,40.11,20
OI0018014,O007277,P0018,2,281.84,146.67,0
OI0018015,O007278,P0021,1,217.0,157.06,10
OI0018016,O007278,P0115,-1,66.66,49.6,10
OI0018017,O007279,P0058,2,224.02,143.13,0
OI0018018,O007279,P0086,2,263.23,167.09,5
OI0018019,O007279,P0077,3,9.56,6.81,15
OI0018020,O007279,P0058,1,224.02,143.13,15
OI0018021,O007280,P0101,1,338.95,156.07,0
OI0018022,O007280,P0015,1,147.82,103.39,0
OI0018023,O007280,P0007,2,180.16,110.8,5
OI0018024,O007281,P0042,1,79.85,35.8,0
OI0018025,O007281,P0050,1,171.47,76.47,0
OI0018026,O007282,P0110,1,311.63,167.87,15
OI0018027,O007282,P0006,4,273.98,150.3,15
OI0018028,O007282,P0097,1,163.15,70.37,10
OI0018029,O007282,P0028,4,307.09,179.34,10
OI0018030,O007283,P0105,4,124.3,57.25,20
OI0018031,O007283,P0036,1,71.47,40.11,15
OI0018032,O007283,P0103,1,100.44,47.01,10
OI0018033,O007284,P0070,1,131.06,75.18,10
OI0018034,O007285,P0070,1,131.06,75.18,0
OI0018035,O007286,P0038,1,81.71,51.71,0
OI0018036,O007286,P0034,1,265.11,120.64,15
OI0018037,O007286,P0118,2,177.52,114.17,5
OI0018038,O007287,P0004,3,114.79,53.81,10
OI0018039,O007287,P0067,3,33.07,19.77,15
OI0018040,O007287,P0086,2,263.23,167.09,0
OI0018041,O007288,P0066,2,103.29,50.62,0
OI0018042,O007288,P0022,1,192.12,85.66,5
OI0018043,O007289,P0059,3,310.18,133.96,10
OI0018044,O007289,P0118,2,177.52,114.17,0
OI0018045,O007289,P0030,1,90.28,41.7,5
OI0018046,O007290,P0067,3,33.07,19.77,10
OI0018047,O007290,P0013,2,127.84,91.01,10
OI0018048,O007291,P0063,1,8.2,5.54,110
OI0018049,O007291,P0023,1,15.34,8.57,0
OI0018050,O007292,P0116,1,53.16,36.42,15
OI0018051,O007292,P0015,2,147.82,103.39,5
OI0018052,O007292,P0105,1,124.3,57.25,0
OI0018053,O007292,P0087,1,136.09,59.78,10
OI0018054,O007293,P0048,1,316.06,150.66,0
OI0018055,O007293,P0042,1,79.85,35.8,5
OI0018056,O007293,P0015,2,147.82,103.39,10
OI0018057,O007294,P0053,3,23.29,11.09,0
OI0018058,O007294,P0069,1,259.35,175.47,5
OI0018059,O007294,P0071,1,66.14,34.77,15
OI0018060,O007294,P0048,1,316.06,150.66,0
OI0018061,O007295,P0001,1,58.62,26.48,0
OI0018062,O007295,P0033,1,211.78,114.87,10
OI0018063,O007295,P0089,2,49.96,38.06,5
OI0018064,O007295,P0050,3,171.47,76.47,0
OI0018065,O007296,P0009,3,102.74,56.37,5
OI0018066,O007297,P0009,2,102.74,56.37,10
OI0018067,O007297,P0083,1,63.1,34.73,10
OI0018068,O007297,P0028,2,307.09,179.34,0
OI0018069,O007298,P0088,1,236.31,102.24,25
OI0018070,O007298,P0105,2,124.3,57.25,20
OI0018071,O007299,P0032,1,148.44,75.4,20
OI0018072,O007299,P0068,1,103.65,44.29,0
OI0018073,O007299,P0038,1,81.71,51.71,0
OI0018074,O007300,P0091,2,196.39,82.27,10
OI0018075,O007300,P0013,2,127.84,91.01,10
OI0018076,O007300,P0001,1,58.62,26.48,5
OI0018077,O007301,P0008,3,223.03,120.69,25
OI0018078,O007301,P0020,1,185.28,120.72,0
OI0018079,O007302,P0103,1,100.44,47.01,15
OI0018080,O007302,P0061,1,241.21,110.37,15
OI0018081,O007302,P0113,1,152.02,79.85,0
OI0018082,O007303,P0055,1,150.07,98.61,0
OI0018083,O007303,P0099,1,179.3,114.96,0
OI0018084,O007303,P0039,1,66.47,46.73,0
OI0018085,O007303,P0068,2,103.65,44.29,0
OI0018086,O007304,P0020,1,185.28,120.72,5
OI0018087,O007304,P0049,2,59.24,43.15,0
OI0018088,O007305,P0012,1,20.32,10.75,0
OI0018089,O007305,P0093,1,64.09,40.65,15
OI0018090,O007305,P0019,1,36.3,22.04,10
OI0018091,O007305,P0069,1,259.35,175.47,20
OI0018092,O007306,P0062,1,274.98,138.35,5
OI0018093,O007306,P0074,1,62.08,27.78,10
OI0018094,O007306,P0028,3,307.09,179.34,0
OI0018095,O007306,P0036,1,71.47,40.11,5
OI0018096,O007307,P0081,1,96.93,49.39,0
OI0018097,O007308,P0036,2,71.47,40.11,0
OI0018098,O007308,P0081,1,96.93,49.39,0
OI0018099,O007309,P0048,1,316.06,150.66,0
OI0018100,O007310,P0049,1,59.24,43.15,5
OI0018101,O007310,P0002,2,230.82,108.89,5
OI0018102,O007310,P0007,1,180.16,110.8,5
OI0018103,O007311,P0102,1,195.72,100.75,0
OI0018104,O007311,P0021,1,217.0,157.06,0
OI0018105,O007311,P0117,1,252.27,158.43,0
OI0018106,O007311,P0029,1,35.33,21.58,25
OI0018107,O007312,P0088,2,236.31,102.24,0
OI0018108,O007313,P0022,4,192.12,85.66,5
OI0018109,O007313,P0067,1,33.07,19.77,0
OI0018110,O007313,P0045,3,354.19,170.05,10
OI0018111,O007313,P0031,1,254.7,145.72,0
OI0018112,O007314,P0036,1,71.47,40.11,5
OI0018113,O007315,P0062,1,274.98,138.35,15
OI0018114,O007315,P0059,2,310.18,133.96,15
OI0018115,O007315,P0037,3,171.97,76.8,20
OI0018116,O007316,P0119,1,78.86,37.39,10
OI0018117,O007317,P0071,1,66.14,34.77,5
OI0018118,O007317,P0015,1,147.82,103.39,15
OI0018119,O007317,P0075,1,134.51,78.21,0
OI0018120,O007317,P0086,1,263.23,167.09,0
OI0018121,O007318,P0028,1,307.09,179.34,0
OI0018122,O007318,P0016,3,182.65,108.43,0
OI0018123,O007319,P0058,1,224.02,143.13,0
OI0018124,O007319,P0054,2,83.38,49.27,10
OI0018125,O007319,P0068,4,103.65,44.29,5
OI0018126,O007319,P0097,4,163.15,70.37,10
OI0018127,O007320,P0075,1,134.51,78.21,5
OI0018128,O007320,P0038,1,81.71,51.71,10
OI0018129,O007320,P0102,1,195.72,100.75,10
OI0018130,O007320,P0026,1,187.78,112.59,15
OI0018131,O007321,P0063,2,8.2,5.54,0
OI0018132,O007321,P0118,1,177.52,114.17,0
OI0018133,O007321,P0003,1,171.57,88.27,0
OI0018134,O007321,P0068,1,103.65,44.29,10
OI0018135,O007322,P0113,1,152.02,79.85,15
OI0018136,O007322,P0075,2,134.51,78.21,5
OI0018137,O007322,P0017,1,30.38,15.75,0
OI0018138,O007323,P0113,1,152.02,79.85,15
OI0018139,O007323,P0062,1,274.98,138.35,0
OI0018140,O007324,P0011,1,116.27,72.14,0
OI0018141,O007324,P0091,4,196.39,82.27,20
OI0018142,O007324,P0108,1,299.87,137.39,15
OI0018143,O007325,P0028,1,307.09,179.34,0
OI0018144,O007326,P0090,1,60.09,33.62,5
OI0018145,O007327,P0056,1,385.75,167.31,0
OI0018146,O007327,P0045,2,354.19,170.05,15
OI0018147,O007327,P0036,1,71.47,40.11,20
OI0018148,O007328,P0068,3,103.65,44.29,20
OI0018149,O007328,P0102,1,195.72,100.75,0
OI0018150,O007329,P0065,1,270.21,125.01,10
OI0018151,O007329,P0107,1,140.71,82.95,20
OI0018152,O007329,P0001,1,58.62,26.48,5
OI0018153,O007329,P0111,1,116.59,86.94,20
OI0018154,O007330,P0012,4,20.32,10.75,0
OI0018155,O007331,P0058,1,224.02,143.13,0
OI0018156,O007331,P0060,2,306.49,149.27,20
OI0018157,O007332,P0110,2,311.63,167.87,10
OI0018158,O007333,P0057,1,95.09,41.82,0
OI0018159,O007333,P0052,1,142.04,68.52,0
OI0018160,O007334,P0030,1,90.28,41.7,10
OI0018161,O007334,P0036,1,71.47,40.11,10
OI0018162,O007334,P0048,2,316.06,150.66,15
OI0018163,O007335,P0058,2,224.02,143.13,5
OI0018164,O007335,P0087,3,136.09,59.78,5
OI0018165,O007335,P0115,1,66.66,49.6,0
OI0018166,O007335,P0027,2,283.79,152.07,0
OI0018167,O007336,P0091,1,196.39,82.27,0
OI0018168,O007336,P0075,1,134.51,78.21,0
OI0018169,O007336,P0097,1,163.15,70.37,0
OI0018170,O007337,P0097,1,163.15,70.37,10
OI0018171,O007338,P0046,1,310.17,133.53,5
OI0018172,O007339,P0091,1,196.39,82.27,5
OI0018173,O007339,P0080,1,392.84,163.94,0
OI0018174,O007340,P0050,1,171.47,76.47,10
OI0018175,O007341,P0116,-1,53.16,36.42,5
OI0018176,O007341,P0054,1,83.38,49.27,15
OI0018177,O007341,P0071,1,66.14,34.77,110
OI0018178,O007342,P0067,2,33.07,19.77,0
OI0018179,O007343,P0056,2,385.75,167.31,10
OI0018180,O007343,P0093,1,64.09,40.65,5
OI0018181,O007344,P0004,2,114.79,53.81,0
OI0018182,O007344,P0087,1,136.09,59.78,0
OI0018183,O007344,P0099,3,179.3,114.96,0
OI0018184,O007345,P0038,1,81.71,51.71,15
OI0018185,O007345,P0031,2,254.7,145.72,0
OI0018186,O007345,P0114,1,41.45,23.84,0
OI0018187,O007346,P0036,4,71.47,40.11,10
OI0018188,O007346,P0095,1,202.91,139.2,0
OI0018189,O007347,P0056,2,385.75,167.31,5
OI0018190,O007347,P0058,1,224.02,143.13,10
OI0018191,O007347,P0007,3,180.16,110.8,10
OI0018192,O007347,P0083,1,63.1,34.73,25
OI0018193,O007348,P0003,1,171.57,88.27,5
OI0018194,O007348,P0059,1,310.18,133.96,5
OI0018195,O007349,P0026,1,187.78,112.59,10
OI0018196,O007350,P0120,1,123.81,98.52,0
OI0018197,O007350,P0021,3,217.0,157.06,5
OI0018198,O007350,P0086,1,263.23,167.09,5
OI0018199,O007351,P0020,3,185.28,120.72,10
OI0018200,O007351,P0017,1,30.38,15.75,5
OI0018201,O007351,P0013,2,127.84,91.01,0
OI0018202,O007351,P0072,2,272.32,149.77,15
OI0018203,O007352,P0056,4,385.75,167.31,5
OI0018204,O007352,P0094,1,309.52,160.91,0
OI0018205,O007353,P0107,1,140.71,82.95,10
OI0018206,O007353,P0061,1,241.21,110.37,0
OI0018207,O007354,P0016,1,182.65,108.43,15
OI0018208,O007355,P0096,2,280.31,123.46,0
OI0018209,O007355,P0086,2,263.23,167.09,15
OI0018210,O007355,P0091,1,196.39,82.27,0
OI0018211,O007356,P0022,1,192.12,85.66,20
OI0018212,O007356,P0033,1,211.78,114.87,20
OI0018213,O007357,P0014,2,189.67,104.55,25
OI0018214,O007358,P0070,1,131.06,75.18,0
OI0018215,O007359,P0057,3,95.09,41.82,0
OI0018216,O007359,P0002,2,230.82,108.89,10
OI0018217,O007360,P0048,1,316.06,150.66,0
OI0018218,O007361,P0117,1,252.27,158.43,5
OI0018219,O007361,P0027,1,283.79,152.07,0
OI0018220,O007361,P0069,1,259.35,175.47,0
OI0018221,O007361,P0115,1,66.66,49.6,15
OI0018222,O007362,P0013,1,127.84,91.01,0
OI0018223,O007362,P0062,1,274.98,138.35,0
OI0018224,O007363,P0016,1,182.65,108.43,15
OI0018225,O007363,P0030,3,90.28,41.7,0
OI0018226,O007363,P0105,2,124.3,57.25,25
OI0018227,O007363,P0111,2,116.59,86.94,15
OI0018228,O007364,P0045,2,354.19,170.05,10
OI0018229,O007364,P0052,-1,142.04,68.52,5
OI0018230,O007364,P0103,3,100.44,47.01,10
OI0018231,O007365,P0115,3,66.66,49.6,10
OI0018232,O007366,P0002,1,230.82,108.89,0
OI0018233,O007366,P0019,1,36.3,22.04,0
OI0018234,O007366,P0054,4,83.38,49.27,5
OI0018235,O007366,P0045,1,354.19,170.05,5
OI0018236,O007367,P0016,-1,182.65,108.43,0
OI0018237,O007367,P0046,1,310.17,133.53,0
OI0018238,O007367,P0005,1,181.52,92.02,5
OI0018239,O007367,P0111,1,116.59,86.94,0
OI0018240,O007368,P0057,3,95.09,41.82,5
OI0018241,O007368,P0097,3,163.15,70.37,15
OI0018242,O007368,P0031,2,254.7,145.72,0
OI0018243,O007368,P0075,1,134.51,78.21,5
OI0018244,O007369,P0116,1,53.16,36.42,0
OI0018245,O007369,P0014,1,189.67,104.55,5
OI0018246,O007369,P0003,2,171.57,88.27,5
OI0018247,O007369,P0002,4,230.82,108.89,10
OI0018248,O007370,P0111,2,116.59,86.94,15
OI0018249,O007370,P0086,3,263.23,167.09,5
OI0018250,O007370,P0093,2,64.09,40.65,10
OI0018251,O007370,P0034,1,265.11,120.64,0
OI0018252,O007371,P0046,3,310.17,133.53,0
OI0018253,O007372,P0095,1,202.91,139.2,10
OI0018254,O007372,P0076,1,81.73,46.21,5
OI0018255,O007372,P0015,2,147.82,103.39,5
OI0018256,O007373,P0053,1,23.29,11.09,25
OI0018257,O007374,P0087,4,136.09,59.78,0
OI0018258,O007374,P0080,1,392.84,163.94,0
OI0018259,O007374,P0009,2,102.74,56.37,10
OI0018260,O007375,P0081,1,96.93,49.39,15
OI0018261,O007375,P0044,3,279.36,162.6,25
OI0018262,O007375,P0017,2,30.38,15.75,0
OI0018263,O007376,P0051,2,104.92,60.39,0
OI0018264,O007376,P0108,1,299.87,137.39,110
OI0018265,O007377,P0018,1,281.84,146.67,5
OI0018266,O007378,P0005,4,181.52,92.02,0
OI0018267,O007378,P0086,1,263.23,167.09,25
OI0018268,O007379,P0078,1,268.06,129.83,0
OI0018269,O007379,P0014,1,189.67,104.55,10
OI0018270,O007379,P0055,2,150.07,98.61,15
OI0018271,O007380,P0102,1,195.72,100.75,10
OI0018272,O007380,P0022,1,192.12,85.66,5
OI0018273,O007380,P0096,3,280.31,123.46,10
OI0018274,O007380,P0013,1,127.84,91.01,5
OI0018275,O007381,P0028,1,307.09,179.34,15
OI0018276,O007381,P0110,1,311.63,167.87,10
OI0018277,O007381,P0110,1,311.63,167.87,15
OI0018278,O007381,P0101,1,338.95,156.07,0
OI0018279,O007382,P0095,2,202.91,139.2,0
OI0018280,O007383,P0059,4,310.18,133.96,10
OI0018281,O007384,P0094,1,309.52,160.91,0
OI0018282,O007384,P0020,1,185.28,120.72,15
OI0018283,O007384,P0062,3,274.98,138.35,0
OI0018284,O007384,P0066,1,103.29,50.62,0
OI0018285,O007385,P0006,1,273.98,150.3,15
OI0018286,O007386,P0118,2,177.52,114.17,15
OI0018287,O007387,P0099,1,179.3,114.96,0
OI0018288,O007387,P0037,2,171.97,76.8,0
OI0018289,O007387,P0020,3,185.28,120.72,15
OI0018290,O007387,P0034,1,265.11,120.64,0
OI0018291,O007388,P0053,1,23.29,11.09,0
OI0018292,O007389,P0119,1,78.86,37.39,20
OI0018293,O007390,P0067,1,33.07,19.77,20
OI0018294,O007390,P0044,1,279.36,162.6,0
OI0018295,O007391,P0081,1,96.93,49.39,10
OI0018296,O007391,P0086,1,263.23,167.09,15
OI0018297,O007392,P0049,2,59.24,43.15,25
OI0018298,O007392,P0052,3,142.04,68.52,0
OI0018299,O007393,P0045,1,354.19,170.05,5
OI0018300,O007393,P0107,1,140.71,82.95,0
OI0018301,O007393,P0109,1,39.14,21.27,0
OI0018302,O007393,P0076,1,81.73,46.21,10
OI0018303,O007394,P0027,2,283.79,152.07,20
OI0018304,O007394,P0096,2,280.31,123.46,25
OI0018305,O007395,P0096,-1,280.31,123.46,0
OI0018306,O007395,P0018,2,281.84,146.67,15
OI0018307,O007395,P0001,1,58.62,26.48,5
OI0018308,O007396,P0053,4,23.29,11.09,0
OI0018309,O007396,P0050,1,171.47,76.47,15
OI0018310,O007397,P0011,1,116.27,72.14,10
OI0018311,O007397,P0070,4,131.06,75.18,0
OI0018312,O007398,P0111,1,116.59,86.94,0
OI0018313,O007399,P0025,1,187.19,125.9,0
OI0018314,O007400,P0099,3,179.3,114.96,0
OI0018315,O007401,P0094,3,309.52,160.91,0
OI0018316,O007401,P0068,1,103.65,44.29,20
OI0018317,O007401,P0006,4,273.98,150.3,0
OI0018318,O007402,P0032,2,148.44,75.4,20
OI0018319,O007402,P0094,2,309.52,160.91,15
OI0018320,O007402,P0007,1,180.16,110.8,20
OI0018321,O007402,P0061,1,241.21,110.37,0
OI0018322,O007403,P0019,1,36.3,22.04,20
OI0018323,O007404,P0088,1,236.31,102.24,5
OI0018324,O007404,P0097,2,163.15,70.37,0
OI0018325,O007405,P0011,4,116.27,72.14,0
OI0018326,O007406,P0049,3,59.24,43.15,10
OI0018327,O007406,P0093,1,64.09,40.65,5
OI0018328,O007407,P0027,1,283.79,152.07,0
OI0018329,O007408,P0061,1,241.21,110.37,20
OI0018330,O007408,P0017,1,30.38,15.75,5
OI0018331,O007409,P0097,1,163.15,70.37,5
OI0018332,O007409,P0019,2,36.3,22.04,15
OI0018333,O007410,P0105,2,124.3,57.25,5
OI0018334,O007410,P0046,3,310.17,133.53,0
OI0018335,O007411,P0042,1,79.85,35.8,0
OI0018336,O007412,P0096,1,280.31,123.46,5
OI0018337,O007413,P0102,1,195.72,100.75,15
OI0018338,O007414,P0019,1,36.3,22.04,0
OI0018339,O007414,P0035,1,326.93,146.56,10
OI0018340,O007415,P0002,4,230.82,108.89,0
OI0018341,O007415,P0011,1,116.27,72.14,5
OI0018342,O007416,P0012,2,20.32,10.75,5
OI0018343,O007416,P0090,1,60.09,33.62,0
OI0018344,O007416,P0081,1,96.93,49.39,15
OI0018345,O007417,P0076,4,81.73,46.21,10
OI0018346,O007417,P0065,1,270.21,125.01,0
OI0018347,O007417,P0072,4,272.32,149.77,0
OI0018348,O007417,P0032,2,148.44,75.4,10
OI0018349,O007418,P0080,2,392.84,163.94,25
OI0018350,O007418,P0045,-1,354.19,170.05,5
OI0018351,O007418,P0074,3,62.08,27.78,0
OI0018352,O007418,P0034,3,265.11,120.64,0
OI0018353,O007419,P0036,1,71.47,40.11,0
OI0018354,O007420,P0044,1,279.36,162.6,15
OI0018355,O007421,P0043,3,33.48,14.68,0
OI0018356,O007421,P0027,1,283.79,152.07,15
OI0018357,O007421,P0021,3,217.0,157.06,20
OI0018358,O007421,P0046,1,310.17,133.53,5
OI0018359,O007422,P0038,1,81.71,51.71,10
OI0018360,O007422,P0111,1,116.59,86.94,10
OI0018361,O007422,P0063,1,8.2,5.54,0
OI0018362,O007422,P0059,1,310.18,133.96,15
OI0018363,O007423,P0014,2,189.67,104.55,10
OI0018364,O007424,P0027,2,283.79,152.07,0
OI0018365,O007424,P0009,3,102.74,56.37,15
OI0018366,O007425,P0037,3,171.97,76.8,5
OI0018367,O007425,P0088,4,236.31,102.24,0
OI0018368,O007426,P0026,2,187.78,112.59,0
OI0018369,O007426,P0025,1,187.19,125.9,0
OI0018370,O007426,P0108,1,299.87,137.39,0
OI0018371,O007427,P0042,2,79.85,35.8,20
OI0018372,O007428,P0077,1,9.56,6.81,15
OI0018373,O007428,P0083,1,63.1,34.73,0
OI0018374,O007428,P0075,2,134.51,78.21,5
OI0018375,O007428,P0049,1,59.24,43.15,5
OI0018376,O007429,P0018,2,281.84,146.67,0
OI0018377,O007430,P0015,3,147.82,103.39,5
OI0018378,O007431,P0074,1,62.08,27.78,20
OI0018379,O007431,P0004,3,114.79,53.81,10
OI0018380,O007431,P0108,2,299.87,137.39,0
OI0018381,O007431,P0096,1,280.31,123.46,0
OI0018382,O007432,P0043,1,33.48,14.68,5
OI0018383,O007432,P0096,3,280.31,123.46,5
OI0018384,O007433,P0097,3,163.15,70.37,5
OI0018385,O007433,P0046,1,310.17,133.53,0
OI0018386,O007433,P0010,1,236.09,100.66,110
OI0018387,O007434,P0047,3,243.5,159.8,5
OI0018388,O007435,P0029,1,35.33,21.58,10
OI0018389,O007435,P0046,4,310.17,133.53,5
OI0018390,O007435,P0050,2,171.47,76.47,0
OI0018391,O007436,P0048,3,316.06,150.66,0
OI0018392,O007437,P0105,-1,124.3,57.25,0
OI0018393,O007437,P0096,1,280.31,123.46,0
OI0018394,O007437,P0105,4,124.3,57.25,0
OI0018395,O007438,P0046,1,310.17,133.53,0
OI0018396,O007438,P0054,3,83.38,49.27,20
OI0018397,O007439,P0013,1,127.84,91.01,5
OI0018398,O007439,P0054,1,83.38,49.27,0
OI0018399,O007440,P0096,3,280.31,123.46,10
OI0018400,O007440,P0051,1,104.92,60.39,10
OI0018401,O007440,P0089,1,49.96,38.06,5
OI0018402,O007440,P0018,3,281.84,146.67,0
OI0018403,O007441,P0007,1,180.16,110.8,10
OI0018404,O007441,P0116,1,53.16,36.42,0
OI0018405,O007442,P0089,1,49.96,38.06,0
OI0018406,O007442,P0114,1,41.45,23.84,5
OI0018407,O007443,P0073,1,372.75,170.56,20
OI0018408,O007443,P0110,4,311.63,167.87,0
OI0018409,O007443,P0007,3,180.16,110.8,20
OI0018410,O007443,P0096,1,280.31,123.46,15
OI0018411,O007444,P0070,1,131.06,75.18,5
OI0018412,O007444,P0009,1,102.74,56.37,110
OI0018413,O007444,P0063,2,8.2,5.54,10
OI0018414,O007445,P0041,1,46.27,32.89,15
OI0018415,O007445,P0100,1,280.83,119.83,0
OI0018416,O007445,P0013,2,127.84,91.01,25
OI0018417,O007446,P0092,1,51.3,24.69,15
OI0018418,O007446,P0046,3,310.17,133.53,0
OI0018419,O007446,P0105,1,124.3,57.25,10
OI0018420,O007447,P0095,3,202.91,139.2,5
OI0018421,O007448,P0064,4,60.15,32.62,10
OI0018422,O007448,P0060,2,306.49,149.27,15
OI0018423,O007448,P0081,3,96.93,49.39,0
OI0018424,O007449,P0074,2,62.08,27.78,15
OI0018425,O007449,P0010,1,236.09,100.66,15
OI0018426,O007449,P0099,2,179.3,114.96,5
OI0018427,O007450,P0027,1,283.79,152.07,0
OI0018428,O007450,P0120,1,123.81,98.52,0
OI0018429,O007450,P0030,1,90.28,41.7,5
OI0018430,O007450,P0017,1,30.38,15.75,20
OI0018431,O007451,P0019,2,36.3,22.04,20
OI0018432,O007451,P0118,2,177.52,114.17,0
OI0018433,O007451,P0076,1,81.73,46.21,5
OI0018434,O007452,P0008,4,223.03,120.69,15
OI0018435,O007453,P0006,3,273.98,150.3,0
OI0018436,O007453,P0025,2,187.19,125.9,0
OI0018437,O007453,P0112,1,361.01,177.23,10
OI0018438,O007454,P0021,2,217.0,157.06,0
OI0018439,O007455,P0106,1,56.39,27.98,10
OI0018440,O007455,P0016,1,182.65,108.43,5
OI0018441,O007455,P0018,1,281.84,146.67,20
OI0018442,O007456,P0061,1,241.21,110.37,25
OI0018443,O007456,P0021,1,217.0,157.06,5
OI0018444,O007457,P0007,3,180.16,110.8,15
OI0018445,O007457,P0067,2,33.07,19.77,0
OI0018446,O007457,P0075,1,134.51,78.21,0
OI0018447,O007458,P0083,1,63.1,34.73,0
OI0018448,O007458,P0015,1,147.82,103.39,20
OI0018449,O007458,P0101,2,338.95,156.07,0
OI0018450,O007458,P0047,2,243.5,159.8,0
OI0018451,O007459,P0048,1,316.06,150.66,20
OI0018452,O007460,P0031,1,254.7,145.72,10
OI0018453,O007460,P0031,1,254.7,145.72,10
OI0018454,O007461,P0029,2,35.33,21.58,0
OI0018455,O007461,P0111,1,116.59,86.94,15
OI0018456,O007461,P0035,3,326.93,146.56,15
OI0018457,O007461,P0097,1,163.15,70.37,0
OI0018458,O007462,P0101,3,338.95,156.07,5
OI0018459,O007463,P0007,2,180.16,110.8,5
OI0018460,O007463,P0060,1,306.49,149.27,0
OI0018461,O007463,P0016,2,182.65,108.43,0
OI0018462,O007464,P0017,1,30.38,15.75,0
OI0018463,O007464,P0034,3,265.11,120.64,0
OI0018464,O007465,P0049,1,59.24,43.15,0
OI0018465,O007465,P0003,1,171.57,88.27,15
OI0018466,O007466,P0052,3,142.04,68.52,15
OI0018467,O007466,P0039,1,66.47,46.73,10
OI0018468,O007467,P0062,1,274.98,138.35,20
OI0018469,O007467,P0047,2,243.5,159.8,0
OI0018470,O007467,P0008,3,223.03,120.69,10
OI0018471,O007468,P0063,3,8.2,5.54,15
OI0018472,O007468,P0099,3,179.3,114.96,0
OI0018473,O007469,P0093,1,64.09,40.65,15
OI0018474,O007470,P0055,3,150.07,98.61,20
OI0018475,O007471,P0112,1,361.01,177.23,20
OI0018476,O007472,P0050,2,171.47,76.47,5
OI0018477,O007473,P0081,1,96.93,49.39,0
OI0018478,O007474,P0087,1,136.09,59.78,5
OI0018479,O007474,P0102,2,195.72,100.75,5
OI0018480,O007475,P0003,2,171.57,88.27,10
OI0018481,O007475,P0014,2,189.67,104.55,5
OI0018482,O007475,P0108,1,299.87,137.39,0
OI0018483,O007476,P0022,2,192.12,85.66,0
OI0018484,O007476,P0011,4,116.27,72.14,20
OI0018485,O007477,P0038,4,81.71,51.71,10
OI0018486,O007477,P0056,1,385.75,167.31,15
OI0018487,O007477,P0051,2,104.92,60.39,0
OI0018488,O007477,P0019,1,36.3,22.04,0
OI0018489,O007478,P0022,1,192.12,85.66,25
OI0018490,O007478,P0114,1,41.45,23.84,5
OI0018491,O007478,P0031,1,254.7,145.72,5
OI0018492,O007479,P0026,3,187.78,112.59,15
OI0018493,O007480,P0034,2,265.11,120.64,10
OI0018494,O007480,P0119,1,78.86,37.39,0
OI0018495,O007481,P0051,1,104.92,60.39,10
OI0018496,O007481,P0075,4,134.51,78.21,5
OI0018497,O007481,P0028,1,307.09,179.34,25
OI0018498,O007481,P0053,4,23.29,11.09,10
OI0018499,O007482,P0034,1,265.11,120.64,15
OI0018500,O007482,P0093,1,64.09,40.65,15
OI0018501,O007483,P0035,1,326.93,146.56,0
OI0018502,O007484,P0059,1,310.18,133.96,0
OI0018503,O007484,P0003,2,171.57,88.27,10
OI0018504,O007484,P0069,1,259.35,175.47,0
OI0018505,O007484,P0044,1,279.36,162.6,0
OI0018506,O007485,P0078,2,268.06,129.83,20
OI0018507,O007486,P0077,4,9.56,6.81,10
OI0018508,O007486,P0047,1,243.5,159.8,5
OI0018509,O007486,P0075,3,134.51,78.21,0
OI0018510,O007487,P0090,1,60.09,33.62,10
OI0018511,O007487,P0095,3,202.91,139.2,5
OI0018512,O007487,P0054,3,83.38,49.27,0
OI0018513,O007487,P0007,1,180.16,110.8,0
OI0018514,O007488,P0116,1,53.16,36.42,15
OI0018515,O007489,P0095,1,202.91,139.2,20
OI0018516,O007489,P0054,2,83.38,49.27,0
OI0018517,O007489,P0070,1,131.06,75.18,0
OI0018518,O007489,P0023,1,15.34,8.57,5
OI0018519,O007490,P0075,1,134.51,78.21,0
OI0018520,O007490,P0062,2,274.98,138.35,5
OI0018521,O007491,P0054,2,83.38,49.27,5
OI0018522,O007491,P0006,1,273.98,150.3,110
OI0018523,O007491,P0115,1,66.66,49.6,5
OI0018524,O007491,P0068,1,103.65,44.29,0
OI0018525,O007492,P0030,1,90.28,41.7,25
OI0018526,O007492,P0084,3,42.76,20.69,20
OI0018527,O007492,P0018,3,281.84,146.67,0
OI0018528,O007492,P0111,1,116.59,86.94,0
OI0018529,O007493,P0013,2,127.84,91.01,10
OI0018530,O007493,P0009,1,102.74,56.37,10
OI0018531,O007493,P0087,1,136.09,59.78,0
OI0018532,O007494,P0092,1,51.3,24.69,10
OI0018533,O007495,P0105,1,124.3,57.25,0
OI0018534,O007496,P0105,1,124.3,57.25,5
OI0018535,O007496,P0013,4,127.84,91.01,0
OI0018536,O007497,P0015,2,147.82,103.39,0
OI0018537,O007497,P0061,1,241.21,110.37,0
OI0018538,O007497,P0018,1,281.84,146.67,20
OI0018539,O007498,P0015,1,147.82,103.39,0
OI0018540,O007498,P0023,-1,15.34,8.57,0
OI0018541,O007498,P0009,1,102.74,56.37,0
OI0018542,O007498,P0045,1,354.19,170.05,0
OI0018543,O007499,P0035,2,326.93,146.56,0
OI0018544,O007500,P0088,1,236.31,102.24,5
OI0018545,O007501,P0028,1,307.09,179.34,10
OI0018546,O007501,P0085,1,142.09,59.82,15
OI0018547,O007501,P0009,2,102.74,56.37,15
OI0018548,O007502,P0030,1,90.28,41.7,5
OI0018549,O007502,P0035,2,326.93,146.56,0
OI0018550,O007503,P0111,1,116.59,86.94,0
OI0018551,O007503,P0106,3,56.39,27.98,5
OI0018552,O007504,P0115,1,66.66,49.6,20
OI0018553,O007504,P0069,3,259.35,175.47,0
OI0018554,O007505,P0100,3,280.83,119.83,0
OI0018555,O007505,P0117,1,252.27,158.43,5
OI0018556,O007505,P0084,1,42.76,20.69,20
OI0018557,O007506,P0096,3,280.31,123.46,0
OI0018558,O007507,P0120,1,123.81,98.52,20
OI0018559,O007507,P0070,2,131.06,75.18,20
OI0018560,O007507,P0038,1,81.71,51.71,5
OI0018561,O007508,P0010,4,236.09,100.66,15
OI0018562,O007508,P0113,1,152.02,79.85,0
OI0018563,O007509,P0085,1,142.09,59.82,0
OI0018564,O007510,P0016,1,182.65,108.43,10
OI0018565,O007510,P0100,1,280.83,119.83,20
OI0018566,O007511,P0087,1,136.09,59.78,0
OI0018567,O007511,P0110,1,311.63,167.87,20
OI0018568,O007512,P0039,1,66.47,46.73,0
OI0018569,O007512,P0092,2,51.3,24.69,5
OI0018570,O007513,P0102,1,195.72,100.75,20
OI0018571,O007513,P0060,2,306.49,149.27,0
OI0018572,O007513,P0107,1,140.71,82.95,0
OI0018573,O007513,P0088,4,236.31,102.24,20
OI0018574,O007514,P0014,1,189.67,104.55,0
OI0018575,O007514,P0079,2,28.55,21.67,0
OI0018576,O007515,P0004,1,114.79,53.81,15
OI0018577,O007515,P0110,1,311.63,167.87,0
OI0018578,O007515,P0029,1,35.33,21.58,15
OI0018579,O007515,P0094,1,309.52,160.91,0
OI0018580,O007516,P0092,4,51.3,24.69,20
OI0018581,O007516,P0096,4,280.31,123.46,0
OI0018582,O007517,P0073,1,372.75,170.56,20
OI0018583,O007518,P0109,1,39.14,21.27,0
OI0018584,O007518,P0082,1,64.05,28.14,0
OI0018585,O007519,P0084,1,42.76,20.69,0
OI0018586,O007519,P0109,3,39.14,21.27,0
OI0018587,O007519,P0020,2,185.28,120.72,0
OI0018588,O007519,P0115,1,66.66,49.6,20
OI0018589,O007520,P0038,3,81.71,51.71,0
OI0018590,O007520,P0036,1,71.47,40.11,5
OI0018591,O007520,P0071,2,66.14,34.77,25
OI0018592,O007520,P0092,4,51.3,24.69,20
OI0018593,O007521,P0081,1,96.93,49.39,10
OI0018594,O007521,P0071,1,66.14,34.77,15
OI0018595,O007521,P0049,1,59.24,43.15,10
OI0018596,O007522,P0075,1,134.51,78.21,15
OI0018597,O007522,P0087,1,136.09,59.78,0
OI0018598,O007522,P0016,1,182.65,108.43,5
OI0018599,O007522,P0070,1,131.06,75.18,5
OI0018600,O007523,P0020,3,185.28,120.72,20
OI0018601,O007523,P0046,1,310.17,133.53,0
OI0018602,O007524,P0105,1,124.3,57.25,0
OI0018603,O007524,P0099,1,179.3,114.96,10
OI0018604,O007524,P0085,1,142.09,59.82,0
OI0018605,O007524,P0018,4,281.84,146.67,0
OI0018606,O007525,P0023,4,15.34,8.57,0
OI0018607,O007526,P0018,1,281.84,146.67,10
OI0018608,O007527,P0112,3,361.01,177.23,15
OI0018609,O007527,P0094,1,309.52,160.91,20
OI0018610,O007527,P0103,2,100.44,47.01,10
OI0018611,O007528,P0054,4,83.38,49.27,15
OI0018612,O007528,P0114,1,41.45,23.84,0
OI0018613,O007528,P0073,4,372.75,170.56,0
OI0018614,O007528,P0005,1,181.52,92.02,10
OI0018615,O007529,P0083,1,63.1,34.73,5
OI0018616,O007529,P0012,1,20.32,10.75,0
OI0018617,O007530,P0094,1,309.52,160.91,0
OI0018618,O007530,P0032,2,148.44,75.4,10
OI0018619,O007531,P0099,1,179.3,114.96,0
OI0018620,O007532,P0028,2,307.09,179.34,15
OI0018621,O007533,P0026,1,187.78,112.59,0
OI0018622,O007533,P0067,1,33.07,19.77,110
OI0018623,O007533,P0064,2,60.15,32.62,0
OI0018624,O007534,P0050,1,171.47,76.47,25
OI0018625,O007535,P0002,1,230.82,108.89,15
OI0018626,O007536,P0058,1,224.02,143.13,0
OI0018627,O007536,P0088,1,236.31,102.24,20
OI0018628,O007537,P0054,2,83.38,49.27,0
OI0018629,O007538,P0063,4,8.2,5.54,5
OI0018630,O007538,P0119,3,78.86,37.39,5
OI0018631,O007538,P0103,-1,100.44,47.01,0
OI0018632,O007538,P0046,1,310.17,133.53,10
OI0018633,O007539,P0079,1,28.55,21.67,5
OI0018634,O007540,P0078,3,268.06,129.83,15
OI0018635,O007540,P0076,-1,81.73,46.21,0
OI0018636,O007540,P0066,2,103.29,50.62,0
OI0018637,O007541,P0037,3,171.97,76.8,110
OI0018638,O007541,P0014,1,189.67,104.55,0
OI0018639,O007542,P0003,3,171.57,88.27,5
OI0018640,O007542,P0042,1,79.85,35.8,20
OI0018641,O007543,P0091,1,196.39,82.27,5
OI0018642,O007543,P0103,1,100.44,47.01,0
OI0018643,O007543,P0087,4,136.09,59.78,0
OI0018644,O007543,P0112,1,361.01,177.23,0
OI0018645,O007544,P0030,3,90.28,41.7,15
OI0018646,O007544,P0076,1,81.73,46.21,20
OI0018647,O007544,P0080,2,392.84,163.94,0
OI0018648,O007544,P0068,1,103.65,44.29,0
OI0018649,O007545,P0064,2,60.15,32.62,20
OI0018650,O007545,P0063,1,8.2,5.54,0
OI0018651,O007546,P0052,1,142.04,68.52,15
OI0018652,O007546,P0102,1,195.72,100.75,0
OI0018653,O007546,P0085,1,142.09,59.82,0
OI0018654,O007546,P0028,-1,307.09,179.34,15
OI0018655,O007547,P0034,1,265.11,120.64,5
OI0018656,O007547,P0016,1,182.65,108.43,110
OI0018657,O007548,P0080,1,392.84,163.94,0
OI0018658,O007549,P0002,3,230.82,108.89,5
OI0018659,O007549,P0045,1,354.19,170.05,0
OI0018660,O007550,P0041,1,46.27,32.89,20
OI0018661,O007550,P0044,2,279.36,162.6,5
OI0018662,O007550,P0078,2,268.06,129.83,20
OI0018663,O007550,P0005,3,181.52,92.02,10
OI0018664,O007551,P0059,1,310.18,133.96,10
OI0018665,O007552,P0004,1,114.79,53.81,0
OI0018666,O007553,P0082,1,64.05,28.14,5
OI0018667,O007554,P0109,1,39.14,21.27,10
OI0018668,O007554,P0075,1,134.51,78.21,0
OI0018669,O007554,P0097,4,163.15,70.37,0
OI0018670,O007554,P0097,1,163.15,70.37,0
OI0018671,O007555,P0011,4,116.27,72.14,0
OI0018672,O007555,P0058,3,224.02,143.13,5
OI0018673,O007555,P0050,1,171.47,76.47,5
OI0018674,O007555,P0076,1,81.73,46.21,15
OI0018675,O007556,P0055,2,150.07,98.61,5
OI0018676,O007556,P0093,1,64.09,40.65,0
OI0018677,O007557,P0108,1,299.87,137.39,0
OI0018678,O007557,P0074,1,62.08,27.78,5
OI0018679,O007557,P0054,3,83.38,49.27,20
OI0018680,O007557,P0026,1,187.78,112.59,25
OI0018681,O007558,P0020,1,185.28,120.72,0
OI0018682,O007558,P0108,1,299.87,137.39,10
OI0018683,O007558,P0084,1,42.76,20.69,15
OI0018684,O007558,P0053,1,23.29,11.09,5
OI0018685,O007559,P0101,1,338.95,156.07,0
OI0018686,O007559,P0111,2,116.59,86.94,0
OI0018687,O007559,P0047,4,243.5,159.8,0
OI0018688,O007560,P0061,2,241.21,110.37,10
OI0018689,O007560,P0102,2,195.72,100.75,5
OI0018690,O007560,P0061,1,241.21,110.37,0
OI0018691,O007560,P0040,2,214.96,89.94,10
OI0018692,O007561,P0022,1,192.12,85.66,15
OI0018693,O007561,P0085,3,142.09,59.82,10
OI0018694,O007562,P0091,2,196.39,82.27,0
OI0018695,O007562,P0048,3,316.06,150.66,5
OI0018696,O007562,P0098,2,17.88,10.05,0
OI0018697,O007562,P0015,-1,147.82,103.39,20
OI0018698,O007563,P0079,1,28.55,21.67,0
OI0018699,O007564,P0079,1,28.55,21.67,0
OI0018700,O007564,P0012,4,20.32,10.75,0
OI0018701,O007565,P0110,1,311.63,167.87,10
OI0018702,O007565,P0080,-1,392.84,163.94,20
OI0018703,O007565,P0096,2,280.31,123.46,0
OI0018704,O007565,P0086,3,263.23,167.09,15
OI0018705,O007566,P0058,2,224.02,143.13,10
OI0018706,O007566,P0014,1,189.67,104.55,10
OI0018707,O007566,P0087,3,136.09,59.78,0
OI0018708,O007567,P0079,-1,28.55,21.67,20
OI0018709,O007567,P0009,1,102.74,56.37,15
OI0018710,O007567,P0029,3,35.33,21.58,10
OI0018711,O007568,P0048,3,316.06,150.66,20
OI0018712,O007568,P0029,4,35.33,21.58,15
OI0018713,O007569,P0082,1,64.05,28.14,0
OI0018714,O007570,P0044,1,279.36,162.6,15
OI0018715,O007571,P0044,1,279.36,162.6,0
OI0018716,O007571,P0040,1,214.96,89.94,5
OI0018717,O007572,P0085,1,142.09,59.82,5
OI0018718,O007572,P0011,3,116.27,72.14,20
OI0018719,O007572,P0051,1,104.92,60.39,0
OI0018720,O007572,P0076,1,81.73,46.21,5
OI0018721,O007573,P0107,1,140.71,82.95,0
OI0018722,O007573,P0117,2,252.27,158.43,15
OI0018723,O007573,P0078,1,268.06,129.83,10
OI0018724,O007573,P0089,1,49.96,38.06,0
OI0018725,O007574,P0062,1,274.98,138.35,0
OI0018726,O007574,P0044,1,279.36,162.6,5
OI0018727,O007574,P0037,4,171.97,76.8,10
OI0018728,O007574,P0030,3,90.28,41.7,0
OI0018729,O007575,P0102,1,195.72,100.75,5
OI0018730,O007575,P0046,1,310.17,133.53,10
OI0018731,O007576,P0056,3,385.75,167.31,5
OI0018732,O007576,P0079,1,28.55,21.67,5
OI0018733,O007577,P0010,1,236.09,100.66,15
OI0018734,O007577,P0005,1,181.52,92.02,20
OI0018735,O007577,P0116,1,53.16,36.42,10
OI0018736,O007577,P0087,2,136.09,59.78,0
OI0018737,O007578,P0024,1,169.87,104.81,0
OI0018738,O007578,P0014,1,189.67,104.55,15
OI0018739,O007578,P0049,3,59.24,43.15,0
OI0018740,O007579,P0078,2,268.06,129.83,0
OI0018741,O007579,P0070,1,131.06,75.18,5
OI0018742,O007580,P0038,2,81.71,51.71,15
OI0018743,O007580,P0070,1,131.06,75.18,10
OI0018744,O007580,P0025,2,187.19,125.9,0
OI0018745,O007580,P0081,3,96.93,49.39,10
OI0018746,O007581,P0092,1,51.3,24.69,0
OI0018747,O007581,P0018,1,281.84,146.67,20
OI0018748,O007581,P0025,1,187.19,125.9,0
OI0018749,O007581,P0090,1,60.09,33.62,5
OI0018750,O007582,P0055,1,150.07,98.61,10
OI0018751,O007583,P0046,1,310.17,133.53,0
OI0018752,O007584,P0063,4,8.2,5.54,5
OI0018753,O007584,P0063,1,8.2,5.54,0
OI0018754,O007585,P0033,1,211.78,114.87,5
OI0018755,O007586,P0019,4,36.3,22.04,10
OI0018756,O007587,P0095,4,202.91,139.2,10
OI0018757,O007588,P0061,2,241.21,110.37,25
OI0018758,O007588,P0073,3,372.75,170.56,0
OI0018759,O007589,P0026,1,187.78,112.59,0
OI0018760,O007589,P0062,2,274.98,138.35,5
OI0018761,O007589,P0041,1,46.27,32.89,15
OI0018762,O007589,P0027,3,283.79,152.07,5
OI0018763,O007590,P0095,1,202.91,139.2,15
OI0018764,O007590,P0116,1,53.16,36.42,15
OI0018765,O007590,P0042,1,79.85,35.8,5
OI0018766,O007590,P0055,1,150.07,98.61,0
OI0018767,O007591,P0001,1,58.62,26.48,0
OI0018768,O007591,P0120,3,123.81,98.52,15
OI0018769,O007591,P0105,2,124.3,57.25,0
OI0018770,O007592,P0113,1,152.02,79.85,0
OI0018771,O007592,P0077,1,9.56,6.81,10
OI0018772,O007593,P0045,1,354.19,170.05,10
OI0018773,O007593,P0040,4,214.96,89.94,0
OI0018774,O007594,P0114,1,41.45,23.84,20
OI0018775,O007594,P0072,2,272.32,149.77,0
OI0018776,O007594,P0062,2,274.98,138.35,20
OI0018777,O007595,P0013,1,127.84,91.01,5
OI0018778,O007595,P0036,1,71.47,40.11,5
OI0018779,O007595,P0059,3,310.18,133.96,5
OI0018780,O007596,P0070,1,131.06,75.18,5
OI0018781,O007596,P0058,3,224.02,143.13,0
OI0018782,O007597,P0004,2,114.79,53.81,15
OI0018783,O007597,P0002,1,230.82,108.89,10
OI0018784,O007598,P0088,1,236.31,102.24,0
OI0018785,O007599,P0118,1,177.52,114.17,5
OI0018786,O007599,P0040,2,214.96,89.94,0
OI0018787,O007599,P0041,1,46.27,32.89,5
OI0018788,O007600,P0095,2,202.91,139.2,5
OI0018789,O007600,P0050,1,171.47,76.47,0
OI0018790,O007600,P0043,-1,33.48,14.68,0
OI0018791,O007600,P0040,2,214.96,89.94,0
OI0018792,O007601,P0058,1,224.02,143.13,0
OI0018793,O007601,P0081,1,96.93,49.39,20
OI0018794,O007602,P0011,4,116.27,72.14,10
OI0018795,O007602,P0096,2,280.31,123.46,10
OI0018796,O007602,P0110,3,311.63,167.87,10
OI0018797,O007603,P0043,1,33.48,14.68,0
OI0018798,O007603,P0069,1,259.35,175.47,5
OI0018799,O007604,P0099,4,179.3,114.96,5
OI0018800,O007605,P0088,2,236.31,102.24,5
OI0018801,O007606,P0092,1,51.3,24.69,10
OI0018802,O007606,P0082,3,64.05,28.14,20
OI0018803,O007607,P0065,1,270.21,125.01,0
OI0018804,O007607,P0013,4,127.84,91.01,0
OI0018805,O007607,P0062,1,274.98,138.35,0
OI0018806,O007608,P0076,2,81.73,46.21,5
OI0018807,O007609,P0037,1,171.97,76.8,0
OI0018808,O007610,P0085,2,142.09,59.82,15
OI0018809,O007611,P0071,1,66.14,34.77,10
OI0018810,O007612,P0111,2,116.59,86.94,10
OI0018811,O007612,P0017,1,30.38,15.75,25
OI0018812,O007612,P0042,1,79.85,35.8,0
OI0018813,O007612,P0081,2,96.93,49.39,10
OI0018814,O007613,P0078,1,268.06,129.83,5
OI0018815,O007613,P0091,1,196.39,82.27,0
OI0018816,O007614,P0096,1,280.31,123.46,5
OI0018817,O007614,P0063,1,8.2,5.54,10
OI0018818,O007614,P0106,1,56.39,27.98,0
OI0018819,O007614,P0002,4,230.82,108.89,15
OI0018820,O007615,P0006,2,273.98,150.3,5
OI0018821,O007615,P0083,1,63.1,34.73,5
OI0018822,O007615,P0038,2,81.71,51.71,0
OI0018823,O007615,P0084,1,42.76,20.69,5
OI0018824,O007616,P0057,3,95.09,41.82,25
OI0018825,O007616,P0034,1,265.11,120.64,20
OI0018826,O007616,P0013,2,127.84,91.01,0
OI0018827,O007616,P0116,1,53.16,36.42,5
OI0018828,O007617,P0045,1,354.19,170.05,25
OI0018829,O007617,P0089,1,49.96,38.06,5
OI0018830,O007617,P0119,2,78.86,37.39,5
OI0018831,O007617,P0043,2,33.48,14.68,0
OI0018832,O007618,P0089,2,49.96,38.06,0
OI0018833,O007618,P0106,3,56.39,27.98,0
OI0018834,O007619,P0042,1,79.85,35.8,0
OI0018835,O007619,P0028,1,307.09,179.34,20
OI0018836,O007619,P0102,1,195.72,100.75,10
OI0018837,O007619,P0051,2,104.92,60.39,0
OI0018838,O007620,P0103,1,100.44,47.01,5
OI0018839,O007620,P0050,2,171.47,76.47,0
OI0018840,O007620,P0010,1,236.09,100.66,0
OI0018841,O007620,P0078,1,268.06,129.83,0
OI0018842,O007621,P0034,1,265.11,120.64,20
OI0018843,O007621,P0059,1,310.18,133.96,10
OI0018844,O007621,P0108,1,299.87,137.39,5
OI0018845,O007622,P0002,1,230.82,108.89,0
OI0018846,O007622,P0042,1,79.85,35.8,0
OI0018847,O007623,P0031,1,254.7,145.72,10
OI0018848,O007624,P0053,2,23.29,11.09,5
OI0018849,O007624,P0112,1,361.01,177.23,10
OI0018850,O007624,P0025,3,187.19,125.9,0
OI0018851,O007625,P0100,1,280.83,119.83,5
OI0018852,O007625,P0051,1,104.92,60.39,0
OI0018853,O007626,P0003,1,171.57,88.27,0
OI0018854,O007627,P0011,2,116.27,72.14,20
OI0018855,O007628,P0095,2,202.91,139.2,0
OI0018856,O007629,P0061,1,241.21,110.37,0
OI0018857,O007629,P0074,1,62.08,27.78,0
OI0018858,O007630,P0083,1,63.1,34.73,0
OI0018859,O007630,P0024,2,169.87,104.81,0
OI0018860,O007631,P0106,1,56.39,27.98,0
OI0018861,O007631,P0053,1,23.29,11.09,5
OI0018862,O007631,P0120,1,123.81,98.52,0
OI0018863,O007632,P0019,2,36.3,22.04,5
OI0018864,O007632,P0110,4,311.63,167.87,10
OI0018865,O007633,P0035,1,326.93,146.56,15
OI0018866,O007633,P0066,1,103.29,50.62,0
OI0018867,O007634,P0031,1,254.7,145.72,20
OI0018868,O007634,P0109,2,39.14,21.27,0
OI0018869,O007634,P0100,2,280.83,119.83,0
OI0018870,O007635,P0077,2,9.56,6.81,0
OI0018871,O007635,P0015,2,147.82,103.39,0
OI0018872,O007635,P0095,2,202.91,139.2,20
OI0018873,O007636,P0056,1,385.75,167.31,0
OI0018874,O007636,P0023,2,15.34,8.57,10
OI0018875,O007636,P0041,1,46.27,32.89,0
OI0018876,O007636,P0119,2,78.86,37.39,0
OI0018877,O007637,P0067,1,33.07,19.77,10
OI0018878,O007637,P0027,2,283.79,152.07,10
OI0018879,O007637,P0048,2,316.06,150.66,10
OI0018880,O007637,P0089,3,49.96,38.06,0
OI0018881,O007638,P0102,2,195.72,100.75,0
OI0018882,O007638,P0032,1,148.44,75.4,5
OI0018883,O007639,P0059,3,310.18,133.96,0
OI0018884,O007639,P0023,1,15.34,8.57,15
OI0018885,O007640,P0115,1,66.66,49.6,0
OI0018886,O007640,P0116,2,53.16,36.42,10
OI0018887,O007640,P0045,2,354.19,170.05,0
OI0018888,O007640,P0057,1,95.09,41.82,0
OI0018889,O007641,P0010,1,236.09,100.66,15
OI0018890,O007642,P0026,2,187.78,112.59,5
OI0018891,O007643,P0075,2,134.51,78.21,10
OI0018892,O007643,P0066,1,103.29,50.62,25
OI0018893,O007644,P0094,2,309.52,160.91,0
OI0018894,O007644,P0058,1,224.02,143.13,0
OI0018895,O007645,P0092,1,51.3,24.69,0
OI0018896,O007645,P0048,2,316.06,150.66,5
OI0018897,O007645,P0051,3,104.92,60.39,0
OI0018898,O007646,P0069,1,259.35,175.47,5
OI0018899,O007646,P0100,2,280.83,119.83,10
OI0018900,O007647,P0004,2,114.79,53.81,0
OI0018901,O007647,P0048,1,316.06,150.66,15
OI0018902,O007648,P0044,1,279.36,162.6,15
OI0018903,O007648,P0034,1,265.11,120.64,5
OI0018904,O007649,P0015,3,147.82,103.39,0
OI0018905,O007649,P0077,2,9.56,6.81,0
OI0018906,O007650,P0097,3,163.15,70.37,0
OI0018907,O007651,P0090,3,60.09,33.62,20
OI0018908,O007652,P0068,1,103.65,44.29,10
OI0018909,O007652,P0039,2,66.47,46.73,5
OI0018910,O007653,P0010,1,236.09,100.66,10
OI0018911,O007653,P0064,3,60.15,32.62,15
OI0018912,O007653,P0097,1,163.15,70.37,0
OI0018913,O007654,P0084,3,42.76,20.69,5
OI0018914,O007654,P0089,2,49.96,38.06,5
OI0018915,O007654,P0084,-1,42.76,20.69,0
OI0018916,O007654,P0119,2,78.86,37.39,0
OI0018917,O007655,P0109,2,39.14,21.27,5
OI0018918,O007655,P0070,1,131.06,75.18,15
OI0018919,O007655,P0080,1,392.84,163.94,10
OI0018920,O007656,P0119,2,78.86,37.39,0
OI0018921,O007656,P0060,1,306.49,149.27,25
OI0018922,O007656,P0056,3,385.75,167.31,0
OI0018923,O007656,P0086,3,263.23,167.09,5
OI0018924,O007657,P0019,2,36.3,22.04,5
OI0018925,O007657,P0102,1,195.72,100.75,0
OI0018926,O007657,P0090,1,60.09,33.62,15
OI0018927,O007657,P0023,1,15.34,8.57,10
OI0018928,O007658,P0028,2,307.09,179.34,10
OI0018929,O007658,P0041,2,46.27,32.89,0
OI0018930,O007658,P0076,2,81.73,46.21,0
OI0018931,O007659,P0086,2,263.23,167.09,5
OI0018932,O007659,P0041,1,46.27,32.89,20
OI0018933,O007660,P0086,2,263.23,167.09,10
OI0018934,O007660,P0066,1,103.29,50.62,0
OI0018935,O007661,P0029,1,35.33,21.58,0
OI0018936,O007661,P0082,1,64.05,28.14,15
OI0018937,O007662,P0081,2,96.93,49.39,110
OI0018938,O007663,P0084,3,42.76,20.69,10
OI0018939,O007663,P0027,2,283.79,152.07,0
OI0018940,O007663,P0065,2,270.21,125.01,10
OI0018941,O007663,P0113,2,152.02,79.85,0
OI0018942,O007664,P0064,1,60.15,32.62,0
OI0018943,O007664,P0093,1,64.09,40.65,20
OI0018944,O007665,P0061,1,241.21,110.37,10
OI0018945,O007665,P0089,1,49.96,38.06,5
OI0018946,O007665,P0045,2,354.19,170.05,0
OI0018947,O007665,P0112,3,361.01,177.23,5
OI0018948,O007666,P0081,1,96.93,49.39,0
OI0018949,O007666,P0064,2,60.15,32.62,0
OI0018950,O007666,P0017,2,30.38,15.75,0
OI0018951,O007667,P0042,1,79.85,35.8,0
OI0018952,O007667,P0053,1,23.29,11.09,0
OI0018953,O007668,P0016,2,182.65,108.43,5
OI0018954,O007668,P0007,1,180.16,110.8,5
OI0018955,O007668,P0059,1,310.18,133.96,20
OI0018956,O007668,P0070,1,131.06,75.18,5
OI0018957,O007669,P0084,1,42.76,20.69,0
OI0018958,O007669,P0098,-1,17.88,10.05,10
OI0018959,O007669,P0047,1,243.5,159.8,20
OI0018960,O007669,P0080,-1,392.84,163.94,0
OI0018961,O007670,P0012,4,20.32,10.75,5
OI0018962,O007671,P0066,2,103.29,50.62,10
OI0018963,O007671,P0050,2,171.47,76.47,5
OI0018964,O007671,P0058,2,224.02,143.13,10
OI0018965,O007671,P0094,1,309.52,160.91,5
OI0018966,O007672,P0107,1,140.71,82.95,10
OI0018967,O007672,P0106,1,56.39,27.98,0
OI0018968,O007672,P0099,1,179.3,114.96,10
OI0018969,O007672,P0110,-1,311.63,167.87,5
OI0018970,O007673,P0001,1,58.62,26.48,15
OI0018971,O007673,P0053,1,23.29,11.09,15
OI0018972,O007673,P0120,1,123.81,98.52,5
OI0018973,O007674,P0099,2,179.3,114.96,25
OI0018974,O007675,P0009,1,102.74,56.37,20
OI0018975,O007675,P0117,1,252.27,158.43,10
OI0018976,O007675,P0035,3,326.93,146.56,5
OI0018977,O007676,P0086,1,263.23,167.09,0
OI0018978,O007676,P0019,3,36.3,22.04,20
OI0018979,O007676,P0114,2,41.45,23.84,15
OI0018980,O007676,P0024,2,169.87,104.81,20
OI0018981,O007677,P0066,1,103.29,50.62,15
OI0018982,O007677,P0025,1,187.19,125.9,0
OI0018983,O007677,P0026,1,187.78,112.59,0
OI0018984,O007677,P0063,1,8.2,5.54,10
OI0018985,O007678,P0088,3,236.31,102.24,0
OI0018986,O007678,P0083,1,63.1,34.73,10
OI0018987,O007678,P0024,1,169.87,104.81,0
OI0018988,O007678,P0089,1,49.96,38.06,0
OI0018989,O007679,P0008,2,223.03,120.69,20
OI0018990,O007679,P0083,1,63.1,34.73,10
OI0018991,O007679,P0025,1,187.19,125.9,15
OI0018992,O007679,P0008,1,223.03,120.69,0
OI0018993,O007680,P0047,2,243.5,159.8,15
OI0018994,O007681,P0055,1,150.07,98.61,0
OI0018995,O007682,P0016,1,182.65,108.43,0
OI0018996,O007683,P0005,1,181.52,92.02,0
OI0018997,O007683,P0063,3,8.2,5.54,10
OI0018998,O007684,P0075,3,134.51,78.21,0
OI0018999,O007684,P0037,4,171.97,76.8,0
OI0019000,O007684,P0030,2,90.28,41.7,10
OI0019001,O007685,P0024,1,169.87,104.81,10
OI0019002,O007685,P0118,1,177.52,114.17,0
OI0019003,O007685,P0036,1,71.47,40.11,15
OI0019004,O007686,P0062,1,274.98,138.35,0
OI0019005,O007686,P0079,1,28.55,21.67,10
OI0019006,O007686,P0099,2,179.3,114.96,0
OI0019007,O007687,P0096,2,280.31,123.46,20
OI0019008,O007688,P0076,1,81.73,46.21,0
OI0019009,O007688,P0103,2,100.44,47.01,0
OI0019010,O007689,P0055,2,150.07,98.61,0
OI0019011,O007690,P0089,2,49.96,38.06,10
OI0019012,O007690,P0096,2,280.31,123.46,15
OI0019013,O007690,P0108,2,299.87,137.39,15
OI0019014,O007691,P0021,1,217.0,157.06,0
OI0019015,O007691,P0068,3,103.65,44.29,0
OI0019016,O007692,P0038,1,81.71,51.71,0
OI0019017,O007693,P0120,1,123.81,98.52,10
OI0019018,O007694,P0089,1,49.96,38.06,5
OI0019019,O007694,P0034,2,265.11,120.64,25
OI0019020,O007694,P0035,1,326.93,146.56,5
OI0019021,O007695,P0014,1,189.67,104.55,0
OI0019022,O007695,P0002,-1,230.82,108.89,0
OI0019023,O007695,P0118,1,177.52,114.17,0
OI0019024,O007695,P0099,2,179.3,114.96,0
OI0019025,O007696,P0118,1,177.52,114.17,10
OI0019026,O007696,P0104,1,71.93,33.51,0
OI0019027,O007696,P0066,2,103.29,50.62,0
OI0019028,O007697,P0058,1,224.02,143.13,5
OI0019029,O007698,P0018,1,281.84,146.67,5
OI0019030,O007698,P0103,1,100.44,47.01,0
OI0019031,O007698,P0070,2,131.06,75.18,0
OI0019032,O007698,P0061,2,241.21,110.37,10
OI0019033,O007699,P0036,1,71.47,40.11,15
OI0019034,O007699,P0108,4,299.87,137.39,5
OI0019035,O007699,P0019,1,36.3,22.04,0
OI0019036,O007699,P0110,1,311.63,167.87,10
OI0019037,O007700,P0115,3,66.66,49.6,0
OI0019038,O007700,P0034,2,265.11,120.64,0
OI0019039,O007701,P0049,1,59.24,43.15,10
OI0019040,O007701,P0107,1,140.71,82.95,0
OI0019041,O007701,P0016,1,182.65,108.43,0
OI0019042,O007701,P0104,3,71.93,33.51,110
OI0019043,O007702,P0059,1,310.18,133.96,0
OI0019044,O007702,P0008,1,223.03,120.69,10
OI0019045,O007702,P0039,2,66.47,46.73,5
OI0019046,O007703,P0024,1,169.87,104.81,5
OI0019047,O007703,P0092,2,51.3,24.69,10
OI0019048,O007704,P0083,3,63.1,34.73,15
OI0019049,O007704,P0099,3,179.3,114.96,25
OI0019050,O007704,P0108,2,299.87,137.39,0
OI0019051,O007704,P0053,3,23.29,11.09,0
OI0019052,O007705,P0120,1,123.81,98.52,20
OI0019053,O007705,P0039,1,66.47,46.73,15
OI0019054,O007706,P0023,1,15.34,8.57,5
OI0019055,O007707,P0032,1,148.44,75.4,5
OI0019056,O007707,P0068,2,103.65,44.29,10
OI0019057,O007707,P0091,1,196.39,82.27,10
OI0019058,O007708,P0119,2,78.86,37.39,20
OI0019059,O007708,P0036,4,71.47,40.11,15
OI0019060,O007708,P0071,2,66.14,34.77,15
OI0019061,O007709,P0001,1,58.62,26.48,0
OI0019062,O007709,P0080,1,392.84,163.94,10
OI0019063,O007710,P0019,4,36.3,22.04,5
OI0019064,O007710,P0082,1,64.05,28.14,10
OI0019065,O007710,P0099,2,179.3,114.96,0
OI0019066,O007710,P0089,1,49.96,38.06,0
OI0019067,O007711,P0116,4,53.16,36.42,15
OI0019068,O007711,P0098,3,17.88,10.05,5
OI0019069,O007711,P0007,2,180.16,110.8,0
OI0019070,O007712,P0094,1,309.52,160.91,0
OI0019071,O007712,P0096,2,280.31,123.46,10
OI0019072,O007712,P0022,-1,192.12,85.66,15
OI0019073,O007712,P0041,1,46.27,32.89,10
OI0019074,O007713,P0052,1,142.04,68.52,0
OI0019075,O007714,P0087,2,136.09,59.78,10
OI0019076,O007714,P0042,1,79.85,35.8,0
OI0019077,O007714,P0060,1,306.49,149.27,0
OI0019078,O007714,P0004,1,114.79,53.81,15
OI0019079,O007715,P0045,1,354.19,170.05,0
OI0019080,O007715,P0077,1,9.56,6.81,15
OI0019081,O007715,P0014,2,189.67,104.55,0
OI0019082,O007716,P0097,1,163.15,70.37,5
OI0019083,O007717,P0043,3,33.48,14.68,0
OI0019084,O007718,P0036,1,71.47,40.11,5
OI0019085,O007718,P0045,1,354.19,170.05,5
OI0019086,O007718,P0096,1,280.31,123.46,15
OI0019087,O007719,P0036,2,71.47,40.11,10
OI0019088,O007719,P0006,1,273.98,150.3,5
OI0019089,O007719,P0100,2,280.83,119.83,10
OI0019090,O007719,P0108,3,299.87,137.39,0
OI0019091,O007720,P0028,1,307.09,179.34,5
OI0019092,O007720,P0066,3,103.29,50.62,0
OI0019093,O007720,P0046,1,310.17,133.53,10
OI0019094,O007720,P0008,2,223.03,120.69,15
OI0019095,O007721,P0103,2,100.44,47.01,10
OI0019096,O007721,P0003,1,171.57,88.27,0
OI0019097,O007721,P0097,3,163.15,70.37,0
OI0019098,O007721,P0026,3,187.78,112.59,15
OI0019099,O007722,P0078,1,268.06,129.83,0
OI0019100,O007722,P0063,2,8.2,5.54,5
OI0019101,O007723,P0070,3,131.06,75.18,0
OI0019102,O007723,P0088,4,236.31,102.24,5
OI0019103,O007723,P0118,1,177.52,114.17,0
OI0019104,O007724,P0051,2,104.92,60.39,20
OI0019105,O007724,P0061,3,241.21,110.37,0
OI0019106,O007724,P0099,2,179.3,114.96,0
OI0019107,O007725,P0058,4,224.02,143.13,5
OI0019108,O007725,P0086,1,263.23,167.09,0
OI0019109,O007726,P0114,1,41.45,23.84,0
OI0019110,O007727,P0002,3,230.82,108.89,5
OI0019111,O007727,P0008,1,223.03,120.69,0
OI0019112,O007728,P0059,3,310.18,133.96,5
OI0019113,O007728,P0071,2,66.14,34.77,0
OI0019114,O007729,P0102,2,195.72,100.75,0
OI0019115,O007729,P0114,2,41.45,23.84,10
OI0019116,O007730,P0069,2,259.35,175.47,5
OI0019117,O007730,P0104,1,71.93,33.51,5
OI0019118,O007731,P0052,2,142.04,68.52,10
OI0019119,O007731,P0117,2,252.27,158.43,0
OI0019120,O007731,P0118,2,177.52,114.17,25
OI0019121,O007732,P0104,3,71.93,33.51,5
OI0019122,O007732,P0040,1,214.96,89.94,10
OI0019123,O007733,P0105,2,124.3,57.25,0
OI0019124,O007733,P0107,1,140.71,82.95,0
OI0019125,O007733,P0020,2,185.28,120.72,0
OI0019126,O007734,P0009,2,102.74,56.37,0
OI0019127,O007734,P0066,1,103.29,50.62,0
OI0019128,O007735,P0029,1,35.33,21.58,10
OI0019129,O007736,P0084,1,42.76,20.69,15
OI0019130,O007736,P0053,2,23.29,11.09,0
OI0019131,O007737,P0098,2,17.88,10.05,0
OI0019132,O007738,P0079,1,28.55,21.67,15
OI0019133,O007738,P0077,1,9.56,6.81,5
OI0019134,O007738,P0104,1,71.93,33.51,0
OI0019135,O007739,P0044,1,279.36,162.6,5
OI0019136,O007739,P0017,1,30.38,15.75,0
OI0019137,O007739,P0048,1,316.06,150.66,0
OI0019138,O007739,P0107,3,140.71,82.95,0
OI0019139,O007740,P0078,1,268.06,129.83,0
OI0019140,O007740,P0117,1,252.27,158.43,10
OI0019141,O007741,P0026,2,187.78,112.59,0
OI0019142,O007741,P0093,3,64.09,40.65,0
OI0019143,O007742,P0064,1,60.15,32.62,0
OI0019144,O007742,P0073,2,372.75,170.56,15
OI0019145,O007742,P0057,2,95.09,41.82,5
OI0019146,O007743,P0112,1,361.01,177.23,0
OI0019147,O007743,P0093,2,64.09,40.65,0
OI0019148,O007743,P0057,3,95.09,41.82,15
OI0019149,O007743,P0056,1,385.75,167.31,0
OI0019150,O007744,P0120,2,123.81,98.52,15
OI0019151,O007744,P0108,1,299.87,137.39,10
OI0019152,O007744,P0088,4,236.31,102.24,0
OI0019153,O007745,P0034,2,265.11,120.64,0
OI0019154,O007746,P0094,1,309.52,160.91,0
OI0019155,O007746,P0088,1,236.31,102.24,5
OI0019156,O007747,P0082,1,64.05,28.14,15
OI0019157,O007747,P0017,1,30.38,15.75,5
OI0019158,O007748,P0054,1,83.38,49.27,15
OI0019159,O007748,P0054,3,83.38,49.27,0
OI0019160,O007748,P0030,1,90.28,41.7,10
OI0019161,O007749,P0052,1,142.04,68.52,15
OI0019162,O007749,P0044,1,279.36,162.6,0
OI0019163,O007750,P0021,2,217.0,157.06,0
OI0019164,O007751,P0102,1,195.72,100.75,0
OI0019165,O007752,P0107,3,140.71,82.95,5
OI0019166,O007752,P0080,1,392.84,163.94,5
OI0019167,O007752,P0056,1,385.75,167.31,10
OI0019168,O007753,P0111,1,116.59,86.94,15
OI0019169,O007753,P0065,1,270.21,125.01,0
OI0019170,O007753,P0022,1,192.12,85.66,0
OI0019171,O007753,P0079,3,28.55,21.67,5
OI0019172,O007754,P0102,1,195.72,100.75,0
OI0019173,O007754,P0086,3,263.23,167.09,10
OI0019174,O007755,P0026,1,187.78,112.59,20
OI0019175,O007755,P0059,2,310.18,133.96,0
OI0019176,O007755,P0015,4,147.82,103.39,25
OI0019177,O007755,P0057,1,95.09,41.82,15
OI0019178,O007756,P0091,1,196.39,82.27,0
OI0019179,O007757,P0112,1,361.01,177.23,10
OI0019180,O007757,P0012,3,20.32,10.75,0
OI0019181,O007757,P0077,1,9.56,6.81,0
OI0019182,O007758,P0109,1,39.14,21.27,15
OI0019183,O007758,P0106,3,56.39,27.98,5
OI0019184,O007758,P0112,2,361.01,177.23,0
OI0019185,O007758,P0081,1,96.93,49.39,5
OI0019186,O007759,P0052,3,142.04,68.52,0
OI0019187,O007759,P0061,1,241.21,110.37,10
OI0019188,O007759,P0104,1,71.93,33.51,15
OI0019189,O007759,P0012,3,20.32,10.75,0
OI0019190,O007760,P0086,1,263.23,167.09,5
OI0019191,O007761,P0096,1,280.31,123.46,5
OI0019192,O007761,P0083,2,63.1,34.73,5
OI0019193,O007761,P0070,1,131.06,75.18,10
OI0019194,O007761,P0039,1,66.47,46.73,0
OI0019195,O007762,P0112,1,361.01,177.23,0
OI0019196,O007762,P0049,1,59.24,43.15,0
OI0019197,O007762,P0090,1,60.09,33.62,0
OI0019198,O007762,P0077,1,9.56,6.81,0
OI0019199,O007763,P0010,4,236.09,100.66,0
OI0019200,O007764,P0079,1,28.55,21.67,0
OI0019201,O007764,P0116,1,53.16,36.42,5
OI0019202,O007765,P0097,3,163.15,70.37,0
OI0019203,O007765,P0033,1,211.78,114.87,20
OI0019204,O007765,P0043,1,33.48,14.68,5
OI0019205,O007765,P0084,4,42.76,20.69,0
OI0019206,O007766,P0050,1,171.47,76.47,20
OI0019207,O007766,P0068,1,103.65,44.29,0
OI0019208,O007766,P0014,3,189.67,104.55,0
OI0019209,O007766,P0100,4,280.83,119.83,5
OI0019210,O007767,P0096,2,280.31,123.46,0
OI0019211,O007767,P0076,3,81.73,46.21,0
OI0019212,O007767,P0043,-1,33.48,14.68,10
OI0019213,O007767,P0052,2,142.04,68.52,10
OI0019214,O007768,P0099,1,179.3,114.96,0
OI0019215,O007768,P0060,3,306.49,149.27,0
OI0019216,O007769,P0099,4,179.3,114.96,10
OI0019217,O007769,P0073,2,372.75,170.56,0
OI0019218,O007770,P0018,1,281.84,146.67,0
OI0019219,O007771,P0094,3,309.52,160.91,0
OI0019220,O007771,P0080,2,392.84,163.94,5
OI0019221,O007772,P0119,2,78.86,37.39,0
OI0019222,O007773,P0022,2,192.12,85.66,25
OI0019223,O007774,P0060,1,306.49,149.27,5
OI0019224,O007774,P0003,1,171.57,88.27,0
OI0019225,O007774,P0046,1,310.17,133.53,5
OI0019226,O007775,P0035,4,326.93,146.56,0
OI0019227,O007775,P0031,1,254.7,145.72,10
OI0019228,O007775,P0112,1,361.01,177.23,10
OI0019229,O007776,P0021,1,217.0,157.06,5
OI0019230,O007776,P0072,4,272.32,149.77,0
OI0019231,O007776,P0029,2,35.33,21.58,5
OI0019232,O007777,P0040,1,214.96,89.94,0
OI0019233,O007777,P0023,1,15.34,8.57,15
OI0019234,O007778,P0009,1,102.74,56.37,5
OI0019235,O007778,P0012,1,20.32,10.75,10
OI0019236,O007778,P0039,2,66.47,46.73,0
OI0019237,O007779,P0062,2,274.98,138.35,20
OI0019238,O007779,P0069,1,259.35,175.47,5
OI0019239,O007779,P0049,4,59.24,43.15,110
OI0019240,O007780,P0045,1,354.19,170.05,10
OI0019241,O007780,P0100,1,280.83,119.83,15
OI0019242,O007780,P0108,4,299.87,137.39,5
OI0019243,O007781,P0015,2,147.82,103.39,15
OI0019244,O007782,P0026,1,187.78,112.59,10
OI0019245,O007783,P0073,1,372.75,170.56,20
OI0019246,O007783,P0062,1,274.98,138.35,0
OI0019247,O007784,P0005,2,181.52,92.02,0
OI0019248,O007784,P0026,2,187.78,112.59,10
OI0019249,O007784,P0101,1,338.95,156.07,15
OI0019250,O007784,P0029,3,35.33,21.58,0
OI0019251,O007785,P0091,2,196.39,82.27,10
OI0019252,O007785,P0011,2,116.27,72.14,0
OI0019253,O007785,P0116,1,53.16,36.42,20
OI0019254,O007786,P0067,1,33.07,19.77,0
OI0019255,O007786,P0099,1,179.3,114.96,25
OI0019256,O007786,P0088,1,236.31,102.24,0
OI0019257,O007787,P0044,2,279.36,162.6,0
OI0019258,O007787,P0079,3,28.55,21.67,0
OI0019259,O007788,P0119,2,78.86,37.39,5
OI0019260,O007788,P0067,3,33.07,19.77,20
OI0019261,O007788,P0034,1,265.11,120.64,0
OI0019262,O007788,P0044,3,279.36,162.6,0
OI0019263,O007789,P0034,2,265.11,120.64,0
OI0019264,O007789,P0081,1,96.93,49.39,10
OI0019265,O007789,P0096,2,280.31,123.46,15
OI0019266,O007789,P0026,2,187.78,112.59,20
OI0019267,O007790,P0051,2,104.92,60.39,0
OI0019268,O007790,P0026,1,187.78,112.59,0
OI0019269,O007790,P0066,1,103.29,50.62,0
OI0019270,O007790,P0111,2,116.59,86.94,10
OI0019271,O007791,P0112,1,361.01,177.23,0
OI0019272,O007791,P0054,1,83.38,49.27,0
OI0019273,O007791,P0061,1,241.21,110.37,0
OI0019274,O007791,P0090,1,60.09,33.62,0
OI0019275,O007792,P0083,2,63.1,34.73,5
OI0019276,O007792,P0017,2,30.38,15.75,20
OI0019277,O007793,P0083,-1,63.1,34.73,10
OI0019278,O007794,P0042,4,79.85,35.8,10
OI0019279,O007794,P0045,2,354.19,170.05,15
OI0019280,O007794,P0063,1,8.2,5.54,0
OI0019281,O007794,P0074,1,62.08,27.78,0
OI0019282,O007795,P0076,2,81.73,46.21,0
OI0019283,O007795,P0072,3,272.32,149.77,5
OI0019284,O007796,P0060,2,306.49,149.27,5
OI0019285,O007796,P0044,1,279.36,162.6,10
OI0019286,O007797,P0078,1,268.06,129.83,15
OI0019287,O007798,P0104,2,71.93,33.51,0
OI0019288,O007799,P0039,1,66.47,46.73,15
OI0019289,O007800,P0112,3,361.01,177.23,0
OI0019290,O007800,P0075,2,134.51,78.21,0
OI0019291,O007800,P0101,2,338.95,156.07,0
OI0019292,O007801,P0030,2,90.28,41.7,5
OI0019293,O007801,P0073,1,372.75,170.56,0
OI0019294,O007801,P0090,1,60.09,33.62,10
OI0019295,O007802,P0021,1,217.0,157.06,0
OI0019296,O007802,P0070,1,131.06,75.18,0
OI0019297,O007803,P0078,2,268.06,129.83,15
OI0019298,O007803,P0099,1,179.3,114.96,20
OI0019299,O007803,P0041,1,46.27,32.89,5
OI0019300,O007804,P0084,1,42.76,20.69,0
OI0019301,O007804,P0040,-1,214.96,89.94,0
OI0019302,O007804,P0070,1,131.06,75.18,10
OI0019303,O007805,P0050,-1,171.47,76.47,0
OI0019304,O007805,P0015,1,147.82,103.39,0
OI0019305,O007805,P0084,1,42.76,20.69,10
OI0019306,O007806,P0031,2,254.7,145.72,25
OI0019307,O007806,P0117,1,252.27,158.43,20
OI0019308,O007806,P0028,3,307.09,179.34,0
OI0019309,O007807,P0070,4,131.06,75.18,0
OI0019310,O007807,P0096,2,280.31,123.46,15
OI0019311,O007807,P0011,1,116.27,72.14,10
OI0019312,O007807,P0083,4,63.1,34.73,10
OI0019313,O007808,P0064,1,60.15,32.62,15
OI0019314,O007809,P0019,1,36.3,22.04,10
OI0019315,O007809,P0067,1,33.07,19.77,10
OI0019316,O007809,P0064,3,60.15,32.62,15
OI0019317,O007809,P0008,1,223.03,120.69,0
OI0019318,O007810,P0111,2,116.59,86.94,20
OI0019319,O007810,P0070,1,131.06,75.18,0
OI0019320,O007811,P0062,3,274.98,138.35,5
OI0019321,O007811,P0042,-1,79.85,35.8,20
OI0019322,O007811,P0094,4,309.52,160.91,10
OI0019323,O007811,P0086,2,263.23,167.09,15
OI0019324,O007812,P0004,2,114.79,53.81,0
OI0019325,O007812,P0050,2,171.47,76.47,0
OI0019326,O007812,P0053,2,23.29,11.09,20
OI0019327,O007812,P0034,1,265.11,120.64,0
OI0019328,O007813,P0046,4,310.17,133.53,25
OI0019329,O007813,P0004,1,114.79,53.81,20
OI0019330,O007813,P0061,2,241.21,110.37,0
OI0019331,O007813,P0039,1,66.47,46.73,10
OI0019332,O007814,P0103,1,100.44,47.01,20
OI0019333,O007815,P0015,3,147.82,103.39,10
OI0019334,O007815,P0060,2,306.49,149.27,5
OI0019335,O007815,P0018,2,281.84,146.67,0
OI0019336,O007815,P0031,4,254.7,145.72,0
OI0019337,O007816,P0007,2,180.16,110.8,15
OI0019338,O007817,P0118,1,177.52,114.17,0
OI0019339,O007818,P0035,1,326.93,146.56,0
OI0019340,O007818,P0021,1,217.0,157.06,5
OI0019341,O007819,P0005,1,181.52,92.02,5
OI0019342,O007819,P0068,2,103.65,44.29,15
OI0019343,O007819,P0017,1,30.38,15.75,0
OI0019344,O007819,P0054,1,83.38,49.27,15
OI0019345,O007820,P0040,1,214.96,89.94,20
OI0019346,O007820,P0012,1,20.32,10.75,0
OI0019347,O007820,P0053,1,23.29,11.09,10
OI0019348,O007820,P0063,1,8.2,5.54,0
OI0019349,O007821,P0032,1,148.44,75.4,5
OI0019350,O007822,P0006,3,273.98,150.3,10
OI0019351,O007822,P0082,4,64.05,28.14,110
OI0019352,O007823,P0096,1,280.31,123.46,25
OI0019353,O007824,P0107,3,140.71,82.95,0
OI0019354,O007825,P0002,1,230.82,108.89,0
OI0019355,O007825,P0104,1,71.93,33.51,10
OI0019356,O007825,P0080,2,392.84,163.94,0
OI0019357,O007826,P0096,1,280.31,123.46,0
OI0019358,O007826,P0053,1,23.29,11.09,0
OI0019359,O007826,P0080,1,392.84,163.94,15
OI0019360,O007826,P0023,3,15.34,8.57,0
OI0019361,O007827,P0035,1,326.93,146.56,20
OI0019362,O007827,P0105,2,124.3,57.25,5
OI0019363,O007827,P0044,1,279.36,162.6,25
OI0019364,O007827,P0118,1,177.52,114.17,0
OI0019365,O007828,P0023,4,15.34,8.57,15
OI0019366,O007828,P0116,1,53.16,36.42,15
OI0019367,O007829,P0065,1,270.21,125.01,20
OI0019368,O007829,P0115,1,66.66,49.6,10
OI0019369,O007829,P0018,3,281.84,146.67,0
OI0019370,O007830,P0101,2,338.95,156.07,20
OI0019371,O007830,P0088,1,236.31,102.24,10
OI0019372,O007830,P0091,1,196.39,82.27,0
OI0019373,O007831,P0041,1,46.27,32.89,10
OI0019374,O007831,P0119,1,78.86,37.39,15
OI0019375,O007831,P0113,3,152.02,79.85,10
OI0019376,O007832,P0063,1,8.2,5.54,0
OI0019377,O007833,P0013,1,127.84,91.01,0
OI0019378,O007833,P0023,1,15.34,8.57,0
OI0019379,O007833,P0089,2,49.96,38.06,15
OI0019380,O007834,P0007,2,180.16,110.8,0
OI0019381,O007835,P0027,4,283.79,152.07,10
OI0019382,O007836,P0079,1,28.55,21.67,0
OI0019383,O007836,P0001,2,58.62,26.48,0
OI0019384,O007836,P0057,3,95.09,41.82,0
OI0019385,O007837,P0085,1,142.09,59.82,5
OI0019386,O007837,P0082,2,64.05,28.14,0
OI0019387,O007838,P0112,2,361.01,177.23,0
OI0019388,O007838,P0081,1,96.93,49.39,0
OI0019389,O007838,P0033,1,211.78,114.87,20
OI0019390,O007839,P0027,1,283.79,152.07,5
OI0019391,O007839,P0086,2,263.23,167.09,0
OI0019392,O007840,P0089,1,49.96,38.06,0
OI0019393,O007840,P0010,3,236.09,100.66,0
OI0019394,O007840,P0084,2,42.76,20.69,20
OI0019395,O007840,P0004,2,114.79,53.81,0
OI0019396,O007841,P0001,3,58.62,26.48,0
OI0019397,O007841,P0083,1,63.1,34.73,5
OI0019398,O007841,P0064,2,60.15,32.62,0
OI0019399,O007842,P0119,1,78.86,37.39,0
OI0019400,O007842,P0036,1,71.47,40.11,20
OI0019401,O007843,P0004,2,114.79,53.81,110
OI0019402,O007844,P0072,1,272.32,149.77,5
OI0019403,O007844,P0103,1,100.44,47.01,10
OI0019404,O007845,P0105,1,124.3,57.25,20
OI0019405,O007845,P0105,1,124.3,57.25,5
OI0019406,O007845,P0002,1,230.82,108.89,15
OI0019407,O007845,P0014,2,189.67,104.55,10
OI0019408,O007846,P0013,1,127.84,91.01,10
OI0019409,O007846,P0084,2,42.76,20.69,15
OI0019410,O007846,P0019,1,36.3,22.04,0
OI0019411,O007846,P0035,1,326.93,146.56,5
OI0019412,O007847,P0042,1,79.85,35.8,0
OI0019413,O007848,P0053,1,23.29,11.09,0
OI0019414,O007848,P0041,1,46.27,32.89,0
OI0019415,O007848,P0095,1,202.91,139.2,0
OI0019416,O007849,P0043,1,33.48,14.68,5
OI0019417,O007849,P0077,3,9.56,6.81,0
OI0019418,O007850,P0103,1,100.44,47.01,10
OI0019419,O007851,P0036,1,71.47,40.11,0
OI0019420,O007851,P0098,1,17.88,10.05,0
OI0019421,O007851,P0112,1,361.01,177.23,0
OI0019422,O007852,P0115,1,66.66,49.6,0
OI0019423,O007853,P0034,2,265.11,120.64,15
OI0019424,O007853,P0029,-1,35.33,21.58,0
OI0019425,O007854,P0086,2,263.23,167.09,5
OI0019426,O007854,P0056,2,385.75,167.31,0
OI0019427,O007854,P0086,-1,263.23,167.09,10
OI0019428,O007855,P0031,1,254.7,145.72,5
OI0019429,O007856,P0042,1,79.85,35.8,20
OI0019430,O007857,P0039,2,66.47,46.73,20
OI0019431,O007857,P0058,1,224.02,143.13,15
OI0019432,O007857,P0036,1,71.47,40.11,15
OI0019433,O007858,P0073,1,372.75,170.56,0
OI0019434,O007858,P0073,2,372.75,170.56,0
OI0019435,O007858,P0097,2,163.15,70.37,25
OI0019436,O007858,P0047,4,243.5,159.8,0
OI0019437,O007859,P0070,2,131.06,75.18,10
OI0019438,O007860,P0050,2,171.47,76.47,15
OI0019439,O007860,P0099,2,179.3,114.96,0
OI0019440,O007860,P0072,1,272.32,149.77,5
OI0019441,O007860,P0042,3,79.85,35.8,10
OI0019442,O007861,P0048,1,316.06,150.66,0
OI0019443,O007861,P0111,1,116.59,86.94,10
OI0019444,O007861,P0069,1,259.35,175.47,0
OI0019445,O007862,P0066,1,103.29,50.62,15
OI0019446,O007862,P0046,2,310.17,133.53,0
OI0019447,O007862,P0076,3,81.73,46.21,0
OI0019448,O007862,P0079,1,28.55,21.67,5
OI0019449,O007863,P0080,2,392.84,163.94,0
OI0019450,O007863,P0025,1,187.19,125.9,0
OI0019451,O007863,P0099,1,179.3,114.96,0
OI0019452,O007864,P0074,1,62.08,27.78,0
OI0019453,O007865,P0031,1,254.7,145.72,15
OI0019454,O007865,P0057,4,95.09,41.82,5
OI0019455,O007865,P0026,1,187.78,112.59,0
OI0019456,O007865,P0075,1,134.51,78.21,5
OI0019457,O007866,P0106,2,56.39,27.98,20
OI0019458,O007867,P0077,1,9.56,6.81,0
OI0019459,O007867,P0020,2,185.28,120.72,0
OI0019460,O007867,P0111,2,116.59,86.94,10
OI0019461,O007868,P0114,1,41.45,23.84,15
OI0019462,O007868,P0016,1,182.65,108.43,5
OI0019463,O007868,P0107,2,140.71,82.95,0
OI0019464,O007869,P0001,2,58.62,26.48,0
OI0019465,O007869,P0102,1,195.72,100.75,20
OI0019466,O007870,P0094,1,309.52,160.91,5
OI0019467,O007870,P0055,2,150.07,98.61,15
OI0019468,O007871,P0003,1,171.57,88.27,0
OI0019469,O007871,P0107,1,140.71,82.95,0
OI0019470,O007872,P0036,2,71.47,40.11,20
OI0019471,O007873,P0005,1,181.52,92.02,5
OI0019472,O007873,P0115,1,66.66,49.6,0
OI0019473,O007873,P0017,1,30.38,15.75,10
OI0019474,O007874,P0070,3,131.06,75.18,5
OI0019475,O007874,P0105,2,124.3,57.25,15
OI0019476,O007874,P0005,1,181.52,92.02,20
OI0019477,O007874,P0013,1,127.84,91.01,0
OI0019478,O007875,P0081,1,96.93,49.39,0
OI0019479,O007875,P0079,2,28.55,21.67,0
OI0019480,O007875,P0088,2,236.31,102.24,20
OI0019481,O007876,P0102,1,195.72,100.75,20
OI0019482,O007876,P0086,1,263.23,167.09,0
OI0019483,O007876,P0120,1,123.81,98.52,0
OI0019484,O007876,P0063,1,8.2,5.54,20
OI0019485,O007877,P0068,1,103.65,44.29,5
OI0019486,O007878,P0108,3,299.87,137.39,10
OI0019487,O007878,P0077,3,9.56,6.81,10
OI0019488,O007878,P0076,1,81.73,46.21,5
OI0019489,O007879,P0107,1,140.71,82.95,15
OI0019490,O007879,P0006,1,273.98,150.3,0
OI0019491,O007880,P0017,1,30.38,15.75,15
OI0019492,O007880,P0051,-1,104.92,60.39,20
OI0019493,O007880,P0087,1,136.09,59.78,0
OI0019494,O007880,P0041,1,46.27,32.89,20
OI0019495,O007881,P0090,3,60.09,33.62,15
OI0019496,O007881,P0120,1,123.81,98.52,10
OI0019497,O007881,P0015,1,147.82,103.39,25
OI0019498,O007882,P0032,2,148.44,75.4,0
OI0019499,O007882,P0093,1,64.09,40.65,5
OI0019500,O007882,P0024,1,169.87,104.81,0
OI0019501,O007882,P0078,2,268.06,129.83,0
OI0019502,O007883,P0025,1,187.19,125.9,0
OI0019503,O007883,P0025,2,187.19,125.9,15
OI0019504,O007883,P0029,2,35.33,21.58,0
OI0019505,O007884,P0059,1,310.18,133.96,25
OI0019506,O007884,P0100,2,280.83,119.83,0
OI0019507,O007884,P0040,2,214.96,89.94,0
OI0019508,O007885,P0025,2,187.19,125.9,0
OI0019509,O007885,P0089,1,49.96,38.06,10
OI0019510,O007886,P0076,1,81.73,46.21,0
OI0019511,O007887,P0032,1,148.44,75.4,20
OI0019512,O007888,P0086,1,263.23,167.09,0
OI0019513,O007889,P0013,1,127.84,91.01,20
OI0019514,O007890,P0013,1,127.84,91.01,15
OI0019515,O007890,P0067,2,33.07,19.77,5
OI0019516,O007890,P0053,1,23.29,11.09,0
OI0019517,O007891,P0059,4,310.18,133.96,0
OI0019518,O007892,P0027,1,283.79,152.07,10
OI0019519,O007892,P0067,3,33.07,19.77,0
OI0019520,O007893,P0101,3,338.95,156.07,5
OI0019521,O007893,P0017,1,30.38,15.75,15
OI0019522,O007894,P0038,1,81.71,51.71,0
OI0019523,O007894,P0117,2,252.27,158.43,15
OI0019524,O007894,P0106,1,56.39,27.98,15
OI0019525,O007895,P0017,2,30.38,15.75,0
OI0019526,O007895,P0060,3,306.49,149.27,10
OI0019527,O007896,P0110,4,311.63,167.87,10
OI0019528,O007897,P0011,1,116.27,72.14,0
OI0019529,O007897,P0082,1,64.05,28.14,5
OI0019530,O007897,P0014,3,189.67,104.55,0
OI0019531,O007897,P0090,2,60.09,33.62,0
OI0019532,O007898,P0066,1,103.29,50.62,5
OI0019533,O007899,P0014,1,189.67,104.55,0
OI0019534,O007899,P0046,4,310.17,133.53,0
OI0019535,O007900,P0048,1,316.06,150.66,110
OI0019536,O007900,P0027,4,283.79,152.07,0
OI0019537,O007901,P0085,1,142.09,59.82,10
OI0019538,O007901,P0015,2,147.82,103.39,20
OI0019539,O007901,P0012,1,20.32,10.75,0
OI0019540,O007901,P0038,1,81.71,51.71,10
OI0019541,O007902,P0030,2,90.28,41.7,0
OI0019542,O007902,P0001,2,58.62,26.48,0
OI0019543,O007902,P0073,1,372.75,170.56,15
OI0019544,O007902,P0085,1,142.09,59.82,0
OI0019545,O007903,P0112,1,361.01,177.23,5
OI0019546,O007904,P0036,1,71.47,40.11,0
OI0019547,O007904,P0012,1,20.32,10.75,10
OI0019548,O007904,P0101,1,338.95,156.07,5
OI0019549,O007905,P0063,1,8.2,5.54,20
OI0019550,O007905,P0004,1,114.79,53.81,15
OI0019551,O007905,P0011,2,116.27,72.14,15
OI0019552,O007906,P0023,3,15.34,8.57,0
OI0019553,O007906,P0019,1,36.3,22.04,5
OI0019554,O007906,P0072,1,272.32,149.77,0
OI0019555,O007907,P0084,1,42.76,20.69,15
OI0019556,O007907,P0106,1,56.39,27.98,10
OI0019557,O007907,P0114,2,41.45,23.84,10
OI0019558,O007908,P0023,3,15.34,8.57,0
OI0019559,O007908,P0057,4,95.09,41.82,10
OI0019560,O007908,P0047,3,243.5,159.8,0
OI0019561,O007908,P0019,1,36.3,22.04,5
OI0019562,O007909,P0046,1,310.17,133.53,0
OI0019563,O007909,P0021,3,217.0,157.06,0
OI0019564,O007909,P0001,2,58.62,26.48,15
OI0019565,O007910,P0027,1,283.79,152.07,10
OI0019566,O007910,P0022,1,192.12,85.66,15
OI0019567,O007910,P0081,3,96.93,49.39,20
OI0019568,O007911,P0098,1,17.88,10.05,10
OI0019569,O007911,P0054,1,83.38,49.27,5
OI0019570,O007912,P0081,2,96.93,49.39,0
OI0019571,O007912,P0111,1,116.59,86.94,15
OI0019572,O007912,P0027,2,283.79,152.07,15
OI0019573,O007912,P0094,4,309.52,160.91,5
OI0019574,O007913,P0049,1,59.24,43.15,0
OI0019575,O007913,P0080,1,392.84,163.94,10
OI0019576,O007913,P0054,4,83.38,49.27,0
OI0019577,O007913,P0064,3,60.15,32.62,0
OI0019578,O007914,P0020,1,185.28,120.72,0
OI0019579,O007914,P0085,1,142.09,59.82,0
OI0019580,O007914,P0033,1,211.78,114.87,0
OI0019581,O007914,P0040,1,214.96,89.94,10
OI0019582,O007915,P0118,3,177.52,114.17,0
OI0019583,O007916,P0004,1,114.79,53.81,0
OI0019584,O007916,P0093,1,64.09,40.65,10
OI0019585,O007916,P0111,1,116.59,86.94,0
OI0019586,O007917,P0112,2,361.01,177.23,10
OI0019587,O007917,P0040,4,214.96,89.94,5
OI0019588,O007917,P0071,2,66.14,34.77,5
OI0019589,O007918,P0048,1,316.06,150.66,10
OI0019590,O007919,P0085,1,142.09,59.82,0
OI0019591,O007919,P0050,4,171.47,76.47,0
OI0019592,O007919,P0043,1,33.48,14.68,0
OI0019593,O007919,P0037,1,171.97,76.8,5
OI0019594,O007920,P0080,2,392.84,163.94,5
OI0019595,O007920,P0086,2,263.23,167.09,0
OI0019596,O007921,P0012,1,20.32,10.75,0
OI0019597,O007922,P0091,3,196.39,82.27,25
OI0019598,O007923,P0046,1,310.17,133.53,110
OI0019599,O007923,P0012,1,20.32,10.75,10
OI0019600,O007923,P0048,2,316.06,150.66,5
OI0019601,O007923,P0080,-1,392.84,163.94,5
OI0019602,O007924,P0046,1,310.17,133.53,0
OI0019603,O007924,P0098,3,17.88,10.05,20
OI0019604,O007924,P0013,1,127.84,91.01,0
OI0019605,O007925,P0025,1,187.19,125.9,0
OI0019606,O007926,P0092,1,51.3,24.69,15
OI0019607,O007926,P0111,2,116.59,86.94,10
OI0019608,O007927,P0087,2,136.09,59.78,0
OI0019609,O007927,P0054,1,83.38,49.27,0
OI0019610,O007928,P0043,3,33.48,14.68,10
OI0019611,O007928,P0033,2,211.78,114.87,5
OI0019612,O007928,P0029,2,35.33,21.58,0
OI0019613,O007928,P0105,1,124.3,57.25,0
OI0019614,O007929,P0069,4,259.35,175.47,0
OI0019615,O007930,P0061,1,241.21,110.37,0
OI0019616,O007930,P0057,1,95.09,41.82,20
OI0019617,O007930,P0037,2,171.97,76.8,0
OI0019618,O007931,P0003,2,171.57,88.27,5
OI0019619,O007931,P0033,3,211.78,114.87,20
OI0019620,O007931,P0117,1,252.27,158.43,0
OI0019621,O007931,P0112,1,361.01,177.23,10
OI0019622,O007932,P0007,1,180.16,110.8,5
OI0019623,O007932,P0044,1,279.36,162.6,20
OI0019624,O007932,P0064,1,60.15,32.62,15
OI0019625,O007932,P0043,3,33.48,14.68,5
OI0019626,O007933,P0109,2,39.14,21.27,0
OI0019627,O007933,P0097,3,163.15,70.37,5
OI0019628,O007934,P0069,1,259.35,175.47,0
OI0019629,O007935,P0061,1,241.21,110.37,0
OI0019630,O007936,P0078,1,268.06,129.83,0
OI0019631,O007936,P0089,1,49.96,38.06,0
OI0019632,O007937,P0109,1,39.14,21.27,0
OI0019633,O007937,P0034,1,265.11,120.64,0
OI0019634,O007938,P0104,1,71.93,33.51,20
OI0019635,O007939,P0093,1,64.09,40.65,0
OI0019636,O007939,P0023,1,15.34,8.57,0
OI0019637,O007940,P0055,2,150.07,98.61,0
OI0019638,O007940,P0092,3,51.3,24.69,5
OI0019639,O007940,P0081,1,96.93,49.39,20
OI0019640,O007940,P0044,1,279.36,162.6,5
OI0019641,O007941,P0076,2,81.73,46.21,10
OI0019642,O007942,P0072,1,272.32,149.77,10
OI0019643,O007943,P0090,1,60.09,33.62,0
OI0019644,O007943,P0109,3,39.14,21.27,10
OI0019645,O007944,P0010,2,236.09,100.66,110
OI0019646,O007944,P0026,4,187.78,112.59,0
OI0019647,O007945,P0100,1,280.83,119.83,0
OI0019648,O007945,P0072,1,272.32,149.77,20
OI0019649,O007946,P0044,1,279.36,162.6,10
OI0019650,O007946,P0058,1,224.02,143.13,10
OI0019651,O007946,P0062,1,274.98,138.35,5
OI0019652,O007946,P0047,2,243.5,159.8,0
OI0019653,O007947,P0119,1,78.86,37.39,0
OI0019654,O007947,P0014,2,189.67,104.55,5
OI0019655,O007948,P0056,2,385.75,167.31,20
OI0019656,O007948,P0004,1,114.79,53.81,0
OI0019657,O007948,P0058,1,224.02,143.13,5
OI0019658,O007949,P0007,1,180.16,110.8,10
OI0019659,O007949,P0040,1,214.96,89.94,10
OI0019660,O007949,P0049,1,59.24,43.15,5
OI0019661,O007949,P0104,1,71.93,33.51,5
OI0019662,O007950,P0062,3,274.98,138.35,15
OI0019663,O007951,P0091,1,196.39,82.27,10
OI0019664,O007952,P0036,4,71.47,40.11,0
OI0019665,O007952,P0022,3,192.12,85.66,5
OI0019666,O007953,P0027,1,283.79,152.07,0
OI0019667,O007953,P0033,1,211.78,114.87,0
OI0019668,O007953,P0043,1,33.48,14.68,0
OI0019669,O007953,P0015,2,147.82,103.39,25
OI0019670,O007954,P0116,1,53.16,36.42,10
OI0019671,O007955,P0058,1,224.02,143.13,25
OI0019672,O007955,P0103,3,100.44,47.01,0
OI0019673,O007955,P0048,2,316.06,150.66,5
OI0019674,O007955,P0111,1,116.59,86.94,0
OI0019675,O007956,P0050,1,171.47,76.47,25
OI0019676,O007956,P0118,1,177.52,114.17,0
OI0019677,O007956,P0112,4,361.01,177.23,15
OI0019678,O007956,P0045,1,354.19,170.05,0
OI0019679,O007957,P0035,1,326.93,146.56,20
OI0019680,O007958,P0072,2,272.32,149.77,5
OI0019681,O007958,P0105,1,124.3,57.25,0
OI0019682,O007959,P0034,1,265.11,120.64,0
OI0019683,O007959,P0081,1,96.93,49.39,25
OI0019684,O007959,P0071,4,66.14,34.77,0
OI0019685,O007960,P0043,1,33.48,14.68,0
OI0019686,O007960,P0008,1,223.03,120.69,0
OI0019687,O007960,P0068,1,103.65,44.29,25
OI0019688,O007961,P0056,1,385.75,167.31,5
OI0019689,O007961,P0049,4,59.24,43.15,15
OI0019690,O007961,P0003,4,171.57,88.27,0
OI0019691,O007962,P0022,1,192.12,85.66,15
OI0019692,O007962,P0088,1,236.31,102.24,0
OI0019693,O007962,P0024,1,169.87,104.81,110
OI0019694,O007963,P0042,1,79.85,35.8,5
OI0019695,O007963,P0045,1,354.19,170.05,20
OI0019696,O007964,P0097,2,163.15,70.37,20
OI0019697,O007964,P0008,3,223.03,120.69,10
OI0019698,O007964,P0065,-1,270.21,125.01,0
OI0019699,O007965,P0032,3,148.44,75.4,0
OI0019700,O007966,P0111,2,116.59,86.94,0
OI0019701,O007966,P0012,1,20.32,10.75,5
OI0019702,O007967,P0014,2,189.67,104.55,5
OI0019703,O007967,P0075,1,134.51,78.21,10
OI0019704,O007967,P0036,1,71.47,40.11,0
OI0019705,O007967,P0111,3,116.59,86.94,0
OI0019706,O007968,P0042,1,79.85,35.8,10
OI0019707,O007968,P0095,1,202.91,139.2,15
OI0019708,O007968,P0067,3,33.07,19.77,0
OI0019709,O007969,P0116,1,53.16,36.42,0
OI0019710,O007969,P0028,1,307.09,179.34,5
OI0019711,O007969,P0030,2,90.28,41.7,15
OI0019712,O007969,P0112,2,361.01,177.23,0
OI0019713,O007970,P0117,2,252.27,158.43,10
OI0019714,O007971,P0035,1,326.93,146.56,5
OI0019715,O007972,P0007,1,180.16,110.8,0
OI0019716,O007973,P0097,1,163.15,70.37,0
OI0019717,O007973,P0099,2,179.3,114.96,0
OI0019718,O007973,P0008,1,223.03,120.69,0
OI0019719,O007974,P0096,2,280.31,123.46,0
OI0019720,O007974,P0023,1,15.34,8.57,25
OI0019721,O007974,P0092,1,51.3,24.69,0
OI0019722,O007975,P0025,3,187.19,125.9,15
OI0019723,O007976,P0067,4,33.07,19.77,20
OI0019724,O007976,P0088,2,236.31,102.24,10
OI0019725,O007977,P0033,1,211.78,114.87,15
OI0019726,O007977,P0075,4,134.51,78.21,0
OI0019727,O007977,P0049,2,59.24,43.15,0
OI0019728,O007977,P0052,2,142.04,68.52,15
OI0019729,O007978,P0042,1,79.85,35.8,5
OI0019730,O007978,P0027,2,283.79,152.07,10
OI0019731,O007978,P0038,1,81.71,51.71,0
OI0019732,O007978,P0102,1,195.72,100.75,0
OI0019733,O007979,P0087,1,136.09,59.78,10
OI0019734,O007980,P0009,1,102.74,56.37,0
OI0019735,O007980,P0096,1,280.31,123.46,110
OI0019736,O007980,P0036,1,71.47,40.11,0
OI0019737,O007980,P0038,1,81.71,51.71,10
OI0019738,O007981,P0076,-1,81.73,46.21,110
OI0019739,O007981,P0096,2,280.31,123.46,10
OI0019740,O007981,P0037,2,171.97,76.8,0
OI0019741,O007981,P0104,2,71.93,33.51,20
OI0019742,O007982,P0082,1,64.05,28.14,5
OI0019743,O007982,P0006,1,273.98,150.3,0
OI0019744,O007982,P0036,1,71.47,40.11,0
OI0019745,O007982,P0030,1,90.28,41.7,0
OI0019746,O007983,P0097,1,163.15,70.37,10
OI0019747,O007983,P0081,1,96.93,49.39,0
OI0019748,O007984,P0071,1,66.14,34.77,10
OI0019749,O007984,P0107,2,140.71,82.95,0
OI0019750,O007984,P0013,1,127.84,91.01,10
OI0019751,O007984,P0109,3,39.14,21.27,0
OI0019752,O007985,P0038,3,81.71,51.71,15
OI0019753,O007985,P0090,1,60.09,33.62,0
OI0019754,O007985,P0066,1,103.29,50.62,15
OI0019755,O007986,P0089,2,49.96,38.06,10
OI0019756,O007986,P0040,2,214.96,89.94,5
OI0019757,O007986,P0103,3,100.44,47.01,10
OI0019758,O007986,P0033,1,211.78,114.87,5
OI0019759,O007987,P0108,1,299.87,137.39,10
OI0019760,O007987,P0113,1,152.02,79.85,0
OI0019761,O007987,P0050,2,171.47,76.47,10
OI0019762,O007987,P0055,2,150.07,98.61,20
OI0019763,O007988,P0051,1,104.92,60.39,5
OI0019764,O007989,P0077,2,9.56,6.81,0
OI0019765,O007989,P0047,2,243.5,159.8,5
OI0019766,O007989,P0043,1,33.48,14.68,0
OI0019767,O007989,P0099,1,179.3,114.96,0
OI0019768,O007990,P0050,2,171.47,76.47,10
OI0019769,O007991,P0081,2,96.93,49.39,0
OI0019770,O007991,P0012,2,20.32,10.75,0
OI0019771,O007991,P0116,1,53.16,36.42,0
OI0019772,O007991,P0043,1,33.48,14.68,0
OI0019773,O007992,P0063,1,8.2,5.54,15
OI0019774,O007993,P0092,2,51.3,24.69,0
OI0019775,O007993,P0037,2,171.97,76.8,0
OI0019776,O007993,P0082,2,64.05,28.14,0
OI0019777,O007994,P0077,1,9.56,6.81,15
OI0019778,O007994,P0097,2,163.15,70.37,10
OI0019779,O007995,P0096,2,280.31,123.46,0
OI0019780,O007996,P0018,1,281.84,146.67,0
OI0019781,O007996,P0077,1,9.56,6.81,0
OI0019782,O007996,P0100,2,280.83,119.83,10
OI0019783,O007996,P0063,2,8.2,5.54,10
OI0019784,O007997,P0017,2,30.38,15.75,0
OI0019785,O007997,P0052,2,142.04,68.52,0
OI0019786,O007997,P0032,1,148.44,75.4,5
OI0019787,O007998,P0005,2,181.52,92.02,10
OI0019788,O007998,P0118,2,177.52,114.17,0
OI0019789,O007998,P0117,1,252.27,158.43,15
OI0019790,O007999,P0081,1,96.93,49.39,0
OI0019791,O008000,P0007,2,180.16,110.8,10
