payment_id,order_id,payment_method,payment_status
PMT000001,O000001,Buy Now Pay Later,Refunded
PMT000002,O000002,PayPal,Refunded
PMT000003,O000003,Debit Card,Paid
PMT000004,O000004,Credit Card,Paid
PMT000005,O000005,Debit Card,Paid
PMT000006,O000006,PayPal,Paid
PMT000007,O000007,Gift Card,Paid
PMT000008,O000008,Gift Card,Paid
PMT000009,O000009,Credit Card,Paid
PMT000010,O000010,Credit Card,Paid
PMT000011,O000011,Buy Now Pay Later,Paid
PMT000012,O000012,PayPal,Pending
PMT000013,O000013,Buy Now Pay Later,Paid
PMT000014,O000014,Gift Card,Paid
PMT000015,O000015,PayPal,Paid
PMT000016,O000016,Buy Now Pay Later,Paid
PMT000017,O000017,Credit Card,Paid
PMT000018,O000018,Debit Card,Pending
PMT000019,O000019,Credit Card,Paid
PMT000020,O000020,PayPal,Paid
PMT000021,O000021,Buy Now Pay Later,Refunded
PMT000022,O000022,Credit Card,Pending
PMT000023,O000023,PayPal,Pending
PMT000024,O000024,PayPal,Paid
PMT000025,O000025,Credit Card,Pending
PMT000026,O000026,Debit Card,Paid
PMT000027,O000027,Buy Now Pay Later,Paid
PMT000028,O000028,Debit Card,Paid
PMT000029,O000029,PayPal,Paid
PMT000030,O000030,Credit Card,Paid
PMT000031,O000031,Gift Card,Paid
PMT000032,O000032,Buy Now Pay Later,Paid
PMT000033,O000033,PayPal,Pending
PMT000034,O000034,PayPal,Refunded
PMT000035,O000035,Buy Now Pay Later,Paid
PMT000036,O000036,Debit Card,Paid
PMT000037,O000037,PayPal,Paid
PMT000038,O000038,PayPal,Pending
PMT000039,O000039,Credit Card,Paid
PMT000040,O000040,PayPal,Paid
PMT000041,O000041,Gift Card,Paid
PMT000042,O000042,Buy Now Pay Later,Pending
PMT000043,O000043,Buy Now Pay Later,Paid
PMT000044,O000044,Buy Now Pay Later,Pending
PMT000045,O000045,Credit Card,Paid
PMT000046,O000046,Credit Card,Pending
PMT000047,O000047,PayPal,Pending
PMT000048,O000048,Buy Now Pay Later,Paid
PMT000049,O000049,PayPal,Pending
PMT000050,O000050,Buy Now Pay Later,Pending
PMT000051,O000051,Credit Card,Paid
PMT000052,O000052,Gift Card,Paid
PMT000053,O000053,Buy Now Pay Later,Paid
PMT000054,O000054,Gift Card,Paid
PMT000055,O000055,Gift Card,Paid
PMT000056,O000056,Debit Card,Pending
PMT000057,O000057,Buy Now Pay Later,Pending
PMT000058,O000058,Buy Now Pay Later,Pending
PMT000059,O000059,Gift Card,Refunded
PMT000060,O000060,PayPal,Paid
PMT000061,O000061,Debit Card,Pending
PMT000062,O000062,Credit Card,Paid
PMT000063,O000063,PayPal,Paid
PMT000064,O000064,Debit Card,Paid
PMT000065,O000065,Gift Card,Paid
PMT000066,O000066,PayPal,Pending
PMT000067,O000067,Credit Card,Paid
PMT000068,O000068,Buy Now Pay Later,Pending
PMT000069,O000069,PayPal,Paid
PMT000070,O000070,Credit Card,Paid
PMT000071,O000071,PayPal,Paid
PMT000072,O000072,Gift Card,Pending
PMT000073,O000073,Debit Card,Paid
PMT000074,O000074,Debit Card,Paid
PMT000075,O000075,Buy Now Pay Later,Paid
PMT000076,O000076,Gift Card,Refunded
PMT000077,O000077,Buy Now Pay Later,Pending
PMT000078,O000078,PayPal,Paid
PMT000079,O000079,Buy Now Pay Later,Paid
PMT000080,O000080,Buy Now Pay Later,Paid
PMT000081,O000081,Credit Card,Paid
PMT000082,O000082,Buy Now Pay Later,Paid
PMT000083,O000083,PayPal,Paid
PMT000084,O000084,Buy Now Pay Later,Paid
PMT000085,O000085,PayPal,Pending
PMT000086,O000086,Debit Card,Paid
PMT000087,O000087,Buy Now Pay Later,Paid
PMT000088,O000088,PayPal,Paid
PMT000089,O000089,Gift Card,Pending
PMT000090,O000090,Buy Now Pay Later,Paid
PMT000091,O000091,Gift Card,Paid
PMT000092,O000092,Gift Card,Paid
PMT000093,O000093,PayPal,Paid
PMT000094,O000094,Gift Card,Paid
PMT000095,O000095,PayPal,Paid
PMT000096,O000096,Debit Card,Paid
PMT000097,O000097,Gift Card,Paid
PMT000098,O000098,PayPal,Paid
PMT000099,O000099,Gift Card,Paid
PMT000100,O000100,Debit Card,Paid
PMT000101,O000101,Debit Card,Paid
PMT000102,O000102,Buy Now Pay Later,Refunded
PMT000103,O000103,Credit Card,Paid
PMT000104,O000104,Gift Card,Paid
PMT000105,O000105,Debit Card,Paid
PMT000106,O000106,Debit Card,Paid
PMT000107,O000107,Gift Card,Paid
PMT000108,O000108,Gift Card,Paid
PMT000109,O000109,PayPal,Paid
PMT000110,O000110,PayPal,Paid
PMT000111,O000111,Debit Card,Paid
PMT000112,O000112,Credit Card,Paid
PMT000113,O000113,Credit Card,Pending
PMT000114,O000114,Credit Card,Paid
PMT000115,O000115,PayPal,Pending
PMT000116,O000116,Credit Card,Pending
PMT000117,O000117,Buy Now Pay Later,Pending
PMT000118,O000118,Credit Card,Paid
PMT000119,O000119,Gift Card,Paid
PMT000120,O000120,PayPal,Refunded
PMT000121,O000121,PayPal,Paid
PMT000122,O000122,PayPal,Paid
PMT000123,O000123,Credit Card,Pending
PMT000124,O000124,Credit Card,Paid
PMT000125,O000125,Debit Card,Pending
PMT000126,O000126,Buy Now Pay Later,Paid
PMT000127,O000127,Debit Card,Paid
PMT000128,O000128,Gift Card,Paid
PMT000129,O000129,Gift Card,Paid
PMT000130,O000130,Credit Card,Paid
PMT000131,O000131,Credit Card,Paid
PMT000132,O000132,Buy Now Pay Later,Paid
PMT000133,O000133,Gift Card,Pending
PMT000134,O000134,PayPal,Paid
PMT000135,O000135,PayPal,Pending
PMT000136,O000136,Gift Card,Pending
PMT000137,O000137,Debit Card,Paid
PMT000138,O000138,Buy Now Pay Later,Refunded
PMT000139,O000139,Credit Card,Paid
PMT000140,O000140,Credit Card,Paid
PMT000141,O000141,Gift Card,Pending
PMT000142,O000142,Buy Now Pay Later,Paid
PMT000143,O000143,Credit Card,Pending
PMT000144,O000144,Buy Now Pay Later,Pending
PMT000145,O000145,Gift Card,Pending
PMT000146,O000146,Gift Card,Paid
PMT000147,O000147,Gift Card,Pending
PMT000148,O000148,Gift Card,Paid
PMT000149,O000149,Buy Now Pay Later,Pending
PMT000150,O000150,Gift Card,Pending
PMT000151,O000151,Buy Now Pay Later,Pending
PMT000152,O000152,Gift Card,Paid
PMT000153,O000153,PayPal,Paid
PMT000154,O000154,Gift Card,Pending
PMT000155,O000155,Debit Card,Pending
PMT000156,O000156,Debit Card,Paid
PMT000157,O000157,Debit Card,Paid
PMT000158,O000158,PayPal,Refunded
PMT000159,O000159,Credit Card,Paid
PMT000160,O000160,Credit Card,Paid
PMT000161,O000161,PayPal,Paid
PMT000162,O000162,Buy Now Pay Later,Pending
PMT000163,O000163,PayPal,Pending
PMT000164,O000164,Credit Card,Paid
PMT000165,O000165,Buy Now Pay Later,Paid
PMT000166,O000166,Credit Card,Paid
PMT000167,O000167,Credit Card,Paid
PMT000168,O000168,Gift Card,Paid
PMT000169,O000169,PayPal,Paid
PMT000170,O000170,Buy Now Pay Later,Pending
PMT000171,O000171,Debit Card,Paid
PMT000172,O000172,Buy Now Pay Later,Paid
PMT000173,O000173,PayPal,Paid
PMT000174,O000174,Gift Card,Paid
PMT000175,O000175,Debit Card,Pending
PMT000176,O000176,PayPal,Paid
PMT000177,O000177,PayPal,Paid
PMT000178,O000178,Credit Card,Paid
PMT000179,O000179,PayPal,Paid
PMT000180,O000180,PayPal,Paid
PMT000181,O000181,Gift Card,Refunded
PMT000182,O000182,Debit Card,Paid
PMT000183,O000183,Credit Card,Paid
PMT000184,O000184,PayPal,Paid
PMT000185,O000185,Credit Card,Paid
PMT000186,O000186,Gift Card,Paid
PMT000187,O000187,Debit Card,Paid
PMT000188,O000188,Debit Card,Paid
PMT000189,O000189,Buy Now Pay Later,Paid
PMT000190,O000190,Gift Card,Paid
PMT000191,O000191,Gift Card,Pending
PMT000192,O000192,Debit Card,Paid
PMT000193,O000193,Credit Card,Paid
PMT000194,O000194,Credit Card,Paid
PMT000195,O000195,Buy Now Pay Later,Paid
PMT000196,O000196,PayPal,Paid
PMT000197,O000197,Credit Card,Paid
PMT000198,O000198,Credit Card,Paid
PMT000199,O000199,PayPal,Pending
PMT000200,O000200,Buy Now Pay Later,Pending
PMT000201,O000201,Debit Card,Pending
PMT000202,O000202,PayPal,Paid
PMT000203,O000203,Credit Card,Pending
PMT000204,O000204,Gift Card,Paid
PMT000205,O000205,PayPal,Paid
PMT000206,O000206,Debit Card,Pending
PMT000207,O000207,Gift Card,Paid
PMT000208,O000208,Debit Card,Pending
PMT000209,O000209,Debit Card,Refunded
PMT000210,O000210,PayPal,Paid
PMT000211,O000211,Gift Card,Paid
PMT000212,O000212,PayPal,Paid
PMT000213,O000213,PayPal,Paid
PMT000214,O000214,Gift Card,Paid
PMT000215,O000215,Debit Card,Pending
PMT000216,O000216,Debit Card,Paid
PMT000217,O000217,PayPal,Paid
PMT000218,O000218,PayPal,Paid
PMT000219,O000219,PayPal,Paid
PMT000220,O000220,PayPal,Paid
PMT000221,O000221,Debit Card,Pending
PMT000222,O000222,Buy Now Pay Later,Pending
PMT000223,O000223,Gift Card,Paid
PMT000224,O000224,Debit Card,Paid
PMT000225,O000225,Gift Card,Paid
PMT000226,O000226,Credit Card,Paid
PMT000227,O000227,Buy Now Pay Later,Paid
PMT000228,O000228,PayPal,Pending
PMT000229,O000229,Credit Card,Paid
PMT000230,O000230,Debit Card,Paid
PMT000231,O000231,Debit Card,Paid
PMT000232,O000232,Gift Card,Paid
PMT000233,O000233,Buy Now Pay Later,Pending
PMT000234,O000234,Credit Card,Paid
PMT000235,O000235,Debit Card,Pending
PMT000236,O000236,Gift Card,Refunded
PMT000237,O000237,Debit Card,Paid
PMT000238,O000238,PayPal,Paid
PMT000239,O000239,Buy Now Pay Later,Paid
PMT000240,O000240,Credit Card,Pending
PMT000241,O000241,Credit Card,Paid
PMT000242,O000242,Credit Card,Pending
PMT000243,O000243,PayPal,Pending
PMT000244,O000244,Gift Card,Refunded
PMT000245,O000245,Credit Card,Refunded
PMT000246,O000246,PayPal,Paid
PMT000247,O000247,Gift Card,Paid
PMT000248,O000248,PayPal,Pending
PMT000249,O000249,Gift Card,Paid
PMT000250,O000250,Credit Card,Paid
PMT000251,O000251,Debit Card,Pending
PMT000252,O000252,Buy Now Pay Later,Paid
PMT000253,O000253,Gift Card,Paid
PMT000254,O000254,Debit Card,Paid
PMT000255,O000255,Credit Card,Refunded
PMT000256,O000256,Buy Now Pay Later,Paid
PMT000257,O000257,Debit Card,Paid
PMT000258,O000258,Buy Now Pay Later,Paid
PMT000259,O000259,Buy Now Pay Later,Paid
PMT000260,O000260,PayPal,Paid
PMT000261,O000261,PayPal,Paid
PMT000262,O000262,Credit Card,Paid
PMT000263,O000263,Debit Card,Pending
PMT000264,O000264,Buy Now Pay Later,Paid
PMT000265,O000265,Buy Now Pay Later,Pending
PMT000266,O000266,Gift Card,Paid
PMT000267,O000267,PayPal,Paid
PMT000268,O000268,Debit Card,Paid
PMT000269,O000269,Buy Now Pay Later,Paid
PMT000270,O000270,PayPal,Paid
PMT000271,O000271,Credit Card,Paid
PMT000272,O000272,Debit Card,Paid
PMT000273,O000273,Gift Card,Paid
PMT000274,O000274,Gift Card,Paid
PMT000275,O000275,Gift Card,Pending
PMT000276,O000276,Credit Card,Paid
PMT000277,O000277,Gift Card,Pending
PMT000278,O000278,Gift Card,Paid
PMT000279,O000279,Gift Card,Pending
PMT000280,O000280,Gift Card,Paid
PMT000281,O000281,Debit Card,Pending
PMT000282,O000282,PayPal,Pending
PMT000283,O000283,Buy Now Pay Later,Paid
PMT000284,O000284,Debit Card,Paid
PMT000285,O000285,Gift Card,Paid
PMT000286,O000286,Gift Card,Pending
PMT000287,O000287,Credit Card,Paid
PMT000288,O000288,PayPal,Paid
PMT000289,O000289,Debit Card,Paid
PMT000290,O000290,Credit Card,Paid
PMT000291,O000291,Gift Card,Paid
PMT000292,O000292,PayPal,Paid
PMT000293,O000293,PayPal,Paid
PMT000294,O000294,PayPal,Pending
PMT000295,O000295,Debit Card,Paid
PMT000296,O000296,Buy Now Pay Later,Paid
PMT000297,O000297,Gift Card,Refunded
PMT000298,O000298,Buy Now Pay Later,Pending
PMT000299,O000299,Credit Card,Paid
PMT000300,O000300,PayPal,Refunded
PMT000301,O000301,Credit Card,Paid
PMT000302,O000302,PayPal,Paid
PMT000303,O000303,Credit Card,Pending
PMT000304,O000304,Credit Card,Paid
PMT000305,O000305,Credit Card,Paid
PMT000306,O000306,PayPal,Paid
PMT000307,O000307,Buy Now Pay Later,Paid
PMT000308,O000308,Credit Card,Paid
PMT000309,O000309,Credit Card,Paid
PMT000310,O000310,Debit Card,Paid
PMT000311,O000311,Debit Card,Pending
PMT000312,O000312,Debit Card,Paid
PMT000313,O000313,Gift Card,Paid
PMT000314,O000314,PayPal,Paid
PMT000315,O000315,Debit Card,Pending
PMT000316,O000316,Gift Card,Refunded
PMT000317,O000317,Credit Card,Paid
PMT000318,O000318,Credit Card,Refunded
PMT000319,O000319,Buy Now Pay Later,Paid
PMT000320,O000320,Credit Card,Paid
PMT000321,O000321,Credit Card,Paid
PMT000322,O000322,Buy Now Pay Later,Paid
PMT000323,O000323,Debit Card,Paid
PMT000324,O000324,Debit Card,Paid
PMT000325,O000325,Debit Card,Pending
PMT000326,O000326,PayPal,Paid
PMT000327,O000327,Gift Card,Paid
PMT000328,O000328,Gift Card,Pending
PMT000329,O000329,Buy Now Pay Later,Paid
PMT000330,O000330,Gift Card,Pending
PMT000331,O000331,Credit Card,Pending
PMT000332,O000332,Gift Card,Pending
PMT000333,O000333,Credit Card,Paid
PMT000334,O000334,Buy Now Pay Later,Pending
PMT000335,O000335,Buy Now Pay Later,Pending
PMT000336,O000336,Buy Now Pay Later,Paid
PMT000337,O000337,Debit Card,Paid
PMT000338,O000338,Buy Now Pay Later,Paid
PMT000339,O000339,PayPal,Refunded
PMT000340,O000340,PayPal,Paid
PMT000341,O000341,PayPal,Pending
PMT000342,O000342,Buy Now Pay Later,Pending
PMT000343,O000343,PayPal,Paid
PMT000344,O000344,PayPal,Paid
PMT000345,O000345,Gift Card,Paid
PMT000346,O000346,Credit Card,Paid
PMT000347,O000347,PayPal,Pending
PMT000348,O000348,Gift Card,Paid
PMT000349,O000349,PayPal,Pending
PMT000350,O000350,Gift Card,Paid
PMT000351,O000351,Buy Now Pay Later,Paid
PMT000352,O000352,Buy Now Pay Later,Paid
PMT000353,O000353,Debit Card,Paid
PMT000354,O000354,Credit Card,Paid
PMT000355,O000355,PayPal,Paid
PMT000356,O000356,Buy Now Pay Later,Pending
PMT000357,O000357,Gift Card,Paid
PMT000358,O000358,Buy Now Pay Later,Paid
PMT000359,O000359,PayPal,Paid
PMT000360,O000360,Debit Card,Pending
PMT000361,O000361,Buy Now Pay Later,Refunded
PMT000362,O000362,PayPal,Paid
PMT000363,O000363,Gift Card,Paid
PMT000364,O000364,Buy Now Pay Later,Paid
PMT000365,O000365,PayPal,Paid
PMT000366,O000366,Debit Card,Paid
PMT000367,O000367,Credit Card,Paid
PMT000368,O000368,Gift Card,Refunded
PMT000369,O000369,Gift Card,Refunded
PMT000370,O000370,Gift Card,Paid
PMT000371,O000371,PayPal,Paid
PMT000372,O000372,Debit Card,Pending
PMT000373,O000373,PayPal,Paid
PMT000374,O000374,Gift Card,Pending
PMT000375,O000375,Debit Card,Paid
PMT000376,O000376,Buy Now Pay Later,Paid
PMT000377,O000377,Buy Now Pay Later,Paid
PMT000378,O000378,Credit Card,Paid
PMT000379,O000379,Gift Card,Paid
PMT000380,O000380,PayPal,Paid
PMT000381,O000381,Debit Card,Paid
PMT000382,O000382,PayPal,Paid
PMT000383,O000383,PayPal,Paid
PMT000384,O000384,Credit Card,Paid
PMT000385,O000385,PayPal,Pending
PMT000386,O000386,Gift Card,Paid
PMT000387,O000387,Debit Card,Paid
PMT000388,O000388,Buy Now Pay Later,Pending
PMT000389,O000389,PayPal,Paid
PMT000390,O000390,Credit Card,Paid
PMT000391,O000391,Credit Card,Paid
PMT000392,O000392,Buy Now Pay Later,Pending
PMT000393,O000393,Gift Card,Paid
PMT000394,O000394,Credit Card,Paid
PMT000395,O000395,Credit Card,Paid
PMT000396,O000396,Credit Card,Paid
PMT000397,O000397,PayPal,Paid
PMT000398,O000398,Buy Now Pay Later,Paid
PMT000399,O000399,Buy Now Pay Later,Pending
PMT000400,O000400,Gift Card,Paid
PMT000401,O000401,PayPal,Paid
PMT000402,O000402,Credit Card,Paid
PMT000403,O000403,Buy Now Pay Later,Paid
PMT000404,O000404,Buy Now Pay Later,Paid
PMT000405,O000405,Buy Now Pay Later,Paid
PMT000406,O000406,Debit Card,Paid
PMT000407,O000407,Credit Card,Paid
PMT000408,O000408,Credit Card,Paid
PMT000409,O000409,PayPal,Paid
PMT000410,O000410,Credit Card,Paid
PMT000411,O000411,Gift Card,Paid
PMT000412,O000412,Buy Now Pay Later,Pending
PMT000413,O000413,PayPal,Paid
PMT000414,O000414,PayPal,Paid
PMT000415,O000415,Gift Card,Paid
PMT000416,O000416,Gift Card,Pending
PMT000417,O000417,Gift Card,Paid
PMT000418,O000418,Buy Now Pay Later,Paid
PMT000419,O000419,Gift Card,Pending
PMT000420,O000420,Buy Now Pay Later,Paid
PMT000421,O000421,Credit Card,Paid
PMT000422,O000422,Credit Card,Pending
PMT000423,O000423,Buy Now Pay Later,Pending
PMT000424,O000424,Debit Card,Pending
PMT000425,O000425,Buy Now Pay Later,Paid
PMT000426,O000426,Debit Card,Paid
PMT000427,O000427,Debit Card,Paid
PMT000428,O000428,Credit Card,Pending
PMT000429,O000429,Debit Card,Paid
PMT000430,O000430,Gift Card,Paid
PMT000431,O000431,Buy Now Pay Later,Paid
PMT000432,O000432,Debit Card,Paid
PMT000433,O000433,Debit Card,Paid
PMT000434,O000434,Debit Card,Paid
PMT000435,O000435,Gift Card,Paid
PMT000436,O000436,PayPal,Paid
PMT000437,O000437,Debit Card,Paid
PMT000438,O000438,Credit Card,Paid
PMT000439,O000439,Debit Card,Pending
PMT000440,O000440,Credit Card,Paid
PMT000441,O000441,Buy Now Pay Later,Paid
PMT000442,O000442,PayPal,Paid
PMT000443,O000443,PayPal,Refunded
PMT000444,O000444,PayPal,Paid
PMT000445,O000445,PayPal,Paid
PMT000446,O000446,Debit Card,Pending
PMT000447,O000447,Buy Now Pay Later,Paid
PMT000448,O000448,Gift Card,Paid
PMT000449,O000449,Debit Card,Pending
PMT000450,O000450,Buy Now Pay Later,Paid
PMT000451,O000451,PayPal,Paid
PMT000452,O000452,Debit Card,Paid
PMT000453,O000453,Debit Card,Refunded
PMT000454,O000454,Credit Card,Paid
PMT000455,O000455,Debit Card,Paid
PMT000456,O000456,Buy Now Pay Later,Pending
PMT000457,O000457,Gift Card,Paid
PMT000458,O000458,Buy Now Pay Later,Pending
PMT000459,O000459,PayPal,Pending
PMT000460,O000460,Gift Card,Paid
PMT000461,O000461,PayPal,Paid
PMT000462,O000462,Gift Card,Paid
PMT000463,O000463,Buy Now Pay Later,Paid
PMT000464,O000464,Debit Card,Paid
PMT000465,O000465,PayPal,Paid
PMT000466,O000466,Buy Now Pay Later,Paid
PMT000467,O000467,PayPal,Paid
PMT000468,O000468,Buy Now Pay Later,Paid
PMT000469,O000469,Gift Card,Refunded
PMT000470,O000470,Buy Now Pay Later,Paid
PMT000471,O000471,Buy Now Pay Later,Paid
PMT000472,O000472,Credit Card,Pending
PMT000473,O000473,Credit Card,Paid
PMT000474,O000474,PayPal,Paid
PMT000475,O000475,Buy Now Pay Later,Pending
PMT000476,O000476,PayPal,Paid
PMT000477,O000477,Credit Card,Paid
PMT000478,O000478,Gift Card,Pending
PMT000479,O000479,Buy Now Pay Later,Pending
PMT000480,O000480,PayPal,Paid
PMT000481,O000481,PayPal,Paid
PMT000482,O000482,Debit Card,Pending
PMT000483,O000483,PayPal,Refunded
PMT000484,O000484,PayPal,Paid
PMT000485,O000485,PayPal,Refunded
PMT000486,O000486,Gift Card,Pending
PMT000487,O000487,PayPal,Paid
PMT000488,O000488,Credit Card,Paid
PMT000489,O000489,PayPal,Paid
PMT000490,O000490,Buy Now Pay Later,Pending
PMT000491,O000491,Debit Card,Paid
PMT000492,O000492,Credit Card,Paid
PMT000493,O000493,Debit Card,Pending
PMT000494,O000494,Credit Card,Paid
PMT000495,O000495,Debit Card,Paid
PMT000496,O000496,Buy Now Pay Later,Paid
PMT000497,O000497,Gift Card,Pending
PMT000498,O000498,Buy Now Pay Later,Paid
PMT000499,O000499,Credit Card,Paid
PMT000500,O000500,Gift Card,Paid
PMT000501,O000501,Gift Card,Paid
PMT000502,O000502,Debit Card,Paid
PMT000503,O000503,Debit Card,Paid
PMT000504,O000504,Debit Card,Paid
PMT000505,O000505,PayPal,Pending
PMT000506,O000506,Debit Card,Pending
PMT000507,O000507,Gift Card,Paid
PMT000508,O000508,PayPal,Pending
PMT000509,O000509,PayPal,Refunded
PMT000510,O000510,Buy Now Pay Later,Paid
PMT000511,O000511,Buy Now Pay Later,Paid
PMT000512,O000512,Credit Card,Pending
PMT000513,O000513,Debit Card,Refunded
PMT000514,O000514,Gift Card,Paid
PMT000515,O000515,Gift Card,Paid
PMT000516,O000516,Buy Now Pay Later,Paid
PMT000517,O000517,Credit Card,Paid
PMT000518,O000518,Debit Card,Paid
PMT000519,O000519,Debit Card,Pending
PMT000520,O000520,PayPal,Pending
PMT000521,O000521,Gift Card,Pending
PMT000522,O000522,Credit Card,Pending
PMT000523,O000523,Buy Now Pay Later,Pending
PMT000524,O000524,PayPal,Refunded
PMT000525,O000525,Buy Now Pay Later,Pending
PMT000526,O000526,Debit Card,Paid
PMT000527,O000527,PayPal,Paid
PMT000528,O000528,Buy Now Pay Later,Paid
PMT000529,O000529,Debit Card,Paid
PMT000530,O000530,Credit Card,Paid
PMT000531,O000531,Debit Card,Refunded
PMT000532,O000532,Buy Now Pay Later,Pending
PMT000533,O000533,Credit Card,Paid
PMT000534,O000534,Gift Card,Pending
PMT000535,O000535,PayPal,Paid
PMT000536,O000536,Gift Card,Refunded
PMT000537,O000537,Credit Card,Paid
PMT000538,O000538,Gift Card,Paid
PMT000539,O000539,Credit Card,Pending
PMT000540,O000540,Credit Card,Paid
PMT000541,O000541,Credit Card,Paid
PMT000542,O000542,PayPal,Paid
PMT000543,O000543,Debit Card,Pending
PMT000544,O000544,Debit Card,Paid
PMT000545,O000545,Gift Card,Paid
PMT000546,O000546,PayPal,Paid
PMT000547,O000547,Credit Card,Pending
PMT000548,O000548,Credit Card,Paid
PMT000549,O000549,PayPal,Paid
PMT000550,O000550,Debit Card,Paid
PMT000551,O000551,Credit Card,Pending
PMT000552,O000552,PayPal,Paid
PMT000553,O000553,Gift Card,Paid
PMT000554,O000554,PayPal,Paid
PMT000555,O000555,PayPal,Pending
PMT000556,O000556,PayPal,Pending
PMT000557,O000557,Debit Card,Pending
PMT000558,O000558,Credit Card,Refunded
PMT000559,O000559,Gift Card,Paid
PMT000560,O000560,Gift Card,Pending
PMT000561,O000561,Buy Now Pay Later,Pending
PMT000562,O000562,Credit Card,Pending
PMT000563,O000563,Gift Card,Paid
PMT000564,O000564,Gift Card,Paid
PMT000565,O000565,Debit Card,Paid
PMT000566,O000566,Credit Card,Pending
PMT000567,O000567,Gift Card,Paid
PMT000568,O000568,Gift Card,Paid
PMT000569,O000569,Gift Card,Pending
PMT000570,O000570,Buy Now Pay Later,Paid
PMT000571,O000571,Gift Card,Paid
PMT000572,O000572,Credit Card,Paid
PMT000573,O000573,Credit Card,Refunded
PMT000574,O000574,Debit Card,Paid
PMT000575,O000575,Buy Now Pay Later,Pending
PMT000576,O000576,Credit Card,Paid
PMT000577,O000577,Buy Now Pay Later,Paid
PMT000578,O000578,Debit Card,Paid
PMT000579,O000579,Buy Now Pay Later,Paid
PMT000580,O000580,Gift Card,Paid
PMT000581,O000581,PayPal,Paid
PMT000582,O000582,Debit Card,Paid
PMT000583,O000583,Debit Card,Paid
PMT000584,O000584,Gift Card,Refunded
PMT000585,O000585,Debit Card,Paid
PMT000586,O000586,Gift Card,Paid
PMT000587,O000587,Credit Card,Paid
PMT000588,O000588,Debit Card,Pending
PMT000589,O000589,Debit Card,Paid
PMT000590,O000590,Credit Card,Paid
PMT000591,O000591,Credit Card,Paid
PMT000592,O000592,Gift Card,Paid
PMT000593,O000593,Buy Now Pay Later,Paid
PMT000594,O000594,Gift Card,Paid
PMT000595,O000595,Buy Now Pay Later,Paid
PMT000596,O000596,Credit Card,Paid
PMT000597,O000597,PayPal,Paid
PMT000598,O000598,PayPal,Paid
PMT000599,O000599,Credit Card,Refunded
PMT000600,O000600,Gift Card,Paid
PMT000601,O000601,PayPal,Paid
PMT000602,O000602,Buy Now Pay Later,Paid
PMT000603,O000603,Buy Now Pay Later,Refunded
PMT000604,O000604,Gift Card,Paid
PMT000605,O000605,PayPal,Paid
PMT000606,O000606,Buy Now Pay Later,Paid
PMT000607,O000607,Gift Card,Refunded
PMT000608,O000608,PayPal,Paid
PMT000609,O000609,Buy Now Pay Later,Paid
PMT000610,O000610,Credit Card,Paid
PMT000611,O000611,Gift Card,Paid
PMT000612,O000612,Buy Now Pay Later,Paid
PMT000613,O000613,Credit Card,Paid
PMT000614,O000614,Debit Card,Paid
PMT000615,O000615,PayPal,Paid
PMT000616,O000616,Gift Card,Paid
PMT000617,O000617,Credit Card,Paid
PMT000618,O000618,Credit Card,Refunded
PMT000619,O000619,Buy Now Pay Later,Paid
PMT000620,O000620,PayPal,Paid
PMT000621,O000621,Debit Card,Refunded
PMT000622,O000622,Debit Card,Pending
PMT000623,O000623,Credit Card,Pending
PMT000624,O000624,Debit Card,Pending
PMT000625,O000625,PayPal,Paid
PMT000626,O000626,PayPal,Paid
PMT000627,O000627,PayPal,Paid
PMT000628,O000628,Gift Card,Paid
PMT000629,O000629,Debit Card,Paid
PMT000630,O000630,Credit Card,Paid
PMT000631,O000631,Debit Card,Paid
PMT000632,O000632,Buy Now Pay Later,Paid
PMT000633,O000633,Gift Card,Paid
PMT000634,O000634,Buy Now Pay Later,Paid
PMT000635,O000635,Credit Card,Refunded
PMT000636,O000636,PayPal,Paid
PMT000637,O000637,Debit Card,Paid
PMT000638,O000638,Buy Now Pay Later,Paid
PMT000639,O000639,Gift Card,Paid
PMT000640,O000640,PayPal,Paid
PMT000641,O000641,Buy Now Pay Later,Paid
PMT000642,O000642,PayPal,Paid
PMT000643,O000643,PayPal,Refunded
PMT000644,O000644,Buy Now Pay Later,Paid
PMT000645,O000645,Debit Card,Pending
PMT000646,O000646,PayPal,Paid
PMT000647,O000647,PayPal,Paid
PMT000648,O000648,Credit Card,Pending
PMT000649,O000649,Credit Card,Paid
PMT000650,O000650,Buy Now Pay Later,Paid
PMT000651,O000651,Buy Now Pay Later,Pending
PMT000652,O000652,PayPal,Pending
PMT000653,O000653,Gift Card,Paid
PMT000654,O000654,Gift Card,Pending
PMT000655,O000655,Debit Card,Paid
PMT000656,O000656,Buy Now Pay Later,Paid
PMT000657,O000657,Debit Card,Paid
PMT000658,O000658,Credit Card,Paid
PMT000659,O000659,Credit Card,Pending
PMT000660,O000660,Debit Card,Pending
PMT000661,O000661,Gift Card,Paid
PMT000662,O000662,PayPal,Paid
PMT000663,O000663,Debit Card,Paid
PMT000664,O000664,Gift Card,Paid
PMT000665,O000665,Gift Card,Paid
PMT000666,O000666,Credit Card,Pending
PMT000667,O000667,PayPal,Paid
PMT000668,O000668,Debit Card,Paid
PMT000669,O000669,Credit Card,Paid
PMT000670,O000670,PayPal,Paid
PMT000671,O000671,Debit Card,Paid
PMT000672,O000672,PayPal,Paid
PMT000673,O000673,Buy Now Pay Later,Paid
PMT000674,O000674,PayPal,Paid
PMT000675,O000675,Debit Card,Paid
PMT000676,O000676,Debit Card,Pending
PMT000677,O000677,Buy Now Pay Later,Pending
PMT000678,O000678,Buy Now Pay Later,Paid
PMT000679,O000679,Debit Card,Pending
PMT000680,O000680,Credit Card,Refunded
PMT000681,O000681,Buy Now Pay Later,Paid
PMT000682,O000682,Gift Card,Paid
PMT000683,O000683,Credit Card,Paid
PMT000684,O000684,Debit Card,Paid
PMT000685,O000685,PayPal,Pending
PMT000686,O000686,Gift Card,Paid
PMT000687,O000687,Credit Card,Paid
PMT000688,O000688,Gift Card,Paid
PMT000689,O000689,Buy Now Pay Later,Paid
PMT000690,O000690,Gift Card,Paid
PMT000691,O000691,Buy Now Pay Later,Paid
PMT000692,O000692,Gift Card,Paid
PMT000693,O000693,Debit Card,Paid
PMT000694,O000694,PayPal,Paid
PMT000695,O000695,Credit Card,Paid
PMT000696,O000696,Buy Now Pay Later,Pending
PMT000697,O000697,Debit Card,Paid
PMT000698,O000698,Debit Card,Paid
PMT000699,O000699,Gift Card,Paid
PMT000700,O000700,Gift Card,Paid
PMT000701,O000701,Gift Card,Paid
PMT000702,O000702,PayPal,Paid
PMT000703,O000703,Debit Card,Pending
PMT000704,O000704,Credit Card,Pending
PMT000705,O000705,Gift Card,Paid
PMT000706,O000706,PayPal,Paid
PMT000707,O000707,PayPal,Paid
PMT000708,O000708,PayPal,Paid
PMT000709,O000709,PayPal,Pending
PMT000710,O000710,Credit Card,Pending
PMT000711,O000711,Credit Card,Paid
PMT000712,O000712,Gift Card,Paid
PMT000713,O000713,Credit Card,Pending
PMT000714,O000714,Buy Now Pay Later,Paid
PMT000715,O000715,Buy Now Pay Later,Pending
PMT000716,O000716,Gift Card,Paid
PMT000717,O000717,Credit Card,Pending
PMT000718,O000718,Debit Card,Pending
PMT000719,O000719,Debit Card,Paid
PMT000720,O000720,Gift Card,Paid
PMT000721,O000721,Credit Card,Paid
PMT000722,O000722,Credit Card,Pending
PMT000723,O000723,PayPal,Pending
PMT000724,O000724,Gift Card,Pending
PMT000725,O000725,PayPal,Paid
PMT000726,O000726,Debit Card,Paid
PMT000727,O000727,Debit Card,Paid
PMT000728,O000728,Debit Card,Paid
PMT000729,O000729,Debit Card,Refunded
PMT000730,O000730,PayPal,Pending
PMT000731,O000731,Gift Card,Pending
PMT000732,O000732,Buy Now Pay Later,Paid
PMT000733,O000733,Credit Card,Pending
PMT000734,O000734,PayPal,Paid
PMT000735,O000735,Buy Now Pay Later,Paid
PMT000736,O000736,Gift Card,Pending
PMT000737,O000737,Gift Card,Paid
PMT000738,O000738,Credit Card,Refunded
PMT000739,O000739,Debit Card,Paid
PMT000740,O000740,Debit Card,Paid
PMT000741,O000741,PayPal,Paid
PMT000742,O000742,Buy Now Pay Later,Paid
PMT000743,O000743,Debit Card,Paid
PMT000744,O000744,Debit Card,Refunded
PMT000745,O000745,Credit Card,Refunded
PMT000746,O000746,Debit Card,Paid
PMT000747,O000747,Buy Now Pay Later,Paid
PMT000748,O000748,Debit Card,Paid
PMT000749,O000749,Debit Card,Paid
PMT000750,O000750,PayPal,Paid
PMT000751,O000751,Credit Card,Pending
PMT000752,O000752,Credit Card,Pending
PMT000753,O000753,Gift Card,Paid
PMT000754,O000754,Gift Card,Paid
PMT000755,O000755,Gift Card,Paid
PMT000756,O000756,Debit Card,Paid
PMT000757,O000757,Debit Card,Pending
PMT000758,O000758,Buy Now Pay Later,Paid
PMT000759,O000759,Credit Card,Paid
PMT000760,O000760,Credit Card,Pending
PMT000761,O000761,PayPal,Paid
PMT000762,O000762,Credit Card,Paid
PMT000763,O000763,Credit Card,Paid
PMT000764,O000764,Buy Now Pay Later,Paid
PMT000765,O000765,Debit Card,Paid
PMT000766,O000766,Credit Card,Paid
PMT000767,O000767,PayPal,Pending
PMT000768,O000768,Gift Card,Paid
PMT000769,O000769,Buy Now Pay Later,Paid
PMT000770,O000770,Buy Now Pay Later,Paid
PMT000771,O000771,PayPal,Paid
PMT000772,O000772,Buy Now Pay Later,Paid
PMT000773,O000773,Debit Card,Paid
PMT000774,O000774,Debit Card,Pending
PMT000775,O000775,Credit Card,Paid
PMT000776,O000776,PayPal,Paid
PMT000777,O000777,Buy Now Pay Later,Paid
PMT000778,O000778,Buy Now Pay Later,Pending
PMT000779,O000779,Credit Card,Pending
PMT000780,O000780,Credit Card,Paid
PMT000781,O000781,PayPal,Pending
PMT000782,O000782,Debit Card,Pending
PMT000783,O000783,PayPal,Paid
PMT000784,O000784,Debit Card,Paid
PMT000785,O000785,Debit Card,Paid
PMT000786,O000786,Gift Card,Paid
PMT000787,O000787,Debit Card,Paid
PMT000788,O000788,PayPal,Paid
PMT000789,O000789,PayPal,Paid
PMT000790,O000790,Gift Card,Paid
PMT000791,O000791,Credit Card,Paid
PMT000792,O000792,Debit Card,Paid
PMT000793,O000793,Buy Now Pay Later,Pending
PMT000794,O000794,Credit Card,Paid
PMT000795,O000795,PayPal,Paid
PMT000796,O000796,Debit Card,Paid
PMT000797,O000797,Debit Card,Paid
PMT000798,O000798,Credit Card,Pending
PMT000799,O000799,Gift Card,Pending
PMT000800,O000800,Buy Now Pay Later,Paid
PMT000801,O000801,Buy Now Pay Later,Refunded
PMT000802,O000802,PayPal,Paid
PMT000803,O000803,Debit Card,Refunded
PMT000804,O000804,Buy Now Pay Later,Paid
PMT000805,O000805,Credit Card,Paid
PMT000806,O000806,Credit Card,Refunded
PMT000807,O000807,Gift Card,Paid
PMT000808,O000808,Debit Card,Refunded
PMT000809,O000809,Credit Card,Paid
PMT000810,O000810,PayPal,Paid
PMT000811,O000811,Buy Now Pay Later,Pending
PMT000812,O000812,PayPal,Paid
PMT000813,O000813,Debit Card,Pending
PMT000814,O000814,Buy Now Pay Later,Pending
PMT000815,O000815,Debit Card,Paid
PMT000816,O000816,PayPal,Pending
PMT000817,O000817,Gift Card,Paid
PMT000818,O000818,Debit Card,Paid
PMT000819,O000819,Buy Now Pay Later,Paid
PMT000820,O000820,PayPal,Paid
PMT000821,O000821,Gift Card,Paid
PMT000822,O000822,Gift Card,Refunded
PMT000823,O000823,Gift Card,Paid
PMT000824,O000824,Debit Card,Paid
PMT000825,O000825,Debit Card,Refunded
PMT000826,O000826,Gift Card,Paid
PMT000827,O000827,Debit Card,Refunded
PMT000828,O000828,Debit Card,Pending
PMT000829,O000829,Credit Card,Paid
PMT000830,O000830,Debit Card,Refunded
PMT000831,O000831,PayPal,Paid
PMT000832,O000832,Buy Now Pay Later,Paid
PMT000833,O000833,Buy Now Pay Later,Pending
PMT000834,O000834,Credit Card,Paid
PMT000835,O000835,Buy Now Pay Later,Paid
PMT000836,O000836,Buy Now Pay Later,Paid
PMT000837,O000837,Gift Card,Refunded
PMT000838,O000838,PayPal,Paid
PMT000839,O000839,Buy Now Pay Later,Pending
PMT000840,O000840,Buy Now Pay Later,Pending
PMT000841,O000841,Credit Card,Paid
PMT000842,O000842,Credit Card,Paid
PMT000843,O000843,Buy Now Pay Later,Pending
PMT000844,O000844,Credit Card,Paid
PMT000845,O000845,Debit Card,Pending
PMT000846,O000846,Debit Card,Pending
PMT000847,O000847,Debit Card,Pending
PMT000848,O000848,PayPal,Paid
PMT000849,O000849,PayPal,Paid
PMT000850,O000850,Gift Card,Pending
PMT000851,O000851,Credit Card,Paid
PMT000852,O000852,Debit Card,Paid
PMT000853,O000853,PayPal,Paid
PMT000854,O000854,Buy Now Pay Later,Paid
PMT000855,O000855,PayPal,Paid
PMT000856,O000856,Debit Card,Pending
PMT000857,O000857,Buy Now Pay Later,Paid
PMT000858,O000858,Credit Card,Paid
PMT000859,O000859,Debit Card,Paid
PMT000860,O000860,Debit Card,Paid
PMT000861,O000861,Gift Card,Paid
PMT000862,O000862,Buy Now Pay Later,Paid
PMT000863,O000863,Gift Card,Paid
PMT000864,O000864,Debit Card,Paid
PMT000865,O000865,Credit Card,Paid
PMT000866,O000866,Gift Card,Pending
PMT000867,O000867,Gift Card,Pending
PMT000868,O000868,PayPal,Paid
PMT000869,O000869,Credit Card,Paid
PMT000870,O000870,Debit Card,Pending
PMT000871,O000871,Gift Card,Pending
PMT000872,O000872,PayPal,Paid
PMT000873,O000873,Buy Now Pay Later,Paid
PMT000874,O000874,PayPal,Paid
PMT000875,O000875,Gift Card,Paid
PMT000876,O000876,Credit Card,Paid
PMT000877,O000877,PayPal,Paid
PMT000878,O000878,Buy Now Pay Later,Paid
PMT000879,O000879,Debit Card,Paid
PMT000880,O000880,PayPal,Paid
PMT000881,O000881,Buy Now Pay Later,Refunded
PMT000882,O000882,Buy Now Pay Later,Pending
PMT000883,O000883,Credit Card,Paid
PMT000884,O000884,Gift Card,Paid
PMT000885,O000885,Debit Card,Paid
PMT000886,O000886,Debit Card,Paid
PMT000887,O000887,Credit Card,Paid
PMT000888,O000888,Debit Card,Refunded
PMT000889,O000889,Gift Card,Paid
PMT000890,O000890,Debit Card,Paid
PMT000891,O000891,Gift Card,Paid
PMT000892,O000892,Debit Card,Pending
PMT000893,O000893,Debit Card,Paid
PMT000894,O000894,Buy Now Pay Later,Paid
PMT000895,O000895,Buy Now Pay Later,Pending
PMT000896,O000896,Buy Now Pay Later,Paid
PMT000897,O000897,Gift Card,Paid
PMT000898,O000898,Buy Now Pay Later,Paid
PMT000899,O000899,Buy Now Pay Later,Paid
PMT000900,O000900,Buy Now Pay Later,Paid
PMT000901,O000901,Gift Card,Paid
PMT000902,O000902,Debit Card,Paid
PMT000903,O000903,Credit Card,Paid
PMT000904,O000904,Buy Now Pay Later,Pending
PMT000905,O000905,Buy Now Pay Later,Paid
PMT000906,O000906,Gift Card,Pending
PMT000907,O000907,Credit Card,Paid
PMT000908,O000908,Buy Now Pay Later,Paid
PMT000909,O000909,Debit Card,Paid
PMT000910,O000910,Buy Now Pay Later,Paid
PMT000911,O000911,Debit Card,Paid
PMT000912,O000912,PayPal,Pending
PMT000913,O000913,Debit Card,Pending
PMT000914,O000914,PayPal,Pending
PMT000915,O000915,Gift Card,Paid
PMT000916,O000916,PayPal,Paid
PMT000917,O000917,Debit Card,Pending
PMT000918,O000918,Debit Card,Paid
PMT000919,O000919,Debit Card,Paid
PMT000920,O000920,PayPal,Paid
PMT000921,O000921,Credit Card,Paid
PMT000922,O000922,PayPal,Paid
PMT000923,O000923,Credit Card,Paid
PMT000924,O000924,Buy Now Pay Later,Refunded
PMT000925,O000925,PayPal,Paid
PMT000926,O000926,PayPal,Paid
PMT000927,O000927,Buy Now Pay Later,Refunded
PMT000928,O000928,PayPal,Pending
PMT000929,O000929,Buy Now Pay Later,Paid
PMT000930,O000930,Buy Now Pay Later,Paid
PMT000931,O000931,Gift Card,Paid
PMT000932,O000932,Buy Now Pay Later,Paid
PMT000933,O000933,Gift Card,Paid
PMT000934,O000934,Gift Card,Pending
PMT000935,O000935,Debit Card,Pending
PMT000936,O000936,PayPal,Paid
PMT000937,O000937,Gift Card,Refunded
PMT000938,O000938,Gift Card,Paid
PMT000939,O000939,Buy Now Pay Later,Paid
PMT000940,O000940,Buy Now Pay Later,Pending
PMT000941,O000941,Debit Card,Paid
PMT000942,O000942,Buy Now Pay Later,Paid
PMT000943,O000943,Debit Card,Pending
PMT000944,O000944,Credit Card,Paid
PMT000945,O000945,Buy Now Pay Later,Paid
PMT000946,O000946,PayPal,Paid
PMT000947,O000947,PayPal,Paid
PMT000948,O000948,PayPal,Paid
PMT000949,O000949,Credit Card,Pending
PMT000950,O000950,Buy Now Pay Later,Pending
PMT000951,O000951,Gift Card,Paid
PMT000952,O000952,Credit Card,Paid
PMT000953,O000953,Credit Card,Paid
PMT000954,O000954,Buy Now Pay Later,Paid
PMT000955,O000955,PayPal,Paid
PMT000956,O000956,Credit Card,Paid
PMT000957,O000957,Buy Now Pay Later,Paid
PMT000958,O000958,Gift Card,Paid
PMT000959,O000959,Credit Card,Paid
PMT000960,O000960,Buy Now Pay Later,Paid
PMT000961,O000961,PayPal,Pending
PMT000962,O000962,Buy Now Pay Later,Paid
PMT000963,O000963,Buy Now Pay Later,Paid
PMT000964,O000964,Credit Card,Paid
PMT000965,O000965,Debit Card,Paid
PMT000966,O000966,Gift Card,Paid
PMT000967,O000967,Buy Now Pay Later,Paid
PMT000968,O000968,Credit Card,Paid
PMT000969,O000969,Debit Card,Paid
PMT000970,O000970,Credit Card,Paid
PMT000971,O000971,Buy Now Pay Later,Paid
PMT000972,O000972,Credit Card,Refunded
PMT000973,O000973,Buy Now Pay Later,Pending
PMT000974,O000974,Gift Card,Pending
PMT000975,O000975,PayPal,Paid
PMT000976,O000976,Gift Card,Paid
PMT000977,O000977,Buy Now Pay Later,Pending
PMT000978,O000978,PayPal,Pending
PMT000979,O000979,Debit Card,Refunded
PMT000980,O000980,Buy Now Pay Later,Refunded
PMT000981,O000981,PayPal,Refunded
PMT000982,O000982,Debit Card,Paid
PMT000983,O000983,Credit Card,Pending
PMT000984,O000984,PayPal,Paid
PMT000985,O000985,Debit Card,Paid
PMT000986,O000986,Credit Card,Paid
PMT000987,O000987,Buy Now Pay Later,Paid
PMT000988,O000988,Credit Card,Paid
PMT000989,O000989,Buy Now Pay Later,Paid
PMT000990,O000990,PayPal,Paid
PMT000991,O000991,Gift Card,Paid
PMT000992,O000992,Debit Card,Pending
PMT000993,O000993,Debit Card,Pending
PMT000994,O000994,Gift Card,Paid
PMT000995,O000995,PayPal,Paid
PMT000996,O000996,Credit Card,Paid
PMT000997,O000997,PayPal,Paid
PMT000998,O000998,PayPal,Paid
PMT000999,O000999,Debit Card,Pending
PMT001000,O001000,Gift Card,Paid
PMT001001,O001001,PayPal,Paid
PMT001002,O001002,Debit Card,Pending
PMT001003,O001003,Credit Card,Pending
PMT001004,O001004,Buy Now Pay Later,Paid
PMT001005,O001005,PayPal,Paid
PMT001006,O001006,Buy Now Pay Later,Refunded
PMT001007,O001007,PayPal,Refunded
PMT001008,O001008,Buy Now Pay Later,Pending
PMT001009,O001009,Credit Card,Paid
PMT001010,O001010,PayPal,Paid
PMT001011,O001011,Buy Now Pay Later,Paid
PMT001012,O001012,Credit Card,Paid
PMT001013,O001013,Gift Card,Paid
PMT001014,O001014,Credit Card,Paid
PMT001015,O001015,Debit Card,Paid
PMT001016,O001016,PayPal,Paid
PMT001017,O001017,Gift Card,Pending
PMT001018,O001018,PayPal,Pending
PMT001019,O001019,Credit Card,Paid
PMT001020,O001020,Debit Card,Pending
PMT001021,O001021,Gift Card,Paid
PMT001022,O001022,PayPal,Pending
PMT001023,O001023,PayPal,Refunded
PMT001024,O001024,PayPal,Paid
PMT001025,O001025,Buy Now Pay Later,Pending
PMT001026,O001026,Gift Card,Paid
PMT001027,O001027,PayPal,Paid
PMT001028,O001028,Debit Card,Paid
PMT001029,O001029,Buy Now Pay Later,Paid
PMT001030,O001030,Gift Card,Paid
PMT001031,O001031,Debit Card,Paid
PMT001032,O001032,Gift Card,Pending
PMT001033,O001033,Debit Card,Paid
PMT001034,O001034,PayPal,Paid
PMT001035,O001035,Debit Card,Paid
PMT001036,O001036,Debit Card,Paid
PMT001037,O001037,Gift Card,Paid
PMT001038,O001038,Gift Card,Paid
PMT001039,O001039,Buy Now Pay Later,Paid
PMT001040,O001040,PayPal,Paid
PMT001041,O001041,Buy Now Pay Later,Paid
PMT001042,O001042,PayPal,Paid
PMT001043,O001043,Buy Now Pay Later,Refunded
PMT001044,O001044,Gift Card,Paid
PMT001045,O001045,Gift Card,Paid
PMT001046,O001046,Gift Card,Paid
PMT001047,O001047,Buy Now Pay Later,Paid
PMT001048,O001048,Debit Card,Paid
PMT001049,O001049,Credit Card,Paid
PMT001050,O001050,PayPal,Refunded
PMT001051,O001051,Credit Card,Pending
PMT001052,O001052,Buy Now Pay Later,Paid
PMT001053,O001053,Gift Card,Paid
PMT001054,O001054,Gift Card,Paid
PMT001055,O001055,PayPal,Paid
PMT001056,O001056,Debit Card,Paid
PMT001057,O001057,Gift Card,Pending
PMT001058,O001058,Gift Card,Pending
PMT001059,O001059,PayPal,Pending
PMT001060,O001060,Gift Card,Paid
PMT001061,O001061,Gift Card,Paid
PMT001062,O001062,Credit Card,Pending
PMT001063,O001063,Debit Card,Paid
PMT001064,O001064,Debit Card,Pending
PMT001065,O001065,Credit Card,Paid
PMT001066,O001066,PayPal,Pending
PMT001067,O001067,Buy Now Pay Later,Pending
PMT001068,O001068,PayPal,Paid
PMT001069,O001069,Credit Card,Pending
PMT001070,O001070,Debit Card,Paid
PMT001071,O001071,PayPal,Paid
PMT001072,O001072,Gift Card,Paid
PMT001073,O001073,Credit Card,Paid
PMT001074,O001074,Buy Now Pay Later,Paid
PMT001075,O001075,PayPal,Paid
PMT001076,O001076,Debit Card,Pending
PMT001077,O001077,Credit Card,Paid
PMT001078,O001078,Debit Card,Paid
PMT001079,O001079,PayPal,Paid
PMT001080,O001080,Gift Card,Paid
PMT001081,O001081,Debit Card,Refunded
PMT001082,O001082,Debit Card,Pending
PMT001083,O001083,Credit Card,Paid
PMT001084,O001084,Credit Card,Pending
PMT001085,O001085,Credit Card,Paid
PMT001086,O001086,Gift Card,Paid
PMT001087,O001087,PayPal,Paid
PMT001088,O001088,PayPal,Pending
PMT001089,O001089,Buy Now Pay Later,Paid
PMT001090,O001090,PayPal,Paid
PMT001091,O001091,PayPal,Paid
PMT001092,O001092,Credit Card,Paid
PMT001093,O001093,Debit Card,Paid
PMT001094,O001094,Debit Card,Paid
PMT001095,O001095,Credit Card,Paid
PMT001096,O001096,Credit Card,Pending
PMT001097,O001097,PayPal,Paid
PMT001098,O001098,Debit Card,Paid
PMT001099,O001099,Buy Now Pay Later,Refunded
PMT001100,O001100,Debit Card,Paid
PMT001101,O001101,Gift Card,Paid
PMT001102,O001102,Debit Card,Paid
PMT001103,O001103,Buy Now Pay Later,Paid
PMT001104,O001104,Debit Card,Paid
PMT001105,O001105,PayPal,Refunded
PMT001106,O001106,Buy Now Pay Later,Paid
PMT001107,O001107,Gift Card,Paid
PMT001108,O001108,Debit Card,Paid
PMT001109,O001109,Buy Now Pay Later,Pending
PMT001110,O001110,Buy Now Pay Later,Refunded
PMT001111,O001111,Gift Card,Paid
PMT001112,O001112,PayPal,Paid
PMT001113,O001113,Buy Now Pay Later,Refunded
PMT001114,O001114,PayPal,Pending
PMT001115,O001115,Credit Card,Paid
PMT001116,O001116,Debit Card,Pending
PMT001117,O001117,Credit Card,Paid
PMT001118,O001118,Buy Now Pay Later,Paid
PMT001119,O001119,Credit Card,Paid
PMT001120,O001120,PayPal,Pending
PMT001121,O001121,Gift Card,Paid
PMT001122,O001122,Credit Card,Pending
PMT001123,O001123,PayPal,Pending
PMT001124,O001124,Credit Card,Refunded
PMT001125,O001125,Debit Card,Refunded
PMT001126,O001126,Debit Card,Pending
PMT001127,O001127,Credit Card,Paid
PMT001128,O001128,Gift Card,Pending
PMT001129,O001129,Debit Card,Pending
PMT001130,O001130,Gift Card,Paid
PMT001131,O001131,Debit Card,Pending
PMT001132,O001132,Buy Now Pay Later,Paid
PMT001133,O001133,Buy Now Pay Later,Paid
PMT001134,O001134,Gift Card,Refunded
PMT001135,O001135,Debit Card,Paid
PMT001136,O001136,Debit Card,Paid
PMT001137,O001137,Debit Card,Paid
PMT001138,O001138,Buy Now Pay Later,Paid
PMT001139,O001139,PayPal,Paid
PMT001140,O001140,PayPal,Paid
PMT001141,O001141,PayPal,Paid
PMT001142,O001142,Gift Card,Paid
PMT001143,O001143,PayPal,Paid
PMT001144,O001144,PayPal,Pending
PMT001145,O001145,Gift Card,Refunded
PMT001146,O001146,Debit Card,Paid
PMT001147,O001147,Debit Card,Pending
PMT001148,O001148,PayPal,Pending
PMT001149,O001149,PayPal,Paid
PMT001150,O001150,Credit Card,Paid
PMT001151,O001151,Debit Card,Paid
PMT001152,O001152,Buy Now Pay Later,Pending
PMT001153,O001153,Debit Card,Pending
PMT001154,O001154,Buy Now Pay Later,Paid
PMT001155,O001155,Credit Card,Pending
PMT001156,O001156,PayPal,Paid
PMT001157,O001157,Gift Card,Paid
PMT001158,O001158,Debit Card,Paid
PMT001159,O001159,Gift Card,Paid
PMT001160,O001160,Credit Card,Paid
PMT001161,O001161,Gift Card,Pending
PMT001162,O001162,PayPal,Paid
PMT001163,O001163,Debit Card,Refunded
PMT001164,O001164,PayPal,Pending
PMT001165,O001165,Debit Card,Paid
PMT001166,O001166,Gift Card,Pending
PMT001167,O001167,Debit Card,Paid
PMT001168,O001168,PayPal,Pending
PMT001169,O001169,Gift Card,Paid
PMT001170,O001170,Debit Card,Paid
PMT001171,O001171,Debit Card,Pending
PMT001172,O001172,Debit Card,Paid
PMT001173,O001173,Gift Card,Paid
PMT001174,O001174,Credit Card,Paid
PMT001175,O001175,Debit Card,Paid
PMT001176,O001176,Credit Card,Paid
PMT001177,O001177,Credit Card,Pending
PMT001178,O001178,Debit Card,Refunded
PMT001179,O001179,Gift Card,Paid
PMT001180,O001180,PayPal,Pending
PMT001181,O001181,PayPal,Paid
PMT001182,O001182,PayPal,Paid
PMT001183,O001183,Gift Card,Paid
PMT001184,O001184,Debit Card,Paid
PMT001185,O001185,PayPal,Paid
PMT001186,O001186,PayPal,Refunded
PMT001187,O001187,Gift Card,Paid
PMT001188,O001188,Debit Card,Paid
PMT001189,O001189,Buy Now Pay Later,Paid
PMT001190,O001190,Credit Card,Paid
PMT001191,O001191,Debit Card,Paid
PMT001192,O001192,Debit Card,Paid
PMT001193,O001193,Gift Card,Pending
PMT001194,O001194,Debit Card,Refunded
PMT001195,O001195,Buy Now Pay Later,Pending
PMT001196,O001196,Gift Card,Paid
PMT001197,O001197,Debit Card,Pending
PMT001198,O001198,Gift Card,Paid
PMT001199,O001199,Debit Card,Paid
PMT001200,O001200,Debit Card,Paid
PMT001201,O001201,Credit Card,Pending
PMT001202,O001202,Gift Card,Pending
PMT001203,O001203,Gift Card,Pending
PMT001204,O001204,Buy Now Pay Later,Paid
PMT001205,O001205,Debit Card,Paid
PMT001206,O001206,Credit Card,Pending
PMT001207,O001207,PayPal,Paid
PMT001208,O001208,PayPal,Paid
PMT001209,O001209,PayPal,Paid
PMT001210,O001210,Buy Now Pay Later,Paid
PMT001211,O001211,Credit Card,Pending
PMT001212,O001212,PayPal,Pending
PMT001213,O001213,Debit Card,Pending
PMT001214,O001214,Debit Card,Paid
PMT001215,O001215,Buy Now Pay Later,Paid
PMT001216,O001216,Credit Card,Paid
PMT001217,O001217,Gift Card,Paid
PMT001218,O001218,Buy Now Pay Later,Paid
PMT001219,O001219,Gift Card,Paid
PMT001220,O001220,Credit Card,Paid
PMT001221,O001221,Gift Card,Pending
PMT001222,O001222,Debit Card,Paid
PMT001223,O001223,Credit Card,Pending
PMT001224,O001224,Debit Card,Paid
PMT001225,O001225,Buy Now Pay Later,Paid
PMT001226,O001226,Gift Card,Paid
PMT001227,O001227,Buy Now Pay Later,Paid
PMT001228,O001228,Credit Card,Pending
PMT001229,O001229,Credit Card,Paid
PMT001230,O001230,PayPal,Paid
PMT001231,O001231,Buy Now Pay Later,Paid
PMT001232,O001232,Debit Card,Paid
PMT001233,O001233,Debit Card,Paid
PMT001234,O001234,Credit Card,Paid
PMT001235,O001235,Credit Card,Paid
PMT001236,O001236,Credit Card,Paid
PMT001237,O001237,PayPal,Paid
PMT001238,O001238,Debit Card,Paid
PMT001239,O001239,Buy Now Pay Later,Paid
PMT001240,O001240,Buy Now Pay Later,Paid
PMT001241,O001241,Credit Card,Refunded
PMT001242,O001242,PayPal,Paid
PMT001243,O001243,Credit Card,Pending
PMT001244,O001244,PayPal,Paid
PMT001245,O001245,Debit Card,Paid
PMT001246,O001246,PayPal,Pending
PMT001247,O001247,Gift Card,Paid
PMT001248,O001248,Credit Card,Paid
PMT001249,O001249,PayPal,Pending
PMT001250,O001250,Buy Now Pay Later,Paid
PMT001251,O001251,Credit Card,Pending
PMT001252,O001252,Credit Card,Paid
PMT001253,O001253,Debit Card,Paid
PMT001254,O001254,Buy Now Pay Later,Pending
PMT001255,O001255,Credit Card,Paid
PMT001256,O001256,Buy Now Pay Later,Pending
PMT001257,O001257,Buy Now Pay Later,Paid
PMT001258,O001258,PayPal,Paid
PMT001259,O001259,Debit Card,Paid
PMT001260,O001260,PayPal,Paid
PMT001261,O001261,Credit Card,Paid
PMT001262,O001262,Buy Now Pay Later,Paid
PMT001263,O001263,Gift Card,Paid
PMT001264,O001264,Buy Now Pay Later,Paid
PMT001265,O001265,PayPal,Paid
PMT001266,O001266,Debit Card,Pending
PMT001267,O001267,Debit Card,Pending
PMT001268,O001268,Credit Card,Paid
PMT001269,O001269,Debit Card,Paid
PMT001270,O001270,Debit Card,Paid
PMT001271,O001271,Debit Card,Pending
PMT001272,O001272,Debit Card,Paid
PMT001273,O001273,Debit Card,Paid
PMT001274,O001274,Credit Card,Paid
PMT001275,O001275,Credit Card,Paid
PMT001276,O001276,Debit Card,Paid
PMT001277,O001277,PayPal,Paid
PMT001278,O001278,Gift Card,Paid
PMT001279,O001279,Debit Card,Paid
PMT001280,O001280,PayPal,Paid
PMT001281,O001281,Buy Now Pay Later,Pending
PMT001282,O001282,Debit Card,Pending
PMT001283,O001283,Debit Card,Paid
PMT001284,O001284,Credit Card,Pending
PMT001285,O001285,Buy Now Pay Later,Refunded
PMT001286,O001286,Gift Card,Paid
PMT001287,O001287,Credit Card,Paid
PMT001288,O001288,Credit Card,Paid
PMT001289,O001289,Debit Card,Paid
PMT001290,O001290,Debit Card,Paid
PMT001291,O001291,Gift Card,Paid
PMT001292,O001292,PayPal,Paid
PMT001293,O001293,Debit Card,Paid
PMT001294,O001294,PayPal,Pending
PMT001295,O001295,Buy Now Pay Later,Paid
PMT001296,O001296,Buy Now Pay Later,Paid
PMT001297,O001297,PayPal,Paid
PMT001298,O001298,Credit Card,Pending
PMT001299,O001299,Debit Card,Pending
PMT001300,O001300,Gift Card,Refunded
PMT001301,O001301,Gift Card,Pending
PMT001302,O001302,Buy Now Pay Later,Paid
PMT001303,O001303,Credit Card,Paid
PMT001304,O001304,Debit Card,Paid
PMT001305,O001305,Buy Now Pay Later,Paid
PMT001306,O001306,Buy Now Pay Later,Paid
PMT001307,O001307,Debit Card,Paid
PMT001308,O001308,Debit Card,Paid
PMT001309,O001309,Credit Card,Pending
PMT001310,O001310,PayPal,Paid
PMT001311,O001311,Debit Card,Paid
PMT001312,O001312,Credit Card,Paid
PMT001313,O001313,Debit Card,Paid
PMT001314,O001314,Credit Card,Paid
PMT001315,O001315,Buy Now Pay Later,Paid
PMT001316,O001316,Debit Card,Paid
PMT001317,O001317,Buy Now Pay Later,Paid
PMT001318,O001318,Credit Card,Paid
PMT001319,O001319,Debit Card,Paid
PMT001320,O001320,Credit Card,Pending
PMT001321,O001321,Buy Now Pay Later,Paid
PMT001322,O001322,Gift Card,Paid
PMT001323,O001323,PayPal,Pending
PMT001324,O001324,Debit Card,Pending
PMT001325,O001325,PayPal,Pending
PMT001326,O001326,Debit Card,Paid
PMT001327,O001327,Gift Card,Pending
PMT001328,O001328,Buy Now Pay Later,Paid
PMT001329,O001329,Debit Card,Refunded
PMT001330,O001330,Debit Card,Paid
PMT001331,O001331,Buy Now Pay Later,Paid
PMT001332,O001332,Gift Card,Paid
PMT001333,O001333,Credit Card,Paid
PMT001334,O001334,Debit Card,Paid
PMT001335,O001335,Gift Card,Paid
PMT001336,O001336,Debit Card,Pending
PMT001337,O001337,Buy Now Pay Later,Paid
PMT001338,O001338,Debit Card,Paid
PMT001339,O001339,PayPal,Pending
PMT001340,O001340,Buy Now Pay Later,Pending
PMT001341,O001341,PayPal,Pending
PMT001342,O001342,Buy Now Pay Later,Paid
PMT001343,O001343,PayPal,Refunded
PMT001344,O001344,PayPal,Paid
PMT001345,O001345,Buy Now Pay Later,Paid
PMT001346,O001346,Buy Now Pay Later,Pending
PMT001347,O001347,Credit Card,Paid
PMT001348,O001348,Debit Card,Refunded
PMT001349,O001349,PayPal,Paid
PMT001350,O001350,Gift Card,Pending
PMT001351,O001351,PayPal,Pending
PMT001352,O001352,Debit Card,Paid
PMT001353,O001353,Debit Card,Paid
PMT001354,O001354,PayPal,Paid
PMT001355,O001355,Buy Now Pay Later,Paid
PMT001356,O001356,Gift Card,Paid
PMT001357,O001357,PayPal,Paid
PMT001358,O001358,Debit Card,Paid
PMT001359,O001359,Gift Card,Paid
PMT001360,O001360,Buy Now Pay Later,Paid
PMT001361,O001361,Gift Card,Paid
PMT001362,O001362,PayPal,Paid
PMT001363,O001363,PayPal,Paid
PMT001364,O001364,Debit Card,Paid
PMT001365,O001365,PayPal,Paid
PMT001366,O001366,Debit Card,Paid
PMT001367,O001367,Gift Card,Pending
PMT001368,O001368,Credit Card,Paid
PMT001369,O001369,Debit Card,Pending
PMT001370,O001370,PayPal,Paid
PMT001371,O001371,Debit Card,Paid
PMT001372,O001372,PayPal,Paid
PMT001373,O001373,PayPal,Paid
PMT001374,O001374,PayPal,Paid
PMT001375,O001375,Debit Card,Pending
PMT001376,O001376,Credit Card,Paid
PMT001377,O001377,PayPal,Paid
PMT001378,O001378,Buy Now Pay Later,Pending
PMT001379,O001379,Gift Card,Paid
PMT001380,O001380,Debit Card,Paid
PMT001381,O001381,Debit Card,Pending
PMT001382,O001382,Debit Card,Paid
PMT001383,O001383,Credit Card,Paid
PMT001384,O001384,Gift Card,Paid
PMT001385,O001385,Gift Card,Paid
PMT001386,O001386,Credit Card,Pending
PMT001387,O001387,Buy Now Pay Later,Paid
PMT001388,O001388,Debit Card,Pending
PMT001389,O001389,Credit Card,Paid
PMT001390,O001390,Debit Card,Paid
PMT001391,O001391,Gift Card,Paid
PMT001392,O001392,Debit Card,Paid
PMT001393,O001393,Gift Card,Pending
PMT001394,O001394,PayPal,Paid
PMT001395,O001395,Credit Card,Paid
PMT001396,O001396,Buy Now Pay Later,Pending
PMT001397,O001397,Credit Card,Pending
PMT001398,O001398,Buy Now Pay Later,Paid
PMT001399,O001399,Gift Card,Paid
PMT001400,O001400,Gift Card,Paid
PMT001401,O001401,Debit Card,Paid
PMT001402,O001402,Buy Now Pay Later,Paid
PMT001403,O001403,Debit Card,Paid
PMT001404,O001404,PayPal,Paid
PMT001405,O001405,Credit Card,Paid
PMT001406,O001406,Debit Card,Paid
PMT001407,O001407,Buy Now Pay Later,Paid
PMT001408,O001408,Buy Now Pay Later,Paid
PMT001409,O001409,PayPal,Pending
PMT001410,O001410,Buy Now Pay Later,Paid
PMT001411,O001411,Gift Card,Paid
PMT001412,O001412,Credit Card,Paid
PMT001413,O001413,Debit Card,Pending
PMT001414,O001414,Gift Card,Refunded
PMT001415,O001415,Gift Card,Paid
PMT001416,O001416,Buy Now Pay Later,Paid
PMT001417,O001417,Credit Card,Pending
PMT001418,O001418,PayPal,Paid
PMT001419,O001419,Gift Card,Paid
PMT001420,O001420,PayPal,Pending
PMT001421,O001421,Debit Card,Pending
PMT001422,O001422,Credit Card,Paid
PMT001423,O001423,Debit Card,Pending
PMT001424,O001424,Buy Now Pay Later,Refunded
PMT001425,O001425,Credit Card,Pending
PMT001426,O001426,Credit Card,Paid
PMT001427,O001427,Debit Card,Pending
PMT001428,O001428,PayPal,Paid
PMT001429,O001429,Credit Card,Pending
PMT001430,O001430,PayPal,Paid
PMT001431,O001431,Gift Card,Paid
PMT001432,O001432,PayPal,Paid
PMT001433,O001433,Gift Card,Paid
PMT001434,O001434,PayPal,Paid
PMT001435,O001435,Debit Card,Paid
PMT001436,O001436,Debit Card,Paid
PMT001437,O001437,Gift Card,Paid
PMT001438,O001438,Debit Card,Paid
PMT001439,O001439,Gift Card,Paid
PMT001440,O001440,Debit Card,Paid
PMT001441,O001441,Buy Now Pay Later,Paid
PMT001442,O001442,Gift Card,Pending
PMT001443,O001443,Debit Card,Paid
PMT001444,O001444,Gift Card,Paid
PMT001445,O001445,Gift Card,Paid
PMT001446,O001446,Buy Now Pay Later,Paid
PMT001447,O001447,Gift Card,Paid
PMT001448,O001448,Credit Card,Paid
PMT001449,O001449,Credit Card,Paid
PMT001450,O001450,Credit Card,Paid
PMT001451,O001451,PayPal,Paid
PMT001452,O001452,PayPal,Paid
PMT001453,O001453,Gift Card,Paid
PMT001454,O001454,PayPal,Paid
PMT001455,O001455,PayPal,Paid
PMT001456,O001456,Credit Card,Paid
PMT001457,O001457,Debit Card,Paid
PMT001458,O001458,Buy Now Pay Later,Paid
PMT001459,O001459,Debit Card,Paid
PMT001460,O001460,Gift Card,Paid
PMT001461,O001461,Buy Now Pay Later,Paid
PMT001462,O001462,Debit Card,Refunded
PMT001463,O001463,Buy Now Pay Later,Paid
PMT001464,O001464,Buy Now Pay Later,Pending
PMT001465,O001465,PayPal,Paid
PMT001466,O001466,Debit Card,Paid
PMT001467,O001467,Credit Card,Paid
PMT001468,O001468,Debit Card,Paid
PMT001469,O001469,Buy Now Pay Later,Paid
PMT001470,O001470,Debit Card,Paid
PMT001471,O001471,Gift Card,Paid
PMT001472,O001472,Buy Now Pay Later,Pending
PMT001473,O001473,PayPal,Paid
PMT001474,O001474,Debit Card,Refunded
PMT001475,O001475,Debit Card,Paid
PMT001476,O001476,PayPal,Paid
PMT001477,O001477,Buy Now Pay Later,Paid
PMT001478,O001478,Buy Now Pay Later,Paid
PMT001479,O001479,Credit Card,Paid
PMT001480,O001480,PayPal,Pending
PMT001481,O001481,Gift Card,Paid
PMT001482,O001482,PayPal,Refunded
PMT001483,O001483,Buy Now Pay Later,Paid
PMT001484,O001484,Buy Now Pay Later,Pending
PMT001485,O001485,PayPal,Paid
PMT001486,O001486,Buy Now Pay Later,Paid
PMT001487,O001487,Credit Card,Pending
PMT001488,O001488,Debit Card,Pending
PMT001489,O001489,Credit Card,Paid
PMT001490,O001490,Credit Card,Paid
PMT001491,O001491,Debit Card,Paid
PMT001492,O001492,PayPal,Paid
PMT001493,O001493,Credit Card,Paid
PMT001494,O001494,PayPal,Paid
PMT001495,O001495,Buy Now Pay Later,Pending
PMT001496,O001496,Buy Now Pay Later,Refunded
PMT001497,O001497,Debit Card,Refunded
PMT001498,O001498,Debit Card,Paid
PMT001499,O001499,Debit Card,Paid
PMT001500,O001500,PayPal,Pending
PMT001501,O001501,PayPal,Pending
PMT001502,O001502,PayPal,Paid
PMT001503,O001503,Credit Card,Pending
PMT001504,O001504,Debit Card,Paid
PMT001505,O001505,Credit Card,Refunded
PMT001506,O001506,Debit Card,Paid
PMT001507,O001507,Buy Now Pay Later,Pending
PMT001508,O001508,PayPal,Paid
PMT001509,O001509,Buy Now Pay Later,Paid
PMT001510,O001510,Gift Card,Pending
PMT001511,O001511,Buy Now Pay Later,Pending
PMT001512,O001512,Credit Card,Paid
PMT001513,O001513,Buy Now Pay Later,Paid
PMT001514,O001514,Gift Card,Paid
PMT001515,O001515,Debit Card,Paid
PMT001516,O001516,Credit Card,Paid
PMT001517,O001517,PayPal,Pending
PMT001518,O001518,Debit Card,Pending
PMT001519,O001519,PayPal,Paid
PMT001520,O001520,Buy Now Pay Later,Paid
PMT001521,O001521,Credit Card,Pending
PMT001522,O001522,Debit Card,Paid
PMT001523,O001523,Gift Card,Pending
PMT001524,O001524,Debit Card,Refunded
PMT001525,O001525,Debit Card,Paid
PMT001526,O001526,Gift Card,Paid
PMT001527,O001527,Debit Card,Paid
PMT001528,O001528,PayPal,Paid
PMT001529,O001529,Debit Card,Paid
PMT001530,O001530,PayPal,Paid
PMT001531,O001531,Buy Now Pay Later,Paid
PMT001532,O001532,Buy Now Pay Later,Paid
PMT001533,O001533,PayPal,Paid
PMT001534,O001534,Debit Card,Paid
PMT001535,O001535,Gift Card,Paid
PMT001536,O001536,Gift Card,Paid
PMT001537,O001537,PayPal,Paid
PMT001538,O001538,Debit Card,Paid
PMT001539,O001539,Credit Card,Refunded
PMT001540,O001540,Credit Card,Paid
PMT001541,O001541,Gift Card,Paid
PMT001542,O001542,PayPal,Paid
PMT001543,O001543,PayPal,Paid
PMT001544,O001544,Debit Card,Paid
PMT001545,O001545,Buy Now Pay Later,Paid
PMT001546,O001546,Credit Card,Pending
PMT001547,O001547,Credit Card,Pending
PMT001548,O001548,Debit Card,Pending
PMT001549,O001549,PayPal,Paid
PMT001550,O001550,PayPal,Paid
PMT001551,O001551,Credit Card,Refunded
PMT001552,O001552,Credit Card,Pending
PMT001553,O001553,Buy Now Pay Later,Pending
PMT001554,O001554,Buy Now Pay Later,Paid
PMT001555,O001555,Debit Card,Paid
PMT001556,O001556,PayPal,Paid
PMT001557,O001557,PayPal,Paid
PMT001558,O001558,Credit Card,Paid
PMT001559,O001559,Credit Card,Pending
PMT001560,O001560,Debit Card,Paid
PMT001561,O001561,PayPal,Pending
PMT001562,O001562,Debit Card,Pending
PMT001563,O001563,Debit Card,Pending
PMT001564,O001564,Gift Card,Paid
PMT001565,O001565,Buy Now Pay Later,Paid
PMT001566,O001566,Debit Card,Paid
PMT001567,O001567,Credit Card,Paid
PMT001568,O001568,Debit Card,Pending
PMT001569,O001569,Credit Card,Refunded
PMT001570,O001570,Credit Card,Paid
PMT001571,O001571,Credit Card,Refunded
PMT001572,O001572,Buy Now Pay Later,Pending
PMT001573,O001573,Buy Now Pay Later,Paid
PMT001574,O001574,Gift Card,Refunded
PMT001575,O001575,Gift Card,Paid
PMT001576,O001576,Debit Card,Paid
PMT001577,O001577,Debit Card,Pending
PMT001578,O001578,Buy Now Pay Later,Paid
PMT001579,O001579,Credit Card,Pending
PMT001580,O001580,Credit Card,Paid
PMT001581,O001581,Gift Card,Paid
PMT001582,O001582,Buy Now Pay Later,Paid
PMT001583,O001583,Gift Card,Pending
PMT001584,O001584,Buy Now Pay Later,Paid
PMT001585,O001585,Gift Card,Paid
PMT001586,O001586,Debit Card,Paid
PMT001587,O001587,Buy Now Pay Later,Paid
PMT001588,O001588,Credit Card,Paid
PMT001589,O001589,PayPal,Pending
PMT001590,O001590,Buy Now Pay Later,Paid
PMT001591,O001591,Gift Card,Pending
PMT001592,O001592,Credit Card,Paid
PMT001593,O001593,PayPal,Pending
PMT001594,O001594,Gift Card,Paid
PMT001595,O001595,Debit Card,Paid
PMT001596,O001596,PayPal,Pending
PMT001597,O001597,Buy Now Pay Later,Paid
PMT001598,O001598,Debit Card,Paid
PMT001599,O001599,Buy Now Pay Later,Paid
PMT001600,O001600,Credit Card,Paid
PMT001601,O001601,Credit Card,Paid
PMT001602,O001602,Credit Card,Refunded
PMT001603,O001603,Buy Now Pay Later,Paid
PMT001604,O001604,Debit Card,Paid
PMT001605,O001605,Gift Card,Pending
PMT001606,O001606,Credit Card,Paid
PMT001607,O001607,PayPal,Paid
PMT001608,O001608,Credit Card,Pending
PMT001609,O001609,Gift Card,Paid
PMT001610,O001610,Credit Card,Refunded
PMT001611,O001611,Debit Card,Paid
PMT001612,O001612,Debit Card,Paid
PMT001613,O001613,Gift Card,Pending
PMT001614,O001614,PayPal,Paid
PMT001615,O001615,Buy Now Pay Later,Paid
PMT001616,O001616,Gift Card,Paid
PMT001617,O001617,Buy Now Pay Later,Paid
PMT001618,O001618,Buy Now Pay Later,Pending
PMT001619,O001619,Gift Card,Paid
PMT001620,O001620,Debit Card,Paid
PMT001621,O001621,Buy Now Pay Later,Paid
PMT001622,O001622,Credit Card,Paid
PMT001623,O001623,Buy Now Pay Later,Paid
PMT001624,O001624,Debit Card,Paid
PMT001625,O001625,PayPal,Paid
PMT001626,O001626,Buy Now Pay Later,Paid
PMT001627,O001627,PayPal,Paid
PMT001628,O001628,PayPal,Pending
PMT001629,O001629,Buy Now Pay Later,Pending
PMT001630,O001630,PayPal,Paid
PMT001631,O001631,Debit Card,Paid
PMT001632,O001632,Credit Card,Pending
PMT001633,O001633,Debit Card,Paid
PMT001634,O001634,Buy Now Pay Later,Paid
PMT001635,O001635,PayPal,Pending
PMT001636,O001636,Debit Card,Paid
PMT001637,O001637,PayPal,Refunded
PMT001638,O001638,Buy Now Pay Later,Paid
PMT001639,O001639,Debit Card,Pending
PMT001640,O001640,Buy Now Pay Later,Paid
PMT001641,O001641,Gift Card,Paid
PMT001642,O001642,Credit Card,Refunded
PMT001643,O001643,Credit Card,Pending
PMT001644,O001644,PayPal,Paid
PMT001645,O001645,Credit Card,Paid
PMT001646,O001646,PayPal,Paid
PMT001647,O001647,Credit Card,Paid
PMT001648,O001648,PayPal,Paid
PMT001649,O001649,Buy Now Pay Later,Paid
PMT001650,O001650,Gift Card,Paid
PMT001651,O001651,PayPal,Paid
PMT001652,O001652,Debit Card,Paid
PMT001653,O001653,Gift Card,Paid
PMT001654,O001654,Buy Now Pay Later,Paid
PMT001655,O001655,Credit Card,Paid
PMT001656,O001656,PayPal,Paid
PMT001657,O001657,Gift Card,Paid
PMT001658,O001658,PayPal,Paid
PMT001659,O001659,Credit Card,Paid
PMT001660,O001660,Credit Card,Paid
PMT001661,O001661,Credit Card,Paid
PMT001662,O001662,PayPal,Paid
PMT001663,O001663,Debit Card,Paid
PMT001664,O001664,PayPal,Paid
PMT001665,O001665,Credit Card,Paid
PMT001666,O001666,Debit Card,Paid
PMT001667,O001667,PayPal,Paid
PMT001668,O001668,PayPal,Paid
PMT001669,O001669,Buy Now Pay Later,Pending
PMT001670,O001670,PayPal,Pending
PMT001671,O001671,Credit Card,Paid
PMT001672,O001672,Gift Card,Paid
PMT001673,O001673,Gift Card,Pending
PMT001674,O001674,Gift Card,Pending
PMT001675,O001675,Gift Card,Pending
PMT001676,O001676,Credit Card,Paid
PMT001677,O001677,PayPal,Paid
PMT001678,O001678,Gift Card,Paid
PMT001679,O001679,Credit Card,Paid
PMT001680,O001680,Gift Card,Paid
PMT001681,O001681,PayPal,Pending
PMT001682,O001682,PayPal,Pending
PMT001683,O001683,PayPal,Paid
PMT001684,O001684,Buy Now Pay Later,Pending
PMT001685,O001685,Credit Card,Pending
PMT001686,O001686,Gift Card,Paid
PMT001687,O001687,Gift Card,Paid
PMT001688,O001688,Credit Card,Pending
PMT001689,O001689,PayPal,Paid
PMT001690,O001690,Debit Card,Paid
PMT001691,O001691,Credit Card,Paid
PMT001692,O001692,Debit Card,Paid
PMT001693,O001693,Buy Now Pay Later,Pending
PMT001694,O001694,Gift Card,Paid
PMT001695,O001695,PayPal,Paid
PMT001696,O001696,Credit Card,Pending
PMT001697,O001697,Credit Card,Pending
PMT001698,O001698,Buy Now Pay Later,Paid
PMT001699,O001699,Credit Card,Paid
PMT001700,O001700,Debit Card,Paid
PMT001701,O001701,Credit Card,Paid
PMT001702,O001702,PayPal,Paid
PMT001703,O001703,Buy Now Pay Later,Paid
PMT001704,O001704,Credit Card,Pending
PMT001705,O001705,Credit Card,Paid
PMT001706,O001706,Gift Card,Pending
PMT001707,O001707,PayPal,Paid
PMT001708,O001708,Debit Card,Paid
PMT001709,O001709,Credit Card,Paid
PMT001710,O001710,Debit Card,Paid
PMT001711,O001711,Debit Card,Paid
PMT001712,O001712,Debit Card,Pending
PMT001713,O001713,PayPal,Paid
PMT001714,O001714,Buy Now Pay Later,Paid
PMT001715,O001715,Credit Card,Pending
PMT001716,O001716,Gift Card,Paid
PMT001717,O001717,Credit Card,Pending
PMT001718,O001718,Debit Card,Paid
PMT001719,O001719,Credit Card,Paid
PMT001720,O001720,Buy Now Pay Later,Paid
PMT001721,O001721,Gift Card,Pending
PMT001722,O001722,Credit Card,Paid
PMT001723,O001723,Debit Card,Paid
PMT001724,O001724,PayPal,Paid
PMT001725,O001725,Credit Card,Paid
PMT001726,O001726,Buy Now Pay Later,Pending
PMT001727,O001727,Debit Card,Paid
PMT001728,O001728,PayPal,Paid
PMT001729,O001729,PayPal,Paid
PMT001730,O001730,Credit Card,Paid
PMT001731,O001731,Debit Card,Refunded
PMT001732,O001732,PayPal,Paid
PMT001733,O001733,Buy Now Pay Later,Paid
PMT001734,O001734,Gift Card,Paid
PMT001735,O001735,Buy Now Pay Later,Paid
PMT001736,O001736,Credit Card,Paid
PMT001737,O001737,Debit Card,Refunded
PMT001738,O001738,Gift Card,Paid
PMT001739,O001739,Debit Card,Paid
PMT001740,O001740,PayPal,Paid
PMT001741,O001741,PayPal,Paid
PMT001742,O001742,PayPal,Refunded
PMT001743,O001743,PayPal,Paid
PMT001744,O001744,PayPal,Refunded
PMT001745,O001745,Credit Card,Paid
PMT001746,O001746,Buy Now Pay Later,Paid
PMT001747,O001747,Debit Card,Paid
PMT001748,O001748,Buy Now Pay Later,Paid
PMT001749,O001749,Buy Now Pay Later,Paid
PMT001750,O001750,Gift Card,Paid
PMT001751,O001751,Credit Card,Paid
PMT001752,O001752,Credit Card,Pending
PMT001753,O001753,Credit Card,Paid
PMT001754,O001754,Buy Now Pay Later,Pending
PMT001755,O001755,PayPal,Pending
PMT001756,O001756,Gift Card,Refunded
PMT001757,O001757,Buy Now Pay Later,Paid
PMT001758,O001758,Gift Card,Paid
PMT001759,O001759,Buy Now Pay Later,Paid
PMT001760,O001760,Debit Card,Pending
PMT001761,O001761,Buy Now Pay Later,Paid
PMT001762,O001762,Buy Now Pay Later,Paid
PMT001763,O001763,Credit Card,Paid
PMT001764,O001764,Buy Now Pay Later,Pending
PMT001765,O001765,Credit Card,Pending
PMT001766,O001766,Debit Card,Refunded
PMT001767,O001767,Gift Card,Paid
PMT001768,O001768,Buy Now Pay Later,Paid
PMT001769,O001769,PayPal,Paid
PMT001770,O001770,Gift Card,Paid
PMT001771,O001771,PayPal,Paid
PMT001772,O001772,Buy Now Pay Later,Refunded
PMT001773,O001773,PayPal,Paid
PMT001774,O001774,Gift Card,Paid
PMT001775,O001775,Gift Card,Paid
PMT001776,O001776,Gift Card,Pending
PMT001777,O001777,Credit Card,Pending
PMT001778,O001778,PayPal,Paid
PMT001779,O001779,Gift Card,Paid
PMT001780,O001780,Credit Card,Pending
PMT001781,O001781,Credit Card,Paid
PMT001782,O001782,Debit Card,Paid
PMT001783,O001783,Credit Card,Paid
PMT001784,O001784,Debit Card,Refunded
PMT001785,O001785,Credit Card,Paid
PMT001786,O001786,Buy Now Pay Later,Paid
PMT001787,O001787,Buy Now Pay Later,Pending
PMT001788,O001788,PayPal,Pending
PMT001789,O001789,Credit Card,Paid
PMT001790,O001790,Debit Card,Paid
PMT001791,O001791,Credit Card,Paid
PMT001792,O001792,Debit Card,Pending
PMT001793,O001793,Buy Now Pay Later,Pending
PMT001794,O001794,Buy Now Pay Later,Paid
PMT001795,O001795,Buy Now Pay Later,Paid
PMT001796,O001796,Buy Now Pay Later,Pending
PMT001797,O001797,Debit Card,Paid
PMT001798,O001798,Gift Card,Refunded
PMT001799,O001799,Debit Card,Paid
PMT001800,O001800,Buy Now Pay Later,Paid
PMT001801,O001801,Buy Now Pay Later,Pending
PMT001802,O001802,Debit Card,Paid
PMT001803,O001803,Gift Card,Paid
PMT001804,O001804,Gift Card,Paid
PMT001805,O001805,Credit Card,Paid
PMT001806,O001806,PayPal,Paid
PMT001807,O001807,Credit Card,Paid
PMT001808,O001808,Credit Card,Pending
PMT001809,O001809,Buy Now Pay Later,Pending
PMT001810,O001810,Gift Card,Pending
PMT001811,O001811,PayPal,Paid
PMT001812,O001812,PayPal,Pending
PMT001813,O001813,PayPal,Paid
PMT001814,O001814,Credit Card,Paid
PMT001815,O001815,Credit Card,Paid
PMT001816,O001816,Debit Card,Paid
PMT001817,O001817,Debit Card,Paid
PMT001818,O001818,PayPal,Pending
PMT001819,O001819,Buy Now Pay Later,Pending
PMT001820,O001820,PayPal,Paid
PMT001821,O001821,Debit Card,Paid
PMT001822,O001822,PayPal,Paid
PMT001823,O001823,Buy Now Pay Later,Refunded
PMT001824,O001824,Gift Card,Refunded
PMT001825,O001825,Gift Card,Paid
PMT001826,O001826,Gift Card,Refunded
PMT001827,O001827,Buy Now Pay Later,Pending
PMT001828,O001828,Gift Card,Paid
PMT001829,O001829,Credit Card,Pending
PMT001830,O001830,Gift Card,Pending
PMT001831,O001831,Debit Card,Pending
PMT001832,O001832,PayPal,Paid
PMT001833,O001833,PayPal,Paid
PMT001834,O001834,Buy Now Pay Later,Paid
PMT001835,O001835,Buy Now Pay Later,Paid
PMT001836,O001836,PayPal,Pending
PMT001837,O001837,Gift Card,Paid
PMT001838,O001838,Debit Card,Paid
PMT001839,O001839,Debit Card,Paid
PMT001840,O001840,Gift Card,Paid
PMT001841,O001841,Credit Card,Paid
PMT001842,O001842,Gift Card,Paid
PMT001843,O001843,Debit Card,Refunded
PMT001844,O001844,Buy Now Pay Later,Refunded
PMT001845,O001845,PayPal,Paid
PMT001846,O001846,Buy Now Pay Later,Paid
PMT001847,O001847,PayPal,Paid
PMT001848,O001848,PayPal,Paid
PMT001849,O001849,Gift Card,Paid
PMT001850,O001850,Debit Card,Pending
PMT001851,O001851,Gift Card,Refunded
PMT001852,O001852,Buy Now Pay Later,Paid
PMT001853,O001853,Debit Card,Paid
PMT001854,O001854,Debit Card,Paid
PMT001855,O001855,Debit Card,Pending
PMT001856,O001856,Credit Card,Paid
PMT001857,O001857,Credit Card,Paid
PMT001858,O001858,Buy Now Pay Later,Paid
PMT001859,O001859,Credit Card,Paid
PMT001860,O001860,PayPal,Paid
PMT001861,O001861,Gift Card,Paid
PMT001862,O001862,Debit Card,Paid
PMT001863,O001863,Credit Card,Paid
PMT001864,O001864,Buy Now Pay Later,Pending
PMT001865,O001865,Credit Card,Paid
PMT001866,O001866,Buy Now Pay Later,Pending
PMT001867,O001867,Gift Card,Refunded
PMT001868,O001868,Gift Card,Pending
PMT001869,O001869,Debit Card,Pending
PMT001870,O001870,Debit Card,Pending
PMT001871,O001871,Debit Card,Paid
PMT001872,O001872,Credit Card,Pending
PMT001873,O001873,Gift Card,Paid
PMT001874,O001874,Credit Card,Pending
PMT001875,O001875,PayPal,Paid
PMT001876,O001876,Buy Now Pay Later,Paid
PMT001877,O001877,Gift Card,Paid
PMT001878,O001878,Debit Card,Paid
PMT001879,O001879,Credit Card,Pending
PMT001880,O001880,Debit Card,Refunded
PMT001881,O001881,Gift Card,Paid
PMT001882,O001882,Debit Card,Paid
PMT001883,O001883,Gift Card,Pending
PMT001884,O001884,Buy Now Pay Later,Paid
PMT001885,O001885,Debit Card,Paid
PMT001886,O001886,Credit Card,Paid
PMT001887,O001887,Credit Card,Paid
PMT001888,O001888,PayPal,Paid
PMT001889,O001889,PayPal,Pending
PMT001890,O001890,Gift Card,Pending
PMT001891,O001891,Gift Card,Refunded
PMT001892,O001892,Gift Card,Paid
PMT001893,O001893,Buy Now Pay Later,Pending
PMT001894,O001894,Debit Card,Refunded
PMT001895,O001895,Buy Now Pay Later,Paid
PMT001896,O001896,PayPal,Pending
PMT001897,O001897,Credit Card,Paid
PMT001898,O001898,PayPal,Paid
PMT001899,O001899,Buy Now Pay Later,Paid
PMT001900,O001900,Gift Card,Paid
PMT001901,O001901,Gift Card,Paid
PMT001902,O001902,Debit Card,Refunded
PMT001903,O001903,Buy Now Pay Later,Paid
PMT001904,O001904,Credit Card,Paid
PMT001905,O001905,PayPal,Paid
PMT001906,O001906,Gift Card,Paid
PMT001907,O001907,Debit Card,Refunded
PMT001908,O001908,Debit Card,Pending
PMT001909,O001909,Debit Card,Paid
PMT001910,O001910,Debit Card,Refunded
PMT001911,O001911,Credit Card,Paid
PMT001912,O001912,Credit Card,Paid
PMT001913,O001913,Gift Card,Paid
PMT001914,O001914,Credit Card,Paid
PMT001915,O001915,Gift Card,Paid
PMT001916,O001916,Debit Card,Paid
PMT001917,O001917,Debit Card,Paid
PMT001918,O001918,Debit Card,Paid
PMT001919,O001919,Debit Card,Paid
PMT001920,O001920,Gift Card,Paid
PMT001921,O001921,Buy Now Pay Later,Paid
PMT001922,O001922,Credit Card,Paid
PMT001923,O001923,Credit Card,Paid
PMT001924,O001924,Debit Card,Paid
PMT001925,O001925,Credit Card,Paid
PMT001926,O001926,PayPal,Pending
PMT001927,O001927,Buy Now Pay Later,Paid
PMT001928,O001928,Buy Now Pay Later,Pending
PMT001929,O001929,Debit Card,Paid
PMT001930,O001930,PayPal,Paid
PMT001931,O001931,Buy Now Pay Later,Paid
PMT001932,O001932,Buy Now Pay Later,Paid
PMT001933,O001933,Debit Card,Paid
PMT001934,O001934,Gift Card,Paid
PMT001935,O001935,Gift Card,Paid
PMT001936,O001936,Gift Card,Pending
PMT001937,O001937,Debit Card,Paid
PMT001938,O001938,Debit Card,Pending
PMT001939,O001939,PayPal,Paid
PMT001940,O001940,Debit Card,Paid
PMT001941,O001941,Buy Now Pay Later,Paid
PMT001942,O001942,Credit Card,Paid
PMT001943,O001943,Gift Card,Paid
PMT001944,O001944,Credit Card,Paid
PMT001945,O001945,Credit Card,Paid
PMT001946,O001946,Credit Card,Paid
PMT001947,O001947,Debit Card,Paid
PMT001948,O001948,Buy Now Pay Later,Paid
PMT001949,O001949,Buy Now Pay Later,Pending
PMT001950,O001950,Debit Card,Paid
PMT001951,O001951,PayPal,Pending
PMT001952,O001952,Debit Card,Refunded
PMT001953,O001953,PayPal,Pending
PMT001954,O001954,Credit Card,Paid
PMT001955,O001955,Gift Card,Pending
PMT001956,O001956,Buy Now Pay Later,Pending
PMT001957,O001957,Debit Card,Refunded
PMT001958,O001958,Credit Card,Paid
PMT001959,O001959,Credit Card,Paid
PMT001960,O001960,Buy Now Pay Later,Paid
PMT001961,O001961,Buy Now Pay Later,Paid
PMT001962,O001962,Gift Card,Pending
PMT001963,O001963,Debit Card,Paid
PMT001964,O001964,PayPal,Paid
PMT001965,O001965,Buy Now Pay Later,Paid
PMT001966,O001966,Gift Card,Pending
PMT001967,O001967,Gift Card,Paid
PMT001968,O001968,Credit Card,Paid
PMT001969,O001969,PayPal,Pending
PMT001970,O001970,Credit Card,Paid
PMT001971,O001971,Debit Card,Pending
PMT001972,O001972,Credit Card,Pending
PMT001973,O001973,Gift Card,Paid
PMT001974,O001974,Debit Card,Paid
PMT001975,O001975,Buy Now Pay Later,Paid
PMT001976,O001976,Credit Card,Paid
PMT001977,O001977,Debit Card,Pending
PMT001978,O001978,PayPal,Pending
PMT001979,O001979,Buy Now Pay Later,Paid
PMT001980,O001980,Gift Card,Paid
PMT001981,O001981,Gift Card,Paid
PMT001982,O001982,PayPal,Paid
PMT001983,O001983,Credit Card,Paid
PMT001984,O001984,Buy Now Pay Later,Refunded
PMT001985,O001985,Credit Card,Paid
PMT001986,O001986,Gift Card,Refunded
PMT001987,O001987,Debit Card,Paid
PMT001988,O001988,Debit Card,Paid
PMT001989,O001989,Credit Card,Paid
PMT001990,O001990,Buy Now Pay Later,Paid
PMT001991,O001991,Buy Now Pay Later,Paid
PMT001992,O001992,Gift Card,Paid
PMT001993,O001993,Debit Card,Paid
PMT001994,O001994,Buy Now Pay Later,Refunded
PMT001995,O001995,Gift Card,Paid
PMT001996,O001996,Debit Card,Paid
PMT001997,O001997,PayPal,Paid
PMT001998,O001998,Credit Card,Paid
PMT001999,O001999,Gift Card,Paid
PMT002000,O002000,Debit Card,Paid
PMT002001,O002001,Gift Card,Refunded
PMT002002,O002002,PayPal,Pending
PMT002003,O002003,Debit Card,Paid
PMT002004,O002004,Credit Card,Paid
PMT002005,O002005,Debit Card,Paid
PMT002006,O002006,Credit Card,Paid
PMT002007,O002007,Gift Card,Paid
PMT002008,O002008,Gift Card,Paid
PMT002009,O002009,PayPal,Paid
PMT002010,O002010,Gift Card,Paid
PMT002011,O002011,PayPal,Refunded
PMT002012,O002012,Debit Card,Paid
PMT002013,O002013,Gift Card,Paid
PMT002014,O002014,Buy Now Pay Later,Refunded
PMT002015,O002015,PayPal,Paid
PMT002016,O002016,PayPal,Pending
PMT002017,O002017,Gift Card,Paid
PMT002018,O002018,Buy Now Pay Later,Refunded
PMT002019,O002019,PayPal,Paid
PMT002020,O002020,Debit Card,Pending
PMT002021,O002021,Gift Card,Paid
PMT002022,O002022,Debit Card,Paid
PMT002023,O002023,PayPal,Refunded
PMT002024,O002024,Debit Card,Paid
PMT002025,O002025,Credit Card,Paid
PMT002026,O002026,Gift Card,Paid
PMT002027,O002027,PayPal,Refunded
PMT002028,O002028,Buy Now Pay Later,Paid
PMT002029,O002029,Credit Card,Paid
PMT002030,O002030,Gift Card,Paid
PMT002031,O002031,Gift Card,Paid
PMT002032,O002032,Gift Card,Paid
PMT002033,O002033,Debit Card,Pending
PMT002034,O002034,Debit Card,Paid
PMT002035,O002035,Debit Card,Paid
PMT002036,O002036,Credit Card,Paid
PMT002037,O002037,Debit Card,Refunded
PMT002038,O002038,Buy Now Pay Later,Paid
PMT002039,O002039,PayPal,Paid
PMT002040,O002040,PayPal,Paid
PMT002041,O002041,PayPal,Paid
PMT002042,O002042,Gift Card,Paid
PMT002043,O002043,Debit Card,Paid
PMT002044,O002044,Buy Now Pay Later,Refunded
PMT002045,O002045,Buy Now Pay Later,Paid
PMT002046,O002046,Buy Now Pay Later,Paid
PMT002047,O002047,Gift Card,Paid
PMT002048,O002048,Debit Card,Pending
PMT002049,O002049,Gift Card,Paid
PMT002050,O002050,PayPal,Paid
PMT002051,O002051,Gift Card,Paid
PMT002052,O002052,Credit Card,Paid
PMT002053,O002053,Credit Card,Paid
PMT002054,O002054,PayPal,Pending
PMT002055,O002055,PayPal,Pending
PMT002056,O002056,Credit Card,Paid
PMT002057,O002057,Gift Card,Paid
PMT002058,O002058,Debit Card,Pending
PMT002059,O002059,PayPal,Paid
PMT002060,O002060,Credit Card,Paid
PMT002061,O002061,Credit Card,Pending
PMT002062,O002062,Debit Card,Paid
PMT002063,O002063,Gift Card,Paid
PMT002064,O002064,Credit Card,Pending
PMT002065,O002065,PayPal,Paid
PMT002066,O002066,Gift Card,Paid
PMT002067,O002067,Debit Card,Paid
PMT002068,O002068,Gift Card,Paid
PMT002069,O002069,PayPal,Paid
PMT002070,O002070,Debit Card,Paid
PMT002071,O002071,Debit Card,Pending
PMT002072,O002072,PayPal,Paid
PMT002073,O002073,Credit Card,Pending
PMT002074,O002074,Debit Card,Refunded
PMT002075,O002075,Gift Card,Paid
PMT002076,O002076,Buy Now Pay Later,Paid
PMT002077,O002077,Gift Card,Pending
PMT002078,O002078,Buy Now Pay Later,Pending
PMT002079,O002079,Buy Now Pay Later,Paid
PMT002080,O002080,Buy Now Pay Later,Paid
PMT002081,O002081,Gift Card,Refunded
PMT002082,O002082,Debit Card,Paid
PMT002083,O002083,Credit Card,Paid
PMT002084,O002084,PayPal,Paid
PMT002085,O002085,Buy Now Pay Later,Pending
PMT002086,O002086,Buy Now Pay Later,Paid
PMT002087,O002087,PayPal,Pending
PMT002088,O002088,Buy Now Pay Later,Pending
PMT002089,O002089,Buy Now Pay Later,Pending
PMT002090,O002090,Debit Card,Paid
PMT002091,O002091,Credit Card,Pending
PMT002092,O002092,Debit Card,Paid
PMT002093,O002093,Credit Card,Paid
PMT002094,O002094,Gift Card,Pending
PMT002095,O002095,PayPal,Paid
PMT002096,O002096,PayPal,Paid
PMT002097,O002097,PayPal,Pending
PMT002098,O002098,Gift Card,Paid
PMT002099,O002099,Credit Card,Paid
PMT002100,O002100,Credit Card,Pending
PMT002101,O002101,Debit Card,Paid
PMT002102,O002102,Buy Now Pay Later,Paid
PMT002103,O002103,Debit Card,Paid
PMT002104,O002104,PayPal,Paid
PMT002105,O002105,Debit Card,Paid
PMT002106,O002106,Debit Card,Paid
PMT002107,O002107,Credit Card,Paid
PMT002108,O002108,Credit Card,Paid
PMT002109,O002109,Credit Card,Paid
PMT002110,O002110,Buy Now Pay Later,Paid
PMT002111,O002111,PayPal,Paid
PMT002112,O002112,Credit Card,Pending
PMT002113,O002113,Credit Card,Paid
PMT002114,O002114,Debit Card,Pending
PMT002115,O002115,Buy Now Pay Later,Refunded
PMT002116,O002116,PayPal,Paid
PMT002117,O002117,PayPal,Paid
PMT002118,O002118,Buy Now Pay Later,Pending
PMT002119,O002119,PayPal,Paid
PMT002120,O002120,Gift Card,Paid
PMT002121,O002121,Credit Card,Paid
PMT002122,O002122,Credit Card,Paid
PMT002123,O002123,Buy Now Pay Later,Paid
PMT002124,O002124,Credit Card,Paid
PMT002125,O002125,Credit Card,Pending
PMT002126,O002126,Gift Card,Paid
PMT002127,O002127,Buy Now Pay Later,Paid
PMT002128,O002128,Debit Card,Paid
PMT002129,O002129,Debit Card,Paid
PMT002130,O002130,Credit Card,Paid
PMT002131,O002131,PayPal,Paid
PMT002132,O002132,Buy Now Pay Later,Pending
PMT002133,O002133,PayPal,Paid
PMT002134,O002134,Gift Card,Paid
PMT002135,O002135,Credit Card,Paid
PMT002136,O002136,Gift Card,Pending
PMT002137,O002137,Buy Now Pay Later,Paid
PMT002138,O002138,Buy Now Pay Later,Paid
PMT002139,O002139,Credit Card,Refunded
PMT002140,O002140,PayPal,Paid
PMT002141,O002141,Credit Card,Paid
PMT002142,O002142,Gift Card,Paid
PMT002143,O002143,PayPal,Paid
PMT002144,O002144,Debit Card,Paid
PMT002145,O002145,Gift Card,Paid
PMT002146,O002146,PayPal,Paid
PMT002147,O002147,Debit Card,Paid
PMT002148,O002148,Debit Card,Paid
PMT002149,O002149,Gift Card,Paid
PMT002150,O002150,Credit Card,Paid
PMT002151,O002151,Gift Card,Pending
PMT002152,O002152,Gift Card,Paid
PMT002153,O002153,Debit Card,Paid
PMT002154,O002154,PayPal,Pending
PMT002155,O002155,PayPal,Pending
PMT002156,O002156,Credit Card,Paid
PMT002157,O002157,Debit Card,Paid
PMT002158,O002158,Gift Card,Paid
PMT002159,O002159,Debit Card,Pending
PMT002160,O002160,Credit Card,Paid
PMT002161,O002161,Gift Card,Refunded
PMT002162,O002162,PayPal,Paid
PMT002163,O002163,Buy Now Pay Later,Paid
PMT002164,O002164,Credit Card,Paid
PMT002165,O002165,Buy Now Pay Later,Paid
PMT002166,O002166,Buy Now Pay Later,Paid
PMT002167,O002167,Gift Card,Paid
PMT002168,O002168,PayPal,Paid
PMT002169,O002169,PayPal,Paid
PMT002170,O002170,Buy Now Pay Later,Pending
PMT002171,O002171,Debit Card,Paid
PMT002172,O002172,Credit Card,Paid
PMT002173,O002173,Debit Card,Paid
PMT002174,O002174,Gift Card,Paid
PMT002175,O002175,Buy Now Pay Later,Pending
PMT002176,O002176,PayPal,Paid
PMT002177,O002177,Gift Card,Pending
PMT002178,O002178,Debit Card,Paid
PMT002179,O002179,Buy Now Pay Later,Pending
PMT002180,O002180,Gift Card,Paid
PMT002181,O002181,Debit Card,Paid
PMT002182,O002182,Gift Card,Pending
PMT002183,O002183,Gift Card,Paid
PMT002184,O002184,PayPal,Refunded
PMT002185,O002185,PayPal,Pending
PMT002186,O002186,PayPal,Paid
PMT002187,O002187,Gift Card,Paid
PMT002188,O002188,Credit Card,Paid
PMT002189,O002189,Credit Card,Paid
PMT002190,O002190,Gift Card,Paid
PMT002191,O002191,PayPal,Paid
PMT002192,O002192,Debit Card,Paid
PMT002193,O002193,Credit Card,Paid
PMT002194,O002194,Buy Now Pay Later,Paid
PMT002195,O002195,Buy Now Pay Later,Pending
PMT002196,O002196,PayPal,Paid
PMT002197,O002197,Credit Card,Pending
PMT002198,O002198,Credit Card,Paid
PMT002199,O002199,PayPal,Paid
PMT002200,O002200,Gift Card,Paid
PMT002201,O002201,Debit Card,Paid
PMT002202,O002202,Gift Card,Paid
PMT002203,O002203,Debit Card,Pending
PMT002204,O002204,Gift Card,Paid
PMT002205,O002205,Debit Card,Paid
PMT002206,O002206,Credit Card,Paid
PMT002207,O002207,PayPal,Paid
PMT002208,O002208,PayPal,Pending
PMT002209,O002209,PayPal,Pending
PMT002210,O002210,PayPal,Paid
PMT002211,O002211,Debit Card,Paid
PMT002212,O002212,Buy Now Pay Later,Paid
PMT002213,O002213,Buy Now Pay Later,Paid
PMT002214,O002214,PayPal,Paid
PMT002215,O002215,Gift Card,Paid
PMT002216,O002216,Credit Card,Paid
PMT002217,O002217,Debit Card,Paid
PMT002218,O002218,PayPal,Paid
PMT002219,O002219,Credit Card,Pending
PMT002220,O002220,PayPal,Pending
PMT002221,O002221,Debit Card,Paid
PMT002222,O002222,Debit Card,Paid
PMT002223,O002223,PayPal,Pending
PMT002224,O002224,Debit Card,Refunded
PMT002225,O002225,Debit Card,Paid
PMT002226,O002226,Credit Card,Pending
PMT002227,O002227,PayPal,Paid
PMT002228,O002228,Debit Card,Paid
PMT002229,O002229,Gift Card,Paid
PMT002230,O002230,PayPal,Paid
PMT002231,O002231,Debit Card,Refunded
PMT002232,O002232,Gift Card,Paid
PMT002233,O002233,Gift Card,Paid
PMT002234,O002234,Buy Now Pay Later,Pending
PMT002235,O002235,Debit Card,Paid
PMT002236,O002236,PayPal,Paid
PMT002237,O002237,PayPal,Pending
PMT002238,O002238,PayPal,Refunded
PMT002239,O002239,Buy Now Pay Later,Paid
PMT002240,O002240,Credit Card,Pending
PMT002241,O002241,Buy Now Pay Later,Paid
PMT002242,O002242,Gift Card,Paid
PMT002243,O002243,Debit Card,Paid
PMT002244,O002244,Credit Card,Paid
PMT002245,O002245,Gift Card,Pending
PMT002246,O002246,PayPal,Paid
PMT002247,O002247,Debit Card,Paid
PMT002248,O002248,Buy Now Pay Later,Refunded
PMT002249,O002249,Debit Card,Refunded
PMT002250,O002250,PayPal,Paid
PMT002251,O002251,Credit Card,Paid
PMT002252,O002252,Buy Now Pay Later,Refunded
PMT002253,O002253,Debit Card,Paid
PMT002254,O002254,Debit Card,Pending
PMT002255,O002255,PayPal,Paid
PMT002256,O002256,Debit Card,Paid
PMT002257,O002257,PayPal,Paid
PMT002258,O002258,PayPal,Pending
PMT002259,O002259,Debit Card,Paid
PMT002260,O002260,PayPal,Pending
PMT002261,O002261,PayPal,Paid
PMT002262,O002262,Debit Card,Pending
PMT002263,O002263,Gift Card,Paid
PMT002264,O002264,Credit Card,Paid
PMT002265,O002265,Gift Card,Pending
PMT002266,O002266,Credit Card,Paid
PMT002267,O002267,Credit Card,Pending
PMT002268,O002268,Credit Card,Pending
PMT002269,O002269,Credit Card,Paid
PMT002270,O002270,Buy Now Pay Later,Pending
PMT002271,O002271,PayPal,Paid
PMT002272,O002272,Buy Now Pay Later,Refunded
PMT002273,O002273,PayPal,Paid
PMT002274,O002274,Credit Card,Paid
PMT002275,O002275,PayPal,Pending
PMT002276,O002276,Buy Now Pay Later,Paid
PMT002277,O002277,Gift Card,Paid
PMT002278,O002278,Gift Card,Paid
PMT002279,O002279,Credit Card,Pending
PMT002280,O002280,Credit Card,Paid
PMT002281,O002281,PayPal,Paid
PMT002282,O002282,PayPal,Refunded
PMT002283,O002283,Credit Card,Pending
PMT002284,O002284,Buy Now Pay Later,Paid
PMT002285,O002285,PayPal,Paid
PMT002286,O002286,PayPal,Paid
PMT002287,O002287,Buy Now Pay Later,Refunded
PMT002288,O002288,PayPal,Refunded
PMT002289,O002289,Buy Now Pay Later,Paid
PMT002290,O002290,PayPal,Paid
PMT002291,O002291,Buy Now Pay Later,Paid
PMT002292,O002292,Gift Card,Pending
PMT002293,O002293,Debit Card,Paid
PMT002294,O002294,PayPal,Paid
PMT002295,O002295,PayPal,Paid
PMT002296,O002296,Buy Now Pay Later,Paid
PMT002297,O002297,Credit Card,Paid
PMT002298,O002298,Buy Now Pay Later,Refunded
PMT002299,O002299,Gift Card,Pending
PMT002300,O002300,Credit Card,Pending
PMT002301,O002301,Buy Now Pay Later,Paid
PMT002302,O002302,Buy Now Pay Later,Paid
PMT002303,O002303,Gift Card,Pending
PMT002304,O002304,Credit Card,Paid
PMT002305,O002305,Buy Now Pay Later,Paid
PMT002306,O002306,PayPal,Pending
PMT002307,O002307,Credit Card,Paid
PMT002308,O002308,Gift Card,Paid
PMT002309,O002309,PayPal,Paid
PMT002310,O002310,Gift Card,Paid
PMT002311,O002311,Credit Card,Pending
PMT002312,O002312,Buy Now Pay Later,Refunded
PMT002313,O002313,Buy Now Pay Later,Paid
PMT002314,O002314,Credit Card,Paid
PMT002315,O002315,PayPal,Pending
PMT002316,O002316,Buy Now Pay Later,Paid
PMT002317,O002317,Gift Card,Paid
PMT002318,O002318,Gift Card,Paid
PMT002319,O002319,PayPal,Paid
PMT002320,O002320,Gift Card,Paid
PMT002321,O002321,Credit Card,Paid
PMT002322,O002322,Debit Card,Paid
PMT002323,O002323,Gift Card,Paid
PMT002324,O002324,Buy Now Pay Later,Paid
PMT002325,O002325,Credit Card,Paid
PMT002326,O002326,Buy Now Pay Later,Paid
PMT002327,O002327,Credit Card,Paid
PMT002328,O002328,Credit Card,Pending
PMT002329,O002329,PayPal,Paid
PMT002330,O002330,Gift Card,Pending
PMT002331,O002331,Buy Now Pay Later,Pending
PMT002332,O002332,Debit Card,Paid
PMT002333,O002333,Debit Card,Refunded
PMT002334,O002334,Credit Card,Paid
PMT002335,O002335,Credit Card,Paid
PMT002336,O002336,Gift Card,Paid
PMT002337,O002337,Buy Now Pay Later,Pending
PMT002338,O002338,Gift Card,Paid
PMT002339,O002339,Debit Card,Paid
PMT002340,O002340,Debit Card,Paid
PMT002341,O002341,Gift Card,Paid
PMT002342,O002342,Gift Card,Paid
PMT002343,O002343,PayPal,Paid
PMT002344,O002344,Buy Now Pay Later,Pending
PMT002345,O002345,Buy Now Pay Later,Pending
PMT002346,O002346,Gift Card,Paid
PMT002347,O002347,Credit Card,Pending
PMT002348,O002348,Buy Now Pay Later,Paid
PMT002349,O002349,Credit Card,Paid
PMT002350,O002350,Gift Card,Paid
PMT002351,O002351,Credit Card,Pending
PMT002352,O002352,Credit Card,Pending
PMT002353,O002353,PayPal,Paid
PMT002354,O002354,Gift Card,Paid
PMT002355,O002355,Gift Card,Paid
PMT002356,O002356,Buy Now Pay Later,Pending
PMT002357,O002357,PayPal,Pending
PMT002358,O002358,Debit Card,Paid
PMT002359,O002359,PayPal,Pending
PMT002360,O002360,Buy Now Pay Later,Paid
PMT002361,O002361,Buy Now Pay Later,Paid
PMT002362,O002362,Debit Card,Paid
PMT002363,O002363,Credit Card,Paid
PMT002364,O002364,Credit Card,Paid
PMT002365,O002365,Debit Card,Pending
PMT002366,O002366,Buy Now Pay Later,Pending
PMT002367,O002367,PayPal,Paid
PMT002368,O002368,PayPal,Paid
PMT002369,O002369,Credit Card,Pending
PMT002370,O002370,Gift Card,Paid
PMT002371,O002371,Credit Card,Pending
PMT002372,O002372,Buy Now Pay Later,Pending
PMT002373,O002373,Gift Card,Paid
PMT002374,O002374,Buy Now Pay Later,Paid
PMT002375,O002375,Debit Card,Paid
PMT002376,O002376,Gift Card,Pending
PMT002377,O002377,Debit Card,Paid
PMT002378,O002378,Buy Now Pay Later,Paid
PMT002379,O002379,Credit Card,Pending
PMT002380,O002380,Gift Card,Paid
PMT002381,O002381,PayPal,Pending
PMT002382,O002382,Gift Card,Paid
PMT002383,O002383,PayPal,Paid
PMT002384,O002384,Buy Now Pay Later,Paid
PMT002385,O002385,Credit Card,Paid
PMT002386,O002386,Buy Now Pay Later,Paid
PMT002387,O002387,Gift Card,Paid
PMT002388,O002388,Gift Card,Paid
PMT002389,O002389,Credit Card,Pending
PMT002390,O002390,Debit Card,Paid
PMT002391,O002391,Gift Card,Paid
PMT002392,O002392,Gift Card,Paid
PMT002393,O002393,Debit Card,Paid
PMT002394,O002394,PayPal,Paid
PMT002395,O002395,Debit Card,Paid
PMT002396,O002396,Buy Now Pay Later,Paid
PMT002397,O002397,Credit Card,Paid
PMT002398,O002398,Debit Card,Paid
PMT002399,O002399,Debit Card,Paid
PMT002400,O002400,Debit Card,Pending
PMT002401,O002401,Buy Now Pay Later,Paid
PMT002402,O002402,Buy Now Pay Later,Paid
PMT002403,O002403,Debit Card,Paid
PMT002404,O002404,Debit Card,Paid
PMT002405,O002405,PayPal,Paid
PMT002406,O002406,PayPal,Paid
PMT002407,O002407,Debit Card,Pending
PMT002408,O002408,PayPal,Pending
PMT002409,O002409,Credit Card,Paid
PMT002410,O002410,Gift Card,Paid
PMT002411,O002411,Debit Card,Pending
PMT002412,O002412,Gift Card,Paid
PMT002413,O002413,Credit Card,Paid
PMT002414,O002414,Debit Card,Pending
PMT002415,O002415,Credit Card,Paid
PMT002416,O002416,Debit Card,Paid
PMT002417,O002417,PayPal,Paid
PMT002418,O002418,Buy Now Pay Later,Paid
PMT002419,O002419,Credit Card,Refunded
PMT002420,O002420,PayPal,Paid
PMT002421,O002421,PayPal,Paid
PMT002422,O002422,Buy Now Pay Later,Paid
PMT002423,O002423,Gift Card,Paid
PMT002424,O002424,PayPal,Refunded
PMT002425,O002425,Credit Card,Pending
PMT002426,O002426,Gift Card,Paid
PMT002427,O002427,Buy Now Pay Later,Paid
PMT002428,O002428,Gift Card,Paid
PMT002429,O002429,Buy Now Pay Later,Pending
PMT002430,O002430,Credit Card,Pending
PMT002431,O002431,PayPal,Pending
PMT002432,O002432,Buy Now Pay Later,Paid
PMT002433,O002433,Gift Card,Paid
PMT002434,O002434,Debit Card,Paid
PMT002435,O002435,Buy Now Pay Later,Paid
PMT002436,O002436,PayPal,Paid
PMT002437,O002437,Buy Now Pay Later,Pending
PMT002438,O002438,Gift Card,Refunded
PMT002439,O002439,Credit Card,Paid
PMT002440,O002440,Credit Card,Paid
PMT002441,O002441,Gift Card,Refunded
PMT002442,O002442,Debit Card,Pending
PMT002443,O002443,Gift Card,Paid
PMT002444,O002444,Debit Card,Paid
PMT002445,O002445,Gift Card,Paid
PMT002446,O002446,Buy Now Pay Later,Paid
PMT002447,O002447,PayPal,Paid
PMT002448,O002448,PayPal,Paid
PMT002449,O002449,Debit Card,Paid
PMT002450,O002450,Gift Card,Paid
PMT002451,O002451,PayPal,Pending
PMT002452,O002452,PayPal,Pending
PMT002453,O002453,Buy Now Pay Later,Paid
PMT002454,O002454,Buy Now Pay Later,Paid
PMT002455,O002455,Debit Card,Pending
PMT002456,O002456,Buy Now Pay Later,Pending
PMT002457,O002457,Debit Card,Paid
PMT002458,O002458,Gift Card,Pending
PMT002459,O002459,Gift Card,Pending
PMT002460,O002460,Buy Now Pay Later,Paid
PMT002461,O002461,PayPal,Paid
PMT002462,O002462,Debit Card,Paid
PMT002463,O002463,PayPal,Pending
PMT002464,O002464,Gift Card,Paid
PMT002465,O002465,PayPal,Paid
PMT002466,O002466,Credit Card,Paid
PMT002467,O002467,Gift Card,Paid
PMT002468,O002468,PayPal,Paid
PMT002469,O002469,PayPal,Pending
PMT002470,O002470,Debit Card,Paid
PMT002471,O002471,PayPal,Paid
PMT002472,O002472,Gift Card,Paid
PMT002473,O002473,Buy Now Pay Later,Pending
PMT002474,O002474,Gift Card,Paid
PMT002475,O002475,PayPal,Pending
PMT002476,O002476,Gift Card,Paid
PMT002477,O002477,Gift Card,Paid
PMT002478,O002478,Debit Card,Pending
PMT002479,O002479,Buy Now Pay Later,Pending
PMT002480,O002480,PayPal,Paid
PMT002481,O002481,Gift Card,Paid
PMT002482,O002482,Buy Now Pay Later,Paid
PMT002483,O002483,PayPal,Paid
PMT002484,O002484,Gift Card,Paid
PMT002485,O002485,Credit Card,Paid
PMT002486,O002486,Credit Card,Paid
PMT002487,O002487,Buy Now Pay Later,Paid
PMT002488,O002488,PayPal,Paid
PMT002489,O002489,Buy Now Pay Later,Paid
PMT002490,O002490,Credit Card,Pending
PMT002491,O002491,Buy Now Pay Later,Paid
PMT002492,O002492,Credit Card,Paid
PMT002493,O002493,Credit Card,Paid
PMT002494,O002494,PayPal,Pending
PMT002495,O002495,PayPal,Refunded
PMT002496,O002496,Gift Card,Pending
PMT002497,O002497,Gift Card,Paid
PMT002498,O002498,Gift Card,Refunded
PMT002499,O002499,Credit Card,Pending
PMT002500,O002500,Buy Now Pay Later,Pending
PMT002501,O002501,Credit Card,Pending
PMT002502,O002502,Credit Card,Paid
PMT002503,O002503,Credit Card,Paid
PMT002504,O002504,Buy Now Pay Later,Paid
PMT002505,O002505,Debit Card,Paid
PMT002506,O002506,Debit Card,Refunded
PMT002507,O002507,PayPal,Refunded
PMT002508,O002508,Buy Now Pay Later,Pending
PMT002509,O002509,Debit Card,Refunded
PMT002510,O002510,Gift Card,Pending
PMT002511,O002511,Buy Now Pay Later,Pending
PMT002512,O002512,PayPal,Paid
PMT002513,O002513,PayPal,Pending
PMT002514,O002514,Gift Card,Paid
PMT002515,O002515,Credit Card,Paid
PMT002516,O002516,Gift Card,Paid
PMT002517,O002517,Debit Card,Paid
PMT002518,O002518,Buy Now Pay Later,Paid
PMT002519,O002519,PayPal,Paid
PMT002520,O002520,PayPal,Paid
PMT002521,O002521,Gift Card,Paid
PMT002522,O002522,PayPal,Paid
PMT002523,O002523,PayPal,Paid
PMT002524,O002524,Gift Card,Pending
PMT002525,O002525,PayPal,Pending
PMT002526,O002526,Debit Card,Paid
PMT002527,O002527,Buy Now Pay Later,Paid
PMT002528,O002528,Debit Card,Paid
PMT002529,O002529,Debit Card,Paid
PMT002530,O002530,PayPal,Paid
PMT002531,O002531,Gift Card,Refunded
PMT002532,O002532,PayPal,Pending
PMT002533,O002533,PayPal,Paid
PMT002534,O002534,Debit Card,Paid
PMT002535,O002535,PayPal,Paid
PMT002536,O002536,Buy Now Pay Later,Paid
PMT002537,O002537,Credit Card,Paid
PMT002538,O002538,Buy Now Pay Later,Pending
PMT002539,O002539,Debit Card,Paid
PMT002540,O002540,PayPal,Paid
PMT002541,O002541,Credit Card,Paid
PMT002542,O002542,PayPal,Paid
PMT002543,O002543,PayPal,Paid
PMT002544,O002544,Gift Card,Paid
PMT002545,O002545,Buy Now Pay Later,Pending
PMT002546,O002546,PayPal,Paid
PMT002547,O002547,Debit Card,Paid
PMT002548,O002548,PayPal,Refunded
PMT002549,O002549,PayPal,Pending
PMT002550,O002550,PayPal,Refunded
PMT002551,O002551,Credit Card,Pending
PMT002552,O002552,Debit Card,Paid
PMT002553,O002553,Buy Now Pay Later,Paid
PMT002554,O002554,Buy Now Pay Later,Paid
PMT002555,O002555,Buy Now Pay Later,Pending
PMT002556,O002556,Buy Now Pay Later,Paid
PMT002557,O002557,Debit Card,Refunded
PMT002558,O002558,Debit Card,Paid
PMT002559,O002559,Debit Card,Paid
PMT002560,O002560,Buy Now Pay Later,Paid
PMT002561,O002561,Debit Card,Paid
PMT002562,O002562,Credit Card,Paid
PMT002563,O002563,Buy Now Pay Later,Paid
PMT002564,O002564,Buy Now Pay Later,Paid
PMT002565,O002565,Buy Now Pay Later,Paid
PMT002566,O002566,Buy Now Pay Later,Refunded
PMT002567,O002567,Gift Card,Paid
PMT002568,O002568,Debit Card,Paid
PMT002569,O002569,Credit Card,Pending
PMT002570,O002570,Debit Card,Paid
PMT002571,O002571,Debit Card,Paid
PMT002572,O002572,Gift Card,Paid
PMT002573,O002573,Credit Card,Paid
PMT002574,O002574,Debit Card,Paid
PMT002575,O002575,PayPal,Refunded
PMT002576,O002576,PayPal,Paid
PMT002577,O002577,Credit Card,Paid
PMT002578,O002578,Buy Now Pay Later,Paid
PMT002579,O002579,Buy Now Pay Later,Paid
PMT002580,O002580,Buy Now Pay Later,Pending
PMT002581,O002581,Buy Now Pay Later,Paid
PMT002582,O002582,Credit Card,Pending
PMT002583,O002583,Buy Now Pay Later,Paid
PMT002584,O002584,Debit Card,Paid
PMT002585,O002585,PayPal,Pending
PMT002586,O002586,Buy Now Pay Later,Paid
PMT002587,O002587,Debit Card,Pending
PMT002588,O002588,Buy Now Pay Later,Paid
PMT002589,O002589,Buy Now Pay Later,Paid
PMT002590,O002590,Buy Now Pay Later,Paid
PMT002591,O002591,PayPal,Pending
PMT002592,O002592,Debit Card,Paid
PMT002593,O002593,Credit Card,Paid
PMT002594,O002594,PayPal,Pending
PMT002595,O002595,Credit Card,Paid
PMT002596,O002596,Credit Card,Paid
PMT002597,O002597,PayPal,Refunded
PMT002598,O002598,Debit Card,Refunded
PMT002599,O002599,Credit Card,Paid
PMT002600,O002600,PayPal,Paid
PMT002601,O002601,Credit Card,Paid
PMT002602,O002602,Credit Card,Paid
PMT002603,O002603,Credit Card,Paid
PMT002604,O002604,Gift Card,Paid
PMT002605,O002605,Buy Now Pay Later,Paid
PMT002606,O002606,Debit Card,Paid
PMT002607,O002607,Buy Now Pay Later,Paid
PMT002608,O002608,PayPal,Paid
PMT002609,O002609,Credit Card,Paid
PMT002610,O002610,Credit Card,Paid
PMT002611,O002611,PayPal,Paid
PMT002612,O002612,Credit Card,Paid
PMT002613,O002613,Debit Card,Paid
PMT002614,O002614,Buy Now Pay Later,Paid
PMT002615,O002615,Credit Card,Pending
PMT002616,O002616,Credit Card,Pending
PMT002617,O002617,Buy Now Pay Later,Refunded
PMT002618,O002618,Buy Now Pay Later,Pending
PMT002619,O002619,Buy Now Pay Later,Paid
PMT002620,O002620,Debit Card,Paid
PMT002621,O002621,PayPal,Paid
PMT002622,O002622,Debit Card,Pending
PMT002623,O002623,Buy Now Pay Later,Paid
PMT002624,O002624,Credit Card,Paid
PMT002625,O002625,Buy Now Pay Later,Paid
PMT002626,O002626,Debit Card,Paid
PMT002627,O002627,Gift Card,Pending
PMT002628,O002628,Debit Card,Paid
PMT002629,O002629,Buy Now Pay Later,Pending
PMT002630,O002630,PayPal,Paid
PMT002631,O002631,Debit Card,Paid
PMT002632,O002632,Gift Card,Paid
PMT002633,O002633,Debit Card,Paid
PMT002634,O002634,PayPal,Paid
PMT002635,O002635,PayPal,Paid
PMT002636,O002636,Gift Card,Paid
PMT002637,O002637,Credit Card,Refunded
PMT002638,O002638,PayPal,Pending
PMT002639,O002639,Credit Card,Paid
PMT002640,O002640,PayPal,Paid
PMT002641,O002641,Debit Card,Paid
PMT002642,O002642,Gift Card,Paid
PMT002643,O002643,Gift Card,Pending
PMT002644,O002644,Gift Card,Paid
PMT002645,O002645,Buy Now Pay Later,Paid
PMT002646,O002646,Gift Card,Paid
PMT002647,O002647,PayPal,Pending
PMT002648,O002648,Debit Card,Paid
PMT002649,O002649,Gift Card,Pending
PMT002650,O002650,Debit Card,Paid
PMT002651,O002651,Gift Card,Paid
PMT002652,O002652,Credit Card,Paid
PMT002653,O002653,PayPal,Paid
PMT002654,O002654,Credit Card,Paid
PMT002655,O002655,Buy Now Pay Later,Paid
PMT002656,O002656,Debit Card,Pending
PMT002657,O002657,Credit Card,Pending
PMT002658,O002658,Credit Card,Paid
PMT002659,O002659,Credit Card,Paid
PMT002660,O002660,Gift Card,Pending
PMT002661,O002661,Buy Now Pay Later,Paid
PMT002662,O002662,Debit Card,Paid
PMT002663,O002663,Debit Card,Paid
PMT002664,O002664,Buy Now Pay Later,Paid
PMT002665,O002665,PayPal,Paid
PMT002666,O002666,Credit Card,Paid
PMT002667,O002667,Buy Now Pay Later,Refunded
PMT002668,O002668,Buy Now Pay Later,Paid
PMT002669,O002669,Buy Now Pay Later,Paid
PMT002670,O002670,Debit Card,Pending
PMT002671,O002671,Debit Card,Paid
PMT002672,O002672,Buy Now Pay Later,Paid
PMT002673,O002673,Buy Now Pay Later,Paid
PMT002674,O002674,Buy Now Pay Later,Paid
PMT002675,O002675,PayPal,Paid
PMT002676,O002676,Credit Card,Refunded
PMT002677,O002677,Buy Now Pay Later,Pending
PMT002678,O002678,Credit Card,Pending
PMT002679,O002679,Gift Card,Paid
PMT002680,O002680,Buy Now Pay Later,Paid
PMT002681,O002681,PayPal,Paid
PMT002682,O002682,Gift Card,Pending
PMT002683,O002683,Gift Card,Paid
PMT002684,O002684,Debit Card,Paid
PMT002685,O002685,Gift Card,Pending
PMT002686,O002686,Debit Card,Pending
PMT002687,O002687,Buy Now Pay Later,Paid
PMT002688,O002688,PayPal,Paid
PMT002689,O002689,Debit Card,Paid
PMT002690,O002690,PayPal,Refunded
PMT002691,O002691,Gift Card,Paid
PMT002692,O002692,Buy Now Pay Later,Paid
PMT002693,O002693,Buy Now Pay Later,Pending
PMT002694,O002694,Buy Now Pay Later,Paid
PMT002695,O002695,Buy Now Pay Later,Paid
PMT002696,O002696,PayPal,Paid
PMT002697,O002697,Buy Now Pay Later,Paid
PMT002698,O002698,Buy Now Pay Later,Pending
PMT002699,O002699,Buy Now Pay Later,Paid
PMT002700,O002700,Debit Card,Pending
PMT002701,O002701,Buy Now Pay Later,Paid
PMT002702,O002702,PayPal,Pending
PMT002703,O002703,Credit Card,Paid
PMT002704,O002704,Debit Card,Paid
PMT002705,O002705,PayPal,Paid
PMT002706,O002706,Debit Card,Paid
PMT002707,O002707,Credit Card,Pending
PMT002708,O002708,Buy Now Pay Later,Paid
PMT002709,O002709,Buy Now Pay Later,Paid
PMT002710,O002710,Buy Now Pay Later,Paid
PMT002711,O002711,Buy Now Pay Later,Paid
PMT002712,O002712,PayPal,Paid
PMT002713,O002713,PayPal,Paid
PMT002714,O002714,PayPal,Paid
PMT002715,O002715,Credit Card,Paid
PMT002716,O002716,Debit Card,Paid
PMT002717,O002717,Credit Card,Paid
PMT002718,O002718,Gift Card,Paid
PMT002719,O002719,Buy Now Pay Later,Paid
PMT002720,O002720,Buy Now Pay Later,Pending
PMT002721,O002721,Buy Now Pay Later,Paid
PMT002722,O002722,PayPal,Pending
PMT002723,O002723,Credit Card,Paid
PMT002724,O002724,Gift Card,Paid
PMT002725,O002725,Debit Card,Paid
PMT002726,O002726,Credit Card,Paid
PMT002727,O002727,Credit Card,Paid
PMT002728,O002728,Debit Card,Paid
PMT002729,O002729,Debit Card,Paid
PMT002730,O002730,PayPal,Paid
PMT002731,O002731,Buy Now Pay Later,Paid
PMT002732,O002732,Gift Card,Paid
PMT002733,O002733,Buy Now Pay Later,Paid
PMT002734,O002734,Buy Now Pay Later,Pending
PMT002735,O002735,Debit Card,Paid
PMT002736,O002736,PayPal,Paid
PMT002737,O002737,Gift Card,Paid
PMT002738,O002738,Debit Card,Paid
PMT002739,O002739,Credit Card,Pending
PMT002740,O002740,Debit Card,Paid
PMT002741,O002741,Gift Card,Paid
PMT002742,O002742,PayPal,Paid
PMT002743,O002743,PayPal,Pending
PMT002744,O002744,Gift Card,Paid
PMT002745,O002745,Gift Card,Paid
PMT002746,O002746,PayPal,Pending
PMT002747,O002747,Gift Card,Pending
PMT002748,O002748,PayPal,Pending
PMT002749,O002749,PayPal,Pending
PMT002750,O002750,Gift Card,Paid
PMT002751,O002751,Gift Card,Pending
PMT002752,O002752,Buy Now Pay Later,Refunded
PMT002753,O002753,Buy Now Pay Later,Paid
PMT002754,O002754,Credit Card,Paid
PMT002755,O002755,Debit Card,Paid
PMT002756,O002756,Gift Card,Paid
PMT002757,O002757,Buy Now Pay Later,Pending
PMT002758,O002758,Debit Card,Pending
PMT002759,O002759,Buy Now Pay Later,Paid
PMT002760,O002760,PayPal,Paid
PMT002761,O002761,Debit Card,Paid
PMT002762,O002762,Debit Card,Paid
PMT002763,O002763,Buy Now Pay Later,Pending
PMT002764,O002764,Gift Card,Refunded
PMT002765,O002765,Buy Now Pay Later,Paid
PMT002766,O002766,PayPal,Paid
PMT002767,O002767,Gift Card,Paid
PMT002768,O002768,Gift Card,Paid
PMT002769,O002769,Debit Card,Pending
PMT002770,O002770,Debit Card,Pending
PMT002771,O002771,PayPal,Pending
PMT002772,O002772,PayPal,Pending
PMT002773,O002773,Credit Card,Paid
PMT002774,O002774,Credit Card,Paid
PMT002775,O002775,Gift Card,Pending
PMT002776,O002776,Credit Card,Paid
PMT002777,O002777,PayPal,Paid
PMT002778,O002778,Credit Card,Paid
PMT002779,O002779,Buy Now Pay Later,Paid
PMT002780,O002780,PayPal,Refunded
PMT002781,O002781,PayPal,Pending
PMT002782,O002782,Credit Card,Refunded
PMT002783,O002783,Credit Card,Refunded
PMT002784,O002784,Debit Card,Pending
PMT002785,O002785,Buy Now Pay Later,Pending
PMT002786,O002786,Gift Card,Pending
PMT002787,O002787,Buy Now Pay Later,Paid
PMT002788,O002788,Gift Card,Paid
PMT002789,O002789,PayPal,Paid
PMT002790,O002790,Debit Card,Paid
PMT002791,O002791,Buy Now Pay Later,Pending
PMT002792,O002792,Credit Card,Refunded
PMT002793,O002793,Debit Card,Pending
PMT002794,O002794,Credit Card,Paid
PMT002795,O002795,PayPal,Paid
PMT002796,O002796,Gift Card,Paid
PMT002797,O002797,Buy Now Pay Later,Paid
PMT002798,O002798,Gift Card,Paid
PMT002799,O002799,Buy Now Pay Later,Paid
PMT002800,O002800,Credit Card,Pending
PMT002801,O002801,Debit Card,Pending
PMT002802,O002802,Credit Card,Refunded
PMT002803,O002803,Gift Card,Paid
PMT002804,O002804,Buy Now Pay Later,Paid
PMT002805,O002805,Buy Now Pay Later,Refunded
PMT002806,O002806,Debit Card,Paid
PMT002807,O002807,Buy Now Pay Later,Paid
PMT002808,O002808,Credit Card,Paid
PMT002809,O002809,PayPal,Paid
PMT002810,O002810,PayPal,Paid
PMT002811,O002811,Gift Card,Paid
PMT002812,O002812,Credit Card,Paid
PMT002813,O002813,Gift Card,Pending
PMT002814,O002814,Gift Card,Paid
PMT002815,O002815,PayPal,Paid
PMT002816,O002816,Credit Card,Paid
PMT002817,O002817,Debit Card,Paid
PMT002818,O002818,Buy Now Pay Later,Paid
PMT002819,O002819,PayPal,Pending
PMT002820,O002820,PayPal,Paid
PMT002821,O002821,PayPal,Paid
PMT002822,O002822,Credit Card,Paid
PMT002823,O002823,Buy Now Pay Later,Paid
PMT002824,O002824,Credit Card,Paid
PMT002825,O002825,Credit Card,Paid
PMT002826,O002826,PayPal,Paid
PMT002827,O002827,Buy Now Pay Later,Paid
PMT002828,O002828,Buy Now Pay Later,Paid
PMT002829,O002829,Debit Card,Paid
PMT002830,O002830,Gift Card,Paid
PMT002831,O002831,PayPal,Paid
PMT002832,O002832,Gift Card,Paid
PMT002833,O002833,Credit Card,Paid
PMT002834,O002834,Gift Card,Paid
PMT002835,O002835,Debit Card,Paid
PMT002836,O002836,Buy Now Pay Later,Paid
PMT002837,O002837,Buy Now Pay Later,Pending
PMT002838,O002838,Buy Now Pay Later,Pending
PMT002839,O002839,Credit Card,Paid
PMT002840,O002840,Credit Card,Pending
PMT002841,O002841,PayPal,Paid
PMT002842,O002842,Credit Card,Paid
PMT002843,O002843,PayPal,Paid
PMT002844,O002844,PayPal,Paid
PMT002845,O002845,Credit Card,Paid
PMT002846,O002846,Debit Card,Paid
PMT002847,O002847,PayPal,Pending
PMT002848,O002848,Debit Card,Paid
PMT002849,O002849,PayPal,Paid
PMT002850,O002850,Buy Now Pay Later,Refunded
PMT002851,O002851,Debit Card,Pending
PMT002852,O002852,Debit Card,Refunded
PMT002853,O002853,Gift Card,Paid
PMT002854,O002854,Gift Card,Paid
PMT002855,O002855,Buy Now Pay Later,Pending
PMT002856,O002856,Buy Now Pay Later,Paid
PMT002857,O002857,Buy Now Pay Later,Pending
PMT002858,O002858,Debit Card,Paid
PMT002859,O002859,Gift Card,Pending
PMT002860,O002860,Gift Card,Pending
PMT002861,O002861,Debit Card,Pending
PMT002862,O002862,Credit Card,Paid
PMT002863,O002863,Debit Card,Pending
PMT002864,O002864,Credit Card,Pending
PMT002865,O002865,Gift Card,Paid
PMT002866,O002866,Buy Now Pay Later,Paid
PMT002867,O002867,Debit Card,Paid
PMT002868,O002868,PayPal,Paid
PMT002869,O002869,Credit Card,Paid
PMT002870,O002870,Debit Card,Paid
PMT002871,O002871,PayPal,Paid
PMT002872,O002872,Gift Card,Paid
PMT002873,O002873,Credit Card,Paid
PMT002874,O002874,Buy Now Pay Later,Paid
PMT002875,O002875,Buy Now Pay Later,Paid
PMT002876,O002876,Buy Now Pay Later,Paid
PMT002877,O002877,Buy Now Pay Later,Paid
PMT002878,O002878,Debit Card,Paid
PMT002879,O002879,Gift Card,Paid
PMT002880,O002880,Credit Card,Paid
PMT002881,O002881,Credit Card,Pending
PMT002882,O002882,Debit Card,Paid
PMT002883,O002883,Credit Card,Pending
PMT002884,O002884,Debit Card,Paid
PMT002885,O002885,PayPal,Pending
PMT002886,O002886,Credit Card,Paid
PMT002887,O002887,Buy Now Pay Later,Paid
PMT002888,O002888,Gift Card,Pending
PMT002889,O002889,Credit Card,Paid
PMT002890,O002890,Credit Card,Paid
PMT002891,O002891,Debit Card,Paid
PMT002892,O002892,Gift Card,Paid
PMT002893,O002893,Buy Now Pay Later,Paid
PMT002894,O002894,Gift Card,Paid
PMT002895,O002895,Debit Card,Paid
PMT002896,O002896,Credit Card,Paid
PMT002897,O002897,Buy Now Pay Later,Paid
PMT002898,O002898,Debit Card,Paid
PMT002899,O002899,Gift Card,Paid
PMT002900,O002900,Buy Now Pay Later,Paid
PMT002901,O002901,Buy Now Pay Later,Pending
PMT002902,O002902,Debit Card,Pending
PMT002903,O002903,Buy Now Pay Later,Paid
PMT002904,O002904,Debit Card,Pending
PMT002905,O002905,Buy Now Pay Later,Paid
PMT002906,O002906,Credit Card,Pending
PMT002907,O002907,Credit Card,Paid
PMT002908,O002908,Gift Card,Paid
PMT002909,O002909,Credit Card,Paid
PMT002910,O002910,Credit Card,Refunded
PMT002911,O002911,PayPal,Pending
PMT002912,O002912,Gift Card,Paid
PMT002913,O002913,Debit Card,Paid
PMT002914,O002914,PayPal,Paid
PMT002915,O002915,Buy Now Pay Later,Paid
PMT002916,O002916,Credit Card,Paid
PMT002917,O002917,Gift Card,Paid
PMT002918,O002918,Gift Card,Paid
PMT002919,O002919,Credit Card,Paid
PMT002920,O002920,Buy Now Pay Later,Paid
PMT002921,O002921,Gift Card,Pending
PMT002922,O002922,Gift Card,Paid
PMT002923,O002923,PayPal,Paid
PMT002924,O002924,Debit Card,Pending
PMT002925,O002925,PayPal,Paid
PMT002926,O002926,Gift Card,Paid
PMT002927,O002927,PayPal,Pending
PMT002928,O002928,Credit Card,Paid
PMT002929,O002929,Gift Card,Pending
PMT002930,O002930,Buy Now Pay Later,Paid
PMT002931,O002931,Credit Card,Paid
PMT002932,O002932,Credit Card,Paid
PMT002933,O002933,Buy Now Pay Later,Paid
PMT002934,O002934,Buy Now Pay Later,Pending
PMT002935,O002935,Buy Now Pay Later,Pending
PMT002936,O002936,PayPal,Pending
PMT002937,O002937,Gift Card,Paid
PMT002938,O002938,Credit Card,Paid
PMT002939,O002939,Debit Card,Refunded
PMT002940,O002940,Debit Card,Paid
PMT002941,O002941,Buy Now Pay Later,Paid
PMT002942,O002942,Gift Card,Paid
PMT002943,O002943,Credit Card,Paid
PMT002944,O002944,Debit Card,Paid
PMT002945,O002945,Credit Card,Pending
PMT002946,O002946,Buy Now Pay Later,Paid
PMT002947,O002947,Credit Card,Paid
PMT002948,O002948,PayPal,Refunded
PMT002949,O002949,Buy Now Pay Later,Pending
PMT002950,O002950,Gift Card,Paid
PMT002951,O002951,Credit Card,Paid
PMT002952,O002952,Debit Card,Paid
PMT002953,O002953,Debit Card,Pending
PMT002954,O002954,Debit Card,Paid
PMT002955,O002955,Buy Now Pay Later,Refunded
PMT002956,O002956,Gift Card,Paid
PMT002957,O002957,Gift Card,Paid
PMT002958,O002958,Debit Card,Paid
PMT002959,O002959,Debit Card,Paid
PMT002960,O002960,Credit Card,Paid
PMT002961,O002961,PayPal,Pending
PMT002962,O002962,Debit Card,Paid
PMT002963,O002963,PayPal,Pending
PMT002964,O002964,PayPal,Pending
PMT002965,O002965,Buy Now Pay Later,Pending
PMT002966,O002966,Credit Card,Paid
PMT002967,O002967,Credit Card,Paid
PMT002968,O002968,Credit Card,Paid
PMT002969,O002969,Gift Card,Paid
PMT002970,O002970,Buy Now Pay Later,Paid
PMT002971,O002971,PayPal,Refunded
PMT002972,O002972,PayPal,Paid
PMT002973,O002973,Gift Card,Paid
PMT002974,O002974,Credit Card,Refunded
PMT002975,O002975,Buy Now Pay Later,Paid
PMT002976,O002976,Gift Card,Pending
PMT002977,O002977,Gift Card,Pending
PMT002978,O002978,Gift Card,Paid
PMT002979,O002979,PayPal,Paid
PMT002980,O002980,Gift Card,Paid
PMT002981,O002981,Buy Now Pay Later,Paid
PMT002982,O002982,Buy Now Pay Later,Pending
PMT002983,O002983,Credit Card,Paid
PMT002984,O002984,Gift Card,Paid
PMT002985,O002985,Gift Card,Paid
PMT002986,O002986,Debit Card,Paid
PMT002987,O002987,Buy Now Pay Later,Paid
PMT002988,O002988,PayPal,Paid
PMT002989,O002989,PayPal,Paid
PMT002990,O002990,Credit Card,Paid
PMT002991,O002991,Buy Now Pay Later,Paid
PMT002992,O002992,Debit Card,Paid
PMT002993,O002993,Gift Card,Refunded
PMT002994,O002994,Buy Now Pay Later,Paid
PMT002995,O002995,Debit Card,Refunded
PMT002996,O002996,Credit Card,Paid
PMT002997,O002997,Gift Card,Paid
PMT002998,O002998,Debit Card,Paid
PMT002999,O002999,Gift Card,Paid
PMT003000,O003000,Buy Now Pay Later,Paid
PMT003001,O003001,PayPal,Paid
PMT003002,O003002,Debit Card,Paid
PMT003003,O003003,PayPal,Refunded
PMT003004,O003004,Debit Card,Paid
PMT003005,O003005,PayPal,Paid
PMT003006,O003006,PayPal,Paid
PMT003007,O003007,Debit Card,Paid
PMT003008,O003008,Buy Now Pay Later,Pending
PMT003009,O003009,Debit Card,Paid
PMT003010,O003010,PayPal,Refunded
PMT003011,O003011,PayPal,Pending
PMT003012,O003012,Credit Card,Paid
PMT003013,O003013,Debit Card,Pending
PMT003014,O003014,Buy Now Pay Later,Pending
PMT003015,O003015,Gift Card,Refunded
PMT003016,O003016,Debit Card,Paid
PMT003017,O003017,Gift Card,Pending
PMT003018,O003018,Credit Card,Refunded
PMT003019,O003019,PayPal,Paid
PMT003020,O003020,PayPal,Paid
PMT003021,O003021,PayPal,Paid
PMT003022,O003022,PayPal,Pending
PMT003023,O003023,Debit Card,Paid
PMT003024,O003024,Gift Card,Refunded
PMT003025,O003025,Debit Card,Paid
PMT003026,O003026,Gift Card,Paid
PMT003027,O003027,Buy Now Pay Later,Paid
PMT003028,O003028,Credit Card,Refunded
PMT003029,O003029,Debit Card,Paid
PMT003030,O003030,PayPal,Paid
PMT003031,O003031,PayPal,Pending
PMT003032,O003032,Credit Card,Pending
PMT003033,O003033,Debit Card,Paid
PMT003034,O003034,Gift Card,Paid
PMT003035,O003035,Buy Now Pay Later,Paid
PMT003036,O003036,Buy Now Pay Later,Paid
PMT003037,O003037,Buy Now Pay Later,Refunded
PMT003038,O003038,Credit Card,Paid
PMT003039,O003039,PayPal,Paid
PMT003040,O003040,Buy Now Pay Later,Paid
PMT003041,O003041,Gift Card,Paid
PMT003042,O003042,Credit Card,Paid
PMT003043,O003043,Debit Card,Pending
PMT003044,O003044,PayPal,Refunded
PMT003045,O003045,Credit Card,Paid
PMT003046,O003046,PayPal,Refunded
PMT003047,O003047,Credit Card,Paid
PMT003048,O003048,Buy Now Pay Later,Pending
PMT003049,O003049,Buy Now Pay Later,Paid
PMT003050,O003050,Buy Now Pay Later,Paid
PMT003051,O003051,Debit Card,Pending
PMT003052,O003052,Gift Card,Paid
PMT003053,O003053,PayPal,Paid
PMT003054,O003054,Gift Card,Paid
PMT003055,O003055,Gift Card,Paid
PMT003056,O003056,PayPal,Pending
PMT003057,O003057,Gift Card,Paid
PMT003058,O003058,Debit Card,Paid
PMT003059,O003059,Credit Card,Paid
PMT003060,O003060,PayPal,Pending
PMT003061,O003061,Gift Card,Paid
PMT003062,O003062,Debit Card,Paid
PMT003063,O003063,Credit Card,Paid
PMT003064,O003064,Buy Now Pay Later,Paid
PMT003065,O003065,Debit Card,Paid
PMT003066,O003066,Buy Now Pay Later,Paid
PMT003067,O003067,Debit Card,Paid
PMT003068,O003068,Credit Card,Paid
PMT003069,O003069,Debit Card,Paid
PMT003070,O003070,Debit Card,Paid
PMT003071,O003071,PayPal,Paid
PMT003072,O003072,Buy Now Pay Later,Pending
PMT003073,O003073,PayPal,Paid
PMT003074,O003074,Buy Now Pay Later,Paid
PMT003075,O003075,PayPal,Paid
PMT003076,O003076,Credit Card,Paid
PMT003077,O003077,Credit Card,Paid
PMT003078,O003078,Credit Card,Paid
PMT003079,O003079,Credit Card,Pending
PMT003080,O003080,Gift Card,Paid
PMT003081,O003081,Buy Now Pay Later,Paid
PMT003082,O003082,PayPal,Paid
PMT003083,O003083,Credit Card,Pending
PMT003084,O003084,Buy Now Pay Later,Paid
PMT003085,O003085,PayPal,Pending
PMT003086,O003086,Debit Card,Refunded
PMT003087,O003087,Gift Card,Paid
PMT003088,O003088,Debit Card,Paid
PMT003089,O003089,Credit Card,Paid
PMT003090,O003090,Credit Card,Paid
PMT003091,O003091,Buy Now Pay Later,Pending
PMT003092,O003092,Debit Card,Pending
PMT003093,O003093,Credit Card,Paid
PMT003094,O003094,PayPal,Paid
PMT003095,O003095,PayPal,Paid
PMT003096,O003096,Gift Card,Pending
PMT003097,O003097,Gift Card,Paid
PMT003098,O003098,PayPal,Paid
PMT003099,O003099,Gift Card,Paid
PMT003100,O003100,Debit Card,Paid
PMT003101,O003101,Debit Card,Pending
PMT003102,O003102,Credit Card,Paid
PMT003103,O003103,Gift Card,Pending
PMT003104,O003104,Debit Card,Pending
PMT003105,O003105,Gift Card,Paid
PMT003106,O003106,PayPal,Paid
PMT003107,O003107,Buy Now Pay Later,Paid
PMT003108,O003108,Debit Card,Paid
PMT003109,O003109,Gift Card,Pending
PMT003110,O003110,Debit Card,Paid
PMT003111,O003111,Debit Card,Paid
PMT003112,O003112,Credit Card,Pending
PMT003113,O003113,PayPal,Paid
PMT003114,O003114,Buy Now Pay Later,Paid
PMT003115,O003115,Buy Now Pay Later,Paid
PMT003116,O003116,Debit Card,Paid
PMT003117,O003117,Gift Card,Pending
PMT003118,O003118,Debit Card,Paid
PMT003119,O003119,Buy Now Pay Later,Paid
PMT003120,O003120,Debit Card,Paid
PMT003121,O003121,Buy Now Pay Later,Paid
PMT003122,O003122,Gift Card,Paid
PMT003123,O003123,Buy Now Pay Later,Paid
PMT003124,O003124,PayPal,Paid
PMT003125,O003125,Gift Card,Paid
PMT003126,O003126,Debit Card,Paid
PMT003127,O003127,Credit Card,Pending
PMT003128,O003128,Debit Card,Paid
PMT003129,O003129,Debit Card,Paid
PMT003130,O003130,Debit Card,Paid
PMT003131,O003131,PayPal,Paid
PMT003132,O003132,Gift Card,Paid
PMT003133,O003133,PayPal,Pending
PMT003134,O003134,Buy Now Pay Later,Paid
PMT003135,O003135,Credit Card,Paid
PMT003136,O003136,Gift Card,Paid
PMT003137,O003137,Buy Now Pay Later,Pending
PMT003138,O003138,Buy Now Pay Later,Paid
PMT003139,O003139,Debit Card,Pending
PMT003140,O003140,Buy Now Pay Later,Pending
PMT003141,O003141,PayPal,Pending
PMT003142,O003142,Gift Card,Refunded
PMT003143,O003143,Debit Card,Paid
PMT003144,O003144,PayPal,Paid
PMT003145,O003145,PayPal,Pending
PMT003146,O003146,Gift Card,Paid
PMT003147,O003147,Gift Card,Pending
PMT003148,O003148,PayPal,Pending
PMT003149,O003149,Credit Card,Paid
PMT003150,O003150,Gift Card,Paid
PMT003151,O003151,Gift Card,Paid
PMT003152,O003152,Credit Card,Paid
PMT003153,O003153,Gift Card,Paid
PMT003154,O003154,PayPal,Pending
PMT003155,O003155,Credit Card,Paid
PMT003156,O003156,Credit Card,Paid
PMT003157,O003157,Credit Card,Pending
PMT003158,O003158,PayPal,Paid
PMT003159,O003159,Buy Now Pay Later,Pending
PMT003160,O003160,Buy Now Pay Later,Paid
PMT003161,O003161,Buy Now Pay Later,Paid
PMT003162,O003162,Credit Card,Paid
PMT003163,O003163,Credit Card,Refunded
PMT003164,O003164,Debit Card,Paid
PMT003165,O003165,Credit Card,Paid
PMT003166,O003166,Debit Card,Paid
PMT003167,O003167,Debit Card,Paid
PMT003168,O003168,Credit Card,Paid
PMT003169,O003169,PayPal,Paid
PMT003170,O003170,PayPal,Paid
PMT003171,O003171,Debit Card,Paid
PMT003172,O003172,Buy Now Pay Later,Paid
PMT003173,O003173,Buy Now Pay Later,Paid
PMT003174,O003174,PayPal,Paid
PMT003175,O003175,Buy Now Pay Later,Paid
PMT003176,O003176,Gift Card,Paid
PMT003177,O003177,Credit Card,Refunded
PMT003178,O003178,Credit Card,Paid
PMT003179,O003179,PayPal,Paid
PMT003180,O003180,Buy Now Pay Later,Paid
PMT003181,O003181,Buy Now Pay Later,Pending
PMT003182,O003182,Credit Card,Paid
PMT003183,O003183,Gift Card,Paid
PMT003184,O003184,Buy Now Pay Later,Paid
PMT003185,O003185,Credit Card,Paid
PMT003186,O003186,Credit Card,Paid
PMT003187,O003187,Credit Card,Paid
PMT003188,O003188,Gift Card,Pending
PMT003189,O003189,Debit Card,Refunded
PMT003190,O003190,Debit Card,Paid
PMT003191,O003191,Debit Card,Paid
PMT003192,O003192,Debit Card,Paid
PMT003193,O003193,Gift Card,Paid
PMT003194,O003194,Debit Card,Paid
PMT003195,O003195,Gift Card,Pending
PMT003196,O003196,Buy Now Pay Later,Paid
PMT003197,O003197,Gift Card,Refunded
PMT003198,O003198,PayPal,Refunded
PMT003199,O003199,Debit Card,Paid
PMT003200,O003200,PayPal,Paid
PMT003201,O003201,Credit Card,Paid
PMT003202,O003202,Credit Card,Paid
PMT003203,O003203,Gift Card,Pending
PMT003204,O003204,Credit Card,Paid
PMT003205,O003205,Credit Card,Paid
PMT003206,O003206,Credit Card,Pending
PMT003207,O003207,Credit Card,Paid
PMT003208,O003208,PayPal,Paid
PMT003209,O003209,Buy Now Pay Later,Paid
PMT003210,O003210,Debit Card,Pending
PMT003211,O003211,Buy Now Pay Later,Pending
PMT003212,O003212,PayPal,Paid
PMT003213,O003213,PayPal,Paid
PMT003214,O003214,Buy Now Pay Later,Paid
PMT003215,O003215,PayPal,Paid
PMT003216,O003216,Gift Card,Pending
PMT003217,O003217,Debit Card,Pending
PMT003218,O003218,Gift Card,Paid
PMT003219,O003219,Credit Card,Paid
PMT003220,O003220,Debit Card,Paid
PMT003221,O003221,Buy Now Pay Later,Pending
PMT003222,O003222,PayPal,Paid
PMT003223,O003223,Buy Now Pay Later,Paid
PMT003224,O003224,Buy Now Pay Later,Pending
PMT003225,O003225,Debit Card,Paid
PMT003226,O003226,Debit Card,Paid
PMT003227,O003227,Gift Card,Paid
PMT003228,O003228,Buy Now Pay Later,Paid
PMT003229,O003229,Debit Card,Pending
PMT003230,O003230,Buy Now Pay Later,Refunded
PMT003231,O003231,Gift Card,Refunded
PMT003232,O003232,PayPal,Pending
PMT003233,O003233,Gift Card,Paid
PMT003234,O003234,PayPal,Pending
PMT003235,O003235,Gift Card,Paid
PMT003236,O003236,PayPal,Pending
PMT003237,O003237,Credit Card,Refunded
PMT003238,O003238,Gift Card,Paid
PMT003239,O003239,PayPal,Paid
PMT003240,O003240,PayPal,Paid
PMT003241,O003241,PayPal,Paid
PMT003242,O003242,Credit Card,Paid
PMT003243,O003243,Buy Now Pay Later,Pending
PMT003244,O003244,Buy Now Pay Later,Paid
PMT003245,O003245,Gift Card,Paid
PMT003246,O003246,Gift Card,Paid
PMT003247,O003247,Debit Card,Paid
PMT003248,O003248,PayPal,Paid
PMT003249,O003249,PayPal,Paid
PMT003250,O003250,PayPal,Paid
PMT003251,O003251,Credit Card,Paid
PMT003252,O003252,Buy Now Pay Later,Pending
PMT003253,O003253,Gift Card,Pending
PMT003254,O003254,Debit Card,Pending
PMT003255,O003255,Debit Card,Paid
PMT003256,O003256,Gift Card,Paid
PMT003257,O003257,Buy Now Pay Later,Pending
PMT003258,O003258,Credit Card,Paid
PMT003259,O003259,Debit Card,Paid
PMT003260,O003260,PayPal,Paid
PMT003261,O003261,Gift Card,Paid
PMT003262,O003262,Gift Card,Paid
PMT003263,O003263,Credit Card,Paid
PMT003264,O003264,PayPal,Paid
PMT003265,O003265,Debit Card,Paid
PMT003266,O003266,Credit Card,Paid
PMT003267,O003267,Buy Now Pay Later,Paid
PMT003268,O003268,PayPal,Refunded
PMT003269,O003269,Debit Card,Refunded
PMT003270,O003270,Buy Now Pay Later,Pending
PMT003271,O003271,Buy Now Pay Later,Paid
PMT003272,O003272,PayPal,Paid
PMT003273,O003273,PayPal,Paid
PMT003274,O003274,Gift Card,Paid
PMT003275,O003275,Buy Now Pay Later,Paid
PMT003276,O003276,Gift Card,Pending
PMT003277,O003277,Debit Card,Paid
PMT003278,O003278,Buy Now Pay Later,Paid
PMT003279,O003279,Credit Card,Paid
PMT003280,O003280,Gift Card,Paid
PMT003281,O003281,PayPal,Paid
PMT003282,O003282,Credit Card,Paid
PMT003283,O003283,PayPal,Paid
PMT003284,O003284,Buy Now Pay Later,Paid
PMT003285,O003285,PayPal,Paid
PMT003286,O003286,Credit Card,Paid
PMT003287,O003287,Gift Card,Paid
PMT003288,O003288,Debit Card,Paid
PMT003289,O003289,Gift Card,Paid
PMT003290,O003290,Buy Now Pay Later,Paid
PMT003291,O003291,Buy Now Pay Later,Pending
PMT003292,O003292,Credit Card,Paid
PMT003293,O003293,Credit Card,Paid
PMT003294,O003294,Gift Card,Pending
PMT003295,O003295,Debit Card,Pending
PMT003296,O003296,Gift Card,Paid
PMT003297,O003297,Debit Card,Pending
PMT003298,O003298,Buy Now Pay Later,Pending
PMT003299,O003299,Debit Card,Paid
PMT003300,O003300,Gift Card,Paid
PMT003301,O003301,Gift Card,Pending
PMT003302,O003302,PayPal,Paid
PMT003303,O003303,Buy Now Pay Later,Paid
PMT003304,O003304,Credit Card,Pending
PMT003305,O003305,Gift Card,Paid
PMT003306,O003306,Gift Card,Pending
PMT003307,O003307,Gift Card,Paid
PMT003308,O003308,Buy Now Pay Later,Paid
PMT003309,O003309,Buy Now Pay Later,Paid
PMT003310,O003310,PayPal,Paid
PMT003311,O003311,PayPal,Paid
PMT003312,O003312,Debit Card,Pending
PMT003313,O003313,PayPal,Paid
PMT003314,O003314,Credit Card,Pending
PMT003315,O003315,Gift Card,Paid
PMT003316,O003316,Buy Now Pay Later,Paid
PMT003317,O003317,PayPal,Paid
PMT003318,O003318,Debit Card,Pending
PMT003319,O003319,Debit Card,Paid
PMT003320,O003320,Buy Now Pay Later,Paid
PMT003321,O003321,Debit Card,Paid
PMT003322,O003322,Buy Now Pay Later,Pending
PMT003323,O003323,Gift Card,Paid
PMT003324,O003324,Credit Card,Paid
PMT003325,O003325,PayPal,Paid
PMT003326,O003326,Credit Card,Paid
PMT003327,O003327,Credit Card,Paid
PMT003328,O003328,Gift Card,Paid
PMT003329,O003329,Buy Now Pay Later,Paid
PMT003330,O003330,PayPal,Paid
PMT003331,O003331,PayPal,Paid
PMT003332,O003332,Buy Now Pay Later,Paid
PMT003333,O003333,PayPal,Paid
PMT003334,O003334,Buy Now Pay Later,Pending
PMT003335,O003335,Buy Now Pay Later,Pending
PMT003336,O003336,Debit Card,Paid
PMT003337,O003337,Credit Card,Paid
PMT003338,O003338,Gift Card,Paid
PMT003339,O003339,Debit Card,Paid
PMT003340,O003340,Buy Now Pay Later,Paid
PMT003341,O003341,Credit Card,Paid
PMT003342,O003342,Debit Card,Paid
PMT003343,O003343,Debit Card,Pending
PMT003344,O003344,Credit Card,Paid
PMT003345,O003345,Debit Card,Pending
PMT003346,O003346,Gift Card,Paid
PMT003347,O003347,Buy Now Pay Later,Paid
PMT003348,O003348,Gift Card,Paid
PMT003349,O003349,Credit Card,Paid
PMT003350,O003350,Debit Card,Pending
PMT003351,O003351,Debit Card,Paid
PMT003352,O003352,PayPal,Paid
PMT003353,O003353,PayPal,Paid
PMT003354,O003354,Debit Card,Paid
PMT003355,O003355,Credit Card,Paid
PMT003356,O003356,Gift Card,Paid
PMT003357,O003357,Gift Card,Pending
PMT003358,O003358,Gift Card,Paid
PMT003359,O003359,Debit Card,Pending
PMT003360,O003360,Debit Card,Paid
PMT003361,O003361,Buy Now Pay Later,Paid
PMT003362,O003362,Buy Now Pay Later,Refunded
PMT003363,O003363,PayPal,Refunded
PMT003364,O003364,PayPal,Pending
PMT003365,O003365,Buy Now Pay Later,Paid
PMT003366,O003366,Gift Card,Paid
PMT003367,O003367,PayPal,Paid
PMT003368,O003368,Buy Now Pay Later,Paid
PMT003369,O003369,Credit Card,Pending
PMT003370,O003370,Credit Card,Paid
PMT003371,O003371,Debit Card,Paid
PMT003372,O003372,PayPal,Paid
PMT003373,O003373,Buy Now Pay Later,Paid
PMT003374,O003374,Gift Card,Paid
PMT003375,O003375,Buy Now Pay Later,Paid
PMT003376,O003376,PayPal,Paid
PMT003377,O003377,Debit Card,Paid
PMT003378,O003378,Credit Card,Paid
PMT003379,O003379,Credit Card,Paid
PMT003380,O003380,Credit Card,Paid
PMT003381,O003381,Debit Card,Pending
PMT003382,O003382,Buy Now Pay Later,Paid
PMT003383,O003383,Buy Now Pay Later,Paid
PMT003384,O003384,PayPal,Paid
PMT003385,O003385,Debit Card,Paid
PMT003386,O003386,Credit Card,Pending
PMT003387,O003387,Debit Card,Paid
PMT003388,O003388,Debit Card,Paid
PMT003389,O003389,Gift Card,Paid
PMT003390,O003390,Debit Card,Paid
PMT003391,O003391,Buy Now Pay Later,Pending
PMT003392,O003392,Credit Card,Paid
PMT003393,O003393,Credit Card,Pending
PMT003394,O003394,Credit Card,Pending
PMT003395,O003395,Credit Card,Paid
PMT003396,O003396,Buy Now Pay Later,Refunded
PMT003397,O003397,Debit Card,Pending
PMT003398,O003398,Credit Card,Paid
PMT003399,O003399,Debit Card,Paid
PMT003400,O003400,Buy Now Pay Later,Paid
PMT003401,O003401,PayPal,Pending
PMT003402,O003402,Debit Card,Pending
PMT003403,O003403,Debit Card,Pending
PMT003404,O003404,PayPal,Paid
PMT003405,O003405,PayPal,Paid
PMT003406,O003406,Debit Card,Paid
PMT003407,O003407,Debit Card,Pending
PMT003408,O003408,PayPal,Paid
PMT003409,O003409,PayPal,Paid
PMT003410,O003410,PayPal,Pending
PMT003411,O003411,Buy Now Pay Later,Paid
PMT003412,O003412,PayPal,Paid
PMT003413,O003413,Debit Card,Paid
PMT003414,O003414,Gift Card,Paid
PMT003415,O003415,Buy Now Pay Later,Refunded
PMT003416,O003416,Credit Card,Pending
PMT003417,O003417,Buy Now Pay Later,Pending
PMT003418,O003418,Debit Card,Paid
PMT003419,O003419,Gift Card,Paid
PMT003420,O003420,Credit Card,Paid
PMT003421,O003421,Gift Card,Paid
PMT003422,O003422,Gift Card,Paid
PMT003423,O003423,Gift Card,Paid
PMT003424,O003424,Buy Now Pay Later,Paid
PMT003425,O003425,Debit Card,Paid
PMT003426,O003426,Credit Card,Paid
PMT003427,O003427,Gift Card,Paid
PMT003428,O003428,Debit Card,Pending
PMT003429,O003429,Gift Card,Paid
PMT003430,O003430,Gift Card,Refunded
PMT003431,O003431,Credit Card,Paid
PMT003432,O003432,Debit Card,Pending
PMT003433,O003433,PayPal,Pending
PMT003434,O003434,Debit Card,Refunded
PMT003435,O003435,Credit Card,Refunded
PMT003436,O003436,PayPal,Paid
PMT003437,O003437,Debit Card,Pending
PMT003438,O003438,Buy Now Pay Later,Paid
PMT003439,O003439,Debit Card,Paid
PMT003440,O003440,Gift Card,Pending
PMT003441,O003441,Buy Now Pay Later,Paid
PMT003442,O003442,Buy Now Pay Later,Paid
PMT003443,O003443,Credit Card,Paid
PMT003444,O003444,Buy Now Pay Later,Paid
PMT003445,O003445,Gift Card,Paid
PMT003446,O003446,Buy Now Pay Later,Pending
PMT003447,O003447,Gift Card,Paid
PMT003448,O003448,Debit Card,Pending
PMT003449,O003449,Debit Card,Paid
PMT003450,O003450,Credit Card,Pending
PMT003451,O003451,Credit Card,Paid
PMT003452,O003452,Gift Card,Paid
PMT003453,O003453,Gift Card,Paid
PMT003454,O003454,Gift Card,Paid
PMT003455,O003455,Gift Card,Paid
PMT003456,O003456,PayPal,Pending
PMT003457,O003457,Gift Card,Paid
PMT003458,O003458,Debit Card,Refunded
PMT003459,O003459,Buy Now Pay Later,Paid
PMT003460,O003460,Buy Now Pay Later,Refunded
PMT003461,O003461,PayPal,Paid
PMT003462,O003462,Buy Now Pay Later,Paid
PMT003463,O003463,Credit Card,Paid
PMT003464,O003464,Credit Card,Refunded
PMT003465,O003465,Gift Card,Paid
PMT003466,O003466,Debit Card,Paid
PMT003467,O003467,Gift Card,Pending
PMT003468,O003468,Gift Card,Paid
PMT003469,O003469,Buy Now Pay Later,Pending
PMT003470,O003470,Credit Card,Paid
PMT003471,O003471,Credit Card,Pending
PMT003472,O003472,Debit Card,Pending
PMT003473,O003473,Gift Card,Paid
PMT003474,O003474,Gift Card,Refunded
PMT003475,O003475,Buy Now Pay Later,Pending
PMT003476,O003476,PayPal,Paid
PMT003477,O003477,Credit Card,Refunded
PMT003478,O003478,Credit Card,Paid
PMT003479,O003479,PayPal,Paid
PMT003480,O003480,Debit Card,Paid
PMT003481,O003481,Debit Card,Pending
PMT003482,O003482,Gift Card,Paid
PMT003483,O003483,Debit Card,Pending
PMT003484,O003484,Buy Now Pay Later,Pending
PMT003485,O003485,Credit Card,Paid
PMT003486,O003486,Debit Card,Pending
PMT003487,O003487,Debit Card,Paid
PMT003488,O003488,Gift Card,Pending
PMT003489,O003489,Debit Card,Paid
PMT003490,O003490,PayPal,Paid
PMT003491,O003491,Debit Card,Paid
PMT003492,O003492,Gift Card,Paid
PMT003493,O003493,Debit Card,Pending
PMT003494,O003494,Gift Card,Paid
PMT003495,O003495,Gift Card,Paid
PMT003496,O003496,PayPal,Paid
PMT003497,O003497,Gift Card,Pending
PMT003498,O003498,PayPal,Paid
PMT003499,O003499,PayPal,Paid
PMT003500,O003500,Debit Card,Refunded
PMT003501,O003501,Debit Card,Paid
PMT003502,O003502,Gift Card,Paid
PMT003503,O003503,PayPal,Paid
PMT003504,O003504,Gift Card,Paid
PMT003505,O003505,Buy Now Pay Later,Paid
PMT003506,O003506,Buy Now Pay Later,Paid
PMT003507,O003507,Credit Card,Paid
PMT003508,O003508,Gift Card,Paid
PMT003509,O003509,PayPal,Paid
PMT003510,O003510,Buy Now Pay Later,Paid
PMT003511,O003511,PayPal,Paid
PMT003512,O003512,Buy Now Pay Later,Paid
PMT003513,O003513,Debit Card,Pending
PMT003514,O003514,PayPal,Paid
PMT003515,O003515,Debit Card,Paid
PMT003516,O003516,Gift Card,Paid
PMT003517,O003517,Gift Card,Paid
PMT003518,O003518,Credit Card,Paid
PMT003519,O003519,Gift Card,Refunded
PMT003520,O003520,Debit Card,Paid
PMT003521,O003521,Debit Card,Paid
PMT003522,O003522,Buy Now Pay Later,Pending
PMT003523,O003523,Buy Now Pay Later,Pending
PMT003524,O003524,Gift Card,Paid
PMT003525,O003525,Buy Now Pay Later,Refunded
PMT003526,O003526,Credit Card,Paid
PMT003527,O003527,Gift Card,Paid
PMT003528,O003528,Buy Now Pay Later,Paid
PMT003529,O003529,Debit Card,Pending
PMT003530,O003530,Credit Card,Paid
PMT003531,O003531,Gift Card,Pending
PMT003532,O003532,Debit Card,Pending
PMT003533,O003533,Buy Now Pay Later,Pending
PMT003534,O003534,Buy Now Pay Later,Pending
PMT003535,O003535,Credit Card,Paid
PMT003536,O003536,Credit Card,Paid
PMT003537,O003537,Buy Now Pay Later,Paid
PMT003538,O003538,Buy Now Pay Later,Paid
PMT003539,O003539,PayPal,Pending
PMT003540,O003540,Credit Card,Paid
PMT003541,O003541,Buy Now Pay Later,Paid
PMT003542,O003542,Buy Now Pay Later,Paid
PMT003543,O003543,PayPal,Paid
PMT003544,O003544,Credit Card,Paid
PMT003545,O003545,Credit Card,Pending
PMT003546,O003546,Buy Now Pay Later,Paid
PMT003547,O003547,Gift Card,Pending
PMT003548,O003548,Debit Card,Pending
PMT003549,O003549,Credit Card,Pending
PMT003550,O003550,PayPal,Paid
PMT003551,O003551,PayPal,Pending
PMT003552,O003552,Buy Now Pay Later,Pending
PMT003553,O003553,Gift Card,Pending
PMT003554,O003554,Credit Card,Paid
PMT003555,O003555,Buy Now Pay Later,Paid
PMT003556,O003556,Credit Card,Paid
PMT003557,O003557,Credit Card,Pending
PMT003558,O003558,Credit Card,Paid
PMT003559,O003559,PayPal,Paid
PMT003560,O003560,PayPal,Refunded
PMT003561,O003561,PayPal,Paid
PMT003562,O003562,Gift Card,Pending
PMT003563,O003563,Buy Now Pay Later,Paid
PMT003564,O003564,Gift Card,Paid
PMT003565,O003565,Buy Now Pay Later,Paid
PMT003566,O003566,PayPal,Pending
PMT003567,O003567,Credit Card,Paid
PMT003568,O003568,Gift Card,Paid
PMT003569,O003569,Credit Card,Paid
PMT003570,O003570,Credit Card,Refunded
PMT003571,O003571,PayPal,Pending
PMT003572,O003572,Gift Card,Paid
PMT003573,O003573,Gift Card,Paid
PMT003574,O003574,Gift Card,Paid
PMT003575,O003575,Credit Card,Paid
PMT003576,O003576,PayPal,Paid
PMT003577,O003577,Gift Card,Paid
PMT003578,O003578,Gift Card,Paid
PMT003579,O003579,Credit Card,Paid
PMT003580,O003580,Debit Card,Paid
PMT003581,O003581,Gift Card,Paid
PMT003582,O003582,Credit Card,Refunded
PMT003583,O003583,PayPal,Refunded
PMT003584,O003584,Credit Card,Paid
PMT003585,O003585,PayPal,Pending
PMT003586,O003586,Gift Card,Paid
PMT003587,O003587,Buy Now Pay Later,Paid
PMT003588,O003588,Debit Card,Paid
PMT003589,O003589,Debit Card,Refunded
PMT003590,O003590,Gift Card,Paid
PMT003591,O003591,Debit Card,Paid
PMT003592,O003592,Gift Card,Pending
PMT003593,O003593,Buy Now Pay Later,Refunded
PMT003594,O003594,Credit Card,Paid
PMT003595,O003595,Credit Card,Pending
PMT003596,O003596,Buy Now Pay Later,Pending
PMT003597,O003597,PayPal,Pending
PMT003598,O003598,Debit Card,Paid
PMT003599,O003599,Debit Card,Paid
PMT003600,O003600,PayPal,Pending
PMT003601,O003601,Debit Card,Pending
PMT003602,O003602,Buy Now Pay Later,Paid
PMT003603,O003603,Buy Now Pay Later,Paid
PMT003604,O003604,PayPal,Pending
PMT003605,O003605,Credit Card,Paid
PMT003606,O003606,Buy Now Pay Later,Paid
PMT003607,O003607,Gift Card,Paid
PMT003608,O003608,PayPal,Pending
PMT003609,O003609,PayPal,Paid
PMT003610,O003610,Buy Now Pay Later,Pending
PMT003611,O003611,Debit Card,Pending
PMT003612,O003612,PayPal,Pending
PMT003613,O003613,PayPal,Paid
PMT003614,O003614,Gift Card,Paid
PMT003615,O003615,Gift Card,Pending
PMT003616,O003616,PayPal,Paid
PMT003617,O003617,Debit Card,Paid
PMT003618,O003618,PayPal,Pending
PMT003619,O003619,Buy Now Pay Later,Paid
PMT003620,O003620,Buy Now Pay Later,Paid
PMT003621,O003621,Credit Card,Paid
PMT003622,O003622,Gift Card,Paid
PMT003623,O003623,Credit Card,Paid
PMT003624,O003624,Debit Card,Pending
PMT003625,O003625,Debit Card,Pending
PMT003626,O003626,Gift Card,Paid
PMT003627,O003627,Credit Card,Paid
PMT003628,O003628,Buy Now Pay Later,Pending
PMT003629,O003629,Gift Card,Paid
PMT003630,O003630,Gift Card,Paid
PMT003631,O003631,PayPal,Pending
PMT003632,O003632,Debit Card,Paid
PMT003633,O003633,PayPal,Paid
PMT003634,O003634,Debit Card,Paid
PMT003635,O003635,Debit Card,Paid
PMT003636,O003636,Gift Card,Pending
PMT003637,O003637,PayPal,Paid
PMT003638,O003638,Gift Card,Paid
PMT003639,O003639,Gift Card,Refunded
PMT003640,O003640,Buy Now Pay Later,Paid
PMT003641,O003641,Debit Card,Refunded
PMT003642,O003642,Debit Card,Pending
PMT003643,O003643,Gift Card,Paid
PMT003644,O003644,Gift Card,Pending
PMT003645,O003645,Buy Now Pay Later,Paid
PMT003646,O003646,Credit Card,Paid
PMT003647,O003647,Gift Card,Pending
PMT003648,O003648,Credit Card,Paid
PMT003649,O003649,PayPal,Paid
PMT003650,O003650,Buy Now Pay Later,Pending
PMT003651,O003651,PayPal,Pending
PMT003652,O003652,Gift Card,Paid
PMT003653,O003653,Gift Card,Pending
PMT003654,O003654,PayPal,Paid
PMT003655,O003655,Buy Now Pay Later,Pending
PMT003656,O003656,Debit Card,Paid
PMT003657,O003657,Buy Now Pay Later,Pending
PMT003658,O003658,Debit Card,Paid
PMT003659,O003659,Credit Card,Paid
PMT003660,O003660,Buy Now Pay Later,Pending
PMT003661,O003661,Credit Card,Refunded
PMT003662,O003662,Debit Card,Pending
PMT003663,O003663,Buy Now Pay Later,Paid
PMT003664,O003664,PayPal,Paid
PMT003665,O003665,Gift Card,Pending
PMT003666,O003666,Gift Card,Paid
PMT003667,O003667,Gift Card,Pending
PMT003668,O003668,Gift Card,Paid
PMT003669,O003669,Debit Card,Pending
PMT003670,O003670,PayPal,Refunded
PMT003671,O003671,Credit Card,Paid
PMT003672,O003672,Buy Now Pay Later,Paid
PMT003673,O003673,Buy Now Pay Later,Pending
PMT003674,O003674,Buy Now Pay Later,Pending
PMT003675,O003675,Gift Card,Paid
PMT003676,O003676,PayPal,Paid
PMT003677,O003677,Debit Card,Paid
PMT003678,O003678,Debit Card,Paid
PMT003679,O003679,Credit Card,Paid
PMT003680,O003680,PayPal,Paid
PMT003681,O003681,PayPal,Paid
PMT003682,O003682,PayPal,Paid
PMT003683,O003683,Gift Card,Paid
PMT003684,O003684,PayPal,Paid
PMT003685,O003685,Buy Now Pay Later,Paid
PMT003686,O003686,Gift Card,Paid
PMT003687,O003687,Debit Card,Refunded
PMT003688,O003688,Gift Card,Paid
PMT003689,O003689,Debit Card,Refunded
PMT003690,O003690,Buy Now Pay Later,Paid
PMT003691,O003691,Credit Card,Refunded
PMT003692,O003692,Gift Card,Paid
PMT003693,O003693,Buy Now Pay Later,Paid
PMT003694,O003694,PayPal,Paid
PMT003695,O003695,Debit Card,Paid
PMT003696,O003696,Credit Card,Paid
PMT003697,O003697,Gift Card,Pending
PMT003698,O003698,Debit Card,Paid
PMT003699,O003699,Credit Card,Paid
PMT003700,O003700,Buy Now Pay Later,Paid
PMT003701,O003701,Gift Card,Paid
PMT003702,O003702,Buy Now Pay Later,Paid
PMT003703,O003703,PayPal,Paid
PMT003704,O003704,Buy Now Pay Later,Paid
PMT003705,O003705,Credit Card,Pending
PMT003706,O003706,Debit Card,Paid
PMT003707,O003707,Buy Now Pay Later,Paid
PMT003708,O003708,Credit Card,Paid
PMT003709,O003709,Buy Now Pay Later,Paid
PMT003710,O003710,Credit Card,Paid
PMT003711,O003711,PayPal,Paid
PMT003712,O003712,Debit Card,Paid
PMT003713,O003713,Buy Now Pay Later,Pending
PMT003714,O003714,PayPal,Paid
PMT003715,O003715,Credit Card,Pending
PMT003716,O003716,Buy Now Pay Later,Paid
PMT003717,O003717,Gift Card,Refunded
PMT003718,O003718,Credit Card,Paid
PMT003719,O003719,PayPal,Paid
PMT003720,O003720,Buy Now Pay Later,Paid
PMT003721,O003721,PayPal,Pending
PMT003722,O003722,Debit Card,Paid
PMT003723,O003723,Buy Now Pay Later,Paid
PMT003724,O003724,Credit Card,Paid
PMT003725,O003725,Debit Card,Paid
PMT003726,O003726,Credit Card,Paid
PMT003727,O003727,Debit Card,Paid
PMT003728,O003728,PayPal,Paid
PMT003729,O003729,Debit Card,Paid
PMT003730,O003730,Gift Card,Paid
PMT003731,O003731,PayPal,Pending
PMT003732,O003732,Buy Now Pay Later,Paid
PMT003733,O003733,Gift Card,Pending
PMT003734,O003734,Credit Card,Paid
PMT003735,O003735,Credit Card,Paid
PMT003736,O003736,Credit Card,Paid
PMT003737,O003737,Buy Now Pay Later,Paid
PMT003738,O003738,Credit Card,Paid
PMT003739,O003739,Credit Card,Paid
PMT003740,O003740,Debit Card,Paid
PMT003741,O003741,Debit Card,Paid
PMT003742,O003742,Debit Card,Paid
PMT003743,O003743,Gift Card,Paid
PMT003744,O003744,Debit Card,Pending
PMT003745,O003745,Gift Card,Paid
PMT003746,O003746,Buy Now Pay Later,Refunded
PMT003747,O003747,Debit Card,Paid
PMT003748,O003748,Buy Now Pay Later,Pending
PMT003749,O003749,Buy Now Pay Later,Paid
PMT003750,O003750,PayPal,Pending
PMT003751,O003751,Gift Card,Paid
PMT003752,O003752,PayPal,Paid
PMT003753,O003753,Credit Card,Pending
PMT003754,O003754,Buy Now Pay Later,Paid
PMT003755,O003755,PayPal,Paid
PMT003756,O003756,Debit Card,Refunded
PMT003757,O003757,Gift Card,Paid
PMT003758,O003758,Credit Card,Paid
PMT003759,O003759,PayPal,Paid
PMT003760,O003760,PayPal,Pending
PMT003761,O003761,PayPal,Paid
PMT003762,O003762,Buy Now Pay Later,Paid
PMT003763,O003763,Credit Card,Paid
PMT003764,O003764,Credit Card,Paid
PMT003765,O003765,Debit Card,Paid
PMT003766,O003766,PayPal,Paid
PMT003767,O003767,Credit Card,Paid
PMT003768,O003768,Buy Now Pay Later,Paid
PMT003769,O003769,Buy Now Pay Later,Paid
PMT003770,O003770,Credit Card,Pending
PMT003771,O003771,PayPal,Paid
PMT003772,O003772,Buy Now Pay Later,Paid
PMT003773,O003773,Debit Card,Paid
PMT003774,O003774,PayPal,Paid
PMT003775,O003775,Credit Card,Pending
PMT003776,O003776,Buy Now Pay Later,Paid
PMT003777,O003777,Credit Card,Pending
PMT003778,O003778,Debit Card,Refunded
PMT003779,O003779,Credit Card,Pending
PMT003780,O003780,Debit Card,Paid
PMT003781,O003781,Gift Card,Paid
PMT003782,O003782,Buy Now Pay Later,Pending
PMT003783,O003783,Credit Card,Paid
PMT003784,O003784,Buy Now Pay Later,Paid
PMT003785,O003785,Gift Card,Paid
PMT003786,O003786,Debit Card,Paid
PMT003787,O003787,Credit Card,Paid
PMT003788,O003788,PayPal,Pending
PMT003789,O003789,PayPal,Paid
PMT003790,O003790,Credit Card,Paid
PMT003791,O003791,Credit Card,Paid
PMT003792,O003792,Gift Card,Pending
PMT003793,O003793,Gift Card,Pending
PMT003794,O003794,Credit Card,Paid
PMT003795,O003795,PayPal,Paid
PMT003796,O003796,PayPal,Paid
PMT003797,O003797,Buy Now Pay Later,Paid
PMT003798,O003798,PayPal,Paid
PMT003799,O003799,Debit Card,Pending
PMT003800,O003800,PayPal,Paid
PMT003801,O003801,PayPal,Refunded
PMT003802,O003802,Debit Card,Paid
PMT003803,O003803,Debit Card,Paid
PMT003804,O003804,Credit Card,Paid
PMT003805,O003805,Debit Card,Refunded
PMT003806,O003806,Debit Card,Paid
PMT003807,O003807,Debit Card,Paid
PMT003808,O003808,Gift Card,Paid
PMT003809,O003809,PayPal,Paid
PMT003810,O003810,Buy Now Pay Later,Paid
PMT003811,O003811,Credit Card,Paid
PMT003812,O003812,Credit Card,Paid
PMT003813,O003813,Debit Card,Paid
PMT003814,O003814,Gift Card,Paid
PMT003815,O003815,Credit Card,Paid
PMT003816,O003816,Debit Card,Paid
PMT003817,O003817,PayPal,Refunded
PMT003818,O003818,Gift Card,Paid
PMT003819,O003819,Credit Card,Paid
PMT003820,O003820,Buy Now Pay Later,Pending
PMT003821,O003821,Credit Card,Paid
PMT003822,O003822,PayPal,Refunded
PMT003823,O003823,Debit Card,Pending
PMT003824,O003824,Gift Card,Refunded
PMT003825,O003825,Credit Card,Paid
PMT003826,O003826,Credit Card,Refunded
PMT003827,O003827,Debit Card,Refunded
PMT003828,O003828,Credit Card,Paid
PMT003829,O003829,Gift Card,Paid
PMT003830,O003830,Credit Card,Pending
PMT003831,O003831,Debit Card,Paid
PMT003832,O003832,Buy Now Pay Later,Paid
PMT003833,O003833,PayPal,Pending
PMT003834,O003834,Buy Now Pay Later,Paid
PMT003835,O003835,Credit Card,Paid
PMT003836,O003836,Gift Card,Paid
PMT003837,O003837,Buy Now Pay Later,Paid
PMT003838,O003838,Credit Card,Pending
PMT003839,O003839,Gift Card,Refunded
PMT003840,O003840,Buy Now Pay Later,Paid
PMT003841,O003841,Credit Card,Pending
PMT003842,O003842,PayPal,Paid
PMT003843,O003843,Credit Card,Pending
PMT003844,O003844,Gift Card,Pending
PMT003845,O003845,Credit Card,Paid
PMT003846,O003846,PayPal,Refunded
PMT003847,O003847,PayPal,Paid
PMT003848,O003848,Debit Card,Refunded
PMT003849,O003849,Credit Card,Paid
PMT003850,O003850,Buy Now Pay Later,Paid
PMT003851,O003851,Debit Card,Refunded
PMT003852,O003852,Debit Card,Refunded
PMT003853,O003853,Credit Card,Pending
PMT003854,O003854,PayPal,Paid
PMT003855,O003855,Gift Card,Paid
PMT003856,O003856,Debit Card,Refunded
PMT003857,O003857,PayPal,Refunded
PMT003858,O003858,Credit Card,Pending
PMT003859,O003859,Credit Card,Paid
PMT003860,O003860,Buy Now Pay Later,Paid
PMT003861,O003861,Gift Card,Pending
PMT003862,O003862,Credit Card,Paid
PMT003863,O003863,PayPal,Paid
PMT003864,O003864,Credit Card,Pending
PMT003865,O003865,PayPal,Pending
PMT003866,O003866,Buy Now Pay Later,Paid
PMT003867,O003867,Debit Card,Paid
PMT003868,O003868,PayPal,Paid
PMT003869,O003869,PayPal,Paid
PMT003870,O003870,Gift Card,Paid
PMT003871,O003871,PayPal,Paid
PMT003872,O003872,PayPal,Paid
PMT003873,O003873,Buy Now Pay Later,Pending
PMT003874,O003874,Debit Card,Paid
PMT003875,O003875,Buy Now Pay Later,Paid
PMT003876,O003876,Buy Now Pay Later,Paid
PMT003877,O003877,Gift Card,Pending
PMT003878,O003878,Buy Now Pay Later,Paid
PMT003879,O003879,Gift Card,Pending
PMT003880,O003880,Debit Card,Paid
PMT003881,O003881,Debit Card,Paid
PMT003882,O003882,Buy Now Pay Later,Paid
PMT003883,O003883,Debit Card,Refunded
PMT003884,O003884,Credit Card,Paid
PMT003885,O003885,Buy Now Pay Later,Paid
PMT003886,O003886,Buy Now Pay Later,Paid
PMT003887,O003887,Credit Card,Paid
PMT003888,O003888,Buy Now Pay Later,Pending
PMT003889,O003889,Gift Card,Paid
PMT003890,O003890,Debit Card,Paid
PMT003891,O003891,Debit Card,Paid
PMT003892,O003892,Gift Card,Paid
PMT003893,O003893,PayPal,Paid
PMT003894,O003894,Gift Card,Paid
PMT003895,O003895,Debit Card,Paid
PMT003896,O003896,Debit Card,Paid
PMT003897,O003897,Credit Card,Paid
PMT003898,O003898,Debit Card,Pending
PMT003899,O003899,Gift Card,Refunded
PMT003900,O003900,Credit Card,Pending
PMT003901,O003901,Buy Now Pay Later,Paid
PMT003902,O003902,Buy Now Pay Later,Paid
PMT003903,O003903,Gift Card,Pending
PMT003904,O003904,PayPal,Pending
PMT003905,O003905,Gift Card,Pending
PMT003906,O003906,Buy Now Pay Later,Paid
PMT003907,O003907,Debit Card,Paid
PMT003908,O003908,Credit Card,Paid
PMT003909,O003909,PayPal,Paid
PMT003910,O003910,PayPal,Paid
PMT003911,O003911,Buy Now Pay Later,Paid
PMT003912,O003912,Gift Card,Paid
PMT003913,O003913,Debit Card,Pending
PMT003914,O003914,Buy Now Pay Later,Paid
PMT003915,O003915,Gift Card,Paid
PMT003916,O003916,Gift Card,Paid
PMT003917,O003917,Buy Now Pay Later,Paid
PMT003918,O003918,Buy Now Pay Later,Refunded
PMT003919,O003919,Credit Card,Pending
PMT003920,O003920,Buy Now Pay Later,Paid
PMT003921,O003921,Debit Card,Pending
PMT003922,O003922,Gift Card,Pending
PMT003923,O003923,Debit Card,Paid
PMT003924,O003924,PayPal,Paid
PMT003925,O003925,Buy Now Pay Later,Pending
PMT003926,O003926,Buy Now Pay Later,Paid
PMT003927,O003927,Gift Card,Paid
PMT003928,O003928,Credit Card,Pending
PMT003929,O003929,PayPal,Paid
PMT003930,O003930,Credit Card,Paid
PMT003931,O003931,Credit Card,Paid
PMT003932,O003932,Gift Card,Pending
PMT003933,O003933,Credit Card,Pending
PMT003934,O003934,Gift Card,Pending
PMT003935,O003935,Debit Card,Paid
PMT003936,O003936,Buy Now Pay Later,Paid
PMT003937,O003937,Debit Card,Paid
PMT003938,O003938,Credit Card,Paid
PMT003939,O003939,Gift Card,Paid
PMT003940,O003940,Debit Card,Paid
PMT003941,O003941,PayPal,Paid
PMT003942,O003942,PayPal,Refunded
PMT003943,O003943,PayPal,Pending
PMT003944,O003944,PayPal,Paid
PMT003945,O003945,Buy Now Pay Later,Paid
PMT003946,O003946,Gift Card,Paid
PMT003947,O003947,Gift Card,Paid
PMT003948,O003948,Credit Card,Refunded
PMT003949,O003949,Buy Now Pay Later,Paid
PMT003950,O003950,Debit Card,Paid
PMT003951,O003951,Credit Card,Paid
PMT003952,O003952,Debit Card,Paid
PMT003953,O003953,Buy Now Pay Later,Paid
PMT003954,O003954,Credit Card,Paid
PMT003955,O003955,Credit Card,Paid
PMT003956,O003956,Buy Now Pay Later,Paid
PMT003957,O003957,PayPal,Pending
PMT003958,O003958,Credit Card,Paid
PMT003959,O003959,Debit Card,Paid
PMT003960,O003960,Credit Card,Paid
PMT003961,O003961,Credit Card,Paid
PMT003962,O003962,Buy Now Pay Later,Paid
PMT003963,O003963,Gift Card,Pending
PMT003964,O003964,PayPal,Paid
PMT003965,O003965,PayPal,Paid
PMT003966,O003966,Buy Now Pay Later,Paid
PMT003967,O003967,PayPal,Paid
PMT003968,O003968,Debit Card,Paid
PMT003969,O003969,Buy Now Pay Later,Paid
PMT003970,O003970,Buy Now Pay Later,Paid
PMT003971,O003971,Gift Card,Pending
PMT003972,O003972,Gift Card,Paid
PMT003973,O003973,Debit Card,Refunded
PMT003974,O003974,Buy Now Pay Later,Paid
PMT003975,O003975,Credit Card,Paid
PMT003976,O003976,PayPal,Paid
PMT003977,O003977,Buy Now Pay Later,Paid
PMT003978,O003978,Buy Now Pay Later,Paid
PMT003979,O003979,Buy Now Pay Later,Pending
PMT003980,O003980,Debit Card,Paid
PMT003981,O003981,Debit Card,Paid
PMT003982,O003982,Buy Now Pay Later,Paid
PMT003983,O003983,Gift Card,Pending
PMT003984,O003984,Gift Card,Pending
PMT003985,O003985,Buy Now Pay Later,Pending
PMT003986,O003986,PayPal,Refunded
PMT003987,O003987,Buy Now Pay Later,Refunded
PMT003988,O003988,Gift Card,Paid
PMT003989,O003989,PayPal,Paid
PMT003990,O003990,Credit Card,Paid
PMT003991,O003991,Gift Card,Paid
PMT003992,O003992,Debit Card,Pending
PMT003993,O003993,PayPal,Paid
PMT003994,O003994,Debit Card,Paid
PMT003995,O003995,Debit Card,Paid
PMT003996,O003996,Buy Now Pay Later,Paid
PMT003997,O003997,Debit Card,Paid
PMT003998,O003998,PayPal,Paid
PMT003999,O003999,Debit Card,Refunded
PMT004000,O004000,Debit Card,Paid
PMT004001,O004001,Credit Card,Pending
PMT004002,O004002,Gift Card,Paid
PMT004003,O004003,Debit Card,Pending
PMT004004,O004004,Buy Now Pay Later,Paid
PMT004005,O004005,Buy Now Pay Later,Paid
PMT004006,O004006,Credit Card,Pending
PMT004007,O004007,Debit Card,Paid
PMT004008,O004008,Debit Card,Paid
PMT004009,O004009,Debit Card,Paid
PMT004010,O004010,Buy Now Pay Later,Pending
PMT004011,O004011,Credit Card,Paid
PMT004012,O004012,Debit Card,Pending
PMT004013,O004013,Credit Card,Pending
PMT004014,O004014,Credit Card,Paid
PMT004015,O004015,Debit Card,Paid
PMT004016,O004016,PayPal,Pending
PMT004017,O004017,PayPal,Paid
PMT004018,O004018,Buy Now Pay Later,Refunded
PMT004019,O004019,Credit Card,Paid
PMT004020,O004020,Gift Card,Paid
PMT004021,O004021,Gift Card,Pending
PMT004022,O004022,Debit Card,Paid
PMT004023,O004023,PayPal,Paid
PMT004024,O004024,Buy Now Pay Later,Paid
PMT004025,O004025,PayPal,Paid
PMT004026,O004026,Credit Card,Paid
PMT004027,O004027,Credit Card,Paid
PMT004028,O004028,Buy Now Pay Later,Paid
PMT004029,O004029,PayPal,Paid
PMT004030,O004030,Debit Card,Paid
PMT004031,O004031,PayPal,Paid
PMT004032,O004032,Buy Now Pay Later,Paid
PMT004033,O004033,PayPal,Pending
PMT004034,O004034,Debit Card,Paid
PMT004035,O004035,Buy Now Pay Later,Paid
PMT004036,O004036,Gift Card,Pending
PMT004037,O004037,Debit Card,Refunded
PMT004038,O004038,PayPal,Paid
PMT004039,O004039,PayPal,Paid
PMT004040,O004040,PayPal,Paid
PMT004041,O004041,Buy Now Pay Later,Paid
PMT004042,O004042,PayPal,Refunded
PMT004043,O004043,PayPal,Pending
PMT004044,O004044,Credit Card,Paid
PMT004045,O004045,Debit Card,Refunded
PMT004046,O004046,Gift Card,Paid
PMT004047,O004047,Gift Card,Pending
PMT004048,O004048,PayPal,Paid
PMT004049,O004049,Buy Now Pay Later,Paid
PMT004050,O004050,Buy Now Pay Later,Paid
PMT004051,O004051,Buy Now Pay Later,Paid
PMT004052,O004052,Debit Card,Paid
PMT004053,O004053,Buy Now Pay Later,Paid
PMT004054,O004054,Gift Card,Paid
PMT004055,O004055,Credit Card,Paid
PMT004056,O004056,PayPal,Pending
PMT004057,O004057,PayPal,Pending
PMT004058,O004058,PayPal,Paid
PMT004059,O004059,Buy Now Pay Later,Paid
PMT004060,O004060,Debit Card,Paid
PMT004061,O004061,Credit Card,Paid
PMT004062,O004062,Buy Now Pay Later,Pending
PMT004063,O004063,Debit Card,Paid
PMT004064,O004064,Buy Now Pay Later,Paid
PMT004065,O004065,Debit Card,Paid
PMT004066,O004066,Credit Card,Pending
PMT004067,O004067,Debit Card,Paid
PMT004068,O004068,PayPal,Pending
PMT004069,O004069,PayPal,Paid
PMT004070,O004070,Debit Card,Paid
PMT004071,O004071,Credit Card,Paid
PMT004072,O004072,PayPal,Paid
PMT004073,O004073,Debit Card,Paid
PMT004074,O004074,Credit Card,Paid
PMT004075,O004075,Gift Card,Paid
PMT004076,O004076,Buy Now Pay Later,Pending
PMT004077,O004077,Credit Card,Paid
PMT004078,O004078,PayPal,Paid
PMT004079,O004079,Gift Card,Paid
PMT004080,O004080,Gift Card,Paid
PMT004081,O004081,Gift Card,Pending
PMT004082,O004082,Gift Card,Refunded
PMT004083,O004083,Debit Card,Paid
PMT004084,O004084,Buy Now Pay Later,Refunded
PMT004085,O004085,Buy Now Pay Later,Paid
PMT004086,O004086,Buy Now Pay Later,Refunded
PMT004087,O004087,Credit Card,Paid
PMT004088,O004088,Gift Card,Paid
PMT004089,O004089,Debit Card,Paid
PMT004090,O004090,PayPal,Paid
PMT004091,O004091,Debit Card,Paid
PMT004092,O004092,PayPal,Paid
PMT004093,O004093,Debit Card,Paid
PMT004094,O004094,PayPal,Paid
PMT004095,O004095,Credit Card,Paid
PMT004096,O004096,Buy Now Pay Later,Pending
PMT004097,O004097,PayPal,Pending
PMT004098,O004098,PayPal,Pending
PMT004099,O004099,PayPal,Paid
PMT004100,O004100,Debit Card,Paid
PMT004101,O004101,Buy Now Pay Later,Paid
PMT004102,O004102,Gift Card,Paid
PMT004103,O004103,Credit Card,Pending
PMT004104,O004104,Credit Card,Paid
PMT004105,O004105,Debit Card,Paid
PMT004106,O004106,Gift Card,Paid
PMT004107,O004107,Credit Card,Paid
PMT004108,O004108,Gift Card,Paid
PMT004109,O004109,Credit Card,Pending
PMT004110,O004110,Credit Card,Paid
PMT004111,O004111,PayPal,Paid
PMT004112,O004112,Debit Card,Paid
PMT004113,O004113,Debit Card,Pending
PMT004114,O004114,PayPal,Paid
PMT004115,O004115,Debit Card,Pending
PMT004116,O004116,PayPal,Paid
PMT004117,O004117,Credit Card,Pending
PMT004118,O004118,Credit Card,Pending
PMT004119,O004119,Credit Card,Paid
PMT004120,O004120,Debit Card,Pending
PMT004121,O004121,Credit Card,Paid
PMT004122,O004122,Buy Now Pay Later,Pending
PMT004123,O004123,PayPal,Refunded
PMT004124,O004124,Debit Card,Pending
PMT004125,O004125,Credit Card,Pending
PMT004126,O004126,PayPal,Paid
PMT004127,O004127,Credit Card,Paid
PMT004128,O004128,Buy Now Pay Later,Pending
PMT004129,O004129,PayPal,Refunded
PMT004130,O004130,PayPal,Pending
PMT004131,O004131,Credit Card,Paid
PMT004132,O004132,Debit Card,Paid
PMT004133,O004133,Debit Card,Pending
PMT004134,O004134,PayPal,Paid
PMT004135,O004135,Debit Card,Refunded
PMT004136,O004136,Credit Card,Pending
PMT004137,O004137,Gift Card,Paid
PMT004138,O004138,Gift Card,Paid
PMT004139,O004139,Credit Card,Paid
PMT004140,O004140,Buy Now Pay Later,Paid
PMT004141,O004141,PayPal,Pending
PMT004142,O004142,PayPal,Pending
PMT004143,O004143,Credit Card,Paid
PMT004144,O004144,Credit Card,Paid
PMT004145,O004145,Debit Card,Paid
PMT004146,O004146,Gift Card,Pending
PMT004147,O004147,Debit Card,Paid
PMT004148,O004148,Credit Card,Pending
PMT004149,O004149,Buy Now Pay Later,Refunded
PMT004150,O004150,Credit Card,Paid
PMT004151,O004151,Buy Now Pay Later,Paid
PMT004152,O004152,Buy Now Pay Later,Paid
PMT004153,O004153,Debit Card,Paid
PMT004154,O004154,Credit Card,Pending
PMT004155,O004155,Buy Now Pay Later,Pending
PMT004156,O004156,Gift Card,Paid
PMT004157,O004157,Gift Card,Paid
PMT004158,O004158,Buy Now Pay Later,Paid
PMT004159,O004159,Credit Card,Paid
PMT004160,O004160,Credit Card,Refunded
PMT004161,O004161,PayPal,Paid
PMT004162,O004162,Credit Card,Pending
PMT004163,O004163,Buy Now Pay Later,Pending
PMT004164,O004164,Debit Card,Paid
PMT004165,O004165,Gift Card,Pending
PMT004166,O004166,Credit Card,Paid
PMT004167,O004167,Gift Card,Paid
PMT004168,O004168,Credit Card,Paid
PMT004169,O004169,Gift Card,Pending
PMT004170,O004170,Gift Card,Paid
PMT004171,O004171,Credit Card,Pending
PMT004172,O004172,Buy Now Pay Later,Paid
PMT004173,O004173,Debit Card,Paid
PMT004174,O004174,Buy Now Pay Later,Paid
PMT004175,O004175,Credit Card,Paid
PMT004176,O004176,Gift Card,Paid
PMT004177,O004177,PayPal,Pending
PMT004178,O004178,Gift Card,Paid
PMT004179,O004179,Buy Now Pay Later,Paid
PMT004180,O004180,Credit Card,Paid
PMT004181,O004181,Buy Now Pay Later,Paid
PMT004182,O004182,PayPal,Paid
PMT004183,O004183,Credit Card,Pending
PMT004184,O004184,Gift Card,Paid
PMT004185,O004185,Debit Card,Refunded
PMT004186,O004186,Debit Card,Refunded
PMT004187,O004187,Debit Card,Paid
PMT004188,O004188,Gift Card,Pending
PMT004189,O004189,Buy Now Pay Later,Pending
PMT004190,O004190,Debit Card,Paid
PMT004191,O004191,Credit Card,Pending
PMT004192,O004192,Credit Card,Paid
PMT004193,O004193,Credit Card,Paid
PMT004194,O004194,Credit Card,Pending
PMT004195,O004195,PayPal,Paid
PMT004196,O004196,Debit Card,Paid
PMT004197,O004197,Gift Card,Paid
PMT004198,O004198,Gift Card,Paid
PMT004199,O004199,Credit Card,Paid
PMT004200,O004200,Gift Card,Paid
PMT004201,O004201,Credit Card,Paid
PMT004202,O004202,Credit Card,Pending
PMT004203,O004203,Buy Now Pay Later,Pending
PMT004204,O004204,Debit Card,Paid
PMT004205,O004205,Buy Now Pay Later,Paid
PMT004206,O004206,Buy Now Pay Later,Paid
PMT004207,O004207,Debit Card,Refunded
PMT004208,O004208,Debit Card,Paid
PMT004209,O004209,Credit Card,Pending
PMT004210,O004210,PayPal,Paid
PMT004211,O004211,PayPal,Paid
PMT004212,O004212,PayPal,Pending
PMT004213,O004213,Credit Card,Paid
PMT004214,O004214,Credit Card,Paid
PMT004215,O004215,Gift Card,Paid
PMT004216,O004216,Credit Card,Paid
PMT004217,O004217,Gift Card,Paid
PMT004218,O004218,Credit Card,Paid
PMT004219,O004219,Credit Card,Paid
PMT004220,O004220,Gift Card,Paid
PMT004221,O004221,Buy Now Pay Later,Paid
PMT004222,O004222,PayPal,Paid
PMT004223,O004223,Credit Card,Paid
PMT004224,O004224,Gift Card,Pending
PMT004225,O004225,PayPal,Paid
PMT004226,O004226,Debit Card,Paid
PMT004227,O004227,PayPal,Pending
PMT004228,O004228,PayPal,Paid
PMT004229,O004229,Buy Now Pay Later,Refunded
PMT004230,O004230,Debit Card,Paid
PMT004231,O004231,Debit Card,Paid
PMT004232,O004232,Credit Card,Pending
PMT004233,O004233,PayPal,Paid
PMT004234,O004234,Debit Card,Paid
PMT004235,O004235,PayPal,Pending
PMT004236,O004236,Gift Card,Paid
PMT004237,O004237,PayPal,Paid
PMT004238,O004238,PayPal,Refunded
PMT004239,O004239,Gift Card,Paid
PMT004240,O004240,Buy Now Pay Later,Pending
PMT004241,O004241,PayPal,Refunded
PMT004242,O004242,Debit Card,Refunded
PMT004243,O004243,Credit Card,Pending
PMT004244,O004244,PayPal,Paid
PMT004245,O004245,Credit Card,Paid
PMT004246,O004246,Gift Card,Pending
PMT004247,O004247,Gift Card,Pending
PMT004248,O004248,Debit Card,Paid
PMT004249,O004249,Buy Now Pay Later,Paid
PMT004250,O004250,Gift Card,Paid
PMT004251,O004251,Buy Now Pay Later,Paid
PMT004252,O004252,Gift Card,Pending
PMT004253,O004253,PayPal,Paid
PMT004254,O004254,Gift Card,Paid
PMT004255,O004255,Credit Card,Paid
PMT004256,O004256,Credit Card,Paid
PMT004257,O004257,Debit Card,Pending
PMT004258,O004258,Credit Card,Pending
PMT004259,O004259,Credit Card,Paid
PMT004260,O004260,PayPal,Paid
PMT004261,O004261,Buy Now Pay Later,Paid
PMT004262,O004262,Gift Card,Paid
PMT004263,O004263,Credit Card,Pending
PMT004264,O004264,Buy Now Pay Later,Paid
PMT004265,O004265,Buy Now Pay Later,Paid
PMT004266,O004266,Credit Card,Paid
PMT004267,O004267,Debit Card,Pending
PMT004268,O004268,Debit Card,Paid
PMT004269,O004269,Buy Now Pay Later,Paid
PMT004270,O004270,Debit Card,Pending
PMT004271,O004271,Credit Card,Paid
PMT004272,O004272,PayPal,Pending
PMT004273,O004273,Buy Now Pay Later,Paid
PMT004274,O004274,PayPal,Paid
PMT004275,O004275,PayPal,Paid
PMT004276,O004276,Credit Card,Paid
PMT004277,O004277,Credit Card,Paid
PMT004278,O004278,Credit Card,Pending
PMT004279,O004279,Credit Card,Paid
PMT004280,O004280,Credit Card,Paid
PMT004281,O004281,Credit Card,Paid
PMT004282,O004282,Gift Card,Paid
PMT004283,O004283,Gift Card,Paid
PMT004284,O004284,PayPal,Paid
PMT004285,O004285,Debit Card,Paid
PMT004286,O004286,Debit Card,Paid
PMT004287,O004287,Credit Card,Paid
PMT004288,O004288,Gift Card,Pending
PMT004289,O004289,Buy Now Pay Later,Paid
PMT004290,O004290,Buy Now Pay Later,Paid
PMT004291,O004291,Buy Now Pay Later,Paid
PMT004292,O004292,Buy Now Pay Later,Paid
PMT004293,O004293,PayPal,Paid
PMT004294,O004294,Gift Card,Paid
PMT004295,O004295,Gift Card,Paid
PMT004296,O004296,Gift Card,Paid
PMT004297,O004297,Gift Card,Pending
PMT004298,O004298,Gift Card,Refunded
PMT004299,O004299,Debit Card,Paid
PMT004300,O004300,Buy Now Pay Later,Paid
PMT004301,O004301,Debit Card,Paid
PMT004302,O004302,PayPal,Pending
PMT004303,O004303,Gift Card,Paid
PMT004304,O004304,PayPal,Paid
PMT004305,O004305,PayPal,Paid
PMT004306,O004306,PayPal,Paid
PMT004307,O004307,Buy Now Pay Later,Paid
PMT004308,O004308,Buy Now Pay Later,Paid
PMT004309,O004309,Gift Card,Pending
PMT004310,O004310,Buy Now Pay Later,Paid
PMT004311,O004311,Gift Card,Paid
PMT004312,O004312,PayPal,Paid
PMT004313,O004313,Credit Card,Pending
PMT004314,O004314,Debit Card,Paid
PMT004315,O004315,Credit Card,Pending
PMT004316,O004316,Debit Card,Paid
PMT004317,O004317,Gift Card,Paid
PMT004318,O004318,Gift Card,Paid
PMT004319,O004319,Buy Now Pay Later,Pending
PMT004320,O004320,Debit Card,Paid
PMT004321,O004321,Buy Now Pay Later,Pending
PMT004322,O004322,Debit Card,Pending
PMT004323,O004323,Buy Now Pay Later,Paid
PMT004324,O004324,PayPal,Paid
PMT004325,O004325,PayPal,Paid
PMT004326,O004326,Gift Card,Refunded
PMT004327,O004327,Debit Card,Paid
PMT004328,O004328,Debit Card,Paid
PMT004329,O004329,Debit Card,Pending
PMT004330,O004330,Gift Card,Paid
PMT004331,O004331,Credit Card,Paid
PMT004332,O004332,Buy Now Pay Later,Paid
PMT004333,O004333,Credit Card,Paid
PMT004334,O004334,Gift Card,Paid
PMT004335,O004335,Debit Card,Paid
PMT004336,O004336,Debit Card,Paid
PMT004337,O004337,Debit Card,Paid
PMT004338,O004338,Debit Card,Paid
PMT004339,O004339,PayPal,Paid
PMT004340,O004340,Gift Card,Paid
PMT004341,O004341,Buy Now Pay Later,Paid
PMT004342,O004342,Debit Card,Paid
PMT004343,O004343,Debit Card,Paid
PMT004344,O004344,PayPal,Pending
PMT004345,O004345,Debit Card,Paid
PMT004346,O004346,Gift Card,Paid
PMT004347,O004347,PayPal,Paid
PMT004348,O004348,Buy Now Pay Later,Pending
PMT004349,O004349,Credit Card,Paid
PMT004350,O004350,Buy Now Pay Later,Paid
PMT004351,O004351,PayPal,Paid
PMT004352,O004352,PayPal,Paid
PMT004353,O004353,Gift Card,Paid
PMT004354,O004354,Debit Card,Paid
PMT004355,O004355,Buy Now Pay Later,Paid
PMT004356,O004356,Credit Card,Paid
PMT004357,O004357,Debit Card,Paid
PMT004358,O004358,Gift Card,Paid
PMT004359,O004359,Buy Now Pay Later,Refunded
PMT004360,O004360,Debit Card,Pending
PMT004361,O004361,PayPal,Pending
PMT004362,O004362,Buy Now Pay Later,Paid
PMT004363,O004363,Debit Card,Paid
PMT004364,O004364,Credit Card,Paid
PMT004365,O004365,Gift Card,Paid
PMT004366,O004366,Credit Card,Pending
PMT004367,O004367,Gift Card,Refunded
PMT004368,O004368,Buy Now Pay Later,Paid
PMT004369,O004369,PayPal,Pending
PMT004370,O004370,Credit Card,Paid
PMT004371,O004371,Debit Card,Pending
PMT004372,O004372,Credit Card,Paid
PMT004373,O004373,Gift Card,Pending
PMT004374,O004374,PayPal,Paid
PMT004375,O004375,Buy Now Pay Later,Paid
PMT004376,O004376,Credit Card,Paid
PMT004377,O004377,Credit Card,Paid
PMT004378,O004378,Credit Card,Pending
PMT004379,O004379,Credit Card,Paid
PMT004380,O004380,PayPal,Paid
PMT004381,O004381,Debit Card,Paid
PMT004382,O004382,PayPal,Pending
PMT004383,O004383,Credit Card,Paid
PMT004384,O004384,Credit Card,Paid
PMT004385,O004385,Gift Card,Pending
PMT004386,O004386,Debit Card,Paid
PMT004387,O004387,Gift Card,Paid
PMT004388,O004388,Buy Now Pay Later,Pending
PMT004389,O004389,Debit Card,Paid
PMT004390,O004390,Credit Card,Pending
PMT004391,O004391,Gift Card,Paid
PMT004392,O004392,Gift Card,Paid
PMT004393,O004393,Gift Card,Paid
PMT004394,O004394,PayPal,Paid
PMT004395,O004395,Credit Card,Paid
PMT004396,O004396,Gift Card,Paid
PMT004397,O004397,Debit Card,Paid
PMT004398,O004398,Buy Now Pay Later,Paid
PMT004399,O004399,Debit Card,Paid
PMT004400,O004400,Gift Card,Paid
PMT004401,O004401,Credit Card,Paid
PMT004402,O004402,Buy Now Pay Later,Pending
PMT004403,O004403,Credit Card,Refunded
PMT004404,O004404,PayPal,Refunded
PMT004405,O004405,Debit Card,Paid
PMT004406,O004406,Credit Card,Paid
PMT004407,O004407,Gift Card,Paid
PMT004408,O004408,Gift Card,Refunded
PMT004409,O004409,Buy Now Pay Later,Pending
PMT004410,O004410,Credit Card,Paid
PMT004411,O004411,PayPal,Paid
PMT004412,O004412,Debit Card,Paid
PMT004413,O004413,Debit Card,Paid
PMT004414,O004414,Debit Card,Paid
PMT004415,O004415,Debit Card,Paid
PMT004416,O004416,PayPal,Paid
PMT004417,O004417,Buy Now Pay Later,Paid
PMT004418,O004418,Buy Now Pay Later,Refunded
PMT004419,O004419,Credit Card,Pending
PMT004420,O004420,PayPal,Pending
PMT004421,O004421,PayPal,Paid
PMT004422,O004422,PayPal,Paid
PMT004423,O004423,Buy Now Pay Later,Paid
PMT004424,O004424,Debit Card,Paid
PMT004425,O004425,Buy Now Pay Later,Pending
PMT004426,O004426,Gift Card,Paid
PMT004427,O004427,Credit Card,Paid
PMT004428,O004428,Credit Card,Paid
PMT004429,O004429,PayPal,Paid
PMT004430,O004430,PayPal,Paid
PMT004431,O004431,PayPal,Pending
PMT004432,O004432,PayPal,Paid
PMT004433,O004433,Credit Card,Pending
PMT004434,O004434,Gift Card,Paid
PMT004435,O004435,Buy Now Pay Later,Pending
PMT004436,O004436,Credit Card,Paid
PMT004437,O004437,PayPal,Paid
PMT004438,O004438,Debit Card,Paid
PMT004439,O004439,Buy Now Pay Later,Paid
PMT004440,O004440,Buy Now Pay Later,Paid
PMT004441,O004441,Credit Card,Pending
PMT004442,O004442,Credit Card,Refunded
PMT004443,O004443,Credit Card,Paid
PMT004444,O004444,Credit Card,Pending
PMT004445,O004445,PayPal,Paid
PMT004446,O004446,Debit Card,Paid
PMT004447,O004447,Buy Now Pay Later,Paid
PMT004448,O004448,PayPal,Paid
PMT004449,O004449,Buy Now Pay Later,Pending
PMT004450,O004450,Buy Now Pay Later,Paid
PMT004451,O004451,Credit Card,Refunded
PMT004452,O004452,Debit Card,Paid
PMT004453,O004453,Credit Card,Paid
PMT004454,O004454,Buy Now Pay Later,Paid
PMT004455,O004455,Buy Now Pay Later,Paid
PMT004456,O004456,Buy Now Pay Later,Paid
PMT004457,O004457,Debit Card,Paid
PMT004458,O004458,Gift Card,Paid
PMT004459,O004459,PayPal,Paid
PMT004460,O004460,Credit Card,Paid
PMT004461,O004461,Gift Card,Paid
PMT004462,O004462,Buy Now Pay Later,Paid
PMT004463,O004463,Debit Card,Pending
PMT004464,O004464,Debit Card,Paid
PMT004465,O004465,PayPal,Paid
PMT004466,O004466,Buy Now Pay Later,Refunded
PMT004467,O004467,Credit Card,Paid
PMT004468,O004468,Buy Now Pay Later,Paid
PMT004469,O004469,Debit Card,Pending
PMT004470,O004470,Debit Card,Refunded
PMT004471,O004471,PayPal,Paid
PMT004472,O004472,Gift Card,Pending
PMT004473,O004473,Gift Card,Paid
PMT004474,O004474,Gift Card,Refunded
PMT004475,O004475,Credit Card,Pending
PMT004476,O004476,Gift Card,Pending
PMT004477,O004477,Gift Card,Paid
PMT004478,O004478,Debit Card,Pending
PMT004479,O004479,Buy Now Pay Later,Paid
PMT004480,O004480,Buy Now Pay Later,Pending
PMT004481,O004481,Credit Card,Paid
PMT004482,O004482,Buy Now Pay Later,Pending
PMT004483,O004483,Credit Card,Paid
PMT004484,O004484,PayPal,Refunded
PMT004485,O004485,Buy Now Pay Later,Paid
PMT004486,O004486,Debit Card,Paid
PMT004487,O004487,PayPal,Refunded
PMT004488,O004488,Credit Card,Paid
PMT004489,O004489,Credit Card,Paid
PMT004490,O004490,Credit Card,Paid
PMT004491,O004491,PayPal,Paid
PMT004492,O004492,Debit Card,Paid
PMT004493,O004493,PayPal,Pending
PMT004494,O004494,Debit Card,Paid
PMT004495,O004495,Gift Card,Pending
PMT004496,O004496,Gift Card,Pending
PMT004497,O004497,PayPal,Pending
PMT004498,O004498,Gift Card,Pending
PMT004499,O004499,Debit Card,Pending
PMT004500,O004500,Debit Card,Paid
PMT004501,O004501,Credit Card,Paid
PMT004502,O004502,Gift Card,Paid
PMT004503,O004503,Buy Now Pay Later,Paid
PMT004504,O004504,Credit Card,Paid
PMT004505,O004505,Debit Card,Paid
PMT004506,O004506,Gift Card,Paid
PMT004507,O004507,Debit Card,Refunded
PMT004508,O004508,PayPal,Paid
PMT004509,O004509,Buy Now Pay Later,Pending
PMT004510,O004510,Credit Card,Paid
PMT004511,O004511,Gift Card,Paid
PMT004512,O004512,Debit Card,Paid
PMT004513,O004513,Debit Card,Paid
PMT004514,O004514,Buy Now Pay Later,Paid
PMT004515,O004515,Gift Card,Paid
PMT004516,O004516,Gift Card,Paid
PMT004517,O004517,Debit Card,Paid
PMT004518,O004518,Debit Card,Pending
PMT004519,O004519,Buy Now Pay Later,Pending
PMT004520,O004520,Buy Now Pay Later,Paid
PMT004521,O004521,Gift Card,Paid
PMT004522,O004522,Debit Card,Pending
PMT004523,O004523,PayPal,Refunded
PMT004524,O004524,PayPal,Paid
PMT004525,O004525,Gift Card,Paid
PMT004526,O004526,Debit Card,Pending
PMT004527,O004527,PayPal,Pending
PMT004528,O004528,Debit Card,Paid
PMT004529,O004529,Buy Now Pay Later,Refunded
PMT004530,O004530,Debit Card,Paid
PMT004531,O004531,Gift Card,Paid
PMT004532,O004532,Debit Card,Pending
PMT004533,O004533,Credit Card,Refunded
PMT004534,O004534,Buy Now Pay Later,Paid
PMT004535,O004535,Credit Card,Refunded
PMT004536,O004536,Buy Now Pay Later,Pending
PMT004537,O004537,Gift Card,Paid
PMT004538,O004538,Debit Card,Pending
PMT004539,O004539,PayPal,Paid
PMT004540,O004540,Gift Card,Paid
PMT004541,O004541,Credit Card,Paid
PMT004542,O004542,PayPal,Paid
PMT004543,O004543,Gift Card,Paid
PMT004544,O004544,Gift Card,Paid
PMT004545,O004545,Credit Card,Paid
PMT004546,O004546,Buy Now Pay Later,Paid
PMT004547,O004547,Credit Card,Paid
PMT004548,O004548,Debit Card,Paid
PMT004549,O004549,Buy Now Pay Later,Paid
PMT004550,O004550,Credit Card,Paid
PMT004551,O004551,Credit Card,Paid
PMT004552,O004552,PayPal,Paid
PMT004553,O004553,Buy Now Pay Later,Pending
PMT004554,O004554,Credit Card,Paid
PMT004555,O004555,Credit Card,Pending
PMT004556,O004556,Gift Card,Refunded
PMT004557,O004557,Credit Card,Paid
PMT004558,O004558,Credit Card,Paid
PMT004559,O004559,Credit Card,Paid
PMT004560,O004560,PayPal,Paid
PMT004561,O004561,Gift Card,Paid
PMT004562,O004562,Credit Card,Pending
PMT004563,O004563,Credit Card,Pending
PMT004564,O004564,PayPal,Paid
PMT004565,O004565,Buy Now Pay Later,Refunded
PMT004566,O004566,Credit Card,Paid
PMT004567,O004567,Gift Card,Paid
PMT004568,O004568,Buy Now Pay Later,Pending
PMT004569,O004569,Credit Card,Paid
PMT004570,O004570,Gift Card,Paid
PMT004571,O004571,PayPal,Pending
PMT004572,O004572,Gift Card,Paid
PMT004573,O004573,Buy Now Pay Later,Pending
PMT004574,O004574,Buy Now Pay Later,Paid
PMT004575,O004575,Credit Card,Paid
PMT004576,O004576,Credit Card,Refunded
PMT004577,O004577,Buy Now Pay Later,Pending
PMT004578,O004578,PayPal,Paid
PMT004579,O004579,Debit Card,Paid
PMT004580,O004580,Credit Card,Paid
PMT004581,O004581,Gift Card,Paid
PMT004582,O004582,Buy Now Pay Later,Pending
PMT004583,O004583,PayPal,Paid
PMT004584,O004584,Gift Card,Paid
PMT004585,O004585,Debit Card,Pending
PMT004586,O004586,Gift Card,Pending
PMT004587,O004587,Gift Card,Paid
PMT004588,O004588,Buy Now Pay Later,Paid
PMT004589,O004589,Buy Now Pay Later,Paid
PMT004590,O004590,Gift Card,Paid
PMT004591,O004591,Debit Card,Paid
PMT004592,O004592,Buy Now Pay Later,Pending
PMT004593,O004593,Credit Card,Paid
PMT004594,O004594,Buy Now Pay Later,Pending
PMT004595,O004595,Credit Card,Paid
PMT004596,O004596,Credit Card,Paid
PMT004597,O004597,Gift Card,Paid
PMT004598,O004598,Debit Card,Paid
PMT004599,O004599,Buy Now Pay Later,Paid
PMT004600,O004600,Credit Card,Refunded
PMT004601,O004601,PayPal,Paid
PMT004602,O004602,Gift Card,Paid
PMT004603,O004603,Buy Now Pay Later,Paid
PMT004604,O004604,Buy Now Pay Later,Paid
PMT004605,O004605,Debit Card,Paid
PMT004606,O004606,Gift Card,Paid
PMT004607,O004607,Debit Card,Paid
PMT004608,O004608,PayPal,Paid
PMT004609,O004609,PayPal,Paid
PMT004610,O004610,Gift Card,Paid
PMT004611,O004611,Buy Now Pay Later,Paid
PMT004612,O004612,Buy Now Pay Later,Paid
PMT004613,O004613,Gift Card,Paid
PMT004614,O004614,PayPal,Paid
PMT004615,O004615,PayPal,Paid
PMT004616,O004616,Credit Card,Paid
PMT004617,O004617,Buy Now Pay Later,Pending
PMT004618,O004618,PayPal,Pending
PMT004619,O004619,Gift Card,Paid
PMT004620,O004620,Debit Card,Refunded
PMT004621,O004621,Debit Card,Paid
PMT004622,O004622,Credit Card,Paid
PMT004623,O004623,Debit Card,Pending
PMT004624,O004624,Credit Card,Paid
PMT004625,O004625,Buy Now Pay Later,Refunded
PMT004626,O004626,PayPal,Paid
PMT004627,O004627,Debit Card,Pending
PMT004628,O004628,Gift Card,Paid
PMT004629,O004629,Credit Card,Refunded
PMT004630,O004630,Gift Card,Pending
PMT004631,O004631,Buy Now Pay Later,Pending
PMT004632,O004632,PayPal,Paid
PMT004633,O004633,PayPal,Pending
PMT004634,O004634,PayPal,Paid
PMT004635,O004635,Credit Card,Paid
PMT004636,O004636,Gift Card,Paid
PMT004637,O004637,Debit Card,Paid
PMT004638,O004638,PayPal,Paid
PMT004639,O004639,Credit Card,Pending
PMT004640,O004640,Debit Card,Paid
PMT004641,O004641,Gift Card,Paid
PMT004642,O004642,Debit Card,Paid
PMT004643,O004643,Gift Card,Paid
PMT004644,O004644,Buy Now Pay Later,Paid
PMT004645,O004645,Buy Now Pay Later,Paid
PMT004646,O004646,Gift Card,Paid
PMT004647,O004647,PayPal,Refunded
PMT004648,O004648,PayPal,Paid
PMT004649,O004649,Gift Card,Pending
PMT004650,O004650,Credit Card,Paid
PMT004651,O004651,Credit Card,Pending
PMT004652,O004652,Credit Card,Paid
PMT004653,O004653,Gift Card,Paid
PMT004654,O004654,Buy Now Pay Later,Refunded
PMT004655,O004655,Gift Card,Pending
PMT004656,O004656,Credit Card,Paid
PMT004657,O004657,Gift Card,Pending
PMT004658,O004658,Debit Card,Paid
PMT004659,O004659,PayPal,Pending
PMT004660,O004660,Credit Card,Paid
PMT004661,O004661,Gift Card,Paid
PMT004662,O004662,Credit Card,Paid
PMT004663,O004663,PayPal,Pending
PMT004664,O004664,Buy Now Pay Later,Paid
PMT004665,O004665,PayPal,Paid
PMT004666,O004666,Gift Card,Paid
PMT004667,O004667,Credit Card,Pending
PMT004668,O004668,Gift Card,Paid
PMT004669,O004669,Gift Card,Pending
PMT004670,O004670,Debit Card,Pending
PMT004671,O004671,PayPal,Paid
PMT004672,O004672,Buy Now Pay Later,Paid
PMT004673,O004673,Buy Now Pay Later,Paid
PMT004674,O004674,PayPal,Paid
PMT004675,O004675,Buy Now Pay Later,Refunded
PMT004676,O004676,Debit Card,Paid
PMT004677,O004677,Debit Card,Paid
PMT004678,O004678,Buy Now Pay Later,Pending
PMT004679,O004679,Debit Card,Pending
PMT004680,O004680,Gift Card,Paid
PMT004681,O004681,Debit Card,Pending
PMT004682,O004682,Gift Card,Pending
PMT004683,O004683,PayPal,Pending
PMT004684,O004684,Gift Card,Pending
PMT004685,O004685,Gift Card,Paid
PMT004686,O004686,Credit Card,Paid
PMT004687,O004687,Buy Now Pay Later,Paid
PMT004688,O004688,Debit Card,Paid
PMT004689,O004689,PayPal,Paid
PMT004690,O004690,Debit Card,Paid
PMT004691,O004691,PayPal,Paid
PMT004692,O004692,Credit Card,Paid
PMT004693,O004693,Gift Card,Paid
PMT004694,O004694,PayPal,Paid
PMT004695,O004695,PayPal,Paid
PMT004696,O004696,Gift Card,Pending
PMT004697,O004697,Credit Card,Paid
PMT004698,O004698,Credit Card,Refunded
PMT004699,O004699,Buy Now Pay Later,Paid
PMT004700,O004700,Gift Card,Paid
PMT004701,O004701,Credit Card,Pending
PMT004702,O004702,Buy Now Pay Later,Pending
PMT004703,O004703,Buy Now Pay Later,Paid
PMT004704,O004704,Debit Card,Pending
PMT004705,O004705,Credit Card,Paid
PMT004706,O004706,Credit Card,Paid
PMT004707,O004707,Credit Card,Paid
PMT004708,O004708,Debit Card,Paid
PMT004709,O004709,PayPal,Paid
PMT004710,O004710,Gift Card,Pending
PMT004711,O004711,Gift Card,Paid
PMT004712,O004712,Buy Now Pay Later,Pending
PMT004713,O004713,PayPal,Paid
PMT004714,O004714,Credit Card,Paid
PMT004715,O004715,Debit Card,Paid
PMT004716,O004716,PayPal,Pending
PMT004717,O004717,Gift Card,Pending
PMT004718,O004718,Gift Card,Pending
PMT004719,O004719,Gift Card,Paid
PMT004720,O004720,Debit Card,Paid
PMT004721,O004721,PayPal,Paid
PMT004722,O004722,Gift Card,Paid
PMT004723,O004723,Buy Now Pay Later,Paid
PMT004724,O004724,Credit Card,Paid
PMT004725,O004725,Credit Card,Paid
PMT004726,O004726,Credit Card,Pending
PMT004727,O004727,Debit Card,Paid
PMT004728,O004728,PayPal,Paid
PMT004729,O004729,Buy Now Pay Later,Paid
PMT004730,O004730,Debit Card,Pending
PMT004731,O004731,Buy Now Pay Later,Paid
PMT004732,O004732,Buy Now Pay Later,Paid
PMT004733,O004733,Credit Card,Paid
PMT004734,O004734,Debit Card,Paid
PMT004735,O004735,Gift Card,Pending
PMT004736,O004736,Buy Now Pay Later,Paid
PMT004737,O004737,Buy Now Pay Later,Paid
PMT004738,O004738,Buy Now Pay Later,Paid
PMT004739,O004739,Debit Card,Paid
PMT004740,O004740,PayPal,Paid
PMT004741,O004741,Credit Card,Paid
PMT004742,O004742,Debit Card,Paid
PMT004743,O004743,Gift Card,Pending
PMT004744,O004744,Debit Card,Paid
PMT004745,O004745,Gift Card,Paid
PMT004746,O004746,Credit Card,Paid
PMT004747,O004747,Gift Card,Paid
PMT004748,O004748,Credit Card,Pending
PMT004749,O004749,Buy Now Pay Later,Paid
PMT004750,O004750,Gift Card,Pending
PMT004751,O004751,Buy Now Pay Later,Paid
PMT004752,O004752,Debit Card,Paid
PMT004753,O004753,Debit Card,Paid
PMT004754,O004754,Debit Card,Paid
PMT004755,O004755,Debit Card,Refunded
PMT004756,O004756,Buy Now Pay Later,Pending
PMT004757,O004757,Credit Card,Pending
PMT004758,O004758,Gift Card,Pending
PMT004759,O004759,Credit Card,Paid
PMT004760,O004760,Credit Card,Pending
PMT004761,O004761,Buy Now Pay Later,Paid
PMT004762,O004762,Gift Card,Paid
PMT004763,O004763,PayPal,Pending
PMT004764,O004764,Gift Card,Paid
PMT004765,O004765,Debit Card,Pending
PMT004766,O004766,Gift Card,Paid
PMT004767,O004767,Gift Card,Paid
PMT004768,O004768,PayPal,Paid
PMT004769,O004769,Buy Now Pay Later,Pending
PMT004770,O004770,Credit Card,Pending
PMT004771,O004771,Debit Card,Paid
PMT004772,O004772,PayPal,Pending
PMT004773,O004773,Debit Card,Paid
PMT004774,O004774,Credit Card,Paid
PMT004775,O004775,Debit Card,Paid
PMT004776,O004776,PayPal,Paid
PMT004777,O004777,PayPal,Paid
PMT004778,O004778,Credit Card,Pending
PMT004779,O004779,Debit Card,Paid
PMT004780,O004780,Buy Now Pay Later,Refunded
PMT004781,O004781,Gift Card,Pending
PMT004782,O004782,Credit Card,Pending
PMT004783,O004783,Gift Card,Paid
PMT004784,O004784,Buy Now Pay Later,Paid
PMT004785,O004785,Debit Card,Pending
PMT004786,O004786,Buy Now Pay Later,Pending
PMT004787,O004787,Buy Now Pay Later,Paid
PMT004788,O004788,Gift Card,Paid
PMT004789,O004789,Buy Now Pay Later,Paid
PMT004790,O004790,Credit Card,Pending
PMT004791,O004791,Debit Card,Paid
PMT004792,O004792,Debit Card,Paid
PMT004793,O004793,Buy Now Pay Later,Paid
PMT004794,O004794,Debit Card,Pending
PMT004795,O004795,Debit Card,Paid
PMT004796,O004796,Buy Now Pay Later,Pending
PMT004797,O004797,Buy Now Pay Later,Paid
PMT004798,O004798,Buy Now Pay Later,Refunded
PMT004799,O004799,PayPal,Paid
PMT004800,O004800,Credit Card,Paid
PMT004801,O004801,Debit Card,Pending
PMT004802,O004802,Buy Now Pay Later,Paid
PMT004803,O004803,Credit Card,Paid
PMT004804,O004804,PayPal,Paid
PMT004805,O004805,Credit Card,Paid
PMT004806,O004806,Debit Card,Pending
PMT004807,O004807,Credit Card,Paid
PMT004808,O004808,Gift Card,Pending
PMT004809,O004809,Debit Card,Paid
PMT004810,O004810,PayPal,Paid
PMT004811,O004811,Gift Card,Paid
PMT004812,O004812,PayPal,Refunded
PMT004813,O004813,Debit Card,Paid
PMT004814,O004814,PayPal,Paid
PMT004815,O004815,Credit Card,Paid
PMT004816,O004816,Buy Now Pay Later,Paid
PMT004817,O004817,Gift Card,Paid
PMT004818,O004818,Credit Card,Pending
PMT004819,O004819,Debit Card,Paid
PMT004820,O004820,Buy Now Pay Later,Refunded
PMT004821,O004821,Credit Card,Paid
PMT004822,O004822,Gift Card,Refunded
PMT004823,O004823,Buy Now Pay Later,Paid
PMT004824,O004824,Debit Card,Paid
PMT004825,O004825,Credit Card,Paid
PMT004826,O004826,Debit Card,Paid
PMT004827,O004827,PayPal,Paid
PMT004828,O004828,PayPal,Paid
PMT004829,O004829,Debit Card,Paid
PMT004830,O004830,Credit Card,Paid
PMT004831,O004831,Gift Card,Paid
PMT004832,O004832,Credit Card,Paid
PMT004833,O004833,Buy Now Pay Later,Paid
PMT004834,O004834,Credit Card,Paid
PMT004835,O004835,Debit Card,Paid
PMT004836,O004836,Buy Now Pay Later,Paid
PMT004837,O004837,Buy Now Pay Later,Paid
PMT004838,O004838,Debit Card,Paid
PMT004839,O004839,Gift Card,Paid
PMT004840,O004840,Debit Card,Paid
PMT004841,O004841,PayPal,Paid
PMT004842,O004842,Credit Card,Paid
PMT004843,O004843,Debit Card,Paid
PMT004844,O004844,Gift Card,Paid
PMT004845,O004845,Buy Now Pay Later,Paid
PMT004846,O004846,Gift Card,Paid
PMT004847,O004847,PayPal,Paid
PMT004848,O004848,Buy Now Pay Later,Refunded
PMT004849,O004849,Buy Now Pay Later,Paid
PMT004850,O004850,Credit Card,Paid
PMT004851,O004851,Debit Card,Pending
PMT004852,O004852,Credit Card,Paid
PMT004853,O004853,Credit Card,Refunded
PMT004854,O004854,Gift Card,Paid
PMT004855,O004855,Gift Card,Paid
PMT004856,O004856,Credit Card,Refunded
PMT004857,O004857,Gift Card,Paid
PMT004858,O004858,Buy Now Pay Later,Paid
PMT004859,O004859,Gift Card,Paid
PMT004860,O004860,Gift Card,Paid
PMT004861,O004861,Debit Card,Paid
PMT004862,O004862,Buy Now Pay Later,Paid
PMT004863,O004863,Buy Now Pay Later,Paid
PMT004864,O004864,PayPal,Paid
PMT004865,O004865,Buy Now Pay Later,Paid
PMT004866,O004866,Debit Card,Refunded
PMT004867,O004867,Credit Card,Refunded
PMT004868,O004868,PayPal,Paid
PMT004869,O004869,Buy Now Pay Later,Paid
PMT004870,O004870,Gift Card,Paid
PMT004871,O004871,Credit Card,Paid
PMT004872,O004872,Debit Card,Paid
PMT004873,O004873,Buy Now Pay Later,Pending
PMT004874,O004874,Credit Card,Paid
PMT004875,O004875,Credit Card,Paid
PMT004876,O004876,Buy Now Pay Later,Paid
PMT004877,O004877,Credit Card,Paid
PMT004878,O004878,Gift Card,Paid
PMT004879,O004879,PayPal,Paid
PMT004880,O004880,Buy Now Pay Later,Refunded
PMT004881,O004881,Credit Card,Paid
PMT004882,O004882,PayPal,Paid
PMT004883,O004883,PayPal,Paid
PMT004884,O004884,Debit Card,Paid
PMT004885,O004885,PayPal,Paid
PMT004886,O004886,PayPal,Pending
PMT004887,O004887,Debit Card,Paid
PMT004888,O004888,PayPal,Refunded
PMT004889,O004889,Credit Card,Pending
PMT004890,O004890,PayPal,Paid
PMT004891,O004891,PayPal,Pending
PMT004892,O004892,Buy Now Pay Later,Paid
PMT004893,O004893,Credit Card,Paid
PMT004894,O004894,Gift Card,Paid
PMT004895,O004895,Debit Card,Paid
PMT004896,O004896,Credit Card,Paid
PMT004897,O004897,PayPal,Paid
PMT004898,O004898,Credit Card,Paid
PMT004899,O004899,Buy Now Pay Later,Paid
PMT004900,O004900,Gift Card,Paid
PMT004901,O004901,Credit Card,Paid
PMT004902,O004902,Gift Card,Paid
PMT004903,O004903,PayPal,Pending
PMT004904,O004904,Debit Card,Pending
PMT004905,O004905,Buy Now Pay Later,Paid
PMT004906,O004906,Credit Card,Paid
PMT004907,O004907,Credit Card,Paid
PMT004908,O004908,PayPal,Paid
PMT004909,O004909,PayPal,Pending
PMT004910,O004910,Buy Now Pay Later,Paid
PMT004911,O004911,Gift Card,Pending
PMT004912,O004912,PayPal,Paid
PMT004913,O004913,PayPal,Paid
PMT004914,O004914,Gift Card,Paid
PMT004915,O004915,Gift Card,Paid
PMT004916,O004916,Buy Now Pay Later,Paid
PMT004917,O004917,Buy Now Pay Later,Paid
PMT004918,O004918,PayPal,Paid
PMT004919,O004919,Gift Card,Refunded
PMT004920,O004920,PayPal,Pending
PMT004921,O004921,Debit Card,Pending
PMT004922,O004922,Buy Now Pay Later,Paid
PMT004923,O004923,Gift Card,Refunded
PMT004924,O004924,PayPal,Pending
PMT004925,O004925,Debit Card,Pending
PMT004926,O004926,Debit Card,Paid
PMT004927,O004927,Credit Card,Paid
PMT004928,O004928,Buy Now Pay Later,Paid
PMT004929,O004929,Gift Card,Paid
PMT004930,O004930,Buy Now Pay Later,Pending
PMT004931,O004931,Gift Card,Paid
PMT004932,O004932,Gift Card,Pending
PMT004933,O004933,Debit Card,Paid
PMT004934,O004934,Gift Card,Paid
PMT004935,O004935,Debit Card,Paid
PMT004936,O004936,Buy Now Pay Later,Paid
PMT004937,O004937,Credit Card,Paid
PMT004938,O004938,Gift Card,Paid
PMT004939,O004939,PayPal,Paid
PMT004940,O004940,Buy Now Pay Later,Paid
PMT004941,O004941,Gift Card,Paid
PMT004942,O004942,PayPal,Paid
PMT004943,O004943,PayPal,Paid
PMT004944,O004944,Credit Card,Paid
PMT004945,O004945,Buy Now Pay Later,Pending
PMT004946,O004946,PayPal,Paid
PMT004947,O004947,Debit Card,Pending
PMT004948,O004948,Gift Card,Paid
PMT004949,O004949,Debit Card,Pending
PMT004950,O004950,PayPal,Refunded
PMT004951,O004951,Credit Card,Pending
PMT004952,O004952,PayPal,Paid
PMT004953,O004953,Debit Card,Paid
PMT004954,O004954,Credit Card,Paid
PMT004955,O004955,Credit Card,Pending
PMT004956,O004956,Buy Now Pay Later,Paid
PMT004957,O004957,PayPal,Paid
PMT004958,O004958,PayPal,Pending
PMT004959,O004959,PayPal,Pending
PMT004960,O004960,Gift Card,Pending
PMT004961,O004961,Debit Card,Paid
PMT004962,O004962,Buy Now Pay Later,Pending
PMT004963,O004963,Gift Card,Paid
PMT004964,O004964,PayPal,Paid
PMT004965,O004965,PayPal,Paid
PMT004966,O004966,Debit Card,Pending
PMT004967,O004967,Credit Card,Paid
PMT004968,O004968,Debit Card,Paid
PMT004969,O004969,PayPal,Paid
PMT004970,O004970,Buy Now Pay Later,Pending
PMT004971,O004971,Credit Card,Paid
PMT004972,O004972,Gift Card,Pending
PMT004973,O004973,Debit Card,Paid
PMT004974,O004974,Debit Card,Pending
PMT004975,O004975,Buy Now Pay Later,Paid
PMT004976,O004976,Credit Card,Paid
PMT004977,O004977,Debit Card,Paid
PMT004978,O004978,Debit Card,Pending
PMT004979,O004979,Buy Now Pay Later,Paid
PMT004980,O004980,PayPal,Paid
PMT004981,O004981,Credit Card,Paid
PMT004982,O004982,Buy Now Pay Later,Pending
PMT004983,O004983,Buy Now Pay Later,Paid
PMT004984,O004984,Gift Card,Pending
PMT004985,O004985,Debit Card,Paid
PMT004986,O004986,Buy Now Pay Later,Paid
PMT004987,O004987,PayPal,Paid
PMT004988,O004988,Debit Card,Paid
PMT004989,O004989,Debit Card,Pending
PMT004990,O004990,Credit Card,Refunded
PMT004991,O004991,Gift Card,Pending
PMT004992,O004992,Debit Card,Pending
PMT004993,O004993,Debit Card,Pending
PMT004994,O004994,Debit Card,Pending
PMT004995,O004995,PayPal,Paid
PMT004996,O004996,Debit Card,Pending
PMT004997,O004997,PayPal,Paid
PMT004998,O004998,Gift Card,Paid
PMT004999,O004999,Credit Card,Pending
PMT005000,O005000,PayPal,Paid
PMT005001,O005001,PayPal,Paid
PMT005002,O005002,Debit Card,Refunded
PMT005003,O005003,Buy Now Pay Later,Paid
PMT005004,O005004,Gift Card,Pending
PMT005005,O005005,Buy Now Pay Later,Paid
PMT005006,O005006,Buy Now Pay Later,Paid
PMT005007,O005007,Debit Card,Paid
PMT005008,O005008,PayPal,Paid
PMT005009,O005009,Debit Card,Paid
PMT005010,O005010,Debit Card,Paid
PMT005011,O005011,Credit Card,Paid
PMT005012,O005012,Credit Card,Paid
PMT005013,O005013,PayPal,Paid
PMT005014,O005014,PayPal,Paid
PMT005015,O005015,Credit Card,Paid
PMT005016,O005016,Credit Card,Refunded
PMT005017,O005017,PayPal,Paid
PMT005018,O005018,Gift Card,Paid
PMT005019,O005019,PayPal,Paid
PMT005020,O005020,Credit Card,Paid
PMT005021,O005021,Debit Card,Paid
PMT005022,O005022,Gift Card,Pending
PMT005023,O005023,Buy Now Pay Later,Paid
PMT005024,O005024,PayPal,Paid
PMT005025,O005025,Debit Card,Refunded
PMT005026,O005026,Buy Now Pay Later,Pending
PMT005027,O005027,Debit Card,Paid
PMT005028,O005028,Credit Card,Paid
PMT005029,O005029,PayPal,Paid
PMT005030,O005030,PayPal,Refunded
PMT005031,O005031,Credit Card,Paid
PMT005032,O005032,PayPal,Paid
PMT005033,O005033,Debit Card,Paid
PMT005034,O005034,Gift Card,Pending
PMT005035,O005035,Credit Card,Pending
PMT005036,O005036,Gift Card,Paid
PMT005037,O005037,Credit Card,Paid
PMT005038,O005038,Debit Card,Paid
PMT005039,O005039,Buy Now Pay Later,Pending
PMT005040,O005040,PayPal,Paid
PMT005041,O005041,Buy Now Pay Later,Paid
PMT005042,O005042,Debit Card,Pending
PMT005043,O005043,Buy Now Pay Later,Paid
PMT005044,O005044,Gift Card,Refunded
PMT005045,O005045,Buy Now Pay Later,Paid
PMT005046,O005046,Buy Now Pay Later,Pending
PMT005047,O005047,PayPal,Paid
PMT005048,O005048,Credit Card,Pending
PMT005049,O005049,Buy Now Pay Later,Paid
PMT005050,O005050,Buy Now Pay Later,Paid
PMT005051,O005051,Gift Card,Refunded
PMT005052,O005052,Debit Card,Paid
PMT005053,O005053,Buy Now Pay Later,Paid
PMT005054,O005054,Gift Card,Pending
PMT005055,O005055,Credit Card,Paid
PMT005056,O005056,Debit Card,Pending
PMT005057,O005057,Credit Card,Paid
PMT005058,O005058,Debit Card,Paid
PMT005059,O005059,Debit Card,Paid
PMT005060,O005060,Buy Now Pay Later,Refunded
PMT005061,O005061,Debit Card,Pending
PMT005062,O005062,Buy Now Pay Later,Paid
PMT005063,O005063,PayPal,Pending
PMT005064,O005064,Debit Card,Pending
PMT005065,O005065,Credit Card,Pending
PMT005066,O005066,Credit Card,Paid
PMT005067,O005067,Debit Card,Paid
PMT005068,O005068,Credit Card,Paid
PMT005069,O005069,Credit Card,Paid
PMT005070,O005070,Gift Card,Refunded
PMT005071,O005071,Credit Card,Paid
PMT005072,O005072,Buy Now Pay Later,Pending
PMT005073,O005073,Credit Card,Refunded
PMT005074,O005074,PayPal,Pending
PMT005075,O005075,Debit Card,Pending
PMT005076,O005076,Credit Card,Pending
PMT005077,O005077,Gift Card,Paid
PMT005078,O005078,Debit Card,Paid
PMT005079,O005079,Buy Now Pay Later,Pending
PMT005080,O005080,Credit Card,Paid
PMT005081,O005081,PayPal,Paid
PMT005082,O005082,Gift Card,Paid
PMT005083,O005083,Gift Card,Paid
PMT005084,O005084,Credit Card,Paid
PMT005085,O005085,Gift Card,Paid
PMT005086,O005086,Gift Card,Refunded
PMT005087,O005087,Buy Now Pay Later,Paid
PMT005088,O005088,Debit Card,Paid
PMT005089,O005089,Credit Card,Refunded
PMT005090,O005090,Debit Card,Refunded
PMT005091,O005091,Debit Card,Paid
PMT005092,O005092,Gift Card,Pending
PMT005093,O005093,Credit Card,Paid
PMT005094,O005094,Gift Card,Refunded
PMT005095,O005095,Gift Card,Paid
PMT005096,O005096,Gift Card,Pending
PMT005097,O005097,Credit Card,Paid
PMT005098,O005098,Buy Now Pay Later,Pending
PMT005099,O005099,PayPal,Paid
PMT005100,O005100,Debit Card,Paid
PMT005101,O005101,PayPal,Pending
PMT005102,O005102,Gift Card,Paid
PMT005103,O005103,Debit Card,Pending
PMT005104,O005104,Gift Card,Paid
PMT005105,O005105,Credit Card,Paid
PMT005106,O005106,Debit Card,Paid
PMT005107,O005107,Gift Card,Pending
PMT005108,O005108,Buy Now Pay Later,Refunded
PMT005109,O005109,Debit Card,Paid
PMT005110,O005110,Credit Card,Paid
PMT005111,O005111,PayPal,Paid
PMT005112,O005112,Gift Card,Paid
PMT005113,O005113,Buy Now Pay Later,Paid
PMT005114,O005114,Buy Now Pay Later,Refunded
PMT005115,O005115,PayPal,Paid
PMT005116,O005116,Gift Card,Paid
PMT005117,O005117,Buy Now Pay Later,Pending
PMT005118,O005118,Credit Card,Pending
PMT005119,O005119,Credit Card,Paid
PMT005120,O005120,Buy Now Pay Later,Paid
PMT005121,O005121,Buy Now Pay Later,Paid
PMT005122,O005122,Credit Card,Paid
PMT005123,O005123,Debit Card,Refunded
PMT005124,O005124,Debit Card,Paid
PMT005125,O005125,Gift Card,Paid
PMT005126,O005126,Gift Card,Pending
PMT005127,O005127,Buy Now Pay Later,Pending
PMT005128,O005128,Gift Card,Paid
PMT005129,O005129,PayPal,Refunded
PMT005130,O005130,Credit Card,Paid
PMT005131,O005131,Gift Card,Paid
PMT005132,O005132,Buy Now Pay Later,Pending
PMT005133,O005133,Gift Card,Pending
PMT005134,O005134,Credit Card,Refunded
PMT005135,O005135,Gift Card,Paid
PMT005136,O005136,Buy Now Pay Later,Refunded
PMT005137,O005137,Credit Card,Pending
PMT005138,O005138,Debit Card,Pending
PMT005139,O005139,PayPal,Pending
PMT005140,O005140,Debit Card,Pending
PMT005141,O005141,PayPal,Paid
PMT005142,O005142,PayPal,Pending
PMT005143,O005143,PayPal,Paid
PMT005144,O005144,Gift Card,Paid
PMT005145,O005145,Debit Card,Paid
PMT005146,O005146,Buy Now Pay Later,Paid
PMT005147,O005147,Buy Now Pay Later,Paid
PMT005148,O005148,Debit Card,Paid
PMT005149,O005149,Debit Card,Pending
PMT005150,O005150,PayPal,Paid
PMT005151,O005151,Debit Card,Pending
PMT005152,O005152,Credit Card,Paid
PMT005153,O005153,PayPal,Pending
PMT005154,O005154,Debit Card,Paid
PMT005155,O005155,Gift Card,Refunded
PMT005156,O005156,Debit Card,Pending
PMT005157,O005157,PayPal,Paid
PMT005158,O005158,Gift Card,Paid
PMT005159,O005159,PayPal,Paid
PMT005160,O005160,PayPal,Refunded
PMT005161,O005161,Debit Card,Paid
PMT005162,O005162,Gift Card,Paid
PMT005163,O005163,PayPal,Paid
PMT005164,O005164,Credit Card,Paid
PMT005165,O005165,Debit Card,Refunded
PMT005166,O005166,Gift Card,Paid
PMT005167,O005167,Credit Card,Paid
PMT005168,O005168,Debit Card,Pending
PMT005169,O005169,Gift Card,Paid
PMT005170,O005170,PayPal,Pending
PMT005171,O005171,PayPal,Paid
PMT005172,O005172,Gift Card,Pending
PMT005173,O005173,Debit Card,Pending
PMT005174,O005174,Buy Now Pay Later,Paid
PMT005175,O005175,Gift Card,Paid
PMT005176,O005176,PayPal,Paid
PMT005177,O005177,Buy Now Pay Later,Paid
PMT005178,O005178,Debit Card,Pending
PMT005179,O005179,Buy Now Pay Later,Paid
PMT005180,O005180,Debit Card,Paid
PMT005181,O005181,Credit Card,Paid
PMT005182,O005182,Buy Now Pay Later,Paid
PMT005183,O005183,Buy Now Pay Later,Paid
PMT005184,O005184,PayPal,Paid
PMT005185,O005185,Debit Card,Paid
PMT005186,O005186,PayPal,Paid
PMT005187,O005187,PayPal,Paid
PMT005188,O005188,Buy Now Pay Later,Paid
PMT005189,O005189,PayPal,Paid
PMT005190,O005190,PayPal,Paid
PMT005191,O005191,Gift Card,Paid
PMT005192,O005192,Gift Card,Paid
PMT005193,O005193,PayPal,Paid
PMT005194,O005194,Credit Card,Paid
PMT005195,O005195,Debit Card,Paid
PMT005196,O005196,Buy Now Pay Later,Paid
PMT005197,O005197,Credit Card,Paid
PMT005198,O005198,Gift Card,Paid
PMT005199,O005199,Debit Card,Paid
PMT005200,O005200,Credit Card,Paid
PMT005201,O005201,Credit Card,Pending
PMT005202,O005202,Buy Now Pay Later,Paid
PMT005203,O005203,Buy Now Pay Later,Paid
PMT005204,O005204,Buy Now Pay Later,Paid
PMT005205,O005205,PayPal,Paid
PMT005206,O005206,Debit Card,Pending
PMT005207,O005207,PayPal,Paid
PMT005208,O005208,Debit Card,Paid
PMT005209,O005209,Debit Card,Paid
PMT005210,O005210,Credit Card,Pending
PMT005211,O005211,Debit Card,Paid
PMT005212,O005212,Gift Card,Paid
PMT005213,O005213,Credit Card,Paid
PMT005214,O005214,PayPal,Paid
PMT005215,O005215,Gift Card,Paid
PMT005216,O005216,Gift Card,Paid
PMT005217,O005217,Gift Card,Pending
PMT005218,O005218,PayPal,Paid
PMT005219,O005219,Debit Card,Paid
PMT005220,O005220,Buy Now Pay Later,Paid
PMT005221,O005221,Buy Now Pay Later,Paid
PMT005222,O005222,Credit Card,Paid
PMT005223,O005223,Debit Card,Pending
PMT005224,O005224,Gift Card,Paid
PMT005225,O005225,Debit Card,Pending
PMT005226,O005226,Buy Now Pay Later,Paid
PMT005227,O005227,Buy Now Pay Later,Pending
PMT005228,O005228,Buy Now Pay Later,Paid
PMT005229,O005229,Gift Card,Paid
PMT005230,O005230,Buy Now Pay Later,Refunded
PMT005231,O005231,Debit Card,Pending
PMT005232,O005232,Buy Now Pay Later,Paid
PMT005233,O005233,Buy Now Pay Later,Paid
PMT005234,O005234,Credit Card,Paid
PMT005235,O005235,PayPal,Paid
PMT005236,O005236,Debit Card,Paid
PMT005237,O005237,PayPal,Paid
PMT005238,O005238,Buy Now Pay Later,Paid
PMT005239,O005239,Gift Card,Paid
PMT005240,O005240,Credit Card,Refunded
PMT005241,O005241,Gift Card,Pending
PMT005242,O005242,Debit Card,Pending
PMT005243,O005243,Gift Card,Pending
PMT005244,O005244,PayPal,Pending
PMT005245,O005245,Credit Card,Paid
PMT005246,O005246,PayPal,Paid
PMT005247,O005247,Credit Card,Paid
PMT005248,O005248,Debit Card,Paid
PMT005249,O005249,Debit Card,Paid
PMT005250,O005250,Credit Card,Paid
PMT005251,O005251,PayPal,Paid
PMT005252,O005252,Debit Card,Refunded
PMT005253,O005253,Buy Now Pay Later,Paid
PMT005254,O005254,PayPal,Paid
PMT005255,O005255,Buy Now Pay Later,Paid
PMT005256,O005256,Buy Now Pay Later,Paid
PMT005257,O005257,PayPal,Pending
PMT005258,O005258,Debit Card,Pending
PMT005259,O005259,Gift Card,Pending
PMT005260,O005260,Debit Card,Paid
PMT005261,O005261,Gift Card,Paid
PMT005262,O005262,Gift Card,Pending
PMT005263,O005263,Credit Card,Paid
PMT005264,O005264,Credit Card,Paid
PMT005265,O005265,Debit Card,Pending
PMT005266,O005266,Credit Card,Pending
PMT005267,O005267,Debit Card,Paid
PMT005268,O005268,Buy Now Pay Later,Paid
PMT005269,O005269,Buy Now Pay Later,Paid
PMT005270,O005270,Credit Card,Refunded
PMT005271,O005271,Gift Card,Paid
PMT005272,O005272,Buy Now Pay Later,Paid
PMT005273,O005273,PayPal,Paid
PMT005274,O005274,PayPal,Paid
PMT005275,O005275,Buy Now Pay Later,Paid
PMT005276,O005276,Gift Card,Paid
PMT005277,O005277,Debit Card,Paid
PMT005278,O005278,Credit Card,Pending
PMT005279,O005279,Debit Card,Pending
PMT005280,O005280,Credit Card,Paid
PMT005281,O005281,Buy Now Pay Later,Paid
PMT005282,O005282,Credit Card,Pending
PMT005283,O005283,Buy Now Pay Later,Paid
PMT005284,O005284,Debit Card,Paid
PMT005285,O005285,Buy Now Pay Later,Paid
PMT005286,O005286,PayPal,Refunded
PMT005287,O005287,Credit Card,Paid
PMT005288,O005288,Gift Card,Paid
PMT005289,O005289,Debit Card,Paid
PMT005290,O005290,PayPal,Paid
PMT005291,O005291,Buy Now Pay Later,Paid
PMT005292,O005292,Buy Now Pay Later,Paid
PMT005293,O005293,Buy Now Pay Later,Paid
PMT005294,O005294,Gift Card,Pending
PMT005295,O005295,Buy Now Pay Later,Pending
PMT005296,O005296,Gift Card,Pending
PMT005297,O005297,Buy Now Pay Later,Pending
PMT005298,O005298,PayPal,Paid
PMT005299,O005299,Buy Now Pay Later,Refunded
PMT005300,O005300,PayPal,Paid
PMT005301,O005301,Buy Now Pay Later,Paid
PMT005302,O005302,Gift Card,Paid
PMT005303,O005303,Gift Card,Paid
PMT005304,O005304,Buy Now Pay Later,Paid
PMT005305,O005305,Credit Card,Paid
PMT005306,O005306,Debit Card,Paid
PMT005307,O005307,Buy Now Pay Later,Pending
PMT005308,O005308,Gift Card,Pending
PMT005309,O005309,PayPal,Pending
PMT005310,O005310,PayPal,Pending
PMT005311,O005311,Credit Card,Paid
PMT005312,O005312,Debit Card,Pending
PMT005313,O005313,PayPal,Paid
PMT005314,O005314,Credit Card,Pending
PMT005315,O005315,Credit Card,Pending
PMT005316,O005316,Debit Card,Paid
PMT005317,O005317,Credit Card,Paid
PMT005318,O005318,Credit Card,Pending
PMT005319,O005319,PayPal,Refunded
PMT005320,O005320,Buy Now Pay Later,Pending
PMT005321,O005321,Credit Card,Paid
PMT005322,O005322,Buy Now Pay Later,Paid
PMT005323,O005323,Credit Card,Paid
PMT005324,O005324,PayPal,Pending
PMT005325,O005325,Credit Card,Refunded
PMT005326,O005326,Gift Card,Paid
PMT005327,O005327,PayPal,Paid
PMT005328,O005328,Gift Card,Paid
PMT005329,O005329,Credit Card,Refunded
PMT005330,O005330,PayPal,Paid
PMT005331,O005331,Debit Card,Paid
PMT005332,O005332,Buy Now Pay Later,Paid
PMT005333,O005333,Gift Card,Refunded
PMT005334,O005334,Buy Now Pay Later,Paid
PMT005335,O005335,Debit Card,Refunded
PMT005336,O005336,Buy Now Pay Later,Paid
PMT005337,O005337,Credit Card,Paid
PMT005338,O005338,Credit Card,Paid
PMT005339,O005339,Debit Card,Paid
PMT005340,O005340,Credit Card,Paid
PMT005341,O005341,Credit Card,Pending
PMT005342,O005342,PayPal,Pending
PMT005343,O005343,Gift Card,Pending
PMT005344,O005344,PayPal,Pending
PMT005345,O005345,Gift Card,Paid
PMT005346,O005346,Buy Now Pay Later,Paid
PMT005347,O005347,Debit Card,Paid
PMT005348,O005348,Buy Now Pay Later,Pending
PMT005349,O005349,Debit Card,Paid
PMT005350,O005350,Buy Now Pay Later,Pending
PMT005351,O005351,Debit Card,Paid
PMT005352,O005352,Gift Card,Paid
PMT005353,O005353,Buy Now Pay Later,Paid
PMT005354,O005354,Debit Card,Paid
PMT005355,O005355,PayPal,Paid
PMT005356,O005356,Gift Card,Paid
PMT005357,O005357,PayPal,Paid
PMT005358,O005358,Buy Now Pay Later,Paid
PMT005359,O005359,Gift Card,Paid
PMT005360,O005360,Buy Now Pay Later,Paid
PMT005361,O005361,PayPal,Paid
PMT005362,O005362,Gift Card,Paid
PMT005363,O005363,Credit Card,Paid
PMT005364,O005364,PayPal,Pending
PMT005365,O005365,Buy Now Pay Later,Paid
PMT005366,O005366,Debit Card,Paid
PMT005367,O005367,Gift Card,Pending
PMT005368,O005368,Debit Card,Paid
PMT005369,O005369,Buy Now Pay Later,Paid
PMT005370,O005370,Buy Now Pay Later,Pending
PMT005371,O005371,Debit Card,Paid
PMT005372,O005372,Buy Now Pay Later,Paid
PMT005373,O005373,PayPal,Paid
PMT005374,O005374,PayPal,Paid
PMT005375,O005375,Gift Card,Paid
PMT005376,O005376,Buy Now Pay Later,Pending
PMT005377,O005377,Buy Now Pay Later,Pending
PMT005378,O005378,Buy Now Pay Later,Paid
PMT005379,O005379,Debit Card,Paid
PMT005380,O005380,Gift Card,Paid
PMT005381,O005381,Credit Card,Paid
PMT005382,O005382,Gift Card,Paid
PMT005383,O005383,PayPal,Pending
PMT005384,O005384,Gift Card,Paid
PMT005385,O005385,Buy Now Pay Later,Paid
PMT005386,O005386,PayPal,Paid
PMT005387,O005387,Credit Card,Paid
PMT005388,O005388,Gift Card,Paid
PMT005389,O005389,Debit Card,Paid
PMT005390,O005390,Gift Card,Paid
PMT005391,O005391,Gift Card,Paid
PMT005392,O005392,Credit Card,Paid
PMT005393,O005393,PayPal,Paid
PMT005394,O005394,Gift Card,Paid
PMT005395,O005395,Buy Now Pay Later,Paid
PMT005396,O005396,Debit Card,Pending
PMT005397,O005397,Debit Card,Pending
PMT005398,O005398,Buy Now Pay Later,Paid
PMT005399,O005399,Debit Card,Paid
PMT005400,O005400,PayPal,Pending
PMT005401,O005401,Gift Card,Paid
PMT005402,O005402,Gift Card,Paid
PMT005403,O005403,Buy Now Pay Later,Paid
PMT005404,O005404,Gift Card,Paid
PMT005405,O005405,Gift Card,Refunded
PMT005406,O005406,Buy Now Pay Later,Paid
PMT005407,O005407,Buy Now Pay Later,Paid
PMT005408,O005408,Credit Card,Paid
PMT005409,O005409,Gift Card,Paid
PMT005410,O005410,Gift Card,Paid
PMT005411,O005411,Gift Card,Paid
PMT005412,O005412,Credit Card,Paid
PMT005413,O005413,Gift Card,Refunded
PMT005414,O005414,Debit Card,Paid
PMT005415,O005415,Buy Now Pay Later,Pending
PMT005416,O005416,Buy Now Pay Later,Paid
PMT005417,O005417,Debit Card,Paid
PMT005418,O005418,Gift Card,Paid
PMT005419,O005419,Credit Card,Paid
PMT005420,O005420,Buy Now Pay Later,Paid
PMT005421,O005421,Gift Card,Pending
PMT005422,O005422,Gift Card,Paid
PMT005423,O005423,Debit Card,Paid
PMT005424,O005424,Debit Card,Pending
PMT005425,O005425,PayPal,Pending
PMT005426,O005426,Credit Card,Paid
PMT005427,O005427,Debit Card,Pending
PMT005428,O005428,PayPal,Paid
PMT005429,O005429,Gift Card,Paid
PMT005430,O005430,PayPal,Paid
PMT005431,O005431,Gift Card,Paid
PMT005432,O005432,Buy Now Pay Later,Paid
PMT005433,O005433,Buy Now Pay Later,Pending
PMT005434,O005434,Gift Card,Paid
PMT005435,O005435,Debit Card,Paid
PMT005436,O005436,Gift Card,Pending
PMT005437,O005437,Gift Card,Paid
PMT005438,O005438,Credit Card,Paid
PMT005439,O005439,PayPal,Paid
PMT005440,O005440,Gift Card,Paid
PMT005441,O005441,Buy Now Pay Later,Paid
PMT005442,O005442,PayPal,Paid
PMT005443,O005443,Debit Card,Pending
PMT005444,O005444,PayPal,Paid
PMT005445,O005445,Credit Card,Paid
PMT005446,O005446,Debit Card,Paid
PMT005447,O005447,Gift Card,Pending
PMT005448,O005448,Buy Now Pay Later,Paid
PMT005449,O005449,Buy Now Pay Later,Paid
PMT005450,O005450,Buy Now Pay Later,Paid
PMT005451,O005451,Credit Card,Paid
PMT005452,O005452,Credit Card,Paid
PMT005453,O005453,Debit Card,Paid
PMT005454,O005454,Gift Card,Paid
PMT005455,O005455,Credit Card,Paid
PMT005456,O005456,PayPal,Paid
PMT005457,O005457,Credit Card,Paid
PMT005458,O005458,Debit Card,Paid
PMT005459,O005459,PayPal,Paid
PMT005460,O005460,Credit Card,Paid
PMT005461,O005461,PayPal,Pending
PMT005462,O005462,PayPal,Paid
PMT005463,O005463,Gift Card,Paid
PMT005464,O005464,Gift Card,Paid
PMT005465,O005465,Credit Card,Paid
PMT005466,O005466,Buy Now Pay Later,Paid
PMT005467,O005467,Buy Now Pay Later,Paid
PMT005468,O005468,Buy Now Pay Later,Pending
PMT005469,O005469,Credit Card,Paid
PMT005470,O005470,Buy Now Pay Later,Paid
PMT005471,O005471,Gift Card,Paid
PMT005472,O005472,Credit Card,Paid
PMT005473,O005473,PayPal,Refunded
PMT005474,O005474,Gift Card,Paid
PMT005475,O005475,PayPal,Paid
PMT005476,O005476,Buy Now Pay Later,Pending
PMT005477,O005477,Credit Card,Paid
PMT005478,O005478,Credit Card,Pending
PMT005479,O005479,PayPal,Pending
PMT005480,O005480,Debit Card,Pending
PMT005481,O005481,Credit Card,Paid
PMT005482,O005482,PayPal,Paid
PMT005483,O005483,PayPal,Paid
PMT005484,O005484,Debit Card,Paid
PMT005485,O005485,PayPal,Paid
PMT005486,O005486,Gift Card,Paid
PMT005487,O005487,Debit Card,Pending
PMT005488,O005488,PayPal,Refunded
PMT005489,O005489,Credit Card,Paid
PMT005490,O005490,Debit Card,Pending
PMT005491,O005491,Gift Card,Paid
PMT005492,O005492,PayPal,Paid
PMT005493,O005493,Buy Now Pay Later,Paid
PMT005494,O005494,Gift Card,Paid
PMT005495,O005495,PayPal,Pending
PMT005496,O005496,Buy Now Pay Later,Refunded
PMT005497,O005497,PayPal,Refunded
PMT005498,O005498,Buy Now Pay Later,Refunded
PMT005499,O005499,Buy Now Pay Later,Paid
PMT005500,O005500,Debit Card,Paid
PMT005501,O005501,Gift Card,Paid
PMT005502,O005502,Credit Card,Refunded
PMT005503,O005503,Buy Now Pay Later,Pending
PMT005504,O005504,Debit Card,Paid
PMT005505,O005505,Gift Card,Paid
PMT005506,O005506,Buy Now Pay Later,Paid
PMT005507,O005507,PayPal,Paid
PMT005508,O005508,PayPal,Paid
PMT005509,O005509,PayPal,Paid
PMT005510,O005510,Gift Card,Paid
PMT005511,O005511,Debit Card,Paid
PMT005512,O005512,Credit Card,Paid
PMT005513,O005513,Buy Now Pay Later,Paid
PMT005514,O005514,Gift Card,Paid
PMT005515,O005515,PayPal,Paid
PMT005516,O005516,PayPal,Paid
PMT005517,O005517,PayPal,Pending
PMT005518,O005518,Debit Card,Refunded
PMT005519,O005519,Gift Card,Pending
PMT005520,O005520,Buy Now Pay Later,Pending
PMT005521,O005521,Debit Card,Pending
PMT005522,O005522,PayPal,Pending
PMT005523,O005523,PayPal,Paid
PMT005524,O005524,Buy Now Pay Later,Pending
PMT005525,O005525,Gift Card,Paid
PMT005526,O005526,Credit Card,Paid
PMT005527,O005527,Buy Now Pay Later,Pending
PMT005528,O005528,Buy Now Pay Later,Paid
PMT005529,O005529,Debit Card,Paid
PMT005530,O005530,PayPal,Paid
PMT005531,O005531,Buy Now Pay Later,Paid
PMT005532,O005532,PayPal,Paid
PMT005533,O005533,PayPal,Paid
PMT005534,O005534,Gift Card,Paid
PMT005535,O005535,Debit Card,Paid
PMT005536,O005536,PayPal,Paid
PMT005537,O005537,Buy Now Pay Later,Pending
PMT005538,O005538,Credit Card,Pending
PMT005539,O005539,Gift Card,Paid
PMT005540,O005540,Debit Card,Pending
PMT005541,O005541,Buy Now Pay Later,Paid
PMT005542,O005542,PayPal,Paid
PMT005543,O005543,Gift Card,Paid
PMT005544,O005544,Credit Card,Paid
PMT005545,O005545,Credit Card,Pending
PMT005546,O005546,Credit Card,Paid
PMT005547,O005547,Credit Card,Paid
PMT005548,O005548,PayPal,Paid
PMT005549,O005549,PayPal,Pending
PMT005550,O005550,Debit Card,Paid
PMT005551,O005551,Buy Now Pay Later,Paid
PMT005552,O005552,PayPal,Pending
PMT005553,O005553,Debit Card,Pending
PMT005554,O005554,Debit Card,Paid
PMT005555,O005555,Debit Card,Paid
PMT005556,O005556,PayPal,Paid
PMT005557,O005557,Gift Card,Paid
PMT005558,O005558,Gift Card,Paid
PMT005559,O005559,Buy Now Pay Later,Refunded
PMT005560,O005560,Gift Card,Paid
PMT005561,O005561,Buy Now Pay Later,Pending
PMT005562,O005562,Buy Now Pay Later,Pending
PMT005563,O005563,Credit Card,Paid
PMT005564,O005564,Credit Card,Paid
PMT005565,O005565,Gift Card,Paid
PMT005566,O005566,Credit Card,Paid
PMT005567,O005567,Buy Now Pay Later,Pending
PMT005568,O005568,PayPal,Pending
PMT005569,O005569,PayPal,Paid
PMT005570,O005570,PayPal,Pending
PMT005571,O005571,Credit Card,Paid
PMT005572,O005572,Gift Card,Paid
PMT005573,O005573,Credit Card,Paid
PMT005574,O005574,Debit Card,Paid
PMT005575,O005575,Buy Now Pay Later,Paid
PMT005576,O005576,Buy Now Pay Later,Pending
PMT005577,O005577,Gift Card,Paid
PMT005578,O005578,Buy Now Pay Later,Paid
PMT005579,O005579,Debit Card,Refunded
PMT005580,O005580,Gift Card,Pending
PMT005581,O005581,PayPal,Paid
PMT005582,O005582,Credit Card,Paid
PMT005583,O005583,Gift Card,Paid
PMT005584,O005584,Debit Card,Pending
PMT005585,O005585,PayPal,Paid
PMT005586,O005586,PayPal,Paid
PMT005587,O005587,Debit Card,Paid
PMT005588,O005588,Buy Now Pay Later,Paid
PMT005589,O005589,Buy Now Pay Later,Paid
PMT005590,O005590,Gift Card,Paid
PMT005591,O005591,Debit Card,Paid
PMT005592,O005592,Gift Card,Paid
PMT005593,O005593,Buy Now Pay Later,Paid
PMT005594,O005594,Buy Now Pay Later,Paid
PMT005595,O005595,Debit Card,Paid
PMT005596,O005596,Debit Card,Paid
PMT005597,O005597,Buy Now Pay Later,Refunded
PMT005598,O005598,Debit Card,Paid
PMT005599,O005599,Debit Card,Paid
PMT005600,O005600,Gift Card,Paid
PMT005601,O005601,Buy Now Pay Later,Paid
PMT005602,O005602,Buy Now Pay Later,Paid
PMT005603,O005603,Buy Now Pay Later,Pending
PMT005604,O005604,PayPal,Paid
PMT005605,O005605,PayPal,Refunded
PMT005606,O005606,Gift Card,Paid
PMT005607,O005607,Buy Now Pay Later,Paid
PMT005608,O005608,Debit Card,Paid
PMT005609,O005609,Debit Card,Pending
PMT005610,O005610,Credit Card,Paid
PMT005611,O005611,Buy Now Pay Later,Paid
PMT005612,O005612,Credit Card,Paid
PMT005613,O005613,Credit Card,Paid
PMT005614,O005614,Buy Now Pay Later,Paid
PMT005615,O005615,Gift Card,Pending
PMT005616,O005616,Buy Now Pay Later,Refunded
PMT005617,O005617,Gift Card,Paid
PMT005618,O005618,Debit Card,Paid
PMT005619,O005619,Debit Card,Pending
PMT005620,O005620,Gift Card,Refunded
PMT005621,O005621,Credit Card,Paid
PMT005622,O005622,Gift Card,Refunded
PMT005623,O005623,Gift Card,Paid
PMT005624,O005624,PayPal,Paid
PMT005625,O005625,Buy Now Pay Later,Paid
PMT005626,O005626,Debit Card,Paid
PMT005627,O005627,PayPal,Paid
PMT005628,O005628,Credit Card,Refunded
PMT005629,O005629,Credit Card,Pending
PMT005630,O005630,PayPal,Paid
PMT005631,O005631,Buy Now Pay Later,Paid
PMT005632,O005632,Gift Card,Pending
PMT005633,O005633,PayPal,Pending
PMT005634,O005634,PayPal,Paid
PMT005635,O005635,Buy Now Pay Later,Paid
PMT005636,O005636,Buy Now Pay Later,Paid
PMT005637,O005637,PayPal,Paid
PMT005638,O005638,Debit Card,Pending
PMT005639,O005639,Gift Card,Paid
PMT005640,O005640,Credit Card,Paid
PMT005641,O005641,Buy Now Pay Later,Paid
PMT005642,O005642,Debit Card,Paid
PMT005643,O005643,Debit Card,Paid
PMT005644,O005644,Buy Now Pay Later,Pending
PMT005645,O005645,Credit Card,Paid
PMT005646,O005646,PayPal,Paid
PMT005647,O005647,Credit Card,Pending
PMT005648,O005648,PayPal,Paid
PMT005649,O005649,Credit Card,Paid
PMT005650,O005650,Gift Card,Paid
PMT005651,O005651,Buy Now Pay Later,Paid
PMT005652,O005652,Credit Card,Paid
PMT005653,O005653,Gift Card,Pending
PMT005654,O005654,PayPal,Paid
PMT005655,O005655,PayPal,Paid
PMT005656,O005656,PayPal,Paid
PMT005657,O005657,Debit Card,Paid
PMT005658,O005658,Debit Card,Paid
PMT005659,O005659,Gift Card,Paid
PMT005660,O005660,PayPal,Paid
PMT005661,O005661,Debit Card,Paid
PMT005662,O005662,Debit Card,Paid
PMT005663,O005663,Credit Card,Paid
PMT005664,O005664,Credit Card,Paid
PMT005665,O005665,Credit Card,Pending
PMT005666,O005666,PayPal,Refunded
PMT005667,O005667,PayPal,Paid
PMT005668,O005668,Gift Card,Refunded
PMT005669,O005669,Gift Card,Pending
PMT005670,O005670,Debit Card,Paid
PMT005671,O005671,Gift Card,Pending
PMT005672,O005672,PayPal,Paid
PMT005673,O005673,Gift Card,Paid
PMT005674,O005674,Gift Card,Paid
PMT005675,O005675,Gift Card,Paid
PMT005676,O005676,Credit Card,Pending
PMT005677,O005677,Gift Card,Refunded
PMT005678,O005678,Debit Card,Paid
PMT005679,O005679,Debit Card,Paid
PMT005680,O005680,PayPal,Paid
PMT005681,O005681,Buy Now Pay Later,Paid
PMT005682,O005682,Debit Card,Paid
PMT005683,O005683,Credit Card,Paid
PMT005684,O005684,Debit Card,Paid
PMT005685,O005685,Credit Card,Paid
PMT005686,O005686,PayPal,Paid
PMT005687,O005687,Gift Card,Paid
PMT005688,O005688,Credit Card,Paid
PMT005689,O005689,Gift Card,Paid
PMT005690,O005690,Debit Card,Paid
PMT005691,O005691,PayPal,Pending
PMT005692,O005692,Buy Now Pay Later,Paid
PMT005693,O005693,Debit Card,Pending
PMT005694,O005694,Buy Now Pay Later,Paid
PMT005695,O005695,Buy Now Pay Later,Paid
PMT005696,O005696,Buy Now Pay Later,Paid
PMT005697,O005697,Gift Card,Paid
PMT005698,O005698,PayPal,Pending
PMT005699,O005699,Credit Card,Paid
PMT005700,O005700,Gift Card,Pending
PMT005701,O005701,Buy Now Pay Later,Paid
PMT005702,O005702,PayPal,Paid
PMT005703,O005703,Buy Now Pay Later,Paid
PMT005704,O005704,Credit Card,Pending
PMT005705,O005705,PayPal,Pending
PMT005706,O005706,Buy Now Pay Later,Paid
PMT005707,O005707,Credit Card,Paid
PMT005708,O005708,Debit Card,Pending
PMT005709,O005709,PayPal,Paid
PMT005710,O005710,Credit Card,Paid
PMT005711,O005711,PayPal,Paid
PMT005712,O005712,Buy Now Pay Later,Paid
PMT005713,O005713,Credit Card,Paid
PMT005714,O005714,Credit Card,Paid
PMT005715,O005715,Buy Now Pay Later,Pending
PMT005716,O005716,PayPal,Paid
PMT005717,O005717,Gift Card,Paid
PMT005718,O005718,PayPal,Pending
PMT005719,O005719,Debit Card,Paid
PMT005720,O005720,Gift Card,Paid
PMT005721,O005721,Buy Now Pay Later,Pending
PMT005722,O005722,Gift Card,Paid
PMT005723,O005723,Debit Card,Paid
PMT005724,O005724,Credit Card,Paid
PMT005725,O005725,PayPal,Pending
PMT005726,O005726,Debit Card,Pending
PMT005727,O005727,PayPal,Paid
PMT005728,O005728,Gift Card,Paid
PMT005729,O005729,Gift Card,Paid
PMT005730,O005730,Credit Card,Paid
PMT005731,O005731,Debit Card,Paid
PMT005732,O005732,Credit Card,Paid
PMT005733,O005733,Buy Now Pay Later,Paid
PMT005734,O005734,Buy Now Pay Later,Paid
PMT005735,O005735,Buy Now Pay Later,Paid
PMT005736,O005736,Credit Card,Paid
PMT005737,O005737,Gift Card,Paid
PMT005738,O005738,PayPal,Paid
PMT005739,O005739,Buy Now Pay Later,Pending
PMT005740,O005740,Gift Card,Paid
PMT005741,O005741,Gift Card,Paid
PMT005742,O005742,Credit Card,Paid
PMT005743,O005743,Buy Now Pay Later,Pending
PMT005744,O005744,Gift Card,Paid
PMT005745,O005745,Debit Card,Paid
PMT005746,O005746,PayPal,Paid
PMT005747,O005747,PayPal,Paid
PMT005748,O005748,Buy Now Pay Later,Paid
PMT005749,O005749,PayPal,Pending
PMT005750,O005750,Debit Card,Paid
PMT005751,O005751,Buy Now Pay Later,Paid
PMT005752,O005752,Credit Card,Paid
PMT005753,O005753,Buy Now Pay Later,Paid
PMT005754,O005754,Debit Card,Paid
PMT005755,O005755,Credit Card,Paid
PMT005756,O005756,Credit Card,Pending
PMT005757,O005757,PayPal,Pending
PMT005758,O005758,Gift Card,Paid
PMT005759,O005759,Debit Card,Paid
PMT005760,O005760,Debit Card,Pending
PMT005761,O005761,Debit Card,Paid
PMT005762,O005762,PayPal,Paid
PMT005763,O005763,Credit Card,Pending
PMT005764,O005764,Buy Now Pay Later,Paid
PMT005765,O005765,PayPal,Pending
PMT005766,O005766,Credit Card,Pending
PMT005767,O005767,PayPal,Pending
PMT005768,O005768,Buy Now Pay Later,Pending
PMT005769,O005769,Buy Now Pay Later,Pending
PMT005770,O005770,Gift Card,Paid
PMT005771,O005771,Debit Card,Paid
PMT005772,O005772,Credit Card,Paid
PMT005773,O005773,PayPal,Paid
PMT005774,O005774,PayPal,Paid
PMT005775,O005775,Credit Card,Paid
PMT005776,O005776,Debit Card,Pending
PMT005777,O005777,PayPal,Paid
PMT005778,O005778,PayPal,Paid
PMT005779,O005779,Debit Card,Paid
PMT005780,O005780,PayPal,Paid
PMT005781,O005781,Buy Now Pay Later,Pending
PMT005782,O005782,Buy Now Pay Later,Paid
PMT005783,O005783,Buy Now Pay Later,Paid
PMT005784,O005784,PayPal,Paid
PMT005785,O005785,Debit Card,Paid
PMT005786,O005786,Gift Card,Pending
PMT005787,O005787,PayPal,Pending
PMT005788,O005788,Debit Card,Paid
PMT005789,O005789,Gift Card,Paid
PMT005790,O005790,PayPal,Paid
PMT005791,O005791,Gift Card,Paid
PMT005792,O005792,Gift Card,Paid
PMT005793,O005793,Credit Card,Paid
PMT005794,O005794,PayPal,Paid
PMT005795,O005795,PayPal,Paid
PMT005796,O005796,Buy Now Pay Later,Paid
PMT005797,O005797,Gift Card,Paid
PMT005798,O005798,Credit Card,Paid
PMT005799,O005799,Credit Card,Paid
PMT005800,O005800,Buy Now Pay Later,Refunded
PMT005801,O005801,Gift Card,Pending
PMT005802,O005802,PayPal,Refunded
PMT005803,O005803,Gift Card,Paid
PMT005804,O005804,PayPal,Paid
PMT005805,O005805,PayPal,Pending
PMT005806,O005806,Debit Card,Paid
PMT005807,O005807,PayPal,Paid
PMT005808,O005808,PayPal,Paid
PMT005809,O005809,Credit Card,Pending
PMT005810,O005810,Credit Card,Pending
PMT005811,O005811,PayPal,Paid
PMT005812,O005812,Credit Card,Paid
PMT005813,O005813,Gift Card,Paid
PMT005814,O005814,PayPal,Paid
PMT005815,O005815,Credit Card,Pending
PMT005816,O005816,PayPal,Paid
PMT005817,O005817,Debit Card,Paid
PMT005818,O005818,Debit Card,Paid
PMT005819,O005819,Debit Card,Pending
PMT005820,O005820,Buy Now Pay Later,Paid
PMT005821,O005821,Buy Now Pay Later,Paid
PMT005822,O005822,PayPal,Paid
PMT005823,O005823,Buy Now Pay Later,Paid
PMT005824,O005824,Debit Card,Pending
PMT005825,O005825,Buy Now Pay Later,Paid
PMT005826,O005826,Buy Now Pay Later,Pending
PMT005827,O005827,Buy Now Pay Later,Paid
PMT005828,O005828,Buy Now Pay Later,Pending
PMT005829,O005829,Credit Card,Paid
PMT005830,O005830,PayPal,Paid
PMT005831,O005831,Gift Card,Paid
PMT005832,O005832,Gift Card,Paid
PMT005833,O005833,Credit Card,Paid
PMT005834,O005834,Buy Now Pay Later,Paid
PMT005835,O005835,Credit Card,Paid
PMT005836,O005836,Debit Card,Paid
PMT005837,O005837,Debit Card,Paid
PMT005838,O005838,Credit Card,Refunded
PMT005839,O005839,Gift Card,Paid
PMT005840,O005840,Buy Now Pay Later,Paid
PMT005841,O005841,Buy Now Pay Later,Paid
PMT005842,O005842,Gift Card,Paid
PMT005843,O005843,Buy Now Pay Later,Paid
PMT005844,O005844,Credit Card,Paid
PMT005845,O005845,Credit Card,Paid
PMT005846,O005846,Gift Card,Paid
PMT005847,O005847,Gift Card,Paid
PMT005848,O005848,PayPal,Pending
PMT005849,O005849,Buy Now Pay Later,Paid
PMT005850,O005850,Debit Card,Refunded
PMT005851,O005851,Gift Card,Paid
PMT005852,O005852,Credit Card,Paid
PMT005853,O005853,Buy Now Pay Later,Pending
PMT005854,O005854,PayPal,Pending
PMT005855,O005855,PayPal,Paid
PMT005856,O005856,Buy Now Pay Later,Pending
PMT005857,O005857,Buy Now Pay Later,Paid
PMT005858,O005858,Gift Card,Paid
PMT005859,O005859,Gift Card,Paid
PMT005860,O005860,Debit Card,Paid
PMT005861,O005861,Debit Card,Pending
PMT005862,O005862,Gift Card,Paid
PMT005863,O005863,Gift Card,Paid
PMT005864,O005864,Credit Card,Pending
PMT005865,O005865,Credit Card,Paid
PMT005866,O005866,Gift Card,Paid
PMT005867,O005867,Credit Card,Pending
PMT005868,O005868,Debit Card,Pending
PMT005869,O005869,Debit Card,Paid
PMT005870,O005870,Gift Card,Paid
PMT005871,O005871,PayPal,Paid
PMT005872,O005872,Buy Now Pay Later,Paid
PMT005873,O005873,Debit Card,Pending
PMT005874,O005874,Gift Card,Paid
PMT005875,O005875,Buy Now Pay Later,Paid
PMT005876,O005876,Buy Now Pay Later,Pending
PMT005877,O005877,Gift Card,Paid
PMT005878,O005878,Buy Now Pay Later,Paid
PMT005879,O005879,Gift Card,Pending
PMT005880,O005880,Credit Card,Paid
PMT005881,O005881,Debit Card,Pending
PMT005882,O005882,Gift Card,Pending
PMT005883,O005883,Debit Card,Paid
PMT005884,O005884,Gift Card,Paid
PMT005885,O005885,PayPal,Pending
PMT005886,O005886,Gift Card,Paid
PMT005887,O005887,Gift Card,Paid
PMT005888,O005888,Credit Card,Paid
PMT005889,O005889,Gift Card,Paid
PMT005890,O005890,Buy Now Pay Later,Pending
PMT005891,O005891,PayPal,Paid
PMT005892,O005892,Credit Card,Paid
PMT005893,O005893,PayPal,Paid
PMT005894,O005894,PayPal,Paid
PMT005895,O005895,Buy Now Pay Later,Paid
PMT005896,O005896,PayPal,Paid
PMT005897,O005897,Credit Card,Pending
PMT005898,O005898,PayPal,Pending
PMT005899,O005899,Credit Card,Paid
PMT005900,O005900,Buy Now Pay Later,Refunded
PMT005901,O005901,PayPal,Paid
PMT005902,O005902,Gift Card,Paid
PMT005903,O005903,Gift Card,Pending
PMT005904,O005904,Credit Card,Paid
PMT005905,O005905,Debit Card,Paid
PMT005906,O005906,PayPal,Paid
PMT005907,O005907,Gift Card,Paid
PMT005908,O005908,PayPal,Pending
PMT005909,O005909,Gift Card,Paid
PMT005910,O005910,PayPal,Paid
PMT005911,O005911,Gift Card,Paid
PMT005912,O005912,PayPal,Paid
PMT005913,O005913,Gift Card,Paid
PMT005914,O005914,Buy Now Pay Later,Paid
PMT005915,O005915,Buy Now Pay Later,Paid
PMT005916,O005916,Credit Card,Paid
PMT005917,O005917,PayPal,Paid
PMT005918,O005918,Buy Now Pay Later,Paid
PMT005919,O005919,Gift Card,Pending
PMT005920,O005920,Debit Card,Refunded
PMT005921,O005921,Gift Card,Paid
PMT005922,O005922,PayPal,Paid
PMT005923,O005923,Credit Card,Paid
PMT005924,O005924,Gift Card,Pending
PMT005925,O005925,Credit Card,Paid
PMT005926,O005926,PayPal,Paid
PMT005927,O005927,Credit Card,Paid
PMT005928,O005928,Gift Card,Paid
PMT005929,O005929,Buy Now Pay Later,Refunded
PMT005930,O005930,Buy Now Pay Later,Pending
PMT005931,O005931,Gift Card,Refunded
PMT005932,O005932,Debit Card,Paid
PMT005933,O005933,Gift Card,Paid
PMT005934,O005934,Credit Card,Paid
PMT005935,O005935,Gift Card,Paid
PMT005936,O005936,Gift Card,Pending
PMT005937,O005937,Buy Now Pay Later,Paid
PMT005938,O005938,PayPal,Pending
PMT005939,O005939,Credit Card,Paid
PMT005940,O005940,Buy Now Pay Later,Paid
PMT005941,O005941,PayPal,Refunded
PMT005942,O005942,PayPal,Pending
PMT005943,O005943,Gift Card,Pending
PMT005944,O005944,PayPal,Paid
PMT005945,O005945,Debit Card,Paid
PMT005946,O005946,Credit Card,Paid
PMT005947,O005947,Credit Card,Paid
PMT005948,O005948,Credit Card,Paid
PMT005949,O005949,Credit Card,Paid
PMT005950,O005950,Buy Now Pay Later,Pending
PMT005951,O005951,Buy Now Pay Later,Paid
PMT005952,O005952,Gift Card,Paid
PMT005953,O005953,Debit Card,Paid
PMT005954,O005954,Credit Card,Pending
PMT005955,O005955,Buy Now Pay Later,Paid
PMT005956,O005956,Gift Card,Paid
PMT005957,O005957,Credit Card,Pending
PMT005958,O005958,Buy Now Pay Later,Paid
PMT005959,O005959,Debit Card,Paid
PMT005960,O005960,Gift Card,Pending
PMT005961,O005961,Gift Card,Paid
PMT005962,O005962,Credit Card,Paid
PMT005963,O005963,Gift Card,Paid
PMT005964,O005964,Buy Now Pay Later,Refunded
PMT005965,O005965,Debit Card,Refunded
PMT005966,O005966,Credit Card,Pending
PMT005967,O005967,Gift Card,Pending
PMT005968,O005968,Buy Now Pay Later,Paid
PMT005969,O005969,PayPal,Pending
PMT005970,O005970,Gift Card,Paid
PMT005971,O005971,Buy Now Pay Later,Paid
PMT005972,O005972,Buy Now Pay Later,Paid
PMT005973,O005973,Gift Card,Paid
PMT005974,O005974,Buy Now Pay Later,Paid
PMT005975,O005975,Gift Card,Paid
PMT005976,O005976,Gift Card,Paid
PMT005977,O005977,PayPal,Paid
PMT005978,O005978,Gift Card,Paid
PMT005979,O005979,Buy Now Pay Later,Paid
PMT005980,O005980,Debit Card,Pending
PMT005981,O005981,Gift Card,Paid
PMT005982,O005982,Buy Now Pay Later,Paid
PMT005983,O005983,PayPal,Paid
PMT005984,O005984,PayPal,Paid
PMT005985,O005985,Debit Card,Paid
PMT005986,O005986,Credit Card,Paid
PMT005987,O005987,PayPal,Pending
PMT005988,O005988,Gift Card,Paid
PMT005989,O005989,Debit Card,Pending
PMT005990,O005990,Credit Card,Refunded
PMT005991,O005991,Gift Card,Paid
PMT005992,O005992,Buy Now Pay Later,Paid
PMT005993,O005993,Gift Card,Pending
PMT005994,O005994,PayPal,Paid
PMT005995,O005995,Credit Card,Refunded
PMT005996,O005996,Debit Card,Paid
PMT005997,O005997,PayPal,Pending
PMT005998,O005998,Debit Card,Pending
PMT005999,O005999,Gift Card,Paid
PMT006000,O006000,Buy Now Pay Later,Paid
PMT006001,O006001,Gift Card,Paid
PMT006002,O006002,Credit Card,Pending
PMT006003,O006003,PayPal,Paid
PMT006004,O006004,PayPal,Paid
PMT006005,O006005,Gift Card,Paid
PMT006006,O006006,Debit Card,Paid
PMT006007,O006007,Gift Card,Pending
PMT006008,O006008,Gift Card,Paid
PMT006009,O006009,Debit Card,Pending
PMT006010,O006010,Credit Card,Paid
PMT006011,O006011,PayPal,Paid
PMT006012,O006012,Credit Card,Paid
PMT006013,O006013,PayPal,Paid
PMT006014,O006014,PayPal,Pending
PMT006015,O006015,Gift Card,Paid
PMT006016,O006016,Credit Card,Refunded
PMT006017,O006017,Buy Now Pay Later,Pending
PMT006018,O006018,Buy Now Pay Later,Paid
PMT006019,O006019,Credit Card,Pending
PMT006020,O006020,Debit Card,Paid
PMT006021,O006021,Buy Now Pay Later,Pending
PMT006022,O006022,Buy Now Pay Later,Paid
PMT006023,O006023,Debit Card,Pending
PMT006024,O006024,Credit Card,Paid
PMT006025,O006025,Buy Now Pay Later,Pending
PMT006026,O006026,PayPal,Paid
PMT006027,O006027,Gift Card,Paid
PMT006028,O006028,Gift Card,Paid
PMT006029,O006029,Buy Now Pay Later,Refunded
PMT006030,O006030,PayPal,Paid
PMT006031,O006031,Gift Card,Paid
PMT006032,O006032,PayPal,Paid
PMT006033,O006033,PayPal,Pending
PMT006034,O006034,Buy Now Pay Later,Paid
PMT006035,O006035,PayPal,Paid
PMT006036,O006036,Debit Card,Pending
PMT006037,O006037,PayPal,Refunded
PMT006038,O006038,Gift Card,Pending
PMT006039,O006039,Gift Card,Pending
PMT006040,O006040,Debit Card,Paid
PMT006041,O006041,Debit Card,Paid
PMT006042,O006042,PayPal,Pending
PMT006043,O006043,Gift Card,Pending
PMT006044,O006044,PayPal,Paid
PMT006045,O006045,Gift Card,Paid
PMT006046,O006046,Debit Card,Paid
PMT006047,O006047,Debit Card,Pending
PMT006048,O006048,Buy Now Pay Later,Paid
PMT006049,O006049,PayPal,Paid
PMT006050,O006050,Credit Card,Pending
PMT006051,O006051,Credit Card,Paid
PMT006052,O006052,Debit Card,Paid
PMT006053,O006053,Gift Card,Pending
PMT006054,O006054,PayPal,Paid
PMT006055,O006055,Debit Card,Paid
PMT006056,O006056,Buy Now Pay Later,Paid
PMT006057,O006057,Debit Card,Paid
PMT006058,O006058,Buy Now Pay Later,Pending
PMT006059,O006059,Credit Card,Paid
PMT006060,O006060,PayPal,Pending
PMT006061,O006061,Credit Card,Paid
PMT006062,O006062,Debit Card,Paid
PMT006063,O006063,Debit Card,Paid
PMT006064,O006064,PayPal,Paid
PMT006065,O006065,Buy Now Pay Later,Paid
PMT006066,O006066,Buy Now Pay Later,Pending
PMT006067,O006067,PayPal,Paid
PMT006068,O006068,Credit Card,Paid
PMT006069,O006069,Debit Card,Pending
PMT006070,O006070,Debit Card,Paid
PMT006071,O006071,Debit Card,Paid
PMT006072,O006072,Gift Card,Pending
PMT006073,O006073,Gift Card,Paid
PMT006074,O006074,Credit Card,Paid
PMT006075,O006075,Debit Card,Pending
PMT006076,O006076,Credit Card,Paid
PMT006077,O006077,Buy Now Pay Later,Pending
PMT006078,O006078,Gift Card,Paid
PMT006079,O006079,PayPal,Pending
PMT006080,O006080,PayPal,Pending
PMT006081,O006081,PayPal,Paid
PMT006082,O006082,Gift Card,Paid
PMT006083,O006083,Credit Card,Pending
PMT006084,O006084,PayPal,Refunded
PMT006085,O006085,Debit Card,Paid
PMT006086,O006086,PayPal,Paid
PMT006087,O006087,PayPal,Paid
PMT006088,O006088,Buy Now Pay Later,Paid
PMT006089,O006089,Gift Card,Paid
PMT006090,O006090,Gift Card,Paid
PMT006091,O006091,PayPal,Refunded
PMT006092,O006092,Debit Card,Paid
PMT006093,O006093,Credit Card,Paid
PMT006094,O006094,Buy Now Pay Later,Paid
PMT006095,O006095,Debit Card,Paid
PMT006096,O006096,Credit Card,Pending
PMT006097,O006097,Gift Card,Paid
PMT006098,O006098,Credit Card,Paid
PMT006099,O006099,Credit Card,Paid
PMT006100,O006100,Debit Card,Paid
PMT006101,O006101,Debit Card,Paid
PMT006102,O006102,Buy Now Pay Later,Pending
PMT006103,O006103,PayPal,Paid
PMT006104,O006104,Gift Card,Paid
PMT006105,O006105,Credit Card,Paid
PMT006106,O006106,Buy Now Pay Later,Paid
PMT006107,O006107,PayPal,Paid
PMT006108,O006108,Credit Card,Paid
PMT006109,O006109,Credit Card,Refunded
PMT006110,O006110,Credit Card,Pending
PMT006111,O006111,PayPal,Paid
PMT006112,O006112,Gift Card,Paid
PMT006113,O006113,Gift Card,Paid
PMT006114,O006114,Buy Now Pay Later,Pending
PMT006115,O006115,Credit Card,Paid
PMT006116,O006116,PayPal,Paid
PMT006117,O006117,Buy Now Pay Later,Pending
PMT006118,O006118,PayPal,Paid
PMT006119,O006119,Gift Card,Pending
PMT006120,O006120,Buy Now Pay Later,Paid
PMT006121,O006121,Gift Card,Paid
PMT006122,O006122,Buy Now Pay Later,Paid
PMT006123,O006123,PayPal,Paid
PMT006124,O006124,Credit Card,Paid
PMT006125,O006125,Credit Card,Paid
PMT006126,O006126,Gift Card,Paid
PMT006127,O006127,Credit Card,Pending
PMT006128,O006128,PayPal,Paid
PMT006129,O006129,Credit Card,Paid
PMT006130,O006130,Credit Card,Pending
PMT006131,O006131,Gift Card,Paid
PMT006132,O006132,Gift Card,Refunded
PMT006133,O006133,Debit Card,Paid
PMT006134,O006134,Debit Card,Paid
PMT006135,O006135,Gift Card,Paid
PMT006136,O006136,PayPal,Pending
PMT006137,O006137,Credit Card,Paid
PMT006138,O006138,Buy Now Pay Later,Pending
PMT006139,O006139,PayPal,Paid
PMT006140,O006140,Buy Now Pay Later,Paid
PMT006141,O006141,Buy Now Pay Later,Refunded
PMT006142,O006142,Debit Card,Paid
PMT006143,O006143,Gift Card,Paid
PMT006144,O006144,PayPal,Paid
PMT006145,O006145,Gift Card,Paid
PMT006146,O006146,Debit Card,Paid
PMT006147,O006147,Buy Now Pay Later,Paid
PMT006148,O006148,Credit Card,Pending
PMT006149,O006149,Gift Card,Paid
PMT006150,O006150,Gift Card,Paid
PMT006151,O006151,Credit Card,Pending
PMT006152,O006152,Debit Card,Paid
PMT006153,O006153,Credit Card,Pending
PMT006154,O006154,Gift Card,Paid
PMT006155,O006155,Buy Now Pay Later,Paid
PMT006156,O006156,PayPal,Paid
PMT006157,O006157,Buy Now Pay Later,Paid
PMT006158,O006158,Gift Card,Paid
PMT006159,O006159,PayPal,Paid
PMT006160,O006160,Buy Now Pay Later,Paid
PMT006161,O006161,Gift Card,Paid
PMT006162,O006162,Credit Card,Paid
PMT006163,O006163,Debit Card,Paid
PMT006164,O006164,Buy Now Pay Later,Pending
PMT006165,O006165,Debit Card,Paid
PMT006166,O006166,Debit Card,Paid
PMT006167,O006167,Buy Now Pay Later,Paid
PMT006168,O006168,Credit Card,Paid
PMT006169,O006169,Buy Now Pay Later,Paid
PMT006170,O006170,PayPal,Pending
PMT006171,O006171,Gift Card,Pending
PMT006172,O006172,Debit Card,Paid
PMT006173,O006173,Buy Now Pay Later,Paid
PMT006174,O006174,PayPal,Paid
PMT006175,O006175,Credit Card,Paid
PMT006176,O006176,Debit Card,Pending
PMT006177,O006177,PayPal,Paid
PMT006178,O006178,Credit Card,Paid
PMT006179,O006179,Buy Now Pay Later,Paid
PMT006180,O006180,Gift Card,Paid
PMT006181,O006181,Buy Now Pay Later,Paid
PMT006182,O006182,Credit Card,Pending
PMT006183,O006183,PayPal,Pending
PMT006184,O006184,Debit Card,Paid
PMT006185,O006185,Debit Card,Refunded
PMT006186,O006186,Debit Card,Paid
PMT006187,O006187,PayPal,Paid
PMT006188,O006188,Buy Now Pay Later,Paid
PMT006189,O006189,Gift Card,Refunded
PMT006190,O006190,Credit Card,Refunded
PMT006191,O006191,Gift Card,Paid
PMT006192,O006192,Buy Now Pay Later,Pending
PMT006193,O006193,Debit Card,Paid
PMT006194,O006194,Credit Card,Paid
PMT006195,O006195,Credit Card,Paid
PMT006196,O006196,Credit Card,Paid
PMT006197,O006197,Buy Now Pay Later,Refunded
PMT006198,O006198,Debit Card,Pending
PMT006199,O006199,Debit Card,Paid
PMT006200,O006200,Credit Card,Pending
PMT006201,O006201,Gift Card,Paid
PMT006202,O006202,Credit Card,Pending
PMT006203,O006203,Buy Now Pay Later,Pending
PMT006204,O006204,Buy Now Pay Later,Paid
PMT006205,O006205,Credit Card,Paid
PMT006206,O006206,Debit Card,Pending
PMT006207,O006207,Buy Now Pay Later,Paid
PMT006208,O006208,PayPal,Refunded
PMT006209,O006209,PayPal,Paid
PMT006210,O006210,Gift Card,Paid
PMT006211,O006211,Credit Card,Paid
PMT006212,O006212,PayPal,Pending
PMT006213,O006213,Credit Card,Paid
PMT006214,O006214,Buy Now Pay Later,Paid
PMT006215,O006215,PayPal,Paid
PMT006216,O006216,Credit Card,Paid
PMT006217,O006217,Gift Card,Paid
PMT006218,O006218,Buy Now Pay Later,Paid
PMT006219,O006219,Buy Now Pay Later,Paid
PMT006220,O006220,Credit Card,Pending
PMT006221,O006221,Credit Card,Refunded
PMT006222,O006222,Buy Now Pay Later,Paid
PMT006223,O006223,PayPal,Paid
PMT006224,O006224,PayPal,Paid
PMT006225,O006225,Buy Now Pay Later,Paid
PMT006226,O006226,PayPal,Pending
PMT006227,O006227,Gift Card,Paid
PMT006228,O006228,Credit Card,Pending
PMT006229,O006229,Buy Now Pay Later,Paid
PMT006230,O006230,PayPal,Pending
PMT006231,O006231,Buy Now Pay Later,Refunded
PMT006232,O006232,PayPal,Paid
PMT006233,O006233,Debit Card,Paid
PMT006234,O006234,PayPal,Pending
PMT006235,O006235,Debit Card,Pending
PMT006236,O006236,PayPal,Paid
PMT006237,O006237,Debit Card,Paid
PMT006238,O006238,Debit Card,Paid
PMT006239,O006239,PayPal,Refunded
PMT006240,O006240,PayPal,Paid
PMT006241,O006241,Buy Now Pay Later,Paid
PMT006242,O006242,Credit Card,Pending
PMT006243,O006243,PayPal,Paid
PMT006244,O006244,Buy Now Pay Later,Paid
PMT006245,O006245,Credit Card,Paid
PMT006246,O006246,Gift Card,Paid
PMT006247,O006247,Debit Card,Paid
PMT006248,O006248,Buy Now Pay Later,Pending
PMT006249,O006249,Gift Card,Paid
PMT006250,O006250,Gift Card,Paid
PMT006251,O006251,PayPal,Paid
PMT006252,O006252,Gift Card,Paid
PMT006253,O006253,Buy Now Pay Later,Paid
PMT006254,O006254,PayPal,Paid
PMT006255,O006255,PayPal,Refunded
PMT006256,O006256,PayPal,Paid
PMT006257,O006257,Buy Now Pay Later,Paid
PMT006258,O006258,PayPal,Paid
PMT006259,O006259,PayPal,Pending
PMT006260,O006260,Debit Card,Paid
PMT006261,O006261,Gift Card,Paid
PMT006262,O006262,Buy Now Pay Later,Paid
PMT006263,O006263,Gift Card,Paid
PMT006264,O006264,Buy Now Pay Later,Pending
PMT006265,O006265,Debit Card,Paid
PMT006266,O006266,PayPal,Paid
PMT006267,O006267,PayPal,Pending
PMT006268,O006268,Debit Card,Paid
PMT006269,O006269,Credit Card,Paid
PMT006270,O006270,Buy Now Pay Later,Paid
PMT006271,O006271,Credit Card,Paid
PMT006272,O006272,Credit Card,Paid
PMT006273,O006273,Gift Card,Pending
PMT006274,O006274,Credit Card,Paid
PMT006275,O006275,PayPal,Paid
PMT006276,O006276,PayPal,Paid
PMT006277,O006277,PayPal,Refunded
PMT006278,O006278,Gift Card,Paid
PMT006279,O006279,Credit Card,Paid
PMT006280,O006280,Debit Card,Pending
PMT006281,O006281,Buy Now Pay Later,Pending
PMT006282,O006282,Buy Now Pay Later,Paid
PMT006283,O006283,Buy Now Pay Later,Paid
PMT006284,O006284,Debit Card,Paid
PMT006285,O006285,Gift Card,Paid
PMT006286,O006286,Credit Card,Paid
PMT006287,O006287,Credit Card,Paid
PMT006288,O006288,Buy Now Pay Later,Pending
PMT006289,O006289,Buy Now Pay Later,Refunded
PMT006290,O006290,PayPal,Paid
PMT006291,O006291,Credit Card,Paid
PMT006292,O006292,Gift Card,Paid
PMT006293,O006293,PayPal,Paid
PMT006294,O006294,Gift Card,Paid
PMT006295,O006295,Buy Now Pay Later,Pending
PMT006296,O006296,Gift Card,Paid
PMT006297,O006297,Debit Card,Paid
PMT006298,O006298,PayPal,Paid
PMT006299,O006299,Gift Card,Paid
PMT006300,O006300,Buy Now Pay Later,Paid
PMT006301,O006301,Gift Card,Pending
PMT006302,O006302,Buy Now Pay Later,Paid
PMT006303,O006303,Debit Card,Paid
PMT006304,O006304,Buy Now Pay Later,Paid
PMT006305,O006305,Gift Card,Paid
PMT006306,O006306,Buy Now Pay Later,Pending
PMT006307,O006307,PayPal,Pending
PMT006308,O006308,Gift Card,Paid
PMT006309,O006309,Credit Card,Pending
PMT006310,O006310,PayPal,Paid
PMT006311,O006311,PayPal,Paid
PMT006312,O006312,Buy Now Pay Later,Paid
PMT006313,O006313,Debit Card,Paid
PMT006314,O006314,PayPal,Paid
PMT006315,O006315,PayPal,Paid
PMT006316,O006316,Gift Card,Paid
PMT006317,O006317,Gift Card,Paid
PMT006318,O006318,Buy Now Pay Later,Paid
PMT006319,O006319,Buy Now Pay Later,Paid
PMT006320,O006320,Gift Card,Pending
PMT006321,O006321,Gift Card,Paid
PMT006322,O006322,Credit Card,Paid
PMT006323,O006323,Buy Now Pay Later,Paid
PMT006324,O006324,Credit Card,Pending
PMT006325,O006325,Debit Card,Paid
PMT006326,O006326,Debit Card,Paid
PMT006327,O006327,Debit Card,Pending
PMT006328,O006328,Buy Now Pay Later,Paid
PMT006329,O006329,PayPal,Refunded
PMT006330,O006330,Debit Card,Paid
PMT006331,O006331,Gift Card,Refunded
PMT006332,O006332,Gift Card,Paid
PMT006333,O006333,PayPal,Paid
PMT006334,O006334,PayPal,Paid
PMT006335,O006335,PayPal,Paid
PMT006336,O006336,Buy Now Pay Later,Paid
PMT006337,O006337,PayPal,Paid
PMT006338,O006338,PayPal,Paid
PMT006339,O006339,PayPal,Paid
PMT006340,O006340,Gift Card,Paid
PMT006341,O006341,Debit Card,Paid
PMT006342,O006342,Credit Card,Paid
PMT006343,O006343,Credit Card,Paid
PMT006344,O006344,Gift Card,Pending
PMT006345,O006345,Debit Card,Paid
PMT006346,O006346,Debit Card,Paid
PMT006347,O006347,Buy Now Pay Later,Paid
PMT006348,O006348,Buy Now Pay Later,Pending
PMT006349,O006349,Buy Now Pay Later,Paid
PMT006350,O006350,Gift Card,Paid
PMT006351,O006351,Buy Now Pay Later,Paid
PMT006352,O006352,PayPal,Refunded
PMT006353,O006353,Gift Card,Pending
PMT006354,O006354,Gift Card,Paid
PMT006355,O006355,PayPal,Paid
PMT006356,O006356,Credit Card,Paid
PMT006357,O006357,PayPal,Pending
PMT006358,O006358,Credit Card,Pending
PMT006359,O006359,Gift Card,Pending
PMT006360,O006360,Gift Card,Paid
PMT006361,O006361,Buy Now Pay Later,Paid
PMT006362,O006362,Debit Card,Refunded
PMT006363,O006363,PayPal,Paid
PMT006364,O006364,Credit Card,Paid
PMT006365,O006365,Credit Card,Paid
PMT006366,O006366,Credit Card,Paid
PMT006367,O006367,Credit Card,Pending
PMT006368,O006368,Buy Now Pay Later,Paid
PMT006369,O006369,Debit Card,Pending
PMT006370,O006370,Credit Card,Pending
PMT006371,O006371,Gift Card,Paid
PMT006372,O006372,Credit Card,Paid
PMT006373,O006373,PayPal,Refunded
PMT006374,O006374,Credit Card,Paid
PMT006375,O006375,Debit Card,Paid
PMT006376,O006376,Buy Now Pay Later,Paid
PMT006377,O006377,Buy Now Pay Later,Refunded
PMT006378,O006378,Credit Card,Paid
PMT006379,O006379,Buy Now Pay Later,Paid
PMT006380,O006380,PayPal,Pending
PMT006381,O006381,Credit Card,Paid
PMT006382,O006382,Debit Card,Paid
PMT006383,O006383,Buy Now Pay Later,Pending
PMT006384,O006384,Buy Now Pay Later,Pending
PMT006385,O006385,Gift Card,Paid
PMT006386,O006386,Buy Now Pay Later,Paid
PMT006387,O006387,Debit Card,Paid
PMT006388,O006388,Credit Card,Paid
PMT006389,O006389,Gift Card,Paid
PMT006390,O006390,Debit Card,Pending
PMT006391,O006391,Gift Card,Paid
PMT006392,O006392,PayPal,Paid
PMT006393,O006393,Credit Card,Paid
PMT006394,O006394,Credit Card,Paid
PMT006395,O006395,Buy Now Pay Later,Paid
PMT006396,O006396,Gift Card,Pending
PMT006397,O006397,Gift Card,Paid
PMT006398,O006398,Buy Now Pay Later,Paid
PMT006399,O006399,Debit Card,Pending
PMT006400,O006400,Debit Card,Pending
PMT006401,O006401,Debit Card,Paid
PMT006402,O006402,PayPal,Paid
PMT006403,O006403,Gift Card,Pending
PMT006404,O006404,Gift Card,Paid
PMT006405,O006405,Credit Card,Paid
PMT006406,O006406,Debit Card,Pending
PMT006407,O006407,Buy Now Pay Later,Paid
PMT006408,O006408,Debit Card,Pending
PMT006409,O006409,Gift Card,Paid
PMT006410,O006410,Credit Card,Paid
PMT006411,O006411,Gift Card,Paid
PMT006412,O006412,PayPal,Paid
PMT006413,O006413,Gift Card,Pending
PMT006414,O006414,Debit Card,Pending
PMT006415,O006415,Gift Card,Pending
PMT006416,O006416,Credit Card,Paid
PMT006417,O006417,Gift Card,Paid
PMT006418,O006418,Gift Card,Paid
PMT006419,O006419,Gift Card,Paid
PMT006420,O006420,Gift Card,Pending
PMT006421,O006421,Debit Card,Paid
PMT006422,O006422,PayPal,Paid
PMT006423,O006423,Debit Card,Paid
PMT006424,O006424,Credit Card,Paid
PMT006425,O006425,Gift Card,Paid
PMT006426,O006426,Buy Now Pay Later,Paid
PMT006427,O006427,Credit Card,Paid
PMT006428,O006428,Gift Card,Paid
PMT006429,O006429,Debit Card,Paid
PMT006430,O006430,Debit Card,Paid
PMT006431,O006431,Buy Now Pay Later,Paid
PMT006432,O006432,PayPal,Paid
PMT006433,O006433,Debit Card,Paid
PMT006434,O006434,PayPal,Paid
PMT006435,O006435,Buy Now Pay Later,Pending
PMT006436,O006436,Credit Card,Refunded
PMT006437,O006437,Buy Now Pay Later,Pending
PMT006438,O006438,Credit Card,Paid
PMT006439,O006439,Debit Card,Paid
PMT006440,O006440,PayPal,Paid
PMT006441,O006441,Buy Now Pay Later,Paid
PMT006442,O006442,Credit Card,Paid
PMT006443,O006443,Gift Card,Paid
PMT006444,O006444,Gift Card,Paid
PMT006445,O006445,Debit Card,Pending
PMT006446,O006446,PayPal,Paid
PMT006447,O006447,PayPal,Paid
PMT006448,O006448,Debit Card,Pending
PMT006449,O006449,PayPal,Paid
PMT006450,O006450,Credit Card,Pending
PMT006451,O006451,Buy Now Pay Later,Paid
PMT006452,O006452,PayPal,Paid
PMT006453,O006453,PayPal,Paid
PMT006454,O006454,Debit Card,Paid
PMT006455,O006455,Buy Now Pay Later,Paid
PMT006456,O006456,Buy Now Pay Later,Paid
PMT006457,O006457,Credit Card,Paid
PMT006458,O006458,Debit Card,Pending
PMT006459,O006459,Buy Now Pay Later,Paid
PMT006460,O006460,Buy Now Pay Later,Refunded
PMT006461,O006461,Buy Now Pay Later,Pending
PMT006462,O006462,Buy Now Pay Later,Paid
PMT006463,O006463,Credit Card,Paid
PMT006464,O006464,PayPal,Paid
PMT006465,O006465,Gift Card,Paid
PMT006466,O006466,Credit Card,Paid
PMT006467,O006467,Gift Card,Pending
PMT006468,O006468,Buy Now Pay Later,Refunded
PMT006469,O006469,Credit Card,Pending
PMT006470,O006470,Gift Card,Pending
PMT006471,O006471,Debit Card,Paid
PMT006472,O006472,Buy Now Pay Later,Paid
PMT006473,O006473,Gift Card,Paid
PMT006474,O006474,Debit Card,Paid
PMT006475,O006475,PayPal,Paid
PMT006476,O006476,Credit Card,Paid
PMT006477,O006477,Credit Card,Paid
PMT006478,O006478,Buy Now Pay Later,Paid
PMT006479,O006479,Gift Card,Paid
PMT006480,O006480,Credit Card,Pending
PMT006481,O006481,Credit Card,Paid
PMT006482,O006482,Buy Now Pay Later,Paid
PMT006483,O006483,Buy Now Pay Later,Paid
PMT006484,O006484,Buy Now Pay Later,Paid
PMT006485,O006485,Gift Card,Paid
PMT006486,O006486,Debit Card,Paid
PMT006487,O006487,Debit Card,Paid
PMT006488,O006488,Credit Card,Pending
PMT006489,O006489,Credit Card,Paid
PMT006490,O006490,PayPal,Paid
PMT006491,O006491,Credit Card,Paid
PMT006492,O006492,Gift Card,Pending
PMT006493,O006493,Gift Card,Paid
PMT006494,O006494,Credit Card,Pending
PMT006495,O006495,Buy Now Pay Later,Paid
PMT006496,O006496,Credit Card,Paid
PMT006497,O006497,Debit Card,Paid
PMT006498,O006498,Gift Card,Paid
PMT006499,O006499,Buy Now Pay Later,Pending
PMT006500,O006500,PayPal,Refunded
PMT006501,O006501,Debit Card,Paid
PMT006502,O006502,PayPal,Paid
PMT006503,O006503,Buy Now Pay Later,Paid
PMT006504,O006504,Gift Card,Paid
PMT006505,O006505,Credit Card,Pending
PMT006506,O006506,Buy Now Pay Later,Paid
PMT006507,O006507,Debit Card,Paid
PMT006508,O006508,Debit Card,Paid
PMT006509,O006509,Buy Now Pay Later,Pending
PMT006510,O006510,Debit Card,Paid
PMT006511,O006511,Gift Card,Paid
PMT006512,O006512,PayPal,Paid
PMT006513,O006513,PayPal,Pending
PMT006514,O006514,Gift Card,Paid
PMT006515,O006515,PayPal,Pending
PMT006516,O006516,Buy Now Pay Later,Pending
PMT006517,O006517,PayPal,Paid
PMT006518,O006518,PayPal,Paid
PMT006519,O006519,Buy Now Pay Later,Paid
PMT006520,O006520,PayPal,Paid
PMT006521,O006521,Credit Card,Pending
PMT006522,O006522,Credit Card,Paid
PMT006523,O006523,Credit Card,Pending
PMT006524,O006524,PayPal,Paid
PMT006525,O006525,PayPal,Paid
PMT006526,O006526,Gift Card,Paid
PMT006527,O006527,Gift Card,Paid
PMT006528,O006528,Gift Card,Paid
PMT006529,O006529,Buy Now Pay Later,Pending
PMT006530,O006530,Buy Now Pay Later,Paid
PMT006531,O006531,Buy Now Pay Later,Paid
PMT006532,O006532,Gift Card,Paid
PMT006533,O006533,Credit Card,Pending
PMT006534,O006534,Credit Card,Paid
PMT006535,O006535,Credit Card,Paid
PMT006536,O006536,PayPal,Paid
PMT006537,O006537,Buy Now Pay Later,Pending
PMT006538,O006538,PayPal,Pending
PMT006539,O006539,PayPal,Paid
PMT006540,O006540,PayPal,Paid
PMT006541,O006541,Buy Now Pay Later,Refunded
PMT006542,O006542,Debit Card,Paid
PMT006543,O006543,Credit Card,Paid
PMT006544,O006544,Buy Now Pay Later,Pending
PMT006545,O006545,Gift Card,Paid
PMT006546,O006546,Debit Card,Refunded
PMT006547,O006547,Credit Card,Paid
PMT006548,O006548,Debit Card,Paid
PMT006549,O006549,PayPal,Pending
PMT006550,O006550,Buy Now Pay Later,Paid
PMT006551,O006551,Debit Card,Pending
PMT006552,O006552,Debit Card,Paid
PMT006553,O006553,Gift Card,Paid
PMT006554,O006554,Gift Card,Paid
PMT006555,O006555,Credit Card,Paid
PMT006556,O006556,Credit Card,Paid
PMT006557,O006557,Gift Card,Paid
PMT006558,O006558,PayPal,Paid
PMT006559,O006559,Gift Card,Paid
PMT006560,O006560,PayPal,Pending
PMT006561,O006561,Debit Card,Paid
PMT006562,O006562,Gift Card,Paid
PMT006563,O006563,Gift Card,Refunded
PMT006564,O006564,Gift Card,Paid
PMT006565,O006565,Debit Card,Paid
PMT006566,O006566,Gift Card,Pending
PMT006567,O006567,Credit Card,Paid
PMT006568,O006568,Gift Card,Paid
PMT006569,O006569,Debit Card,Paid
PMT006570,O006570,Gift Card,Pending
PMT006571,O006571,Gift Card,Paid
PMT006572,O006572,Buy Now Pay Later,Paid
PMT006573,O006573,PayPal,Pending
PMT006574,O006574,Debit Card,Paid
PMT006575,O006575,Gift Card,Paid
PMT006576,O006576,Buy Now Pay Later,Paid
PMT006577,O006577,Buy Now Pay Later,Pending
PMT006578,O006578,Buy Now Pay Later,Paid
PMT006579,O006579,Gift Card,Paid
PMT006580,O006580,PayPal,Pending
PMT006581,O006581,Gift Card,Refunded
PMT006582,O006582,Gift Card,Pending
PMT006583,O006583,Credit Card,Paid
PMT006584,O006584,Gift Card,Pending
PMT006585,O006585,PayPal,Pending
PMT006586,O006586,Buy Now Pay Later,Paid
PMT006587,O006587,Credit Card,Paid
PMT006588,O006588,Gift Card,Pending
PMT006589,O006589,Gift Card,Pending
PMT006590,O006590,Buy Now Pay Later,Pending
PMT006591,O006591,Credit Card,Pending
PMT006592,O006592,Buy Now Pay Later,Paid
PMT006593,O006593,PayPal,Paid
PMT006594,O006594,Debit Card,Paid
PMT006595,O006595,Gift Card,Paid
PMT006596,O006596,Debit Card,Pending
PMT006597,O006597,Debit Card,Paid
PMT006598,O006598,Buy Now Pay Later,Pending
PMT006599,O006599,Buy Now Pay Later,Pending
PMT006600,O006600,Credit Card,Pending
PMT006601,O006601,Debit Card,Paid
PMT006602,O006602,Gift Card,Pending
PMT006603,O006603,Buy Now Pay Later,Pending
PMT006604,O006604,Buy Now Pay Later,Paid
PMT006605,O006605,Buy Now Pay Later,Paid
PMT006606,O006606,Buy Now Pay Later,Paid
PMT006607,O006607,Credit Card,Pending
PMT006608,O006608,Gift Card,Refunded
PMT006609,O006609,Debit Card,Refunded
PMT006610,O006610,Credit Card,Paid
PMT006611,O006611,PayPal,Pending
PMT006612,O006612,Credit Card,Pending
PMT006613,O006613,Gift Card,Paid
PMT006614,O006614,Buy Now Pay Later,Paid
PMT006615,O006615,PayPal,Paid
PMT006616,O006616,Credit Card,Paid
PMT006617,O006617,Credit Card,Refunded
PMT006618,O006618,PayPal,Pending
PMT006619,O006619,Buy Now Pay Later,Paid
PMT006620,O006620,Gift Card,Paid
PMT006621,O006621,Debit Card,Paid
PMT006622,O006622,Gift Card,Pending
PMT006623,O006623,Gift Card,Paid
PMT006624,O006624,Debit Card,Paid
PMT006625,O006625,Credit Card,Pending
PMT006626,O006626,Credit Card,Paid
PMT006627,O006627,Credit Card,Paid
PMT006628,O006628,Debit Card,Refunded
PMT006629,O006629,Gift Card,Pending
PMT006630,O006630,Credit Card,Pending
PMT006631,O006631,Credit Card,Refunded
PMT006632,O006632,Debit Card,Paid
PMT006633,O006633,Buy Now Pay Later,Paid
PMT006634,O006634,PayPal,Paid
PMT006635,O006635,Debit Card,Paid
PMT006636,O006636,PayPal,Paid
PMT006637,O006637,Gift Card,Paid
PMT006638,O006638,Credit Card,Paid
PMT006639,O006639,Gift Card,Paid
PMT006640,O006640,Credit Card,Paid
PMT006641,O006641,PayPal,Paid
PMT006642,O006642,Buy Now Pay Later,Paid
PMT006643,O006643,PayPal,Paid
PMT006644,O006644,Gift Card,Paid
PMT006645,O006645,Buy Now Pay Later,Pending
PMT006646,O006646,PayPal,Pending
PMT006647,O006647,Credit Card,Paid
PMT006648,O006648,PayPal,Paid
PMT006649,O006649,Debit Card,Paid
PMT006650,O006650,Credit Card,Paid
PMT006651,O006651,Credit Card,Pending
PMT006652,O006652,Debit Card,Paid
PMT006653,O006653,Credit Card,Paid
PMT006654,O006654,Buy Now Pay Later,Pending
PMT006655,O006655,Debit Card,Refunded
PMT006656,O006656,Debit Card,Paid
PMT006657,O006657,Gift Card,Pending
PMT006658,O006658,Buy Now Pay Later,Paid
PMT006659,O006659,Gift Card,Paid
PMT006660,O006660,PayPal,Paid
PMT006661,O006661,Credit Card,Paid
PMT006662,O006662,Buy Now Pay Later,Paid
PMT006663,O006663,Buy Now Pay Later,Paid
PMT006664,O006664,Buy Now Pay Later,Paid
PMT006665,O006665,PayPal,Paid
PMT006666,O006666,Gift Card,Paid
PMT006667,O006667,Debit Card,Paid
PMT006668,O006668,PayPal,Paid
PMT006669,O006669,PayPal,Paid
PMT006670,O006670,PayPal,Paid
PMT006671,O006671,Debit Card,Pending
PMT006672,O006672,Credit Card,Paid
PMT006673,O006673,Credit Card,Pending
PMT006674,O006674,Credit Card,Pending
PMT006675,O006675,PayPal,Paid
PMT006676,O006676,Credit Card,Paid
PMT006677,O006677,Buy Now Pay Later,Paid
PMT006678,O006678,Debit Card,Paid
PMT006679,O006679,PayPal,Paid
PMT006680,O006680,Buy Now Pay Later,Paid
PMT006681,O006681,Debit Card,Refunded
PMT006682,O006682,Credit Card,Refunded
PMT006683,O006683,PayPal,Paid
PMT006684,O006684,Debit Card,Paid
PMT006685,O006685,Buy Now Pay Later,Paid
PMT006686,O006686,Debit Card,Paid
PMT006687,O006687,Gift Card,Paid
PMT006688,O006688,Buy Now Pay Later,Pending
PMT006689,O006689,PayPal,Paid
PMT006690,O006690,Buy Now Pay Later,Paid
PMT006691,O006691,Buy Now Pay Later,Paid
PMT006692,O006692,Buy Now Pay Later,Pending
PMT006693,O006693,Gift Card,Paid
PMT006694,O006694,Debit Card,Pending
PMT006695,O006695,Credit Card,Paid
PMT006696,O006696,Credit Card,Paid
PMT006697,O006697,Debit Card,Paid
PMT006698,O006698,PayPal,Pending
PMT006699,O006699,Buy Now Pay Later,Refunded
PMT006700,O006700,Buy Now Pay Later,Paid
PMT006701,O006701,Gift Card,Paid
PMT006702,O006702,PayPal,Paid
PMT006703,O006703,Gift Card,Refunded
PMT006704,O006704,PayPal,Pending
PMT006705,O006705,PayPal,Pending
PMT006706,O006706,Gift Card,Pending
PMT006707,O006707,PayPal,Pending
PMT006708,O006708,Debit Card,Paid
PMT006709,O006709,Buy Now Pay Later,Paid
PMT006710,O006710,Buy Now Pay Later,Paid
PMT006711,O006711,Gift Card,Pending
PMT006712,O006712,Buy Now Pay Later,Pending
PMT006713,O006713,Credit Card,Paid
PMT006714,O006714,Credit Card,Paid
PMT006715,O006715,Debit Card,Pending
PMT006716,O006716,Gift Card,Paid
PMT006717,O006717,Debit Card,Paid
PMT006718,O006718,Gift Card,Paid
PMT006719,O006719,Debit Card,Paid
PMT006720,O006720,Buy Now Pay Later,Pending
PMT006721,O006721,Gift Card,Paid
PMT006722,O006722,PayPal,Paid
PMT006723,O006723,Gift Card,Paid
PMT006724,O006724,Buy Now Pay Later,Paid
PMT006725,O006725,PayPal,Pending
PMT006726,O006726,Credit Card,Refunded
PMT006727,O006727,Gift Card,Paid
PMT006728,O006728,PayPal,Paid
PMT006729,O006729,Buy Now Pay Later,Paid
PMT006730,O006730,Debit Card,Paid
PMT006731,O006731,Debit Card,Paid
PMT006732,O006732,Buy Now Pay Later,Paid
PMT006733,O006733,Gift Card,Paid
PMT006734,O006734,PayPal,Pending
PMT006735,O006735,PayPal,Paid
PMT006736,O006736,Debit Card,Paid
PMT006737,O006737,Credit Card,Pending
PMT006738,O006738,Buy Now Pay Later,Paid
PMT006739,O006739,Debit Card,Paid
PMT006740,O006740,Credit Card,Paid
PMT006741,O006741,PayPal,Paid
PMT006742,O006742,Buy Now Pay Later,Paid
PMT006743,O006743,Credit Card,Paid
PMT006744,O006744,Buy Now Pay Later,Paid
PMT006745,O006745,Buy Now Pay Later,Paid
PMT006746,O006746,PayPal,Paid
PMT006747,O006747,Buy Now Pay Later,Paid
PMT006748,O006748,PayPal,Pending
PMT006749,O006749,Gift Card,Paid
PMT006750,O006750,Buy Now Pay Later,Paid
PMT006751,O006751,Credit Card,Paid
PMT006752,O006752,Gift Card,Paid
PMT006753,O006753,Gift Card,Pending
PMT006754,O006754,Buy Now Pay Later,Paid
PMT006755,O006755,Credit Card,Paid
PMT006756,O006756,Credit Card,Paid
PMT006757,O006757,Debit Card,Paid
PMT006758,O006758,Credit Card,Paid
PMT006759,O006759,Credit Card,Paid
PMT006760,O006760,Buy Now Pay Later,Pending
PMT006761,O006761,Gift Card,Paid
PMT006762,O006762,Gift Card,Paid
PMT006763,O006763,Credit Card,Pending
PMT006764,O006764,PayPal,Paid
PMT006765,O006765,Credit Card,Paid
PMT006766,O006766,Credit Card,Paid
PMT006767,O006767,Debit Card,Paid
PMT006768,O006768,Credit Card,Paid
PMT006769,O006769,PayPal,Paid
PMT006770,O006770,Gift Card,Paid
PMT006771,O006771,Credit Card,Refunded
PMT006772,O006772,Gift Card,Paid
PMT006773,O006773,Gift Card,Paid
PMT006774,O006774,Debit Card,Pending
PMT006775,O006775,Credit Card,Paid
PMT006776,O006776,Buy Now Pay Later,Paid
PMT006777,O006777,Credit Card,Paid
PMT006778,O006778,PayPal,Paid
PMT006779,O006779,Buy Now Pay Later,Paid
PMT006780,O006780,Buy Now Pay Later,Paid
PMT006781,O006781,Debit Card,Paid
PMT006782,O006782,PayPal,Pending
PMT006783,O006783,Buy Now Pay Later,Paid
PMT006784,O006784,Credit Card,Paid
PMT006785,O006785,Credit Card,Paid
PMT006786,O006786,Gift Card,Paid
PMT006787,O006787,PayPal,Paid
PMT006788,O006788,PayPal,Refunded
PMT006789,O006789,Gift Card,Refunded
PMT006790,O006790,Debit Card,Paid
PMT006791,O006791,Gift Card,Pending
PMT006792,O006792,Credit Card,Pending
PMT006793,O006793,Buy Now Pay Later,Paid
PMT006794,O006794,Gift Card,Pending
PMT006795,O006795,Gift Card,Paid
PMT006796,O006796,Buy Now Pay Later,Paid
PMT006797,O006797,Buy Now Pay Later,Paid
PMT006798,O006798,Debit Card,Paid
PMT006799,O006799,PayPal,Paid
PMT006800,O006800,PayPal,Pending
PMT006801,O006801,Debit Card,Pending
PMT006802,O006802,Credit Card,Paid
PMT006803,O006803,Buy Now Pay Later,Pending
PMT006804,O006804,PayPal,Pending
PMT006805,O006805,Debit Card,Pending
PMT006806,O006806,Gift Card,Pending
PMT006807,O006807,Credit Card,Paid
PMT006808,O006808,PayPal,Paid
PMT006809,O006809,Credit Card,Paid
PMT006810,O006810,PayPal,Paid
PMT006811,O006811,Gift Card,Paid
PMT006812,O006812,Debit Card,Paid
PMT006813,O006813,Buy Now Pay Later,Pending
PMT006814,O006814,PayPal,Paid
PMT006815,O006815,Credit Card,Paid
PMT006816,O006816,PayPal,Paid
PMT006817,O006817,Gift Card,Paid
PMT006818,O006818,Buy Now Pay Later,Paid
PMT006819,O006819,Debit Card,Paid
PMT006820,O006820,Debit Card,Paid
PMT006821,O006821,Debit Card,Pending
PMT006822,O006822,Buy Now Pay Later,Paid
PMT006823,O006823,Gift Card,Paid
PMT006824,O006824,Buy Now Pay Later,Refunded
PMT006825,O006825,PayPal,Pending
PMT006826,O006826,Credit Card,Paid
PMT006827,O006827,PayPal,Paid
PMT006828,O006828,Credit Card,Paid
PMT006829,O006829,PayPal,Refunded
PMT006830,O006830,Debit Card,Paid
PMT006831,O006831,Buy Now Pay Later,Pending
PMT006832,O006832,Gift Card,Paid
PMT006833,O006833,PayPal,Pending
PMT006834,O006834,Credit Card,Paid
PMT006835,O006835,Debit Card,Paid
PMT006836,O006836,Credit Card,Paid
PMT006837,O006837,Buy Now Pay Later,Paid
PMT006838,O006838,Buy Now Pay Later,Paid
PMT006839,O006839,Buy Now Pay Later,Refunded
PMT006840,O006840,PayPal,Pending
PMT006841,O006841,Buy Now Pay Later,Paid
PMT006842,O006842,Buy Now Pay Later,Paid
PMT006843,O006843,Gift Card,Paid
PMT006844,O006844,Debit Card,Paid
PMT006845,O006845,Credit Card,Pending
PMT006846,O006846,Gift Card,Refunded
PMT006847,O006847,Gift Card,Refunded
PMT006848,O006848,Buy Now Pay Later,Pending
PMT006849,O006849,Buy Now Pay Later,Paid
PMT006850,O006850,Credit Card,Paid
PMT006851,O006851,Gift Card,Paid
PMT006852,O006852,PayPal,Paid
PMT006853,O006853,Gift Card,Paid
PMT006854,O006854,Credit Card,Paid
PMT006855,O006855,Debit Card,Paid
PMT006856,O006856,Gift Card,Paid
PMT006857,O006857,Credit Card,Paid
PMT006858,O006858,PayPal,Paid
PMT006859,O006859,Credit Card,Paid
PMT006860,O006860,Gift Card,Paid
PMT006861,O006861,PayPal,Paid
PMT006862,O006862,Debit Card,Pending
PMT006863,O006863,Buy Now Pay Later,Paid
PMT006864,O006864,Credit Card,Paid
PMT006865,O006865,Gift Card,Pending
PMT006866,O006866,Buy Now Pay Later,Paid
PMT006867,O006867,Debit Card,Pending
PMT006868,O006868,PayPal,Paid
PMT006869,O006869,Gift Card,Pending
PMT006870,O006870,Credit Card,Paid
PMT006871,O006871,Credit Card,Pending
PMT006872,O006872,PayPal,Paid
PMT006873,O006873,Debit Card,Paid
PMT006874,O006874,Debit Card,Pending
PMT006875,O006875,Gift Card,Refunded
PMT006876,O006876,Gift Card,Paid
PMT006877,O006877,Debit Card,Pending
PMT006878,O006878,Buy Now Pay Later,Paid
PMT006879,O006879,Debit Card,Paid
PMT006880,O006880,Debit Card,Paid
PMT006881,O006881,Credit Card,Paid
PMT006882,O006882,Buy Now Pay Later,Paid
PMT006883,O006883,PayPal,Paid
PMT006884,O006884,Buy Now Pay Later,Paid
PMT006885,O006885,Debit Card,Paid
PMT006886,O006886,Buy Now Pay Later,Paid
PMT006887,O006887,Gift Card,Paid
PMT006888,O006888,Credit Card,Paid
PMT006889,O006889,Gift Card,Paid
PMT006890,O006890,Debit Card,Paid
PMT006891,O006891,Buy Now Pay Later,Paid
PMT006892,O006892,Buy Now Pay Later,Paid
PMT006893,O006893,Buy Now Pay Later,Pending
PMT006894,O006894,Buy Now Pay Later,Paid
PMT006895,O006895,Buy Now Pay Later,Paid
PMT006896,O006896,Credit Card,Paid
PMT006897,O006897,Debit Card,Paid
PMT006898,O006898,Buy Now Pay Later,Refunded
PMT006899,O006899,Credit Card,Pending
PMT006900,O006900,Buy Now Pay Later,Paid
PMT006901,O006901,Buy Now Pay Later,Paid
PMT006902,O006902,Credit Card,Paid
PMT006903,O006903,Gift Card,Paid
PMT006904,O006904,Buy Now Pay Later,Paid
PMT006905,O006905,Credit Card,Paid
PMT006906,O006906,PayPal,Paid
PMT006907,O006907,Debit Card,Paid
PMT006908,O006908,Gift Card,Paid
PMT006909,O006909,Debit Card,Paid
PMT006910,O006910,PayPal,Paid
PMT006911,O006911,Buy Now Pay Later,Paid
PMT006912,O006912,Credit Card,Pending
PMT006913,O006913,Credit Card,Paid
PMT006914,O006914,Debit Card,Paid
PMT006915,O006915,Buy Now Pay Later,Paid
PMT006916,O006916,PayPal,Pending
PMT006917,O006917,Credit Card,Pending
PMT006918,O006918,Credit Card,Paid
PMT006919,O006919,Buy Now Pay Later,Pending
PMT006920,O006920,Debit Card,Paid
PMT006921,O006921,Debit Card,Paid
PMT006922,O006922,Credit Card,Pending
PMT006923,O006923,Credit Card,Paid
PMT006924,O006924,Gift Card,Pending
PMT006925,O006925,Debit Card,Paid
PMT006926,O006926,Gift Card,Pending
PMT006927,O006927,Gift Card,Pending
PMT006928,O006928,Debit Card,Paid
PMT006929,O006929,Gift Card,Paid
PMT006930,O006930,Debit Card,Paid
PMT006931,O006931,Credit Card,Pending
PMT006932,O006932,Gift Card,Paid
PMT006933,O006933,Gift Card,Paid
PMT006934,O006934,Buy Now Pay Later,Refunded
PMT006935,O006935,PayPal,Paid
PMT006936,O006936,Gift Card,Paid
PMT006937,O006937,Credit Card,Paid
PMT006938,O006938,Buy Now Pay Later,Paid
PMT006939,O006939,Debit Card,Paid
PMT006940,O006940,Debit Card,Paid
PMT006941,O006941,Buy Now Pay Later,Pending
PMT006942,O006942,PayPal,Paid
PMT006943,O006943,Buy Now Pay Later,Paid
PMT006944,O006944,Credit Card,Paid
PMT006945,O006945,Buy Now Pay Later,Refunded
PMT006946,O006946,Credit Card,Paid
PMT006947,O006947,Credit Card,Paid
PMT006948,O006948,Gift Card,Paid
PMT006949,O006949,Credit Card,Paid
PMT006950,O006950,Gift Card,Pending
PMT006951,O006951,Debit Card,Paid
PMT006952,O006952,Credit Card,Paid
PMT006953,O006953,Buy Now Pay Later,Pending
PMT006954,O006954,PayPal,Pending
PMT006955,O006955,Gift Card,Paid
PMT006956,O006956,Debit Card,Paid
PMT006957,O006957,Buy Now Pay Later,Paid
PMT006958,O006958,Gift Card,Paid
PMT006959,O006959,PayPal,Refunded
PMT006960,O006960,Gift Card,Paid
PMT006961,O006961,Credit Card,Pending
PMT006962,O006962,Debit Card,Paid
PMT006963,O006963,PayPal,Paid
PMT006964,O006964,PayPal,Paid
PMT006965,O006965,PayPal,Paid
PMT006966,O006966,PayPal,Paid
PMT006967,O006967,PayPal,Paid
PMT006968,O006968,Debit Card,Paid
PMT006969,O006969,Debit Card,Pending
PMT006970,O006970,Buy Now Pay Later,Refunded
PMT006971,O006971,PayPal,Paid
PMT006972,O006972,Debit Card,Paid
PMT006973,O006973,Credit Card,Paid
PMT006974,O006974,Gift Card,Pending
PMT006975,O006975,Gift Card,Pending
PMT006976,O006976,Gift Card,Paid
PMT006977,O006977,PayPal,Pending
PMT006978,O006978,Credit Card,Refunded
PMT006979,O006979,Gift Card,Paid
PMT006980,O006980,Credit Card,Pending
PMT006981,O006981,Debit Card,Paid
PMT006982,O006982,Credit Card,Paid
PMT006983,O006983,PayPal,Paid
PMT006984,O006984,Debit Card,Paid
PMT006985,O006985,Buy Now Pay Later,Paid
PMT006986,O006986,Gift Card,Paid
PMT006987,O006987,Credit Card,Refunded
PMT006988,O006988,PayPal,Paid
PMT006989,O006989,Credit Card,Paid
PMT006990,O006990,Debit Card,Paid
PMT006991,O006991,Buy Now Pay Later,Paid
PMT006992,O006992,Debit Card,Paid
PMT006993,O006993,Credit Card,Refunded
PMT006994,O006994,Gift Card,Pending
PMT006995,O006995,PayPal,Paid
PMT006996,O006996,Credit Card,Paid
PMT006997,O006997,PayPal,Paid
PMT006998,O006998,PayPal,Paid
PMT006999,O006999,Gift Card,Paid
PMT007000,O007000,PayPal,Paid
PMT007001,O007001,Gift Card,Pending
PMT007002,O007002,PayPal,Paid
PMT007003,O007003,Gift Card,Paid
PMT007004,O007004,PayPal,Paid
PMT007005,O007005,PayPal,Paid
PMT007006,O007006,Gift Card,Pending
PMT007007,O007007,Gift Card,Pending
PMT007008,O007008,Debit Card,Pending
PMT007009,O007009,Buy Now Pay Later,Paid
PMT007010,O007010,PayPal,Paid
PMT007011,O007011,PayPal,Paid
PMT007012,O007012,Buy Now Pay Later,Paid
PMT007013,O007013,PayPal,Paid
PMT007014,O007014,Credit Card,Paid
PMT007015,O007015,Gift Card,Paid
PMT007016,O007016,Credit Card,Paid
PMT007017,O007017,Buy Now Pay Later,Paid
PMT007018,O007018,Gift Card,Pending
PMT007019,O007019,Debit Card,Paid
PMT007020,O007020,Credit Card,Paid
PMT007021,O007021,PayPal,Pending
PMT007022,O007022,Debit Card,Paid
PMT007023,O007023,Buy Now Pay Later,Paid
PMT007024,O007024,Credit Card,Paid
PMT007025,O007025,Gift Card,Refunded
PMT007026,O007026,Credit Card,Paid
PMT007027,O007027,Credit Card,Paid
PMT007028,O007028,Gift Card,Paid
PMT007029,O007029,Gift Card,Paid
PMT007030,O007030,Debit Card,Paid
PMT007031,O007031,Buy Now Pay Later,Paid
PMT007032,O007032,Gift Card,Paid
PMT007033,O007033,Credit Card,Paid
PMT007034,O007034,Credit Card,Pending
PMT007035,O007035,Debit Card,Paid
PMT007036,O007036,Credit Card,Paid
PMT007037,O007037,Gift Card,Refunded
PMT007038,O007038,PayPal,Paid
PMT007039,O007039,Buy Now Pay Later,Paid
PMT007040,O007040,PayPal,Pending
PMT007041,O007041,PayPal,Pending
PMT007042,O007042,Credit Card,Pending
PMT007043,O007043,Credit Card,Paid
PMT007044,O007044,Gift Card,Paid
PMT007045,O007045,Gift Card,Pending
PMT007046,O007046,Credit Card,Pending
PMT007047,O007047,Debit Card,Paid
PMT007048,O007048,Debit Card,Paid
PMT007049,O007049,Buy Now Pay Later,Paid
PMT007050,O007050,PayPal,Pending
PMT007051,O007051,Buy Now Pay Later,Paid
PMT007052,O007052,Credit Card,Pending
PMT007053,O007053,Credit Card,Paid
PMT007054,O007054,Debit Card,Paid
PMT007055,O007055,Buy Now Pay Later,Refunded
PMT007056,O007056,Debit Card,Pending
PMT007057,O007057,Debit Card,Paid
PMT007058,O007058,Credit Card,Paid
PMT007059,O007059,Debit Card,Pending
PMT007060,O007060,Buy Now Pay Later,Paid
PMT007061,O007061,Debit Card,Paid
PMT007062,O007062,Gift Card,Paid
PMT007063,O007063,Credit Card,Pending
PMT007064,O007064,Debit Card,Pending
PMT007065,O007065,PayPal,Paid
PMT007066,O007066,Gift Card,Paid
PMT007067,O007067,Credit Card,Pending
PMT007068,O007068,PayPal,Pending
PMT007069,O007069,PayPal,Paid
PMT007070,O007070,Debit Card,Pending
PMT007071,O007071,Gift Card,Pending
PMT007072,O007072,Gift Card,Pending
PMT007073,O007073,Gift Card,Pending
PMT007074,O007074,Debit Card,Pending
PMT007075,O007075,Debit Card,Paid
PMT007076,O007076,Gift Card,Pending
PMT007077,O007077,Debit Card,Refunded
PMT007078,O007078,Debit Card,Paid
PMT007079,O007079,Debit Card,Pending
PMT007080,O007080,Gift Card,Paid
PMT007081,O007081,PayPal,Pending
PMT007082,O007082,PayPal,Paid
PMT007083,O007083,Credit Card,Paid
PMT007084,O007084,Gift Card,Paid
PMT007085,O007085,Debit Card,Pending
PMT007086,O007086,Gift Card,Paid
PMT007087,O007087,Gift Card,Refunded
PMT007088,O007088,Credit Card,Refunded
PMT007089,O007089,Credit Card,Pending
PMT007090,O007090,PayPal,Pending
PMT007091,O007091,Gift Card,Paid
PMT007092,O007092,Buy Now Pay Later,Paid
PMT007093,O007093,PayPal,Paid
PMT007094,O007094,Credit Card,Pending
PMT007095,O007095,Credit Card,Paid
PMT007096,O007096,PayPal,Pending
PMT007097,O007097,Gift Card,Paid
PMT007098,O007098,Gift Card,Paid
PMT007099,O007099,Buy Now Pay Later,Paid
PMT007100,O007100,Credit Card,Paid
PMT007101,O007101,Debit Card,Paid
PMT007102,O007102,Gift Card,Paid
PMT007103,O007103,Buy Now Pay Later,Pending
PMT007104,O007104,Buy Now Pay Later,Pending
PMT007105,O007105,Debit Card,Pending
PMT007106,O007106,Gift Card,Paid
PMT007107,O007107,PayPal,Pending
PMT007108,O007108,PayPal,Paid
PMT007109,O007109,PayPal,Pending
PMT007110,O007110,Debit Card,Paid
PMT007111,O007111,Credit Card,Paid
PMT007112,O007112,Credit Card,Paid
PMT007113,O007113,Debit Card,Paid
PMT007114,O007114,Credit Card,Paid
PMT007115,O007115,PayPal,Paid
PMT007116,O007116,Gift Card,Pending
PMT007117,O007117,PayPal,Paid
PMT007118,O007118,Buy Now Pay Later,Paid
PMT007119,O007119,Gift Card,Paid
PMT007120,O007120,Debit Card,Paid
PMT007121,O007121,PayPal,Refunded
PMT007122,O007122,Gift Card,Paid
PMT007123,O007123,Buy Now Pay Later,Paid
PMT007124,O007124,Gift Card,Paid
PMT007125,O007125,Buy Now Pay Later,Paid
PMT007126,O007126,Credit Card,Paid
PMT007127,O007127,PayPal,Paid
PMT007128,O007128,Credit Card,Paid
PMT007129,O007129,Gift Card,Paid
PMT007130,O007130,PayPal,Paid
PMT007131,O007131,PayPal,Paid
PMT007132,O007132,Buy Now Pay Later,Paid
PMT007133,O007133,Gift Card,Paid
PMT007134,O007134,Gift Card,Paid
PMT007135,O007135,Credit Card,Paid
PMT007136,O007136,Debit Card,Paid
PMT007137,O007137,Gift Card,Paid
PMT007138,O007138,Gift Card,Paid
PMT007139,O007139,Credit Card,Pending
PMT007140,O007140,Gift Card,Paid
PMT007141,O007141,Credit Card,Pending
PMT007142,O007142,Credit Card,Refunded
PMT007143,O007143,Debit Card,Paid
PMT007144,O007144,Gift Card,Paid
PMT007145,O007145,PayPal,Paid
PMT007146,O007146,Gift Card,Paid
PMT007147,O007147,PayPal,Paid
PMT007148,O007148,PayPal,Paid
PMT007149,O007149,Buy Now Pay Later,Paid
PMT007150,O007150,Debit Card,Paid
PMT007151,O007151,Gift Card,Paid
PMT007152,O007152,PayPal,Paid
PMT007153,O007153,Buy Now Pay Later,Paid
PMT007154,O007154,Gift Card,Paid
PMT007155,O007155,Gift Card,Refunded
PMT007156,O007156,Gift Card,Paid
PMT007157,O007157,PayPal,Paid
PMT007158,O007158,Buy Now Pay Later,Paid
PMT007159,O007159,Credit Card,Pending
PMT007160,O007160,Debit Card,Paid
PMT007161,O007161,PayPal,Paid
PMT007162,O007162,Gift Card,Refunded
PMT007163,O007163,Credit Card,Pending
PMT007164,O007164,Buy Now Pay Later,Paid
PMT007165,O007165,Gift Card,Paid
PMT007166,O007166,Debit Card,Paid
PMT007167,O007167,Debit Card,Paid
PMT007168,O007168,Credit Card,Paid
PMT007169,O007169,Debit Card,Paid
PMT007170,O007170,Gift Card,Paid
PMT007171,O007171,PayPal,Paid
PMT007172,O007172,Buy Now Pay Later,Paid
PMT007173,O007173,Gift Card,Refunded
PMT007174,O007174,Debit Card,Paid
PMT007175,O007175,Credit Card,Refunded
PMT007176,O007176,Gift Card,Pending
PMT007177,O007177,Gift Card,Paid
PMT007178,O007178,PayPal,Paid
PMT007179,O007179,Debit Card,Paid
PMT007180,O007180,PayPal,Pending
PMT007181,O007181,Buy Now Pay Later,Paid
PMT007182,O007182,Buy Now Pay Later,Paid
PMT007183,O007183,Buy Now Pay Later,Paid
PMT007184,O007184,PayPal,Refunded
PMT007185,O007185,Debit Card,Pending
PMT007186,O007186,Gift Card,Paid
PMT007187,O007187,Credit Card,Paid
PMT007188,O007188,Credit Card,Pending
PMT007189,O007189,Credit Card,Paid
PMT007190,O007190,Buy Now Pay Later,Paid
PMT007191,O007191,Credit Card,Paid
PMT007192,O007192,Buy Now Pay Later,Paid
PMT007193,O007193,Buy Now Pay Later,Paid
PMT007194,O007194,Debit Card,Pending
PMT007195,O007195,PayPal,Paid
PMT007196,O007196,Credit Card,Paid
PMT007197,O007197,Buy Now Pay Later,Refunded
PMT007198,O007198,Debit Card,Paid
PMT007199,O007199,PayPal,Paid
PMT007200,O007200,Debit Card,Pending
PMT007201,O007201,Debit Card,Paid
PMT007202,O007202,Debit Card,Paid
PMT007203,O007203,Debit Card,Paid
PMT007204,O007204,Gift Card,Pending
PMT007205,O007205,Debit Card,Paid
PMT007206,O007206,Buy Now Pay Later,Paid
PMT007207,O007207,PayPal,Paid
PMT007208,O007208,Buy Now Pay Later,Paid
PMT007209,O007209,PayPal,Paid
PMT007210,O007210,Buy Now Pay Later,Paid
PMT007211,O007211,PayPal,Paid
PMT007212,O007212,Gift Card,Pending
PMT007213,O007213,PayPal,Paid
PMT007214,O007214,Debit Card,Paid
PMT007215,O007215,PayPal,Paid
PMT007216,O007216,PayPal,Paid
PMT007217,O007217,Credit Card,Paid
PMT007218,O007218,PayPal,Pending
PMT007219,O007219,Debit Card,Paid
PMT007220,O007220,PayPal,Refunded
PMT007221,O007221,Credit Card,Pending
PMT007222,O007222,Debit Card,Pending
PMT007223,O007223,Gift Card,Pending
PMT007224,O007224,Debit Card,Paid
PMT007225,O007225,Gift Card,Paid
PMT007226,O007226,Credit Card,Pending
PMT007227,O007227,Debit Card,Paid
PMT007228,O007228,Credit Card,Pending
PMT007229,O007229,Buy Now Pay Later,Pending
PMT007230,O007230,Debit Card,Paid
PMT007231,O007231,Credit Card,Paid
PMT007232,O007232,Credit Card,Paid
PMT007233,O007233,Credit Card,Paid
PMT007234,O007234,Gift Card,Paid
PMT007235,O007235,Debit Card,Paid
PMT007236,O007236,Debit Card,Paid
PMT007237,O007237,Gift Card,Refunded
PMT007238,O007238,Debit Card,Pending
PMT007239,O007239,Debit Card,Pending
PMT007240,O007240,Debit Card,Paid
PMT007241,O007241,PayPal,Pending
PMT007242,O007242,PayPal,Pending
PMT007243,O007243,PayPal,Paid
PMT007244,O007244,Debit Card,Paid
PMT007245,O007245,Buy Now Pay Later,Pending
PMT007246,O007246,Credit Card,Paid
PMT007247,O007247,Gift Card,Pending
PMT007248,O007248,Buy Now Pay Later,Refunded
PMT007249,O007249,Credit Card,Paid
PMT007250,O007250,Debit Card,Paid
PMT007251,O007251,PayPal,Refunded
PMT007252,O007252,PayPal,Paid
PMT007253,O007253,Gift Card,Paid
PMT007254,O007254,PayPal,Paid
PMT007255,O007255,Credit Card,Paid
PMT007256,O007256,Gift Card,Paid
PMT007257,O007257,Credit Card,Pending
PMT007258,O007258,Gift Card,Paid
PMT007259,O007259,Credit Card,Paid
PMT007260,O007260,Gift Card,Pending
PMT007261,O007261,Debit Card,Paid
PMT007262,O007262,Gift Card,Paid
PMT007263,O007263,Credit Card,Paid
PMT007264,O007264,PayPal,Paid
PMT007265,O007265,Credit Card,Pending
PMT007266,O007266,Credit Card,Refunded
PMT007267,O007267,PayPal,Refunded
PMT007268,O007268,Buy Now Pay Later,Paid
PMT007269,O007269,Credit Card,Pending
PMT007270,O007270,Credit Card,Pending
PMT007271,O007271,Gift Card,Paid
PMT007272,O007272,Buy Now Pay Later,Paid
PMT007273,O007273,Gift Card,Paid
PMT007274,O007274,Debit Card,Paid
PMT007275,O007275,Buy Now Pay Later,Refunded
PMT007276,O007276,Buy Now Pay Later,Paid
PMT007277,O007277,Credit Card,Pending
PMT007278,O007278,PayPal,Paid
PMT007279,O007279,Debit Card,Pending
PMT007280,O007280,PayPal,Paid
PMT007281,O007281,Gift Card,Paid
PMT007282,O007282,Credit Card,Refunded
PMT007283,O007283,PayPal,Paid
PMT007284,O007284,Gift Card,Paid
PMT007285,O007285,Debit Card,Paid
PMT007286,O007286,Debit Card,Refunded
PMT007287,O007287,PayPal,Refunded
PMT007288,O007288,Buy Now Pay Later,Pending
PMT007289,O007289,PayPal,Paid
PMT007290,O007290,PayPal,Paid
PMT007291,O007291,Debit Card,Pending
PMT007292,O007292,Debit Card,Pending
PMT007293,O007293,Credit Card,Paid
PMT007294,O007294,Debit Card,Pending
PMT007295,O007295,Credit Card,Paid
PMT007296,O007296,Gift Card,Pending
PMT007297,O007297,Buy Now Pay Later,Pending
PMT007298,O007298,Gift Card,Paid
PMT007299,O007299,Credit Card,Refunded
PMT007300,O007300,Debit Card,Pending
PMT007301,O007301,PayPal,Paid
PMT007302,O007302,Gift Card,Pending
PMT007303,O007303,Credit Card,Paid
PMT007304,O007304,Buy Now Pay Later,Paid
PMT007305,O007305,Gift Card,Paid
PMT007306,O007306,Gift Card,Paid
PMT007307,O007307,Buy Now Pay Later,Pending
PMT007308,O007308,Credit Card,Paid
PMT007309,O007309,Buy Now Pay Later,Paid
PMT007310,O007310,Gift Card,Paid
PMT007311,O007311,Buy Now Pay Later,Pending
PMT007312,O007312,PayPal,Paid
PMT007313,O007313,Debit Card,Paid
PMT007314,O007314,Buy Now Pay Later,Paid
PMT007315,O007315,Buy Now Pay Later,Paid
PMT007316,O007316,Buy Now Pay Later,Paid
PMT007317,O007317,Buy Now Pay Later,Pending
PMT007318,O007318,PayPal,Paid
PMT007319,O007319,Gift Card,Paid
PMT007320,O007320,PayPal,Paid
PMT007321,O007321,PayPal,Paid
PMT007322,O007322,Gift Card,Refunded
PMT007323,O007323,Buy Now Pay Later,Paid
PMT007324,O007324,Credit Card,Paid
PMT007325,O007325,Credit Card,Pending
PMT007326,O007326,Debit Card,Paid
PMT007327,O007327,Buy Now Pay Later,Paid
PMT007328,O007328,Gift Card,Paid
PMT007329,O007329,Gift Card,Pending
PMT007330,O007330,Debit Card,Paid
PMT007331,O007331,PayPal,Paid
PMT007332,O007332,Credit Card,Paid
PMT007333,O007333,Gift Card,Pending
PMT007334,O007334,Gift Card,Pending
PMT007335,O007335,Credit Card,Pending
PMT007336,O007336,PayPal,Pending
PMT007337,O007337,PayPal,Paid
PMT007338,O007338,PayPal,Pending
PMT007339,O007339,Gift Card,Pending
PMT007340,O007340,Debit Card,Pending
PMT007341,O007341,Debit Card,Paid
PMT007342,O007342,Buy Now Pay Later,Pending
PMT007343,O007343,PayPal,Paid
PMT007344,O007344,Buy Now Pay Later,Paid
PMT007345,O007345,Gift Card,Paid
PMT007346,O007346,PayPal,Pending
PMT007347,O007347,Credit Card,Paid
PMT007348,O007348,PayPal,Paid
PMT007349,O007349,PayPal,Paid
PMT007350,O007350,Gift Card,Paid
PMT007351,O007351,Credit Card,Paid
PMT007352,O007352,Debit Card,Paid
PMT007353,O007353,Gift Card,Paid
PMT007354,O007354,PayPal,Paid
PMT007355,O007355,Buy Now Pay Later,Paid
PMT007356,O007356,Credit Card,Paid
PMT007357,O007357,Buy Now Pay Later,Pending
PMT007358,O007358,PayPal,Paid
PMT007359,O007359,Gift Card,Paid
PMT007360,O007360,Debit Card,Paid
PMT007361,O007361,Gift Card,Paid
PMT007362,O007362,PayPal,Pending
PMT007363,O007363,Buy Now Pay Later,Paid
PMT007364,O007364,Gift Card,Paid
PMT007365,O007365,Credit Card,Paid
PMT007366,O007366,PayPal,Paid
PMT007367,O007367,Debit Card,Paid
PMT007368,O007368,Gift Card,Pending
PMT007369,O007369,Buy Now Pay Later,Paid
PMT007370,O007370,Buy Now Pay Later,Refunded
PMT007371,O007371,Gift Card,Paid
PMT007372,O007372,Buy Now Pay Later,Refunded
PMT007373,O007373,Buy Now Pay Later,Paid
PMT007374,O007374,PayPal,Paid
PMT007375,O007375,Gift Card,Pending
PMT007376,O007376,PayPal,Paid
PMT007377,O007377,PayPal,Paid
PMT007378,O007378,Credit Card,Paid
PMT007379,O007379,PayPal,Paid
PMT007380,O007380,Credit Card,Paid
PMT007381,O007381,Buy Now Pay Later,Paid
PMT007382,O007382,Buy Now Pay Later,Pending
PMT007383,O007383,Buy Now Pay Later,Paid
PMT007384,O007384,Buy Now Pay Later,Paid
PMT007385,O007385,Debit Card,Pending
PMT007386,O007386,Credit Card,Paid
PMT007387,O007387,Gift Card,Paid
PMT007388,O007388,Gift Card,Paid
PMT007389,O007389,Buy Now Pay Later,Pending
PMT007390,O007390,Debit Card,Pending
PMT007391,O007391,Debit Card,Paid
PMT007392,O007392,PayPal,Paid
PMT007393,O007393,Gift Card,Paid
PMT007394,O007394,Buy Now Pay Later,Pending
PMT007395,O007395,Buy Now Pay Later,Refunded
PMT007396,O007396,Gift Card,Paid
PMT007397,O007397,Buy Now Pay Later,Pending
PMT007398,O007398,PayPal,Pending
PMT007399,O007399,Debit Card,Paid
PMT007400,O007400,Debit Card,Paid
PMT007401,O007401,Debit Card,Paid
PMT007402,O007402,Debit Card,Pending
PMT007403,O007403,Gift Card,Paid
PMT007404,O007404,Buy Now Pay Later,Paid
PMT007405,O007405,Buy Now Pay Later,Paid
PMT007406,O007406,Gift Card,Paid
PMT007407,O007407,Buy Now Pay Later,Refunded
PMT007408,O007408,Debit Card,Paid
PMT007409,O007409,Credit Card,Paid
PMT007410,O007410,PayPal,Pending
PMT007411,O007411,Gift Card,Paid
PMT007412,O007412,Buy Now Pay Later,Refunded
PMT007413,O007413,Debit Card,Paid
PMT007414,O007414,Gift Card,Paid
PMT007415,O007415,Buy Now Pay Later,Paid
PMT007416,O007416,Debit Card,Paid
PMT007417,O007417,Gift Card,Pending
PMT007418,O007418,Buy Now Pay Later,Paid
PMT007419,O007419,PayPal,Paid
PMT007420,O007420,Buy Now Pay Later,Pending
PMT007421,O007421,Buy Now Pay Later,Paid
PMT007422,O007422,PayPal,Pending
PMT007423,O007423,Gift Card,Paid
PMT007424,O007424,Credit Card,Pending
PMT007425,O007425,Gift Card,Paid
PMT007426,O007426,Debit Card,Paid
PMT007427,O007427,Buy Now Pay Later,Paid
PMT007428,O007428,Gift Card,Paid
PMT007429,O007429,Credit Card,Paid
PMT007430,O007430,Credit Card,Paid
PMT007431,O007431,Gift Card,Paid
PMT007432,O007432,Credit Card,Pending
PMT007433,O007433,Buy Now Pay Later,Paid
PMT007434,O007434,Gift Card,Refunded
PMT007435,O007435,Credit Card,Refunded
PMT007436,O007436,PayPal,Paid
PMT007437,O007437,PayPal,Paid
PMT007438,O007438,Debit Card,Refunded
PMT007439,O007439,Buy Now Pay Later,Paid
PMT007440,O007440,Gift Card,Refunded
PMT007441,O007441,Gift Card,Pending
PMT007442,O007442,Gift Card,Pending
PMT007443,O007443,Debit Card,Paid
PMT007444,O007444,Debit Card,Paid
PMT007445,O007445,Gift Card,Paid
PMT007446,O007446,Buy Now Pay Later,Refunded
PMT007447,O007447,Buy Now Pay Later,Pending
PMT007448,O007448,Gift Card,Refunded
PMT007449,O007449,Credit Card,Paid
PMT007450,O007450,Gift Card,Paid
PMT007451,O007451,PayPal,Paid
PMT007452,O007452,Gift Card,Pending
PMT007453,O007453,Credit Card,Paid
PMT007454,O007454,Credit Card,Paid
PMT007455,O007455,PayPal,Paid
PMT007456,O007456,Gift Card,Paid
PMT007457,O007457,Debit Card,Pending
PMT007458,O007458,Gift Card,Pending
PMT007459,O007459,Buy Now Pay Later,Paid
PMT007460,O007460,PayPal,Pending
PMT007461,O007461,PayPal,Paid
PMT007462,O007462,Debit Card,Pending
PMT007463,O007463,Credit Card,Paid
PMT007464,O007464,Credit Card,Pending
PMT007465,O007465,Debit Card,Pending
PMT007466,O007466,Debit Card,Paid
PMT007467,O007467,PayPal,Paid
PMT007468,O007468,Credit Card,Paid
PMT007469,O007469,PayPal,Paid
PMT007470,O007470,Debit Card,Pending
PMT007471,O007471,Credit Card,Paid
PMT007472,O007472,Debit Card,Paid
PMT007473,O007473,Buy Now Pay Later,Paid
PMT007474,O007474,Gift Card,Paid
PMT007475,O007475,Gift Card,Pending
PMT007476,O007476,Buy Now Pay Later,Paid
PMT007477,O007477,PayPal,Paid
PMT007478,O007478,Buy Now Pay Later,Paid
PMT007479,O007479,Gift Card,Paid
PMT007480,O007480,Gift Card,Paid
PMT007481,O007481,Debit Card,Paid
PMT007482,O007482,PayPal,Paid
PMT007483,O007483,Buy Now Pay Later,Paid
PMT007484,O007484,PayPal,Pending
PMT007485,O007485,Buy Now Pay Later,Pending
PMT007486,O007486,Credit Card,Paid
PMT007487,O007487,Buy Now Pay Later,Pending
PMT007488,O007488,PayPal,Paid
PMT007489,O007489,Gift Card,Paid
PMT007490,O007490,Credit Card,Refunded
PMT007491,O007491,Gift Card,Pending
PMT007492,O007492,Buy Now Pay Later,Pending
PMT007493,O007493,Debit Card,Pending
PMT007494,O007494,Credit Card,Paid
PMT007495,O007495,Credit Card,Paid
PMT007496,O007496,Buy Now Pay Later,Paid
PMT007497,O007497,Credit Card,Paid
PMT007498,O007498,PayPal,Paid
PMT007499,O007499,Credit Card,Pending
PMT007500,O007500,Debit Card,Paid
PMT007501,O007501,Buy Now Pay Later,Pending
PMT007502,O007502,Credit Card,Paid
PMT007503,O007503,Buy Now Pay Later,Paid
PMT007504,O007504,Buy Now Pay Later,Paid
PMT007505,O007505,PayPal,Paid
PMT007506,O007506,Debit Card,Pending
PMT007507,O007507,PayPal,Paid
PMT007508,O007508,PayPal,Refunded
PMT007509,O007509,Credit Card,Pending
PMT007510,O007510,Gift Card,Paid
PMT007511,O007511,Gift Card,Pending
PMT007512,O007512,Debit Card,Paid
PMT007513,O007513,Buy Now Pay Later,Refunded
PMT007514,O007514,Debit Card,Paid
PMT007515,O007515,Buy Now Pay Later,Paid
PMT007516,O007516,Gift Card,Pending
PMT007517,O007517,Buy Now Pay Later,Refunded
PMT007518,O007518,PayPal,Refunded
PMT007519,O007519,Gift Card,Refunded
PMT007520,O007520,Debit Card,Paid
PMT007521,O007521,PayPal,Refunded
PMT007522,O007522,Debit Card,Paid
PMT007523,O007523,PayPal,Paid
PMT007524,O007524,Debit Card,Paid
PMT007525,O007525,Buy Now Pay Later,Paid
PMT007526,O007526,Gift Card,Paid
PMT007527,O007527,Gift Card,Paid
PMT007528,O007528,Credit Card,Pending
PMT007529,O007529,PayPal,Refunded
PMT007530,O007530,Buy Now Pay Later,Paid
PMT007531,O007531,Debit Card,Paid
PMT007532,O007532,Buy Now Pay Later,Pending
PMT007533,O007533,Buy Now Pay Later,Refunded
PMT007534,O007534,Debit Card,Paid
PMT007535,O007535,Gift Card,Paid
PMT007536,O007536,Buy Now Pay Later,Refunded
PMT007537,O007537,Buy Now Pay Later,Pending
PMT007538,O007538,Credit Card,Paid
PMT007539,O007539,Debit Card,Refunded
PMT007540,O007540,PayPal,Pending
PMT007541,O007541,PayPal,Paid
PMT007542,O007542,Gift Card,Paid
PMT007543,O007543,Buy Now Pay Later,Paid
PMT007544,O007544,Credit Card,Paid
PMT007545,O007545,PayPal,Paid
PMT007546,O007546,PayPal,Paid
PMT007547,O007547,Gift Card,Refunded
PMT007548,O007548,Credit Card,Paid
PMT007549,O007549,Debit Card,Paid
PMT007550,O007550,PayPal,Paid
PMT007551,O007551,Debit Card,Paid
PMT007552,O007552,Credit Card,Pending
PMT007553,O007553,Credit Card,Pending
PMT007554,O007554,Debit Card,Paid
PMT007555,O007555,Credit Card,Paid
PMT007556,O007556,Gift Card,Paid
PMT007557,O007557,Credit Card,Paid
PMT007558,O007558,PayPal,Pending
PMT007559,O007559,Buy Now Pay Later,Paid
PMT007560,O007560,Debit Card,Pending
PMT007561,O007561,PayPal,Paid
PMT007562,O007562,Debit Card,Paid
PMT007563,O007563,Gift Card,Paid
PMT007564,O007564,Gift Card,Paid
PMT007565,O007565,PayPal,Paid
PMT007566,O007566,Credit Card,Refunded
PMT007567,O007567,PayPal,Pending
PMT007568,O007568,Buy Now Pay Later,Paid
PMT007569,O007569,Debit Card,Paid
PMT007570,O007570,Buy Now Pay Later,Paid
PMT007571,O007571,Credit Card,Paid
PMT007572,O007572,Credit Card,Refunded
PMT007573,O007573,Debit Card,Paid
PMT007574,O007574,Debit Card,Paid
PMT007575,O007575,Buy Now Pay Later,Paid
PMT007576,O007576,PayPal,Pending
PMT007577,O007577,PayPal,Paid
PMT007578,O007578,Credit Card,Paid
PMT007579,O007579,Gift Card,Paid
PMT007580,O007580,Credit Card,Pending
PMT007581,O007581,Buy Now Pay Later,Paid
PMT007582,O007582,PayPal,Pending
PMT007583,O007583,Credit Card,Paid
PMT007584,O007584,PayPal,Pending
PMT007585,O007585,Debit Card,Pending
PMT007586,O007586,PayPal,Paid
PMT007587,O007587,Credit Card,Paid
PMT007588,O007588,Gift Card,Paid
PMT007589,O007589,Debit Card,Paid
PMT007590,O007590,Debit Card,Pending
PMT007591,O007591,Gift Card,Pending
PMT007592,O007592,Gift Card,Paid
PMT007593,O007593,Buy Now Pay Later,Paid
PMT007594,O007594,Debit Card,Paid
PMT007595,O007595,Debit Card,Paid
PMT007596,O007596,Gift Card,Paid
PMT007597,O007597,Debit Card,Refunded
PMT007598,O007598,PayPal,Refunded
PMT007599,O007599,Buy Now Pay Later,Paid
PMT007600,O007600,Gift Card,Pending
PMT007601,O007601,Credit Card,Paid
PMT007602,O007602,Gift Card,Paid
PMT007603,O007603,PayPal,Paid
PMT007604,O007604,Debit Card,Paid
PMT007605,O007605,PayPal,Paid
PMT007606,O007606,Debit Card,Pending
PMT007607,O007607,Gift Card,Pending
PMT007608,O007608,PayPal,Paid
PMT007609,O007609,Credit Card,Paid
PMT007610,O007610,Credit Card,Paid
PMT007611,O007611,PayPal,Paid
PMT007612,O007612,Gift Card,Paid
PMT007613,O007613,Debit Card,Paid
PMT007614,O007614,Credit Card,Paid
PMT007615,O007615,Gift Card,Pending
PMT007616,O007616,Gift Card,Paid
PMT007617,O007617,Debit Card,Paid
PMT007618,O007618,Buy Now Pay Later,Paid
PMT007619,O007619,Buy Now Pay Later,Paid
PMT007620,O007620,Debit Card,Paid
PMT007621,O007621,PayPal,Paid
PMT007622,O007622,Buy Now Pay Later,Pending
PMT007623,O007623,Gift Card,Paid
PMT007624,O007624,Debit Card,Refunded
PMT007625,O007625,PayPal,Paid
PMT007626,O007626,Debit Card,Paid
PMT007627,O007627,Credit Card,Refunded
PMT007628,O007628,Debit Card,Paid
PMT007629,O007629,Buy Now Pay Later,Paid
PMT007630,O007630,Gift Card,Pending
PMT007631,O007631,Credit Card,Pending
PMT007632,O007632,PayPal,Paid
PMT007633,O007633,PayPal,Paid
PMT007634,O007634,PayPal,Pending
PMT007635,O007635,Gift Card,Paid
PMT007636,O007636,PayPal,Paid
PMT007637,O007637,Debit Card,Paid
PMT007638,O007638,Buy Now Pay Later,Paid
PMT007639,O007639,PayPal,Pending
PMT007640,O007640,Gift Card,Paid
PMT007641,O007641,Credit Card,Paid
PMT007642,O007642,PayPal,Pending
PMT007643,O007643,Buy Now Pay Later,Pending
PMT007644,O007644,Debit Card,Paid
PMT007645,O007645,PayPal,Paid
PMT007646,O007646,Credit Card,Paid
PMT007647,O007647,Buy Now Pay Later,Paid
PMT007648,O007648,Debit Card,Paid
PMT007649,O007649,Gift Card,Pending
PMT007650,O007650,Debit Card,Paid
PMT007651,O007651,PayPal,Paid
PMT007652,O007652,Buy Now Pay Later,Paid
PMT007653,O007653,Gift Card,Paid
PMT007654,O007654,Credit Card,Paid
PMT007655,O007655,PayPal,Refunded
PMT007656,O007656,PayPal,Pending
PMT007657,O007657,Credit Card,Paid
PMT007658,O007658,Credit Card,Pending
PMT007659,O007659,Buy Now Pay Later,Pending
PMT007660,O007660,Gift Card,Refunded
PMT007661,O007661,Debit Card,Refunded
PMT007662,O007662,Gift Card,Pending
PMT007663,O007663,Credit Card,Pending
PMT007664,O007664,PayPal,Refunded
PMT007665,O007665,PayPal,Paid
PMT007666,O007666,Credit Card,Paid
PMT007667,O007667,PayPal,Paid
PMT007668,O007668,Credit Card,Refunded
PMT007669,O007669,Credit Card,Paid
PMT007670,O007670,PayPal,Paid
PMT007671,O007671,Debit Card,Paid
PMT007672,O007672,Gift Card,Paid
PMT007673,O007673,PayPal,Pending
PMT007674,O007674,Debit Card,Paid
PMT007675,O007675,Credit Card,Paid
PMT007676,O007676,Credit Card,Paid
PMT007677,O007677,PayPal,Paid
PMT007678,O007678,Debit Card,Pending
PMT007679,O007679,PayPal,Paid
PMT007680,O007680,Credit Card,Pending
PMT007681,O007681,PayPal,Paid
PMT007682,O007682,Buy Now Pay Later,Pending
PMT007683,O007683,Gift Card,Paid
PMT007684,O007684,Debit Card,Paid
PMT007685,O007685,Gift Card,Paid
PMT007686,O007686,Gift Card,Paid
PMT007687,O007687,Debit Card,Refunded
PMT007688,O007688,Gift Card,Paid
PMT007689,O007689,Debit Card,Paid
PMT007690,O007690,Credit Card,Paid
PMT007691,O007691,PayPal,Pending
PMT007692,O007692,Gift Card,Paid
PMT007693,O007693,Gift Card,Paid
PMT007694,O007694,Gift Card,Paid
PMT007695,O007695,PayPal,Paid
PMT007696,O007696,Debit Card,Paid
PMT007697,O007697,Debit Card,Paid
PMT007698,O007698,PayPal,Pending
PMT007699,O007699,Gift Card,Paid
PMT007700,O007700,Debit Card,Paid
PMT007701,O007701,Debit Card,Refunded
PMT007702,O007702,Gift Card,Paid
PMT007703,O007703,Gift Card,Paid
PMT007704,O007704,Debit Card,Paid
PMT007705,O007705,Credit Card,Paid
PMT007706,O007706,Credit Card,Paid
PMT007707,O007707,Buy Now Pay Later,Paid
PMT007708,O007708,PayPal,Paid
PMT007709,O007709,Credit Card,Paid
PMT007710,O007710,Buy Now Pay Later,Pending
PMT007711,O007711,PayPal,Paid
PMT007712,O007712,Gift Card,Pending
PMT007713,O007713,Credit Card,Paid
PMT007714,O007714,Debit Card,Paid
PMT007715,O007715,PayPal,Pending
PMT007716,O007716,Gift Card,Pending
PMT007717,O007717,Buy Now Pay Later,Paid
PMT007718,O007718,Gift Card,Paid
PMT007719,O007719,Credit Card,Pending
PMT007720,O007720,PayPal,Paid
PMT007721,O007721,Gift Card,Pending
PMT007722,O007722,PayPal,Pending
PMT007723,O007723,Debit Card,Paid
PMT007724,O007724,Gift Card,Paid
PMT007725,O007725,Gift Card,Pending
PMT007726,O007726,Gift Card,Paid
PMT007727,O007727,PayPal,Paid
PMT007728,O007728,Gift Card,Pending
PMT007729,O007729,Debit Card,Paid
PMT007730,O007730,Buy Now Pay Later,Refunded
PMT007731,O007731,Debit Card,Paid
PMT007732,O007732,Gift Card,Pending
PMT007733,O007733,Debit Card,Pending
PMT007734,O007734,PayPal,Paid
PMT007735,O007735,Debit Card,Paid
PMT007736,O007736,Gift Card,Pending
PMT007737,O007737,Credit Card,Pending
PMT007738,O007738,PayPal,Paid
PMT007739,O007739,PayPal,Paid
PMT007740,O007740,Credit Card,Paid
PMT007741,O007741,Credit Card,Pending
PMT007742,O007742,Gift Card,Paid
PMT007743,O007743,Buy Now Pay Later,Paid
PMT007744,O007744,PayPal,Paid
PMT007745,O007745,Buy Now Pay Later,Paid
PMT007746,O007746,PayPal,Pending
PMT007747,O007747,Credit Card,Paid
PMT007748,O007748,Credit Card,Paid
PMT007749,O007749,Credit Card,Refunded
PMT007750,O007750,Credit Card,Refunded
PMT007751,O007751,Credit Card,Pending
PMT007752,O007752,PayPal,Paid
PMT007753,O007753,Debit Card,Paid
PMT007754,O007754,Buy Now Pay Later,Paid
PMT007755,O007755,Gift Card,Pending
PMT007756,O007756,Credit Card,Paid
PMT007757,O007757,PayPal,Paid
PMT007758,O007758,Credit Card,Paid
PMT007759,O007759,Credit Card,Paid
PMT007760,O007760,Gift Card,Paid
PMT007761,O007761,Gift Card,Pending
PMT007762,O007762,Debit Card,Refunded
PMT007763,O007763,Credit Card,Paid
PMT007764,O007764,Debit Card,Paid
PMT007765,O007765,PayPal,Paid
PMT007766,O007766,PayPal,Paid
PMT007767,O007767,Debit Card,Paid
PMT007768,O007768,Gift Card,Paid
PMT007769,O007769,Gift Card,Paid
PMT007770,O007770,Debit Card,Paid
PMT007771,O007771,Gift Card,Paid
PMT007772,O007772,PayPal,Paid
PMT007773,O007773,Buy Now Pay Later,Paid
PMT007774,O007774,Debit Card,Pending
PMT007775,O007775,Debit Card,Paid
PMT007776,O007776,PayPal,Paid
PMT007777,O007777,Gift Card,Paid
PMT007778,O007778,Buy Now Pay Later,Paid
PMT007779,O007779,Debit Card,Paid
PMT007780,O007780,PayPal,Paid
PMT007781,O007781,Credit Card,Pending
PMT007782,O007782,Buy Now Pay Later,Paid
PMT007783,O007783,Debit Card,Paid
PMT007784,O007784,Buy Now Pay Later,Pending
PMT007785,O007785,PayPal,Paid
PMT007786,O007786,Credit Card,Pending
PMT007787,O007787,Buy Now Pay Later,Paid
PMT007788,O007788,Gift Card,Paid
PMT007789,O007789,PayPal,Paid
PMT007790,O007790,PayPal,Pending
PMT007791,O007791,Gift Card,Paid
PMT007792,O007792,Buy Now Pay Later,Paid
PMT007793,O007793,Debit Card,Paid
PMT007794,O007794,Buy Now Pay Later,Paid
PMT007795,O007795,Credit Card,Paid
PMT007796,O007796,Debit Card,Paid
PMT007797,O007797,Debit Card,Paid
PMT007798,O007798,Buy Now Pay Later,Pending
PMT007799,O007799,Credit Card,Pending
PMT007800,O007800,Debit Card,Paid
PMT007801,O007801,Buy Now Pay Later,Paid
PMT007802,O007802,Buy Now Pay Later,Paid
PMT007803,O007803,Gift Card,Pending
PMT007804,O007804,PayPal,Paid
PMT007805,O007805,Debit Card,Paid
PMT007806,O007806,Buy Now Pay Later,Paid
PMT007807,O007807,Debit Card,Refunded
PMT007808,O007808,Credit Card,Paid
PMT007809,O007809,Debit Card,Paid
PMT007810,O007810,Credit Card,Pending
PMT007811,O007811,Buy Now Pay Later,Paid
PMT007812,O007812,Credit Card,Paid
PMT007813,O007813,Buy Now Pay Later,Paid
PMT007814,O007814,Credit Card,Pending
PMT007815,O007815,Credit Card,Paid
PMT007816,O007816,Credit Card,Paid
PMT007817,O007817,PayPal,Pending
PMT007818,O007818,Gift Card,Pending
PMT007819,O007819,Buy Now Pay Later,Paid
PMT007820,O007820,Credit Card,Pending
PMT007821,O007821,Credit Card,Paid
PMT007822,O007822,Debit Card,Pending
PMT007823,O007823,Gift Card,Pending
PMT007824,O007824,Gift Card,Paid
PMT007825,O007825,Gift Card,Refunded
PMT007826,O007826,Credit Card,Paid
PMT007827,O007827,PayPal,Paid
PMT007828,O007828,Credit Card,Paid
PMT007829,O007829,Buy Now Pay Later,Refunded
PMT007830,O007830,Debit Card,Paid
PMT007831,O007831,PayPal,Paid
PMT007832,O007832,PayPal,Paid
PMT007833,O007833,Debit Card,Refunded
PMT007834,O007834,Debit Card,Paid
PMT007835,O007835,PayPal,Paid
PMT007836,O007836,Buy Now Pay Later,Pending
PMT007837,O007837,Gift Card,Paid
PMT007838,O007838,Gift Card,Paid
PMT007839,O007839,PayPal,Pending
PMT007840,O007840,Credit Card,Paid
PMT007841,O007841,PayPal,Paid
PMT007842,O007842,PayPal,Paid
PMT007843,O007843,Credit Card,Pending
PMT007844,O007844,Debit Card,Pending
PMT007845,O007845,PayPal,Pending
PMT007846,O007846,Credit Card,Paid
PMT007847,O007847,Debit Card,Paid
PMT007848,O007848,PayPal,Pending
PMT007849,O007849,Gift Card,Paid
PMT007850,O007850,Gift Card,Paid
PMT007851,O007851,Debit Card,Paid
PMT007852,O007852,Credit Card,Paid
PMT007853,O007853,Buy Now Pay Later,Pending
PMT007854,O007854,Gift Card,Pending
PMT007855,O007855,PayPal,Paid
PMT007856,O007856,Gift Card,Pending
PMT007857,O007857,PayPal,Paid
PMT007858,O007858,Credit Card,Paid
PMT007859,O007859,Buy Now Pay Later,Paid
PMT007860,O007860,Credit Card,Paid
PMT007861,O007861,Credit Card,Paid
PMT007862,O007862,Credit Card,Paid
PMT007863,O007863,Debit Card,Pending
PMT007864,O007864,Buy Now Pay Later,Paid
PMT007865,O007865,Buy Now Pay Later,Paid
PMT007866,O007866,PayPal,Paid
PMT007867,O007867,Gift Card,Pending
PMT007868,O007868,Debit Card,Paid
PMT007869,O007869,Credit Card,Pending
PMT007870,O007870,Gift Card,Pending
PMT007871,O007871,Gift Card,Pending
PMT007872,O007872,Credit Card,Paid
PMT007873,O007873,PayPal,Pending
PMT007874,O007874,Debit Card,Paid
PMT007875,O007875,Gift Card,Pending
PMT007876,O007876,Buy Now Pay Later,Paid
PMT007877,O007877,Credit Card,Pending
PMT007878,O007878,Debit Card,Paid
PMT007879,O007879,PayPal,Paid
PMT007880,O007880,Buy Now Pay Later,Pending
PMT007881,O007881,PayPal,Paid
PMT007882,O007882,Credit Card,Paid
PMT007883,O007883,Debit Card,Pending
PMT007884,O007884,PayPal,Paid
PMT007885,O007885,Gift Card,Pending
PMT007886,O007886,PayPal,Paid
PMT007887,O007887,Credit Card,Paid
PMT007888,O007888,Credit Card,Paid
PMT007889,O007889,Buy Now Pay Later,Pending
PMT007890,O007890,Buy Now Pay Later,Paid
PMT007891,O007891,Gift Card,Pending
PMT007892,O007892,Buy Now Pay Later,Paid
PMT007893,O007893,Debit Card,Pending
PMT007894,O007894,Gift Card,Paid
PMT007895,O007895,PayPal,Paid
PMT007896,O007896,Credit Card,Pending
PMT007897,O007897,PayPal,Paid
PMT007898,O007898,Debit Card,Pending
PMT007899,O007899,Credit Card,Refunded
PMT007900,O007900,Debit Card,Paid
PMT007901,O007901,PayPal,Pending
PMT007902,O007902,Gift Card,Pending
PMT007903,O007903,PayPal,Pending
PMT007904,O007904,Credit Card,Paid
PMT007905,O007905,Buy Now Pay Later,Pending
PMT007906,O007906,Credit Card,Paid
PMT007907,O007907,PayPal,Paid
PMT007908,O007908,Buy Now Pay Later,Paid
PMT007909,O007909,Credit Card,Paid
PMT007910,O007910,Gift Card,Refunded
PMT007911,O007911,PayPal,Paid
PMT007912,O007912,Buy Now Pay Later,Pending
PMT007913,O007913,Credit Card,Pending
PMT007914,O007914,Buy Now Pay Later,Paid
PMT007915,O007915,Gift Card,Paid
PMT007916,O007916,PayPal,Paid
PMT007917,O007917,Debit Card,Paid
PMT007918,O007918,Credit Card,Paid
PMT007919,O007919,PayPal,Paid
PMT007920,O007920,Buy Now Pay Later,Pending
PMT007921,O007921,Credit Card,Pending
PMT007922,O007922,PayPal,Paid
PMT007923,O007923,Buy Now Pay Later,Pending
PMT007924,O007924,Credit Card,Refunded
PMT007925,O007925,Gift Card,Paid
PMT007926,O007926,Debit Card,Refunded
PMT007927,O007927,Credit Card,Paid
PMT007928,O007928,Buy Now Pay Later,Paid
PMT007929,O007929,Debit Card,Paid
PMT007930,O007930,PayPal,Paid
PMT007931,O007931,Buy Now Pay Later,Refunded
PMT007932,O007932,Buy Now Pay Later,Pending
PMT007933,O007933,Debit Card,Paid
PMT007934,O007934,Buy Now Pay Later,Paid
PMT007935,O007935,PayPal,Paid
PMT007936,O007936,Buy Now Pay Later,Paid
PMT007937,O007937,PayPal,Pending
PMT007938,O007938,Buy Now Pay Later,Refunded
PMT007939,O007939,Buy Now Pay Later,Paid
PMT007940,O007940,Gift Card,Paid
PMT007941,O007941,Credit Card,Pending
PMT007942,O007942,Gift Card,Paid
PMT007943,O007943,Buy Now Pay Later,Paid
PMT007944,O007944,Credit Card,Paid
PMT007945,O007945,Gift Card,Paid
PMT007946,O007946,Debit Card,Paid
PMT007947,O007947,Buy Now Pay Later,Pending
PMT007948,O007948,Debit Card,Pending
PMT007949,O007949,Gift Card,Paid
PMT007950,O007950,PayPal,Pending
PMT007951,O007951,Buy Now Pay Later,Pending
PMT007952,O007952,Credit Card,Paid
PMT007953,O007953,Gift Card,Paid
PMT007954,O007954,Credit Card,Paid
PMT007955,O007955,Debit Card,Paid
PMT007956,O007956,Buy Now Pay Later,Paid
PMT007957,O007957,Buy Now Pay Later,Paid
PMT007958,O007958,Gift Card,Paid
PMT007959,O007959,Gift Card,Pending
PMT007960,O007960,Buy Now Pay Later,Pending
PMT007961,O007961,Buy Now Pay Later,Paid
PMT007962,O007962,Credit Card,Paid
PMT007963,O007963,Credit Card,Paid
PMT007964,O007964,PayPal,Paid
PMT007965,O007965,Gift Card,Paid
PMT007966,O007966,Credit Card,Paid
PMT007967,O007967,Gift Card,Refunded
PMT007968,O007968,Debit Card,Paid
PMT007969,O007969,PayPal,Paid
PMT007970,O007970,Debit Card,Pending
PMT007971,O007971,Credit Card,Paid
PMT007972,O007972,Credit Card,Pending
PMT007973,O007973,Debit Card,Paid
PMT007974,O007974,Gift Card,Paid
PMT007975,O007975,Buy Now Pay Later,Refunded
PMT007976,O007976,Debit Card,Paid
PMT007977,O007977,Gift Card,Paid
PMT007978,O007978,Buy Now Pay Later,Pending
PMT007979,O007979,PayPal,Pending
PMT007980,O007980,Debit Card,Paid
PMT007981,O007981,Gift Card,Paid
PMT007982,O007982,Gift Card,Pending
PMT007983,O007983,Gift Card,Paid
PMT007984,O007984,Buy Now Pay Later,Paid
PMT007985,O007985,Credit Card,Paid
PMT007986,O007986,Gift Card,Paid
PMT007987,O007987,PayPal,Paid
PMT007988,O007988,Buy Now Pay Later,Pending
PMT007989,O007989,Debit Card,Paid
PMT007990,O007990,Buy Now Pay Later,Paid
PMT007991,O007991,Credit Card,Paid
PMT007992,O007992,PayPal,Paid
PMT007993,O007993,Debit Card,Paid
PMT007994,O007994,Credit Card,Pending
PMT007995,O007995,Buy Now Pay Later,Pending
PMT007996,O007996,PayPal,Paid
PMT007997,O007997,PayPal,Pending
PMT007998,O007998,Credit Card,Paid
PMT007999,O007999,PayPal,Pending
PMT008000,O008000,Buy Now Pay Later,Paid
